{"type":"FeatureCollection","features":[{"type":"Feature","id":"BLOCOS_EXPLORATORIOS_SIRGAS.1502","geometry":{"type":"MultiPolygon","coordinates":[[[[-44.3754,-25.4583],[-44.3754,-25.4588],[-44.3728,-25.4588],[-44.3702,-25.4588],[-44.3676,-25.4588],[-44.365,-25.4588],[-44.3624,-25.4588],[-44.3598,-25.4588],[-44.3572,-25.4588],[-44.3546,-25.4588],[-44.352,-25.4588],[-44.3494,-25.4588],[-44.3468,-25.4588],[-44.3442,-25.4588],[-44.3416,-25.4588],[-44.339,-25.4588],[-44.3364,-25.4588],[-44.3338,-25.4588],[-44.3312,-25.4588],[-44.3286,-25.4588],[-44.326,-25.4588],[-44.3234,-25.4588],[-44.3208,-25.4588],[-44.3181,-25.4588],[-44.3155,-25.4588],[-44.3129,-25.4588],[-44.3103,-25.4588],[-44.3077,-25.4588],[-44.3051,-25.4588],[-44.3025,-25.4588],[-44.2999,-25.4588],[-44.2973,-25.4588],[-44.2947,-25.4588],[-44.2921,-25.4588],[-44.2895,-25.4588],[-44.2869,-25.4588],[-44.2843,-25.4588],[-44.2817,-25.4588],[-44.2791,-25.4588],[-44.2765,-25.4588],[-44.2739,-25.4588],[-44.2713,-25.4588],[-44.2687,-25.4588],[-44.2661,-25.4588],[-44.2635,-25.4588],[-44.2609,-25.4588],[-44.2583,-25.4588],[-44.2556,-25.4588],[-44.253,-25.4588],[-44.2504,-25.4588],[-44.2478,-25.4588],[-44.2452,-25.4588],[-44.2426,-25.4588],[-44.24,-25.4588],[-44.2374,-25.4588],[-44.2348,-25.4588],[-44.2322,-25.4588],[-44.2296,-25.4588],[-44.227,-25.4588],[-44.2244,-25.4588],[-44.2218,-25.4588],[-44.2192,-25.4588],[-44.2166,-25.4588],[-44.214,-25.4588],[-44.2114,-25.4588],[-44.2088,-25.4588],[-44.2062,-25.4588],[-44.2036,-25.4588],[-44.201,-25.4588],[-44.1984,-25.4588],[-44.1958,-25.4588],[-44.1931,-25.4588],[-44.1905,-25.4588],[-44.1879,-25.4588],[-44.1853,-25.4588],[-44.1827,-25.4588],[-44.1801,-25.4588],[-44.1775,-25.4588],[-44.1749,-25.4588],[-44.1723,-25.4588],[-44.1697,-25.4588],[-44.1671,-25.4588],[-44.1645,-25.4588],[-44.1619,-25.4588],[-44.1593,-25.4588],[-44.1567,-25.4588],[-44.1541,-25.4588],[-44.1515,-25.4588],[-44.1489,-25.4588],[-44.1463,-25.4588],[-44.1437,-25.4588],[-44.1411,-25.4588],[-44.1385,-25.4588],[-44.1359,-25.4588],[-44.1333,-25.4588],[-44.1306,-25.4588],[-44.128,-25.4588],[-44.1254,-25.4588],[-44.1228,-25.4588],[-44.1202,-25.4588],[-44.1176,-25.4588],[-44.115,-25.4588],[-44.1124,-25.4588],[-44.1098,-25.4588],[-44.1072,-25.4588],[-44.1046,-25.4588],[-44.102,-25.4588],[-44.0994,-25.4588],[-44.0968,-25.4588],[-44.0942,-25.4588],[-44.0916,-25.4588],[-44.089,-25.4588],[-44.0864,-25.4588],[-44.0838,-25.4588],[-44.0812,-25.4588],[-44.0786,-25.4588],[-44.076,-25.4588],[-44.0734,-25.4588],[-44.0708,-25.4588],[-44.0681,-25.4588],[-44.0655,-25.4588],[-44.0629,-25.4588],[-44.0629,-25.4557],[-44.0629,-25.4531],[-44.0629,-25.4505],[-44.0629,-25.4479],[-44.0629,-25.4453],[-44.0629,-25.4427],[-44.0629,-25.4401],[-44.0629,-25.4375],[-44.0629,-25.4349],[-44.0629,-25.4323],[-44.0629,-25.4297],[-44.0629,-25.4271],[-44.0629,-25.4245],[-44.0629,-25.4219],[-44.0755,-25.4219],[-44.0755,-25.25],[-44.0812,-25.25],[-44.0812,-25.2505],[-44.0838,-25.2505],[-44.0864,-25.2505],[-44.089,-25.2505],[-44.0916,-25.2505],[-44.0942,-25.2505],[-44.0968,-25.2505],[-44.0994,-25.2505],[-44.102,-25.2505],[-44.1046,-25.2505],[-44.1072,-25.2505],[-44.1098,-25.2505],[-44.1124,-25.2505],[-44.115,-25.2505],[-44.1176,-25.2505],[-44.1202,-25.2505],[-44.1228,-25.2505],[-44.1254,-25.2505],[-44.128,-25.2505],[-44.1306,-25.2505],[-44.1333,-25.2505],[-44.1359,-25.2505],[-44.1385,-25.2505],[-44.1411,-25.2505],[-44.1437,-25.2505],[-44.1463,-25.2505],[-44.1489,-25.2505],[-44.1515,-25.2505],[-44.1541,-25.2505],[-44.1567,-25.2505],[-44.1593,-25.2505],[-44.1619,-25.2505],[-44.1645,-25.2505],[-44.1671,-25.2505],[-44.1697,-25.2505],[-44.1723,-25.2505],[-44.1749,-25.2505],[-44.1775,-25.2505],[-44.1801,-25.2505],[-44.1827,-25.2505],[-44.1853,-25.2505],[-44.1879,-25.2505],[-44.1905,-25.2505],[-44.1931,-25.2505],[-44.1958,-25.2505],[-44.1984,-25.2505],[-44.201,-25.2505],[-44.2036,-25.2505],[-44.2062,-25.2505],[-44.2088,-25.2505],[-44.2114,-25.2505],[-44.214,-25.2505],[-44.2166,-25.2505],[-44.2192,-25.2505],[-44.2218,-25.2505],[-44.2244,-25.2505],[-44.227,-25.2505],[-44.2296,-25.2505],[-44.2322,-25.2505],[-44.2348,-25.2505],[-44.2374,-25.2505],[-44.24,-25.2505],[-44.2426,-25.2505],[-44.2452,-25.2505],[-44.2478,-25.2505],[-44.2504,-25.2505],[-44.2504,-25.2474],[-44.2504,-25.2448],[-44.2504,-25.2422],[-44.2504,-25.2396],[-44.2504,-25.237],[-44.2504,-25.2344],[-44.2504,-25.2318],[-44.2504,-25.2292],[-44.2504,-25.2266],[-44.2504,-25.224],[-44.2504,-25.2214],[-44.2504,-25.2187],[-44.2504,-25.2161],[-44.2504,-25.2135],[-44.2504,-25.2109],[-44.2504,-25.2083],[-44.2504,-25.2057],[-44.2504,-25.2031],[-44.2504,-25.2005],[-44.2504,-25.1979],[-44.2504,-25.1953],[-44.2504,-25.1927],[-44.2504,-25.1901],[-44.2504,-25.1875],[-44.2504,-25.1849],[-44.2504,-25.1823],[-44.2504,-25.1797],[-44.2504,-25.1771],[-44.2504,-25.1745],[-44.2504,-25.1719],[-44.2504,-25.1693],[-44.2504,-25.1667],[-44.2504,-25.1641],[-44.2504,-25.1615],[-44.2504,-25.1589],[-44.2504,-25.1562],[-44.2504,-25.1536],[-44.2504,-25.151],[-44.2504,-25.1484],[-44.2504,-25.1458],[-44.2504,-25.1432],[-44.2504,-25.1406],[-44.2504,-25.138],[-44.2504,-25.1354],[-44.2504,-25.1328],[-44.2504,-25.1302],[-44.2504,-25.1276],[-44.2504,-25.125],[-44.2504,-25.1224],[-44.2504,-25.1198],[-44.2504,-25.1172],[-44.2504,-25.1146],[-44.2504,-25.112],[-44.2504,-25.1094],[-44.2504,-25.1068],[-44.2504,-25.1042],[-44.2504,-25.1016],[-44.2504,-25.099],[-44.2504,-25.0964],[-44.2504,-25.0937],[-44.2504,-25.0911],[-44.2504,-25.0885],[-44.3177,-25.0885],[-44.3177,-25.1354],[-44.4036,-25.1354],[-44.4036,-25.25],[-44.4193,-25.25],[-44.4193,-25.4583],[-44.3754,-25.4583]]]]},"geometry_name":"GEOMETRY","properties":{"COD_BLOCO":"SO_DE_SGTR","COD_FASE_C":"E","DAT_ASSINA":"31-05-2023","DAT_TERMIN":null,"NOM_BACIA":"Santos","NOM_BLOCO":"SO_DE_SGTR","NOM_FANTAS":"SO_Sagitário_OPP1","NUM_CONTRA":"48610232918202288","NUM_DESCOB":0,"OPERADOR_C":"Petróleo Brasileiro S.A. - PETROBRAS","RODADA":"OPP1","AREA_TOTAL":1036,"AMBIENTE":"M ","BLOCOS":null},"bbox":[-44.4193,-25.4588,-44.0629,-25.0885]},{"type":"Feature","id":"BLOCOS_EXPLORATORIOS_SIRGAS.1500","geometry":{"type":"MultiPolygon","coordinates":[[[[-43.5339,-26.5026],[-43.5339,-26.5026],[-43.5547,-26.5026],[-43.5547,-26.526],[-43.5885,-26.526],[-43.5885,-26.5521],[-43.6068,-26.5521],[-43.6068,-26.6771],[-43.5286,-26.6771],[-43.5286,-26.7318],[-43.4089,-26.7318],[-43.4089,-26.7708],[-43.3047,-26.7708],[-43.3047,-26.5937],[-43.2995,-26.5937],[-43.2995,-26.5911],[-43.2812,-26.5911],[-43.2812,-26.5885],[-43.263,-26.5885],[-43.263,-26.5859],[-43.1745,-26.5859],[-43.1745,-26.4609],[-43.2266,-26.4609],[-43.2266,-26.4297],[-43.263,-26.4297],[-43.263,-26.401],[-43.3698,-26.401],[-43.3698,-26.4427],[-43.4427,-26.4427],[-43.4427,-26.4479],[-43.4531,-26.4479],[-43.4531,-26.4531],[-43.4635,-26.4531],[-43.4635,-26.4583],[-43.474,-26.4583],[-43.474,-26.4635],[-43.4792,-26.4635],[-43.4792,-26.4687],[-43.487,-26.4687],[-43.487,-26.474],[-43.5078,-26.474],[-43.5078,-26.4792],[-43.513,-26.4792],[-43.513,-26.4844],[-43.5182,-26.4844],[-43.5182,-26.4922],[-43.5234,-26.4922],[-43.5234,-26.4974],[-43.5339,-26.4974],[-43.5339,-26.5026]]]]},"geometry_name":"GEOMETRY","properties":{"COD_BLOCO":"BUMERANGUE","COD_FASE_C":"E","DAT_ASSINA":"01-06-2023","DAT_TERMIN":null,"NOM_BACIA":"Santos","NOM_BLOCO":"BUMERANGUE","NOM_FANTAS":"Bumerangue_OPP1","NUM_CONTRA":"48610232917202233","NUM_DESCOB":0,"OPERADOR_C":"BP Energy do Brasil Ltda.","RODADA":"OPP1","AREA_TOTAL":1119,"AMBIENTE":"M ","BLOCOS":null},"bbox":[-43.6068,-26.7708,-43.1745,-26.401]},{"type":"Feature","id":"BLOCOS_EXPLORATORIOS_SIRGAS.1503","geometry":{"type":"MultiPolygon","coordinates":[[[[-40.1853,-22.7531],[-40.1853,-22.7531],[-40.1853,-22.7505],[-40.1853,-22.7479],[-40.1853,-22.7453],[-40.1853,-22.7427],[-40.1853,-22.7401],[-40.1853,-22.7375],[-40.1853,-22.7349],[-40.1853,-22.7323],[-40.1853,-22.7297],[-40.1853,-22.7271],[-40.1853,-22.7245],[-40.1853,-22.7219],[-40.1853,-22.7193],[-40.1853,-22.7166],[-40.1853,-22.714],[-40.1853,-22.7114],[-40.1879,-22.7114],[-40.1905,-22.7114],[-40.1931,-22.7114],[-40.1957,-22.7114],[-40.1983,-22.7114],[-40.2009,-22.7114],[-40.2035,-22.7114],[-40.2061,-22.7114],[-40.2087,-22.7114],[-40.2113,-22.7114],[-40.2139,-22.7114],[-40.2165,-22.7114],[-40.2191,-22.7114],[-40.2217,-22.7114],[-40.2244,-22.7114],[-40.227,-22.7114],[-40.2296,-22.7114],[-40.2322,-22.7114],[-40.2348,-22.7114],[-40.2374,-22.7114],[-40.24,-22.7114],[-40.2426,-22.7114],[-40.2452,-22.7114],[-40.2478,-22.7114],[-40.2504,-22.7114],[-40.253,-22.7114],[-40.2556,-22.7114],[-40.2582,-22.7114],[-40.2608,-22.7114],[-40.2634,-22.7114],[-40.266,-22.7114],[-40.2686,-22.7114],[-40.2712,-22.7114],[-40.2738,-22.7114],[-40.2764,-22.7114],[-40.279,-22.7114],[-40.2816,-22.7114],[-40.2842,-22.7114],[-40.2869,-22.7114],[-40.2895,-22.7114],[-40.2921,-22.7114],[-40.2947,-22.7114],[-40.2973,-22.7114],[-40.2999,-22.7114],[-40.3025,-22.7114],[-40.3051,-22.7114],[-40.3077,-22.7114],[-40.3103,-22.7114],[-40.3103,-22.714],[-40.3103,-22.7166],[-40.3103,-22.7193],[-40.3103,-22.7219],[-40.3103,-22.7245],[-40.3103,-22.7271],[-40.3103,-22.7297],[-40.3103,-22.7323],[-40.3103,-22.7349],[-40.3103,-22.7375],[-40.3103,-22.7401],[-40.3103,-22.7427],[-40.3103,-22.7453],[-40.3103,-22.7479],[-40.3103,-22.7505],[-40.3103,-22.7531],[-40.3103,-22.7557],[-40.3103,-22.7583],[-40.3103,-22.7609],[-40.3103,-22.7635],[-40.3103,-22.7661],[-40.3103,-22.7687],[-40.3103,-22.7713],[-40.3103,-22.7739],[-40.3103,-22.7765],[-40.3103,-22.7791],[-40.3103,-22.7818],[-40.3103,-22.7844],[-40.3103,-22.787],[-40.3103,-22.7896],[-40.3103,-22.7922],[-40.3103,-22.7948],[-40.3103,-22.7974],[-40.3103,-22.8],[-40.3103,-22.8026],[-40.3103,-22.8052],[-40.3103,-22.8078],[-40.3103,-22.8104],[-40.3103,-22.813],[-40.3103,-22.8156],[-40.3103,-22.8182],[-40.3103,-22.8208],[-40.3103,-22.8234],[-40.3103,-22.826],[-40.3103,-22.8286],[-40.3103,-22.8312],[-40.3103,-22.8338],[-40.3103,-22.8364],[-40.3103,-22.839],[-40.3103,-22.8416],[-40.3103,-22.8443],[-40.3103,-22.8469],[-40.3103,-22.8495],[-40.3103,-22.8521],[-40.3103,-22.8547],[-40.3103,-22.8573],[-40.3103,-22.8599],[-40.3103,-22.8625],[-40.3103,-22.8651],[-40.3103,-22.8677],[-40.3103,-22.8703],[-40.3103,-22.8729],[-40.3103,-22.8755],[-40.3103,-22.8781],[-40.3103,-22.8807],[-40.3103,-22.8833],[-40.3103,-22.8859],[-40.3103,-22.8885],[-40.3103,-22.8911],[-40.3103,-22.8937],[-40.3103,-22.8963],[-40.3103,-22.8989],[-40.3103,-22.9015],[-40.3103,-22.9041],[-40.3103,-22.9068],[-40.3103,-22.9094],[-40.3103,-22.912],[-40.3103,-22.9146],[-40.3103,-22.9172],[-40.3103,-22.9198],[-40.3099,-22.9198],[-40.3099,-22.9714],[-39.8099,-22.9714],[-39.8099,-22.7526],[-39.8103,-22.7526],[-39.8103,-22.7531],[-39.8129,-22.7531],[-39.8155,-22.7531],[-39.8181,-22.7531],[-39.8207,-22.7531],[-39.8233,-22.7531],[-39.8259,-22.7531],[-39.8285,-22.7531],[-39.8311,-22.7531],[-39.8337,-22.7531],[-39.8363,-22.7531],[-39.8389,-22.7531],[-39.8415,-22.7531],[-39.8441,-22.7531],[-39.8467,-22.7531],[-39.8493,-22.7531],[-39.852,-22.7531],[-39.8546,-22.7531],[-39.8572,-22.7531],[-39.8598,-22.7531],[-39.8624,-22.7531],[-39.865,-22.7531],[-39.8676,-22.7531],[-39.8702,-22.7531],[-39.8728,-22.7531],[-39.8754,-22.7531],[-39.878,-22.7531],[-39.8806,-22.7531],[-39.8832,-22.7531],[-39.8858,-22.7531],[-39.8884,-22.7531],[-39.891,-22.7531],[-39.8936,-22.7531],[-39.8962,-22.7531],[-39.8988,-22.7531],[-39.9014,-22.7531],[-39.904,-22.7531],[-39.9066,-22.7531],[-39.9092,-22.7531],[-39.9119,-22.7531],[-39.9145,-22.7531],[-39.9171,-22.7531],[-39.9197,-22.7531],[-39.9223,-22.7531],[-39.9249,-22.7531],[-39.9275,-22.7531],[-39.9301,-22.7531],[-39.9327,-22.7531],[-39.9353,-22.7531],[-39.9379,-22.7531],[-39.9405,-22.7531],[-39.9431,-22.7531],[-39.9457,-22.7531],[-39.9483,-22.7531],[-39.9509,-22.7531],[-39.9535,-22.7531],[-39.9561,-22.7531],[-39.9587,-22.7531],[-39.9613,-22.7531],[-39.9639,-22.7531],[-39.9665,-22.7531],[-39.9691,-22.7531],[-39.9717,-22.7531],[-39.9744,-22.7531],[-39.977,-22.7531],[-39.9796,-22.7531],[-39.9822,-22.7531],[-39.9848,-22.7531],[-39.9874,-22.7531],[-39.99,-22.7531],[-39.9926,-22.7531],[-39.9952,-22.7531],[-39.9978,-22.7531],[-40.0004,-22.7531],[-40.003,-22.7531],[-40.0056,-22.7531],[-40.0082,-22.7531],[-40.0108,-22.7531],[-40.0134,-22.7531],[-40.016,-22.7531],[-40.0186,-22.7531],[-40.0212,-22.7531],[-40.0238,-22.7531],[-40.0264,-22.7531],[-40.029,-22.7531],[-40.0316,-22.7531],[-40.0342,-22.7531],[-40.0369,-22.7531],[-40.0395,-22.7531],[-40.0421,-22.7531],[-40.0447,-22.7531],[-40.0473,-22.7531],[-40.0499,-22.7531],[-40.0525,-22.7531],[-40.0551,-22.7531],[-40.0577,-22.7531],[-40.0603,-22.7531],[-40.0629,-22.7531],[-40.0655,-22.7531],[-40.0681,-22.7531],[-40.0707,-22.7531],[-40.0733,-22.7531],[-40.0759,-22.7531],[-40.0785,-22.7531],[-40.0811,-22.7531],[-40.0837,-22.7531],[-40.0863,-22.7531],[-40.0889,-22.7531],[-40.0915,-22.7531],[-40.0941,-22.7531],[-40.0967,-22.7531],[-40.0994,-22.7531],[-40.102,-22.7531],[-40.1046,-22.7531],[-40.1072,-22.7531],[-40.1098,-22.7531],[-40.1124,-22.7531],[-40.115,-22.7531],[-40.1176,-22.7531],[-40.1202,-22.7531],[-40.1228,-22.7531],[-40.1254,-22.7531],[-40.128,-22.7531],[-40.1306,-22.7531],[-40.1332,-22.7531],[-40.1358,-22.7531],[-40.1384,-22.7531],[-40.141,-22.7531],[-40.1436,-22.7531],[-40.1462,-22.7531],[-40.1488,-22.7531],[-40.1514,-22.7531],[-40.154,-22.7531],[-40.1566,-22.7531],[-40.1592,-22.7531],[-40.1619,-22.7531],[-40.1645,-22.7531],[-40.1671,-22.7531],[-40.1697,-22.7531],[-40.1723,-22.7531],[-40.1749,-22.7531],[-40.1775,-22.7531],[-40.1801,-22.7531],[-40.1827,-22.7531],[-40.1853,-22.7531]]]]},"geometry_name":"GEOMETRY","properties":{"COD_BLOCO":"ÁGUA-MARIN","COD_FASE_C":"E","DAT_ASSINA":"31-05-2023","DAT_TERMIN":null,"NOM_BACIA":"Campos","NOM_BLOCO":"ÁGUA-MARIN","NOM_FANTAS":"Água_Marinha_OPP1","NUM_CONTRA":"48610232915202244","NUM_DESCOB":0,"OPERADOR_C":"Petróleo Brasileiro S.A. - PETROBRAS","RODADA":"OPP1","AREA_TOTAL":1300,"AMBIENTE":"M ","BLOCOS":null},"bbox":[-40.3103,-22.9714,-39.8099,-22.7114]},{"type":"Feature","id":"BLOCOS_EXPLORATORIOS_SIRGAS.1154","geometry":{"type":"MultiPolygon","coordinates":[[[[-39.7999,-19.3234],[-39.7999,-19.3208],[-39.7999,-19.3182],[-39.7999,-19.3156],[-39.7999,-19.313],[-39.7973,-19.313],[-39.7947,-19.313],[-39.792,-19.313],[-39.7894,-19.313],[-39.7868,-19.313],[-39.7868,-19.3104],[-39.7868,-19.3078],[-39.7868,-19.3052],[-39.7868,-19.3026],[-39.7894,-19.3026],[-39.792,-19.3026],[-39.7947,-19.3026],[-39.7947,-19.3],[-39.7947,-19.2974],[-39.7947,-19.2948],[-39.7947,-19.2922],[-39.7947,-19.2895],[-39.7947,-19.2869],[-39.7947,-19.2843],[-39.7947,-19.2817],[-39.7947,-19.2791],[-39.7973,-19.2791],[-39.7999,-19.2791],[-39.8025,-19.2791],[-39.8051,-19.2791],[-39.8077,-19.2791],[-39.8103,-19.2791],[-39.8129,-19.2791],[-39.8129,-19.2812],[-39.8129,-19.2839],[-39.8129,-19.2865],[-39.8129,-19.2891],[-39.8129,-19.2917],[-39.8129,-19.2943],[-39.8129,-19.2969],[-39.8129,-19.2995],[-39.8129,-19.3021],[-39.8129,-19.3047],[-39.8129,-19.3073],[-39.8129,-19.3099],[-39.8129,-19.3125],[-39.8129,-19.3151],[-39.8129,-19.3177],[-39.8129,-19.3203],[-39.8129,-19.3229],[-39.8129,-19.3255],[-39.8129,-19.3281],[-39.8129,-19.3307],[-39.8129,-19.3333],[-39.8129,-19.3359],[-39.8129,-19.3385],[-39.8129,-19.3411],[-39.8129,-19.3437],[-39.8129,-19.3464],[-39.8129,-19.349],[-39.8129,-19.3516],[-39.8129,-19.3542],[-39.8129,-19.3568],[-39.8129,-19.3594],[-39.8129,-19.362],[-39.8129,-19.3646],[-39.8129,-19.3672],[-39.8129,-19.3698],[-39.8129,-19.3724],[-39.8129,-19.375],[-39.75,-19.375],[-39.75,-19.3625],[-39.753,-19.3625],[-39.7556,-19.3625],[-39.7582,-19.3625],[-39.7608,-19.3625],[-39.7634,-19.3625],[-39.766,-19.3625],[-39.7686,-19.3625],[-39.7712,-19.3625],[-39.7738,-19.3625],[-39.7738,-19.3599],[-39.7738,-19.3573],[-39.7738,-19.3547],[-39.7764,-19.3547],[-39.779,-19.3547],[-39.7816,-19.3547],[-39.7842,-19.3547],[-39.7868,-19.3547],[-39.7894,-19.3547],[-39.7894,-19.3573],[-39.7894,-19.3599],[-39.792,-19.3599],[-39.792,-19.3625],[-39.7947,-19.3625],[-39.7973,-19.3625],[-39.7999,-19.3625],[-39.7999,-19.3599],[-39.8025,-19.3599],[-39.8025,-19.3573],[-39.8025,-19.3547],[-39.8025,-19.352],[-39.8025,-19.3494],[-39.7999,-19.3494],[-39.7999,-19.3468],[-39.7973,-19.3468],[-39.7947,-19.3468],[-39.792,-19.3468],[-39.792,-19.3442],[-39.792,-19.3416],[-39.792,-19.339],[-39.792,-19.3364],[-39.792,-19.3338],[-39.7947,-19.3338],[-39.7947,-19.3312],[-39.7973,-19.3312],[-39.7973,-19.3286],[-39.7973,-19.326],[-39.7973,-19.3234],[-39.7999,-19.3234]]]]},"geometry_name":"GEOMETRY","properties":{"COD_BLOCO":"ES-T-517","COD_FASE_C":"E","DAT_ASSINA":"28-06-2021","DAT_TERMIN":"'''","NOM_BACIA":"Espírito Santo","NOM_BLOCO":"ES-T-517","NOM_FANTAS":"ES-T-517-OP2","NUM_CONTRA":"48610204674202162","NUM_DESCOB":0,"OPERADOR_C":"Imetame Energia S.A.","RODADA":"OPC2","AREA_TOTAL":28,"AMBIENTE":"T ","BLOCOS":"ES-T-517                                          "},"bbox":[-39.8129,-19.375,-39.75,-19.2791]},{"type":"Feature","id":"BLOCOS_EXPLORATORIOS_SIRGAS.1156","geometry":{"type":"MultiPolygon","coordinates":[[[[-39.8676,-19.1463],[-39.865,-19.1463],[-39.865,-19.1489],[-39.865,-19.1515],[-39.8624,-19.1515],[-39.8624,-19.1541],[-39.8624,-19.1567],[-39.8598,-19.1567],[-39.8598,-19.1589],[-39.8598,-19.1615],[-39.8598,-19.1641],[-39.8598,-19.1667],[-39.8125,-19.1667],[-39.8125,-19.1406],[-39.8385,-19.1406],[-39.8385,-19.125],[-39.875,-19.125],[-39.875,-19.1411],[-39.8728,-19.1411],[-39.8702,-19.1411],[-39.8702,-19.1437],[-39.8676,-19.1437],[-39.8676,-19.1463]]]]},"geometry_name":"GEOMETRY","properties":{"COD_BLOCO":"ES-T-466","COD_FASE_C":"E","DAT_ASSINA":"28-06-2021","DAT_TERMIN":"'''","NOM_BACIA":"Espírito Santo","NOM_BLOCO":"ES-T-466","NOM_FANTAS":"ES-T-466-OP2","NUM_CONTRA":"48610204672202173","NUM_DESCOB":0,"OPERADOR_C":"Imetame Energia S.A.","RODADA":"OPC2","AREA_TOTAL":22,"AMBIENTE":"T ","BLOCOS":"ES-T-466                                          "},"bbox":[-39.875,-19.1667,-39.8125,-19.125]},{"type":"Feature","id":"BLOCOS_EXPLORATORIOS_SIRGAS.1155","geometry":{"type":"MultiPolygon","coordinates":[[[[-39.8519,-19.2297],[-39.8519,-19.227],[-39.8519,-19.2244],[-39.8516,-19.2244],[-39.8516,-19.2088],[-39.8545,-19.2088],[-39.8572,-19.2088],[-39.8598,-19.2088],[-39.8624,-19.2088],[-39.865,-19.2088],[-39.8676,-19.2088],[-39.8676,-19.2062],[-39.8676,-19.2036],[-39.8698,-19.2036],[-39.8724,-19.2036],[-39.875,-19.2036],[-39.875,-19.2505],[-39.8724,-19.2505],[-39.8698,-19.2505],[-39.8672,-19.2505],[-39.8646,-19.2505],[-39.862,-19.2505],[-39.8594,-19.2505],[-39.8568,-19.2505],[-39.8568,-19.2479],[-39.8572,-19.2479],[-39.8572,-19.2453],[-39.8572,-19.2427],[-39.8572,-19.2401],[-39.8572,-19.2375],[-39.8572,-19.2349],[-39.8572,-19.2323],[-39.8572,-19.2297],[-39.8545,-19.2297],[-39.8519,-19.2297]]]]},"geometry_name":"GEOMETRY","properties":{"COD_BLOCO":"ES-T-486A","COD_FASE_C":"E","DAT_ASSINA":"28-06-2021","DAT_TERMIN":"'''","NOM_BACIA":"Espírito Santo","NOM_BLOCO":"ES-T-486A","NOM_FANTAS":"ES-T-486A-OP2","NUM_CONTRA":"48610204673202118","NUM_DESCOB":0,"OPERADOR_C":"Imetame Energia S.A.","RODADA":"OPC2","AREA_TOTAL":10,"AMBIENTE":"T ","BLOCOS":"ES-T-486A                                         "},"bbox":[-39.875,-19.2505,-39.8516,-19.2036]},{"type":"Feature","id":"BLOCOS_EXPLORATORIOS_SIRGAS.1153","geometry":{"type":"MultiPolygon","coordinates":[[[[-39.8125,-19.375],[-39.8129,-19.375],[-39.8129,-19.3755],[-39.8151,-19.3755],[-39.8177,-19.3755],[-39.8203,-19.3755],[-39.8229,-19.3755],[-39.8255,-19.3755],[-39.8281,-19.3755],[-39.8307,-19.3755],[-39.8333,-19.3755],[-39.8359,-19.3755],[-39.8385,-19.3755],[-39.8411,-19.3755],[-39.8437,-19.3755],[-39.8464,-19.3755],[-39.849,-19.3755],[-39.8516,-19.3755],[-39.8542,-19.3755],[-39.8568,-19.3755],[-39.8594,-19.3755],[-39.862,-19.3755],[-39.8646,-19.3755],[-39.8672,-19.3755],[-39.8698,-19.3755],[-39.8724,-19.3755],[-39.875,-19.3755],[-39.875,-19.4167],[-39.8125,-19.4167],[-39.8125,-19.375]]]]},"geometry_name":"GEOMETRY","properties":{"COD_BLOCO":"ES-T-527","COD_FASE_C":"E","DAT_ASSINA":"28-06-2021","DAT_TERMIN":"'''","NOM_BACIA":"Espírito Santo","NOM_BLOCO":"ES-T-527","NOM_FANTAS":"ES-T-527-OP2","NUM_CONTRA":"48610204675202115","NUM_DESCOB":0,"OPERADOR_C":"Imetame Energia S.A.","RODADA":"OPC2","AREA_TOTAL":30,"AMBIENTE":"T ","BLOCOS":"ES-T-527                                          "},"bbox":[-39.875,-19.4167,-39.8125,-19.375]},{"type":"Feature","id":"BLOCOS_EXPLORATORIOS_SIRGAS.497","geometry":{"type":"MultiPolygon","coordinates":[[[[-38.1254,-12.0421],[-38.1227,-12.0421],[-38.1201,-12.0421],[-38.1175,-12.0421],[-38.1149,-12.0421],[-38.1123,-12.0421],[-38.1097,-12.0421],[-38.1071,-12.0421],[-38.1045,-12.0421],[-38.1019,-12.0421],[-38.0993,-12.0421],[-38.0967,-12.0421],[-38.0941,-12.0421],[-38.0915,-12.0421],[-38.0889,-12.0421],[-38.0863,-12.0421],[-38.0837,-12.0421],[-38.0811,-12.0421],[-38.0785,-12.0421],[-38.0759,-12.0421],[-38.0733,-12.0421],[-38.0707,-12.0421],[-38.0681,-12.0421],[-38.0655,-12.0421],[-38.0629,-12.0421],[-38.0629,-12.0395],[-38.0629,-12.0369],[-38.0629,-12.0343],[-38.0629,-12.0317],[-38.0629,-12.0291],[-38.0629,-12.0265],[-38.0629,-12.0239],[-38.0629,-12.0213],[-38.0629,-12.0187],[-38.0629,-12.0161],[-38.0629,-12.0135],[-38.0629,-12.0109],[-38.0629,-12.0083],[-38.0629,-12.0056],[-38.0629,-12.003],[-38.0629,-12.0004],[-38.0655,-12.0004],[-38.0681,-12.0004],[-38.0707,-12.0004],[-38.0733,-12.0004],[-38.0759,-12.0004],[-38.0785,-12.0004],[-38.0811,-12.0004],[-38.0837,-12.0004],[-38.0863,-12.0004],[-38.0889,-12.0004],[-38.0915,-12.0004],[-38.0941,-12.0004],[-38.0967,-12.0004],[-38.0993,-12.0004],[-38.1019,-12.0004],[-38.1045,-12.0004],[-38.1071,-12.0004],[-38.1097,-12.0004],[-38.1123,-12.0004],[-38.1149,-12.0004],[-38.1175,-12.0004],[-38.1201,-12.0004],[-38.1227,-12.0004],[-38.1254,-12.0004],[-38.1254,-12.003],[-38.1254,-12.0056],[-38.1254,-12.0083],[-38.1254,-12.0109],[-38.1254,-12.0135],[-38.1254,-12.0161],[-38.1254,-12.0187],[-38.1254,-12.0213],[-38.1254,-12.0239],[-38.1254,-12.0265],[-38.1254,-12.0291],[-38.1254,-12.0317],[-38.1254,-12.0343],[-38.1254,-12.0369],[-38.1254,-12.0395],[-38.1254,-12.0421]]]]},"geometry_name":"GEOMETRY","properties":{"COD_BLOCO":"REC-T-69","COD_FASE_C":"E","DAT_ASSINA":"06-06-2014","DAT_TERMIN":null,"NOM_BACIA":"Recôncavo","NOM_BLOCO":"REC-T-69","NOM_FANTAS":"REC-T-69_R12","NUM_CONTRA":"48610000097201411","NUM_DESCOB":0,"OPERADOR_C":"Trayectoria Petróleo e Gás do Brasil Ltda.","RODADA":"Rodada 12","AREA_TOTAL":31,"AMBIENTE":"T ","BLOCOS":"REC-T-69                                          "},"bbox":[-38.1254,-12.0421,-38.0629,-12.0004]},{"type":"Feature","id":"BLOCOS_EXPLORATORIOS_SIRGAS.492","geometry":{"type":"MultiPolygon","coordinates":[[[[-38.1254,-12.0838],[-38.1227,-12.0838],[-38.1201,-12.0838],[-38.1175,-12.0838],[-38.1149,-12.0838],[-38.1123,-12.0838],[-38.1097,-12.0838],[-38.1071,-12.0838],[-38.1045,-12.0838],[-38.1019,-12.0838],[-38.0993,-12.0838],[-38.0967,-12.0838],[-38.0941,-12.0838],[-38.0915,-12.0838],[-38.0889,-12.0838],[-38.0863,-12.0838],[-38.0837,-12.0838],[-38.0811,-12.0838],[-38.0785,-12.0838],[-38.0759,-12.0838],[-38.0733,-12.0838],[-38.0707,-12.0838],[-38.0681,-12.0838],[-38.0655,-12.0838],[-38.0629,-12.0838],[-38.0629,-12.0812],[-38.0629,-12.0786],[-38.0629,-12.076],[-38.0629,-12.0734],[-38.0629,-12.0708],[-38.0629,-12.0681],[-38.0629,-12.0655],[-38.0629,-12.0629],[-38.0629,-12.0603],[-38.0629,-12.0577],[-38.0629,-12.0551],[-38.0629,-12.0525],[-38.0629,-12.0499],[-38.0629,-12.0473],[-38.0629,-12.0447],[-38.0629,-12.0421],[-38.0655,-12.0421],[-38.0681,-12.0421],[-38.0707,-12.0421],[-38.0733,-12.0421],[-38.0759,-12.0421],[-38.0785,-12.0421],[-38.0811,-12.0421],[-38.0837,-12.0421],[-38.0863,-12.0421],[-38.0889,-12.0421],[-38.0915,-12.0421],[-38.0941,-12.0421],[-38.0967,-12.0421],[-38.0993,-12.0421],[-38.1019,-12.0421],[-38.1045,-12.0421],[-38.1071,-12.0421],[-38.1097,-12.0421],[-38.1123,-12.0421],[-38.1149,-12.0421],[-38.1175,-12.0421],[-38.1201,-12.0421],[-38.1227,-12.0421],[-38.1254,-12.0421],[-38.1254,-12.0447],[-38.1254,-12.0473],[-38.1254,-12.0499],[-38.1254,-12.0525],[-38.1254,-12.0551],[-38.1254,-12.0577],[-38.1254,-12.0603],[-38.1254,-12.0629],[-38.1254,-12.0655],[-38.1254,-12.0681],[-38.1254,-12.0708],[-38.1254,-12.0734],[-38.1254,-12.076],[-38.1254,-12.0786],[-38.1254,-12.0812],[-38.1254,-12.0838]]]]},"geometry_name":"GEOMETRY","properties":{"COD_BLOCO":"REC-T-79","COD_FASE_C":"E","DAT_ASSINA":"15-05-2014","DAT_TERMIN":null,"NOM_BACIA":"Recôncavo","NOM_BLOCO":"REC-T-79","NOM_FANTAS":"REC-T-79_R12","NUM_CONTRA":"48610000103201421","NUM_DESCOB":0,"OPERADOR_C":"Trayectoria Petróleo e Gás do Brasil Ltda.","RODADA":"Rodada 12","AREA_TOTAL":31,"AMBIENTE":"T ","BLOCOS":"REC-T-79                                          "},"bbox":[-38.1254,-12.0838,-38.0629,-12.0421]},{"type":"Feature","id":"BLOCOS_EXPLORATORIOS_SIRGAS.637","geometry":{"type":"MultiPolygon","coordinates":[[[[-46.0629,1.0413],[-46.0603,1.0413],[-46.0577,1.0413],[-46.0551,1.0413],[-46.0525,1.0413],[-46.0499,1.0413],[-46.0473,1.0413],[-46.0447,1.0413],[-46.0421,1.0413],[-46.0395,1.0413],[-46.0369,1.0413],[-46.0343,1.0413],[-46.0317,1.0413],[-46.0291,1.0413],[-46.0265,1.0413],[-46.0238,1.0413],[-46.0212,1.0413],[-46.0186,1.0413],[-46.016,1.0413],[-46.0134,1.0413],[-46.0108,1.0413],[-46.0082,1.0413],[-46.0056,1.0413],[-46.003,1.0413],[-46.0004,1.0413],[-45.9978,1.0413],[-45.9952,1.0413],[-45.9926,1.0413],[-45.99,1.0413],[-45.9874,1.0413],[-45.9848,1.0413],[-45.9822,1.0413],[-45.9796,1.0413],[-45.977,1.0413],[-45.9744,1.0413],[-45.9718,1.0413],[-45.9692,1.0413],[-45.9666,1.0413],[-45.964,1.0413],[-45.9613,1.0413],[-45.9587,1.0413],[-45.9561,1.0413],[-45.9535,1.0413],[-45.9509,1.0413],[-45.9483,1.0413],[-45.9457,1.0413],[-45.9431,1.0413],[-45.9405,1.0413],[-45.9379,1.0413],[-45.9379,1.0387],[-45.9379,1.0361],[-45.9379,1.0335],[-45.9379,1.0309],[-45.9379,1.0283],[-45.9379,1.0257],[-45.9379,1.0231],[-45.9379,1.0205],[-45.9379,1.0179],[-45.9379,1.0153],[-45.9379,1.0127],[-45.9379,1.0101],[-45.9379,1.0075],[-45.9379,1.0049],[-45.9379,1.0023],[-45.9379,0.9997],[-45.9353,0.9997],[-45.9327,0.9997],[-45.9301,0.9997],[-45.9275,0.9997],[-45.9249,0.9997],[-45.9223,0.9997],[-45.9197,0.9997],[-45.9171,0.9997],[-45.9145,0.9997],[-45.9119,0.9997],[-45.9093,0.9997],[-45.9067,0.9997],[-45.9041,0.9997],[-45.9015,0.9997],[-45.8988,0.9997],[-45.8962,0.9997],[-45.8936,0.9997],[-45.891,0.9997],[-45.8884,0.9997],[-45.8858,0.9997],[-45.8832,0.9997],[-45.8806,0.9997],[-45.878,0.9997],[-45.8754,0.9997],[-45.8728,0.9997],[-45.8702,0.9997],[-45.8676,0.9997],[-45.865,0.9997],[-45.8624,0.9997],[-45.8598,0.9997],[-45.8572,0.9997],[-45.8546,0.9997],[-45.852,0.9997],[-45.8494,0.9997],[-45.8468,0.9997],[-45.8442,0.9997],[-45.8416,0.9997],[-45.839,0.9997],[-45.8363,0.9997],[-45.8337,0.9997],[-45.8311,0.9997],[-45.8285,0.9997],[-45.8259,0.9997],[-45.8233,0.9997],[-45.8207,0.9997],[-45.8181,0.9997],[-45.8155,0.9997],[-45.8129,0.9997],[-45.8129,1.0023],[-45.8129,1.0049],[-45.8129,1.0075],[-45.8129,1.0101],[-45.8129,1.0127],[-45.8129,1.0153],[-45.8129,1.0179],[-45.8129,1.0205],[-45.8129,1.0231],[-45.8129,1.0257],[-45.8129,1.0283],[-45.8129,1.0309],[-45.8129,1.0335],[-45.8129,1.0361],[-45.8129,1.0387],[-45.8129,1.0413],[-45.8129,1.0439],[-45.8129,1.0465],[-45.8129,1.0491],[-45.8129,1.0517],[-45.8129,1.0543],[-45.8129,1.057],[-45.8129,1.0596],[-45.8129,1.0622],[-45.8129,1.0648],[-45.8129,1.0674],[-45.8129,1.07],[-45.8129,1.0726],[-45.8129,1.0752],[-45.8129,1.0778],[-45.8129,1.0804],[-45.8129,1.083],[-45.8129,1.0856],[-45.8129,1.0882],[-45.8129,1.0908],[-45.8129,1.0934],[-45.8129,1.096],[-45.8129,1.0986],[-45.8129,1.1012],[-45.8129,1.1038],[-45.8129,1.1064],[-45.8129,1.109],[-45.8129,1.1116],[-45.8129,1.1142],[-45.8129,1.1169],[-45.8129,1.1195],[-45.8129,1.1221],[-45.8129,1.1247],[-45.8129,1.1273],[-45.8129,1.1299],[-45.8129,1.1325],[-45.8129,1.1351],[-45.8129,1.1377],[-45.8129,1.1403],[-45.8129,1.1429],[-45.8129,1.1455],[-45.8129,1.1481],[-45.8129,1.1507],[-45.8129,1.1533],[-45.8129,1.1559],[-45.8129,1.1585],[-45.8129,1.1611],[-45.8129,1.1637],[-45.8129,1.1663],[-45.8129,1.1689],[-45.8129,1.1715],[-45.8129,1.1741],[-45.8129,1.1767],[-45.8129,1.1794],[-45.8129,1.182],[-45.8129,1.1846],[-45.8129,1.1872],[-45.8129,1.1898],[-45.8129,1.1924],[-45.8129,1.195],[-45.8129,1.1976],[-45.8129,1.2002],[-45.8129,1.2028],[-45.8129,1.2054],[-45.8129,1.208],[-45.8155,1.208],[-45.8181,1.208],[-45.8207,1.208],[-45.8233,1.208],[-45.8259,1.208],[-45.8285,1.208],[-45.8311,1.208],[-45.8337,1.208],[-45.8363,1.208],[-45.839,1.208],[-45.8416,1.208],[-45.8442,1.208],[-45.8468,1.208],[-45.8494,1.208],[-45.852,1.208],[-45.8546,1.208],[-45.8572,1.208],[-45.8598,1.208],[-45.8624,1.208],[-45.865,1.208],[-45.8676,1.208],[-45.8702,1.208],[-45.8728,1.208],[-45.8754,1.208],[-45.8754,1.2106],[-45.8754,1.2132],[-45.8754,1.2158],[-45.8754,1.2184],[-45.8754,1.221],[-45.8754,1.2236],[-45.8754,1.2262],[-45.8754,1.2288],[-45.8754,1.2314],[-45.8754,1.234],[-45.8754,1.2366],[-45.8754,1.2392],[-45.8754,1.2419],[-45.8754,1.2445],[-45.8754,1.2471],[-45.8754,1.2497],[-45.878,1.2497],[-45.8806,1.2497],[-45.8832,1.2497],[-45.8858,1.2497],[-45.8884,1.2497],[-45.891,1.2497],[-45.8936,1.2497],[-45.8962,1.2497],[-45.8988,1.2497],[-45.9015,1.2497],[-45.9041,1.2497],[-45.9067,1.2497],[-45.9093,1.2497],[-45.9119,1.2497],[-45.9145,1.2497],[-45.9171,1.2497],[-45.9197,1.2497],[-45.9223,1.2497],[-45.9249,1.2497],[-45.9275,1.2497],[-45.9301,1.2497],[-45.9327,1.2497],[-45.9353,1.2497],[-45.9379,1.2497],[-45.9379,1.2523],[-45.9379,1.2549],[-45.9379,1.2575],[-45.9379,1.2601],[-45.9379,1.2627],[-45.9379,1.2653],[-45.9379,1.2679],[-45.9379,1.2705],[-45.9379,1.2731],[-45.9379,1.2757],[-45.9379,1.2783],[-45.9379,1.2809],[-45.9379,1.2835],[-45.9379,1.2861],[-45.9379,1.2887],[-45.9379,1.2913],[-45.9405,1.2913],[-45.9431,1.2913],[-45.9457,1.2913],[-45.9483,1.2913],[-45.9509,1.2913],[-45.9535,1.2913],[-45.9561,1.2913],[-45.9587,1.2913],[-45.9613,1.2913],[-45.964,1.2913],[-45.9666,1.2913],[-45.9692,1.2913],[-45.9718,1.2913],[-45.9744,1.2913],[-45.977,1.2913],[-45.9796,1.2913],[-45.9822,1.2913],[-45.9848,1.2913],[-45.9874,1.2913],[-45.99,1.2913],[-45.9926,1.2913],[-45.9952,1.2913],[-45.9978,1.2913],[-46.0004,1.2913],[-46.003,1.2913],[-46.0056,1.2913],[-46.0082,1.2913],[-46.0108,1.2913],[-46.0134,1.2913],[-46.016,1.2913],[-46.0186,1.2913],[-46.0212,1.2913],[-46.0238,1.2913],[-46.0265,1.2913],[-46.0291,1.2913],[-46.0317,1.2913],[-46.0343,1.2913],[-46.0369,1.2913],[-46.0395,1.2913],[-46.0421,1.2913],[-46.0447,1.2913],[-46.0473,1.2913],[-46.0499,1.2913],[-46.0525,1.2913],[-46.0551,1.2913],[-46.0577,1.2913],[-46.0603,1.2913],[-46.0629,1.2913],[-46.0629,1.2887],[-46.0629,1.2861],[-46.0629,1.2835],[-46.0629,1.2809],[-46.0629,1.2783],[-46.0629,1.2757],[-46.0629,1.2731],[-46.0629,1.2705],[-46.0629,1.2679],[-46.0629,1.2653],[-46.0629,1.2627],[-46.0629,1.2601],[-46.0629,1.2575],[-46.0629,1.2549],[-46.0629,1.2523],[-46.0629,1.2497],[-46.0655,1.2497],[-46.0681,1.2497],[-46.0707,1.2497],[-46.0733,1.2497],[-46.0759,1.2497],[-46.0785,1.2497],[-46.0811,1.2497],[-46.0837,1.2497],[-46.0863,1.2497],[-46.089,1.2497],[-46.0916,1.2497],[-46.0942,1.2497],[-46.0968,1.2497],[-46.0994,1.2497],[-46.102,1.2497],[-46.1046,1.2497],[-46.1072,1.2497],[-46.1098,1.2497],[-46.1124,1.2497],[-46.115,1.2497],[-46.1176,1.2497],[-46.1202,1.2497],[-46.1228,1.2497],[-46.1254,1.2497],[-46.1254,1.2471],[-46.1254,1.2445],[-46.1254,1.2419],[-46.1254,1.2392],[-46.1254,1.2366],[-46.1254,1.234],[-46.1254,1.2314],[-46.1254,1.2288],[-46.1254,1.2262],[-46.1254,1.2236],[-46.1254,1.221],[-46.1254,1.2184],[-46.1254,1.2158],[-46.1254,1.2132],[-46.1254,1.2106],[-46.1254,1.208],[-46.1254,1.2054],[-46.1254,1.2028],[-46.1254,1.2002],[-46.1254,1.1976],[-46.1254,1.195],[-46.1254,1.1924],[-46.1254,1.1898],[-46.1254,1.1872],[-46.1254,1.1846],[-46.1254,1.182],[-46.1254,1.1794],[-46.1254,1.1767],[-46.1254,1.1741],[-46.1254,1.1715],[-46.1254,1.1689],[-46.1254,1.1663],[-46.1254,1.1637],[-46.1254,1.1611],[-46.1254,1.1585],[-46.1254,1.1559],[-46.1254,1.1533],[-46.1254,1.1507],[-46.1254,1.1481],[-46.1254,1.1455],[-46.1254,1.1429],[-46.1254,1.1403],[-46.1254,1.1377],[-46.1254,1.1351],[-46.1254,1.1325],[-46.1254,1.1299],[-46.1254,1.1273],[-46.1254,1.1247],[-46.1228,1.1247],[-46.1202,1.1247],[-46.1176,1.1247],[-46.115,1.1247],[-46.1124,1.1247],[-46.1098,1.1247],[-46.1072,1.1247],[-46.1046,1.1247],[-46.102,1.1247],[-46.0994,1.1247],[-46.0968,1.1247],[-46.0942,1.1247],[-46.0916,1.1247],[-46.089,1.1247],[-46.0863,1.1247],[-46.0837,1.1247],[-46.0811,1.1247],[-46.0785,1.1247],[-46.0759,1.1247],[-46.0733,1.1247],[-46.0707,1.1247],[-46.0681,1.1247],[-46.0655,1.1247],[-46.0629,1.1247],[-46.0629,1.1221],[-46.0629,1.1195],[-46.0629,1.1169],[-46.0629,1.1142],[-46.0629,1.1116],[-46.0629,1.109],[-46.0629,1.1064],[-46.0629,1.1038],[-46.0629,1.1012],[-46.0629,1.0986],[-46.0629,1.096],[-46.0629,1.0934],[-46.0629,1.0908],[-46.0629,1.0882],[-46.0629,1.0856],[-46.0629,1.083],[-46.0629,1.0804],[-46.0629,1.0778],[-46.0629,1.0752],[-46.0629,1.0726],[-46.0629,1.07],[-46.0629,1.0674],[-46.0629,1.0648],[-46.0629,1.0622],[-46.0629,1.0596],[-46.0629,1.057],[-46.0629,1.0543],[-46.0629,1.0517],[-46.0629,1.0491],[-46.0629,1.0465],[-46.0629,1.0439],[-46.0629,1.0413]]]]},"geometry_name":"GEOMETRY","properties":{"COD_BLOCO":"BM-PAMA-3","COD_FASE_C":"E","DAT_ASSINA":"29-08-2001","DAT_TERMIN":null,"NOM_BACIA":"Pará - Maranhão","NOM_BLOCO":"BM-PAMA-3","NOM_FANTAS":"BM-PAMA-3","NUM_CONTRA":"486100107092001","NUM_DESCOB":2,"OPERADOR_C":"Petróleo Brasileiro S.A. - PETROBRAS","RODADA":"Rodada 3","AREA_TOTAL":833,"AMBIENTE":"M ","BLOCOS":"BM-PAMA-3                                         "},"bbox":[-46.1254,0.9997,-45.8129,1.2913]},{"type":"Feature","id":"BLOCOS_EXPLORATORIOS_SIRGAS.638","geometry":{"type":"MultiPolygon","coordinates":[[[[-38.0967,-12.1254],[-38.0941,-12.1254],[-38.0915,-12.1254],[-38.0889,-12.1254],[-38.0863,-12.1254],[-38.0837,-12.1254],[-38.0811,-12.1254],[-38.0785,-12.1254],[-38.0759,-12.1254],[-38.0733,-12.1254],[-38.0707,-12.1254],[-38.0681,-12.1254],[-38.0655,-12.1254],[-38.0629,-12.1254],[-38.0629,-12.1228],[-38.0629,-12.1202],[-38.0629,-12.1176],[-38.0629,-12.115],[-38.0629,-12.1124],[-38.0629,-12.1098],[-38.0629,-12.1072],[-38.0629,-12.1046],[-38.0629,-12.102],[-38.0629,-12.0994],[-38.0629,-12.0968],[-38.0629,-12.0942],[-38.0629,-12.0916],[-38.0629,-12.089],[-38.0629,-12.0864],[-38.0629,-12.0838],[-38.0655,-12.0838],[-38.0681,-12.0838],[-38.0707,-12.0838],[-38.0733,-12.0838],[-38.0759,-12.0838],[-38.0785,-12.0838],[-38.0811,-12.0838],[-38.0837,-12.0838],[-38.0863,-12.0838],[-38.0889,-12.0838],[-38.0915,-12.0838],[-38.0941,-12.0838],[-38.0967,-12.0838],[-38.0993,-12.0838],[-38.1019,-12.0838],[-38.1045,-12.0838],[-38.1071,-12.0838],[-38.1097,-12.0838],[-38.1123,-12.0838],[-38.1149,-12.0838],[-38.1175,-12.0838],[-38.1201,-12.0838],[-38.1227,-12.0838],[-38.1254,-12.0838],[-38.1254,-12.0864],[-38.1254,-12.089],[-38.1254,-12.0916],[-38.1254,-12.0942],[-38.1254,-12.0968],[-38.1254,-12.0994],[-38.1254,-12.102],[-38.1254,-12.1046],[-38.1254,-12.1072],[-38.1254,-12.1098],[-38.1254,-12.1124],[-38.1254,-12.115],[-38.1254,-12.1176],[-38.1254,-12.1202],[-38.1254,-12.1228],[-38.1254,-12.1254],[-38.1227,-12.1254],[-38.1227,-12.1228],[-38.1201,-12.1228],[-38.1175,-12.1228],[-38.1149,-12.1228],[-38.1123,-12.1228],[-38.1097,-12.1228],[-38.1071,-12.1228],[-38.1045,-12.1228],[-38.1019,-12.1228],[-38.0993,-12.1228],[-38.0967,-12.1228],[-38.0967,-12.1254]]]]},"geometry_name":"GEOMETRY","properties":{"COD_BLOCO":"REC-T-88","COD_FASE_C":"E","DAT_ASSINA":"06-06-2014","DAT_TERMIN":null,"NOM_BACIA":"Recôncavo","NOM_BLOCO":"REC-T-88","NOM_FANTAS":"REC-T-88_R12","NUM_CONTRA":"48610000070201410","NUM_DESCOB":0,"OPERADOR_C":"Trayectoria Petróleo e Gás do Brasil Ltda.","RODADA":"Rodada 12","AREA_TOTAL":31,"AMBIENTE":"T ","BLOCOS":"REC-T-88                                          "},"bbox":[-38.1254,-12.1254,-38.0629,-12.0838]},{"type":"Feature","id":"BLOCOS_EXPLORATORIOS_SIRGAS.851","geometry":{"type":"MultiPolygon","coordinates":[[[[-40.7786,-24.3776],[-40.7839,-24.3776],[-40.7839,-24.3854],[-40.7917,-24.3854],[-40.7917,-24.3932],[-40.7969,-24.3932],[-40.7969,-24.401],[-40.8021,-24.401],[-40.8021,-24.4089],[-40.8099,-24.4089],[-40.8099,-24.4167],[-40.8151,-24.4167],[-40.8151,-24.4245],[-40.8203,-24.4245],[-40.8203,-24.4323],[-40.8281,-24.4323],[-40.8281,-24.4401],[-40.8333,-24.4401],[-40.8333,-24.4479],[-40.8385,-24.4479],[-40.8385,-24.4557],[-40.8464,-24.4557],[-40.8464,-24.4635],[-40.8516,-24.4635],[-40.8516,-24.4714],[-40.8594,-24.4714],[-40.8594,-24.4792],[-40.8646,-24.4792],[-40.8646,-24.487],[-40.8698,-24.487],[-40.8698,-24.4948],[-40.8776,-24.4948],[-40.8776,-24.5],[-40.8828,-24.5],[-40.8828,-24.5078],[-40.888,-24.5078],[-40.888,-24.5156],[-40.8932,-24.5156],[-40.8932,-24.5234],[-40.901,-24.5234],[-40.901,-24.5312],[-40.9062,-24.5312],[-40.9062,-24.5391],[-40.9115,-24.5391],[-40.9115,-24.5469],[-40.9193,-24.5469],[-40.9193,-24.5547],[-40.9245,-24.5547],[-40.9245,-24.5625],[-40.9323,-24.5625],[-40.9323,-24.5703],[-40.9375,-24.5703],[-40.9375,-24.5781],[-40.9427,-24.5781],[-40.9427,-24.5885],[-40.9505,-24.5885],[-40.9505,-24.5964],[-40.9583,-24.5964],[-40.9583,-24.6042],[-40.9635,-24.6042],[-40.9635,-24.75],[-40.75,-24.75],[-40.75,-24.3385],[-40.7552,-24.3385],[-40.7552,-24.3464],[-40.7604,-24.3464],[-40.7604,-24.3542],[-40.7656,-24.3542],[-40.7656,-24.362],[-40.7734,-24.362],[-40.7734,-24.3698],[-40.7786,-24.3698],[-40.7786,-24.3776]]]]},"geometry_name":"GEOMETRY","properties":{"COD_BLOCO":"C-M-789","COD_FASE_C":"E","DAT_ASSINA":"11-09-2018","DAT_TERMIN":null,"NOM_BACIA":"Campos","NOM_BLOCO":"C-M-789","NOM_FANTAS":"C-M-789_R15","NUM_CONTRA":"48610005698201835","NUM_DESCOB":0,"OPERADOR_C":"ExxonMobil Exploração Brasil Ltda.","RODADA":"Rodada 15","AREA_TOTAL":664,"AMBIENTE":"M ","BLOCOS":"C-M-789                                           "},"bbox":[-40.9635,-24.75,-40.75,-24.3385]},{"type":"Feature","id":"BLOCOS_EXPLORATORIOS_SIRGAS.629","geometry":{"type":"MultiPolygon","coordinates":[[[[-36.7503,-4.5004],[-36.7477,-4.5004],[-36.7451,-4.5004],[-36.7425,-4.5004],[-36.7399,-4.5004],[-36.7373,-4.5004],[-36.7347,-4.5004],[-36.7321,-4.5004],[-36.7295,-4.5004],[-36.7269,-4.5004],[-36.7243,-4.5004],[-36.7217,-4.5004],[-36.7191,-4.5004],[-36.7165,-4.5004],[-36.7139,-4.5004],[-36.7113,-4.5004],[-36.7087,-4.5004],[-36.7061,-4.5004],[-36.7035,-4.5004],[-36.7009,-4.5004],[-36.6983,-4.5004],[-36.6956,-4.5004],[-36.693,-4.5004],[-36.6904,-4.5004],[-36.6878,-4.5004],[-36.6852,-4.5004],[-36.6826,-4.5004],[-36.68,-4.5004],[-36.6774,-4.5004],[-36.6748,-4.5004],[-36.6722,-4.5004],[-36.6696,-4.5004],[-36.667,-4.5004],[-36.6644,-4.5004],[-36.6618,-4.5004],[-36.6592,-4.5004],[-36.6566,-4.5004],[-36.654,-4.5004],[-36.6514,-4.5004],[-36.6488,-4.5004],[-36.6462,-4.5004],[-36.6436,-4.5004],[-36.641,-4.5004],[-36.6384,-4.5004],[-36.6358,-4.5004],[-36.6331,-4.5004],[-36.6305,-4.5004],[-36.6279,-4.5004],[-36.6253,-4.5004],[-36.6227,-4.5004],[-36.6201,-4.5004],[-36.6175,-4.5004],[-36.6149,-4.5004],[-36.6123,-4.5004],[-36.6097,-4.5004],[-36.6071,-4.5004],[-36.6045,-4.5004],[-36.6019,-4.5004],[-36.5993,-4.5004],[-36.5967,-4.5004],[-36.5941,-4.5004],[-36.5915,-4.5004],[-36.5889,-4.5004],[-36.5863,-4.5004],[-36.5837,-4.5004],[-36.5811,-4.5004],[-36.5785,-4.5004],[-36.5759,-4.5004],[-36.5733,-4.5004],[-36.5706,-4.5004],[-36.568,-4.5004],[-36.5654,-4.5004],[-36.5628,-4.5004],[-36.5602,-4.5004],[-36.5576,-4.5004],[-36.555,-4.5004],[-36.5524,-4.5004],[-36.5498,-4.5004],[-36.5472,-4.5004],[-36.5446,-4.5004],[-36.542,-4.5004],[-36.5394,-4.5004],[-36.5368,-4.5004],[-36.5342,-4.5004],[-36.5316,-4.5004],[-36.529,-4.5004],[-36.5264,-4.5004],[-36.5238,-4.5004],[-36.5212,-4.5004],[-36.5186,-4.5004],[-36.516,-4.5004],[-36.5134,-4.5004],[-36.5107,-4.5004],[-36.5081,-4.5004],[-36.5055,-4.5004],[-36.5029,-4.5004],[-36.5003,-4.5004],[-36.5003,-4.4978],[-36.5003,-4.4952],[-36.5003,-4.4926],[-36.5003,-4.49],[-36.5003,-4.4874],[-36.5003,-4.4848],[-36.5003,-4.4822],[-36.5003,-4.4796],[-36.5003,-4.4769],[-36.5003,-4.4743],[-36.5003,-4.4717],[-36.5003,-4.4691],[-36.5003,-4.4665],[-36.5003,-4.4639],[-36.5003,-4.4613],[-36.5003,-4.4587],[-36.5003,-4.4561],[-36.5003,-4.4535],[-36.5003,-4.4509],[-36.5003,-4.4483],[-36.5003,-4.4457],[-36.5003,-4.4431],[-36.5003,-4.4405],[-36.5003,-4.4379],[-36.5003,-4.4353],[-36.5003,-4.4327],[-36.5003,-4.4301],[-36.5003,-4.4275],[-36.5003,-4.4249],[-36.5003,-4.4223],[-36.5003,-4.4197],[-36.5003,-4.417],[-36.5003,-4.4144],[-36.5003,-4.4118],[-36.5003,-4.4092],[-36.5003,-4.4066],[-36.5003,-4.404],[-36.5003,-4.4014],[-36.5003,-4.3988],[-36.5003,-4.3962],[-36.5003,-4.3936],[-36.5003,-4.391],[-36.5003,-4.3884],[-36.5003,-4.3858],[-36.5003,-4.3832],[-36.5003,-4.3806],[-36.5003,-4.378],[-36.5003,-4.3754],[-36.5003,-4.3728],[-36.5003,-4.3702],[-36.5003,-4.3676],[-36.5003,-4.365],[-36.5003,-4.3624],[-36.5003,-4.3598],[-36.5003,-4.3572],[-36.5003,-4.3545],[-36.5003,-4.3519],[-36.5003,-4.3493],[-36.5003,-4.3467],[-36.5003,-4.3441],[-36.5003,-4.3415],[-36.5003,-4.3389],[-36.5003,-4.3363],[-36.5003,-4.3337],[-36.5003,-4.3311],[-36.5003,-4.3285],[-36.5003,-4.3259],[-36.5003,-4.3233],[-36.5003,-4.3207],[-36.5003,-4.3181],[-36.5003,-4.3155],[-36.5003,-4.3129],[-36.5003,-4.3103],[-36.5003,-4.3077],[-36.5003,-4.3051],[-36.5003,-4.3025],[-36.5003,-4.2999],[-36.5003,-4.2973],[-36.5003,-4.2947],[-36.5003,-4.292],[-36.5003,-4.2894],[-36.5003,-4.2868],[-36.5003,-4.2842],[-36.5003,-4.2816],[-36.5003,-4.279],[-36.5003,-4.2764],[-36.5003,-4.2738],[-36.5003,-4.2712],[-36.5003,-4.2686],[-36.5003,-4.266],[-36.5003,-4.2634],[-36.5003,-4.2608],[-36.5003,-4.2582],[-36.5003,-4.2556],[-36.5003,-4.253],[-36.5003,-4.2504],[-36.5029,-4.2504],[-36.5055,-4.2504],[-36.5081,-4.2504],[-36.5107,-4.2504],[-36.5134,-4.2504],[-36.516,-4.2504],[-36.5186,-4.2504],[-36.5212,-4.2504],[-36.5238,-4.2504],[-36.5264,-4.2504],[-36.529,-4.2504],[-36.5316,-4.2504],[-36.5342,-4.2504],[-36.5368,-4.2504],[-36.5394,-4.2504],[-36.542,-4.2504],[-36.5446,-4.2504],[-36.5472,-4.2504],[-36.5498,-4.2504],[-36.5524,-4.2504],[-36.555,-4.2504],[-36.5576,-4.2504],[-36.5602,-4.2504],[-36.5628,-4.2504],[-36.5654,-4.2504],[-36.568,-4.2504],[-36.5706,-4.2504],[-36.5733,-4.2504],[-36.5759,-4.2504],[-36.5785,-4.2504],[-36.5811,-4.2504],[-36.5837,-4.2504],[-36.5863,-4.2504],[-36.5889,-4.2504],[-36.5915,-4.2504],[-36.5941,-4.2504],[-36.5967,-4.2504],[-36.5993,-4.2504],[-36.6019,-4.2504],[-36.6045,-4.2504],[-36.6071,-4.2504],[-36.6097,-4.2504],[-36.6123,-4.2504],[-36.6149,-4.2504],[-36.6175,-4.2504],[-36.6201,-4.2504],[-36.6227,-4.2504],[-36.6253,-4.2504],[-36.6279,-4.2504],[-36.6305,-4.2504],[-36.6331,-4.2504],[-36.6358,-4.2504],[-36.6384,-4.2504],[-36.641,-4.2504],[-36.6436,-4.2504],[-36.6462,-4.2504],[-36.6488,-4.2504],[-36.6514,-4.2504],[-36.654,-4.2504],[-36.6566,-4.2504],[-36.6592,-4.2504],[-36.6618,-4.2504],[-36.6644,-4.2504],[-36.667,-4.2504],[-36.6696,-4.2504],[-36.6722,-4.2504],[-36.6748,-4.2504],[-36.6774,-4.2504],[-36.68,-4.2504],[-36.6826,-4.2504],[-36.6852,-4.2504],[-36.6878,-4.2504],[-36.6904,-4.2504],[-36.693,-4.2504],[-36.6956,-4.2504],[-36.6983,-4.2504],[-36.7009,-4.2504],[-36.7035,-4.2504],[-36.7061,-4.2504],[-36.7087,-4.2504],[-36.7113,-4.2504],[-36.7139,-4.2504],[-36.7165,-4.2504],[-36.7191,-4.2504],[-36.7217,-4.2504],[-36.7243,-4.2504],[-36.7269,-4.2504],[-36.7295,-4.2504],[-36.7321,-4.2504],[-36.7347,-4.2504],[-36.7373,-4.2504],[-36.7399,-4.2504],[-36.7425,-4.2504],[-36.7451,-4.2504],[-36.7477,-4.2504],[-36.7503,-4.2504],[-36.7503,-4.253],[-36.7503,-4.2556],[-36.7503,-4.2582],[-36.7503,-4.2608],[-36.7503,-4.2634],[-36.7503,-4.266],[-36.7503,-4.2686],[-36.7503,-4.2712],[-36.7503,-4.2738],[-36.7503,-4.2764],[-36.7503,-4.279],[-36.7503,-4.2816],[-36.7503,-4.2842],[-36.7503,-4.2868],[-36.7503,-4.2894],[-36.7503,-4.292],[-36.7503,-4.2947],[-36.7503,-4.2973],[-36.7503,-4.2999],[-36.7503,-4.3025],[-36.7503,-4.3051],[-36.7503,-4.3077],[-36.7503,-4.3103],[-36.7503,-4.3129],[-36.7503,-4.3155],[-36.7503,-4.3181],[-36.7503,-4.3207],[-36.7503,-4.3233],[-36.7503,-4.3259],[-36.7503,-4.3285],[-36.7503,-4.3311],[-36.7503,-4.3337],[-36.7503,-4.3363],[-36.7503,-4.3389],[-36.7503,-4.3415],[-36.7503,-4.3441],[-36.7503,-4.3467],[-36.7503,-4.3493],[-36.7503,-4.3519],[-36.7503,-4.3545],[-36.7503,-4.3572],[-36.7503,-4.3598],[-36.7503,-4.3624],[-36.7503,-4.365],[-36.7503,-4.3676],[-36.7503,-4.3702],[-36.7503,-4.3728],[-36.7503,-4.3754],[-36.7503,-4.378],[-36.7503,-4.3806],[-36.7503,-4.3832],[-36.7503,-4.3858],[-36.7503,-4.3884],[-36.7503,-4.391],[-36.7503,-4.3936],[-36.7503,-4.3962],[-36.7503,-4.3988],[-36.7503,-4.4014],[-36.7503,-4.404],[-36.7503,-4.4066],[-36.7503,-4.4092],[-36.7503,-4.4118],[-36.7503,-4.4144],[-36.7503,-4.417],[-36.7503,-4.4197],[-36.7503,-4.4223],[-36.7503,-4.4249],[-36.7503,-4.4275],[-36.7503,-4.4301],[-36.7503,-4.4327],[-36.7503,-4.4353],[-36.7503,-4.4379],[-36.7503,-4.4405],[-36.7503,-4.4431],[-36.7503,-4.4457],[-36.7503,-4.4483],[-36.7503,-4.4509],[-36.7503,-4.4535],[-36.7503,-4.4561],[-36.7503,-4.4587],[-36.7503,-4.4613],[-36.7503,-4.4639],[-36.7503,-4.4665],[-36.7503,-4.4691],[-36.7503,-4.4717],[-36.7503,-4.4743],[-36.7503,-4.4769],[-36.7503,-4.4796],[-36.7503,-4.4822],[-36.7503,-4.4848],[-36.7503,-4.4874],[-36.7503,-4.49],[-36.7503,-4.4926],[-36.7503,-4.4952],[-36.7503,-4.4978],[-36.7503,-4.5004]]]]},"geometry_name":"GEOMETRY","properties":{"COD_BLOCO":"POT-M-855","COD_FASE_C":"E","DAT_ASSINA":"12-01-2006","DAT_TERMIN":null,"NOM_BACIA":"Potiguar","NOM_BLOCO":"POT-M-855","NOM_FANTAS":"BM-POT-17","NUM_CONTRA":"48610009149200515","NUM_DESCOB":2,"OPERADOR_C":"Petróleo Brasileiro S.A. - PETROBRAS","RODADA":"Rodada 7","AREA_TOTAL":767,"AMBIENTE":"M ","BLOCOS":"POT-M-855                                         "},"bbox":[-36.7503,-4.5004,-36.5003,-4.2504]},{"type":"Feature","id":"BLOCOS_EXPLORATORIOS_SIRGAS.628","geometry":{"type":"MultiPolygon","coordinates":[[[[-37.0003,-4.5004],[-36.9977,-4.5004],[-36.9951,-4.5004],[-36.9925,-4.5004],[-36.9899,-4.5004],[-36.9873,-4.5004],[-36.9847,-4.5004],[-36.9821,-4.5004],[-36.9795,-4.5004],[-36.9769,-4.5004],[-36.9743,-4.5004],[-36.9717,-4.5004],[-36.9691,-4.5004],[-36.9665,-4.5004],[-36.9639,-4.5004],[-36.9613,-4.5004],[-36.9587,-4.5004],[-36.9561,-4.5004],[-36.9535,-4.5004],[-36.9509,-4.5004],[-36.9483,-4.5004],[-36.9456,-4.5004],[-36.943,-4.5004],[-36.9404,-4.5004],[-36.9378,-4.5004],[-36.9352,-4.5004],[-36.9326,-4.5004],[-36.93,-4.5004],[-36.9274,-4.5004],[-36.9248,-4.5004],[-36.9222,-4.5004],[-36.9196,-4.5004],[-36.917,-4.5004],[-36.9144,-4.5004],[-36.9118,-4.5004],[-36.9092,-4.5004],[-36.9066,-4.5004],[-36.904,-4.5004],[-36.9014,-4.5004],[-36.8988,-4.5004],[-36.8962,-4.5004],[-36.8936,-4.5004],[-36.891,-4.5004],[-36.8884,-4.5004],[-36.8858,-4.5004],[-36.8831,-4.5004],[-36.8805,-4.5004],[-36.8779,-4.5004],[-36.8753,-4.5004],[-36.8727,-4.5004],[-36.8701,-4.5004],[-36.8675,-4.5004],[-36.8649,-4.5004],[-36.8623,-4.5004],[-36.8597,-4.5004],[-36.8571,-4.5004],[-36.8545,-4.5004],[-36.8519,-4.5004],[-36.8493,-4.5004],[-36.8467,-4.5004],[-36.8441,-4.5004],[-36.8415,-4.5004],[-36.8389,-4.5004],[-36.8363,-4.5004],[-36.8337,-4.5004],[-36.8311,-4.5004],[-36.8285,-4.5004],[-36.8259,-4.5004],[-36.8233,-4.5004],[-36.8206,-4.5004],[-36.818,-4.5004],[-36.8154,-4.5004],[-36.8128,-4.5004],[-36.8102,-4.5004],[-36.8076,-4.5004],[-36.805,-4.5004],[-36.8024,-4.5004],[-36.7998,-4.5004],[-36.7972,-4.5004],[-36.7946,-4.5004],[-36.792,-4.5004],[-36.7894,-4.5004],[-36.7868,-4.5004],[-36.7842,-4.5004],[-36.7816,-4.5004],[-36.779,-4.5004],[-36.7764,-4.5004],[-36.7738,-4.5004],[-36.7712,-4.5004],[-36.7686,-4.5004],[-36.766,-4.5004],[-36.7634,-4.5004],[-36.7608,-4.5004],[-36.7581,-4.5004],[-36.7555,-4.5004],[-36.7529,-4.5004],[-36.7503,-4.5004],[-36.7503,-4.4978],[-36.7503,-4.4952],[-36.7503,-4.4926],[-36.7503,-4.49],[-36.7503,-4.4874],[-36.7503,-4.4848],[-36.7503,-4.4822],[-36.7503,-4.4796],[-36.7503,-4.4769],[-36.7503,-4.4743],[-36.7503,-4.4717],[-36.7503,-4.4691],[-36.7503,-4.4665],[-36.7503,-4.4639],[-36.7503,-4.4613],[-36.7503,-4.4587],[-36.7503,-4.4561],[-36.7503,-4.4535],[-36.7503,-4.4509],[-36.7503,-4.4483],[-36.7503,-4.4457],[-36.7503,-4.4431],[-36.7503,-4.4405],[-36.7503,-4.4379],[-36.7503,-4.4353],[-36.7503,-4.4327],[-36.7503,-4.4301],[-36.7503,-4.4275],[-36.7503,-4.4249],[-36.7503,-4.4223],[-36.7503,-4.4197],[-36.7503,-4.417],[-36.7503,-4.4144],[-36.7503,-4.4118],[-36.7503,-4.4092],[-36.7503,-4.4066],[-36.7503,-4.404],[-36.7503,-4.4014],[-36.7503,-4.3988],[-36.7503,-4.3962],[-36.7503,-4.3936],[-36.7503,-4.391],[-36.7503,-4.3884],[-36.7503,-4.3858],[-36.7503,-4.3832],[-36.7503,-4.3806],[-36.7503,-4.378],[-36.7503,-4.3754],[-36.7503,-4.3728],[-36.7503,-4.3702],[-36.7503,-4.3676],[-36.7503,-4.365],[-36.7503,-4.3624],[-36.7503,-4.3598],[-36.7503,-4.3572],[-36.7503,-4.3545],[-36.7503,-4.3519],[-36.7503,-4.3493],[-36.7503,-4.3467],[-36.7503,-4.3441],[-36.7503,-4.3415],[-36.7503,-4.3389],[-36.7503,-4.3363],[-36.7503,-4.3337],[-36.7503,-4.3311],[-36.7503,-4.3285],[-36.7503,-4.3259],[-36.7503,-4.3233],[-36.7503,-4.3207],[-36.7503,-4.3181],[-36.7503,-4.3155],[-36.7503,-4.3129],[-36.7503,-4.3103],[-36.7503,-4.3077],[-36.7503,-4.3051],[-36.7503,-4.3025],[-36.7503,-4.2999],[-36.7503,-4.2973],[-36.7503,-4.2947],[-36.7503,-4.292],[-36.7503,-4.2894],[-36.7503,-4.2868],[-36.7503,-4.2842],[-36.7503,-4.2816],[-36.7503,-4.279],[-36.7503,-4.2764],[-36.7503,-4.2738],[-36.7503,-4.2712],[-36.7503,-4.2686],[-36.7503,-4.266],[-36.7503,-4.2634],[-36.7503,-4.2608],[-36.7503,-4.2582],[-36.7503,-4.2556],[-36.7503,-4.253],[-36.7503,-4.2504],[-36.7529,-4.2504],[-36.7555,-4.2504],[-36.7581,-4.2504],[-36.7608,-4.2504],[-36.7634,-4.2504],[-36.766,-4.2504],[-36.7686,-4.2504],[-36.7712,-4.2504],[-36.7738,-4.2504],[-36.7764,-4.2504],[-36.779,-4.2504],[-36.7816,-4.2504],[-36.7842,-4.2504],[-36.7868,-4.2504],[-36.7894,-4.2504],[-36.792,-4.2504],[-36.7946,-4.2504],[-36.7972,-4.2504],[-36.7998,-4.2504],[-36.8024,-4.2504],[-36.805,-4.2504],[-36.8076,-4.2504],[-36.8102,-4.2504],[-36.8128,-4.2504],[-36.8154,-4.2504],[-36.818,-4.2504],[-36.8206,-4.2504],[-36.8233,-4.2504],[-36.8259,-4.2504],[-36.8285,-4.2504],[-36.8311,-4.2504],[-36.8337,-4.2504],[-36.8363,-4.2504],[-36.8389,-4.2504],[-36.8415,-4.2504],[-36.8441,-4.2504],[-36.8467,-4.2504],[-36.8493,-4.2504],[-36.8519,-4.2504],[-36.8545,-4.2504],[-36.8571,-4.2504],[-36.8597,-4.2504],[-36.8623,-4.2504],[-36.8649,-4.2504],[-36.8675,-4.2504],[-36.8701,-4.2504],[-36.8727,-4.2504],[-36.8753,-4.2504],[-36.8779,-4.2504],[-36.8805,-4.2504],[-36.8831,-4.2504],[-36.8858,-4.2504],[-36.8884,-4.2504],[-36.891,-4.2504],[-36.8936,-4.2504],[-36.8962,-4.2504],[-36.8988,-4.2504],[-36.9014,-4.2504],[-36.904,-4.2504],[-36.9066,-4.2504],[-36.9092,-4.2504],[-36.9118,-4.2504],[-36.9144,-4.2504],[-36.917,-4.2504],[-36.9196,-4.2504],[-36.9222,-4.2504],[-36.9248,-4.2504],[-36.9274,-4.2504],[-36.93,-4.2504],[-36.9326,-4.2504],[-36.9352,-4.2504],[-36.9378,-4.2504],[-36.9404,-4.2504],[-36.943,-4.2504],[-36.9456,-4.2504],[-36.9483,-4.2504],[-36.9509,-4.2504],[-36.9535,-4.2504],[-36.9561,-4.2504],[-36.9587,-4.2504],[-36.9613,-4.2504],[-36.9639,-4.2504],[-36.9665,-4.2504],[-36.9691,-4.2504],[-36.9717,-4.2504],[-36.9743,-4.2504],[-36.9769,-4.2504],[-36.9795,-4.2504],[-36.9821,-4.2504],[-36.9847,-4.2504],[-36.9873,-4.2504],[-36.9899,-4.2504],[-36.9925,-4.2504],[-36.9951,-4.2504],[-36.9977,-4.2504],[-37.0003,-4.2504],[-37.0003,-4.253],[-37.0003,-4.2556],[-37.0003,-4.2582],[-37.0003,-4.2608],[-37.0003,-4.2634],[-37.0003,-4.266],[-37.0003,-4.2686],[-37.0003,-4.2712],[-37.0003,-4.2738],[-37.0003,-4.2764],[-37.0003,-4.279],[-37.0003,-4.2816],[-37.0003,-4.2842],[-37.0003,-4.2868],[-37.0003,-4.2894],[-37.0003,-4.292],[-37.0003,-4.2947],[-37.0003,-4.2973],[-37.0003,-4.2999],[-37.0003,-4.3025],[-37.0003,-4.3051],[-37.0003,-4.3077],[-37.0003,-4.3103],[-37.0003,-4.3129],[-37.0003,-4.3155],[-37.0003,-4.3181],[-37.0003,-4.3207],[-37.0003,-4.3233],[-37.0003,-4.3259],[-37.0003,-4.3285],[-37.0003,-4.3311],[-37.0003,-4.3337],[-37.0003,-4.3363],[-37.0003,-4.3389],[-37.0003,-4.3415],[-37.0003,-4.3441],[-37.0003,-4.3467],[-37.0003,-4.3493],[-37.0003,-4.3519],[-37.0003,-4.3545],[-37.0003,-4.3572],[-37.0003,-4.3598],[-37.0003,-4.3624],[-37.0003,-4.365],[-37.0003,-4.3676],[-37.0003,-4.3702],[-37.0003,-4.3728],[-37.0003,-4.3754],[-37.0003,-4.378],[-37.0003,-4.3806],[-37.0003,-4.3832],[-37.0003,-4.3858],[-37.0003,-4.3884],[-37.0003,-4.391],[-37.0003,-4.3936],[-37.0003,-4.3962],[-37.0003,-4.3988],[-37.0003,-4.4014],[-37.0003,-4.404],[-37.0003,-4.4066],[-37.0003,-4.4092],[-37.0003,-4.4118],[-37.0003,-4.4144],[-37.0003,-4.417],[-37.0003,-4.4197],[-37.0003,-4.4223],[-37.0003,-4.4249],[-37.0003,-4.4275],[-37.0003,-4.4301],[-37.0003,-4.4327],[-37.0003,-4.4353],[-37.0003,-4.4379],[-37.0003,-4.4405],[-37.0003,-4.4431],[-37.0003,-4.4457],[-37.0003,-4.4483],[-37.0003,-4.4509],[-37.0003,-4.4535],[-37.0003,-4.4561],[-37.0003,-4.4587],[-37.0003,-4.4613],[-37.0003,-4.4639],[-37.0003,-4.4665],[-37.0003,-4.4691],[-37.0003,-4.4717],[-37.0003,-4.4743],[-37.0003,-4.4769],[-37.0003,-4.4796],[-37.0003,-4.4822],[-37.0003,-4.4848],[-37.0003,-4.4874],[-37.0003,-4.49],[-37.0003,-4.4926],[-37.0003,-4.4952],[-37.0003,-4.4978],[-37.0003,-4.5004]]]]},"geometry_name":"GEOMETRY","properties":{"COD_BLOCO":"POT-M-853","COD_FASE_C":"E","DAT_ASSINA":"12-01-2006","DAT_TERMIN":null,"NOM_BACIA":"Potiguar","NOM_BLOCO":"POT-M-853","NOM_FANTAS":"BM-POT-17","NUM_CONTRA":"48610009149200515","NUM_DESCOB":0,"OPERADOR_C":"Petróleo Brasileiro S.A. - PETROBRAS","RODADA":"Rodada 7","AREA_TOTAL":767,"AMBIENTE":"M ","BLOCOS":"POT-M-853                                         "},"bbox":[-37.0003,-4.5004,-36.7503,-4.2504]},{"type":"Feature","id":"BLOCOS_EXPLORATORIOS_SIRGAS.1066","geometry":{"type":"MultiPolygon","coordinates":[[[[-38.1879,-12.0417],[-38.25,-12.0417],[-38.25,-12.0833],[-38.1879,-12.0833],[-38.1879,-12.0807],[-38.1879,-12.0781],[-38.1879,-12.0755],[-38.1879,-12.0729],[-38.1879,-12.0703],[-38.1879,-12.0677],[-38.1879,-12.0651],[-38.1879,-12.0625],[-38.1879,-12.0599],[-38.1879,-12.0573],[-38.1879,-12.0547],[-38.1879,-12.0521],[-38.1879,-12.0495],[-38.1879,-12.0469],[-38.1879,-12.0443],[-38.1879,-12.0417]]]]},"geometry_name":"GEOMETRY","properties":{"COD_BLOCO":"REC-T-77","COD_FASE_C":"E","DAT_ASSINA":"14-02-2020","DAT_TERMIN":null,"NOM_BACIA":"Recôncavo","NOM_BLOCO":"REC-T-77","NOM_FANTAS":"REC-T-77_OP1","NUM_CONTRA":"48610222072201972","NUM_DESCOB":0,"OPERADOR_C":"Geopark Brasil Exploração e Produção de Petróleo e Gás Ltda.","RODADA":"OPC1","AREA_TOTAL":31,"AMBIENTE":"T ","BLOCOS":"REC-T-77                                          "},"bbox":[-38.25,-12.0833,-38.1879,-12.0417]},{"type":"Feature","id":"BLOCOS_EXPLORATORIOS_SIRGAS.354","geometry":{"type":"MultiPolygon","coordinates":[[[[-42.0004,-2.0004],[-41.9978,-2.0004],[-41.9952,-2.0004],[-41.9926,-2.0004],[-41.99,-2.0004],[-41.9874,-2.0004],[-41.9848,-2.0004],[-41.9821,-2.0004],[-41.9795,-2.0004],[-41.9769,-2.0004],[-41.9743,-2.0004],[-41.9717,-2.0004],[-41.9691,-2.0004],[-41.9665,-2.0004],[-41.9639,-2.0004],[-41.9613,-2.0004],[-41.9587,-2.0004],[-41.9561,-2.0004],[-41.9535,-2.0004],[-41.9509,-2.0004],[-41.9483,-2.0004],[-41.9457,-2.0004],[-41.9431,-2.0004],[-41.9405,-2.0004],[-41.9379,-2.0004],[-41.9353,-2.0004],[-41.9327,-2.0004],[-41.9301,-2.0004],[-41.9275,-2.0004],[-41.9249,-2.0004],[-41.9223,-2.0004],[-41.9196,-2.0004],[-41.917,-2.0004],[-41.9144,-2.0004],[-41.9118,-2.0004],[-41.9092,-2.0004],[-41.9066,-2.0004],[-41.904,-2.0004],[-41.9014,-2.0004],[-41.8988,-2.0004],[-41.8962,-2.0004],[-41.8936,-2.0004],[-41.891,-2.0004],[-41.8884,-2.0004],[-41.8858,-2.0004],[-41.8832,-2.0004],[-41.8806,-2.0004],[-41.878,-2.0004],[-41.8754,-2.0004],[-41.8728,-2.0004],[-41.8702,-2.0004],[-41.8676,-2.0004],[-41.865,-2.0004],[-41.8624,-2.0004],[-41.8598,-2.0004],[-41.8571,-2.0004],[-41.8545,-2.0004],[-41.8519,-2.0004],[-41.8493,-2.0004],[-41.8467,-2.0004],[-41.8441,-2.0004],[-41.8415,-2.0004],[-41.8389,-2.0004],[-41.8363,-2.0004],[-41.8337,-2.0004],[-41.8311,-2.0004],[-41.8285,-2.0004],[-41.8259,-2.0004],[-41.8233,-2.0004],[-41.8207,-2.0004],[-41.8181,-2.0004],[-41.8155,-2.0004],[-41.8129,-2.0004],[-41.8103,-2.0004],[-41.8077,-2.0004],[-41.8051,-2.0004],[-41.8025,-2.0004],[-41.7999,-2.0004],[-41.7973,-2.0004],[-41.7946,-2.0004],[-41.792,-2.0004],[-41.7894,-2.0004],[-41.7868,-2.0004],[-41.7842,-2.0004],[-41.7816,-2.0004],[-41.779,-2.0004],[-41.7764,-2.0004],[-41.7738,-2.0004],[-41.7712,-2.0004],[-41.7686,-2.0004],[-41.766,-2.0004],[-41.7634,-2.0004],[-41.7608,-2.0004],[-41.7582,-2.0004],[-41.7556,-2.0004],[-41.753,-2.0004],[-41.7504,-2.0004],[-41.7504,-1.9978],[-41.7504,-1.9952],[-41.7504,-1.9925],[-41.7504,-1.9899],[-41.7504,-1.9873],[-41.7504,-1.9847],[-41.7504,-1.9821],[-41.7504,-1.9795],[-41.7504,-1.9769],[-41.7504,-1.9743],[-41.7504,-1.9717],[-41.7504,-1.9691],[-41.7504,-1.9665],[-41.7504,-1.9639],[-41.7504,-1.9613],[-41.7504,-1.9587],[-41.7504,-1.9561],[-41.7504,-1.9535],[-41.7504,-1.9509],[-41.7504,-1.9483],[-41.7504,-1.9457],[-41.7504,-1.9431],[-41.7504,-1.9405],[-41.7504,-1.9379],[-41.7504,-1.9353],[-41.7504,-1.9327],[-41.7504,-1.93],[-41.7504,-1.9274],[-41.7504,-1.9248],[-41.7504,-1.9222],[-41.7504,-1.9196],[-41.7504,-1.917],[-41.7504,-1.9144],[-41.7504,-1.9118],[-41.7504,-1.9092],[-41.7504,-1.9066],[-41.7504,-1.904],[-41.7504,-1.9014],[-41.7504,-1.8988],[-41.7504,-1.8962],[-41.7504,-1.8936],[-41.7504,-1.891],[-41.7504,-1.8884],[-41.7504,-1.8858],[-41.7504,-1.8832],[-41.7504,-1.8806],[-41.7504,-1.878],[-41.7504,-1.8754],[-41.7504,-1.8728],[-41.7504,-1.8702],[-41.7504,-1.8675],[-41.7504,-1.8649],[-41.7504,-1.8623],[-41.7504,-1.8597],[-41.7504,-1.8571],[-41.7504,-1.8545],[-41.7504,-1.8519],[-41.7504,-1.8493],[-41.7504,-1.8467],[-41.7504,-1.8441],[-41.7504,-1.8415],[-41.7504,-1.8389],[-41.7504,-1.8363],[-41.7504,-1.8337],[-41.7504,-1.8311],[-41.7504,-1.8285],[-41.7504,-1.8259],[-41.7504,-1.8233],[-41.7504,-1.8207],[-41.7504,-1.8181],[-41.7504,-1.8155],[-41.7504,-1.8129],[-41.7504,-1.8103],[-41.7504,-1.8077],[-41.7504,-1.805],[-41.7504,-1.8024],[-41.7504,-1.7998],[-41.7504,-1.7972],[-41.7504,-1.7946],[-41.7504,-1.792],[-41.7504,-1.7894],[-41.7504,-1.7868],[-41.7504,-1.7842],[-41.7504,-1.7816],[-41.7504,-1.779],[-41.7504,-1.7764],[-41.7504,-1.7738],[-41.7504,-1.7712],[-41.7504,-1.7686],[-41.7504,-1.766],[-41.7504,-1.7634],[-41.7504,-1.7608],[-41.7504,-1.7582],[-41.7504,-1.7556],[-41.7504,-1.753],[-41.7504,-1.7504],[-41.753,-1.7504],[-41.7556,-1.7504],[-41.7582,-1.7504],[-41.7608,-1.7504],[-41.7634,-1.7504],[-41.766,-1.7504],[-41.7686,-1.7504],[-41.7712,-1.7504],[-41.7738,-1.7504],[-41.7764,-1.7504],[-41.779,-1.7504],[-41.7816,-1.7504],[-41.7842,-1.7504],[-41.7868,-1.7504],[-41.7894,-1.7504],[-41.792,-1.7504],[-41.7946,-1.7504],[-41.7973,-1.7504],[-41.7999,-1.7504],[-41.8025,-1.7504],[-41.8051,-1.7504],[-41.8077,-1.7504],[-41.8103,-1.7504],[-41.8129,-1.7504],[-41.8155,-1.7504],[-41.8181,-1.7504],[-41.8207,-1.7504],[-41.8233,-1.7504],[-41.8259,-1.7504],[-41.8285,-1.7504],[-41.8311,-1.7504],[-41.8337,-1.7504],[-41.8363,-1.7504],[-41.8389,-1.7504],[-41.8415,-1.7504],[-41.8441,-1.7504],[-41.8467,-1.7504],[-41.8493,-1.7504],[-41.8519,-1.7504],[-41.8545,-1.7504],[-41.8571,-1.7504],[-41.8598,-1.7504],[-41.8624,-1.7504],[-41.865,-1.7504],[-41.8676,-1.7504],[-41.8702,-1.7504],[-41.8728,-1.7504],[-41.8754,-1.7504],[-41.878,-1.7504],[-41.8806,-1.7504],[-41.8832,-1.7504],[-41.8858,-1.7504],[-41.8884,-1.7504],[-41.891,-1.7504],[-41.8936,-1.7504],[-41.8962,-1.7504],[-41.8988,-1.7504],[-41.9014,-1.7504],[-41.904,-1.7504],[-41.9066,-1.7504],[-41.9092,-1.7504],[-41.9118,-1.7504],[-41.9144,-1.7504],[-41.917,-1.7504],[-41.9196,-1.7504],[-41.9223,-1.7504],[-41.9249,-1.7504],[-41.9275,-1.7504],[-41.9301,-1.7504],[-41.9327,-1.7504],[-41.9353,-1.7504],[-41.9379,-1.7504],[-41.9405,-1.7504],[-41.9431,-1.7504],[-41.9457,-1.7504],[-41.9483,-1.7504],[-41.9509,-1.7504],[-41.9535,-1.7504],[-41.9561,-1.7504],[-41.9587,-1.7504],[-41.9613,-1.7504],[-41.9639,-1.7504],[-41.9665,-1.7504],[-41.9691,-1.7504],[-41.9717,-1.7504],[-41.9743,-1.7504],[-41.9769,-1.7504],[-41.9795,-1.7504],[-41.9821,-1.7504],[-41.9848,-1.7504],[-41.9874,-1.7504],[-41.99,-1.7504],[-41.9926,-1.7504],[-41.9952,-1.7504],[-41.9978,-1.7504],[-42.0004,-1.7504],[-42.0004,-1.753],[-42.0004,-1.7556],[-42.0004,-1.7582],[-42.0004,-1.7608],[-42.0004,-1.7634],[-42.0004,-1.766],[-42.0004,-1.7686],[-42.0004,-1.7712],[-42.0004,-1.7738],[-42.0004,-1.7764],[-42.0004,-1.779],[-42.0004,-1.7816],[-42.0004,-1.7842],[-42.0004,-1.7868],[-42.0004,-1.7894],[-42.0004,-1.792],[-42.0004,-1.7946],[-42.0004,-1.7972],[-42.0004,-1.7998],[-42.0004,-1.8024],[-42.0004,-1.805],[-42.0004,-1.8077],[-42.0004,-1.8103],[-42.0004,-1.8129],[-42.0004,-1.8155],[-42.0004,-1.8181],[-42.0004,-1.8207],[-42.0004,-1.8233],[-42.0004,-1.8259],[-42.0004,-1.8285],[-42.0004,-1.8311],[-42.0004,-1.8337],[-42.0004,-1.8363],[-42.0004,-1.8389],[-42.0004,-1.8415],[-42.0004,-1.8441],[-42.0004,-1.8467],[-42.0004,-1.8493],[-42.0004,-1.8519],[-42.0004,-1.8545],[-42.0004,-1.8571],[-42.0004,-1.8597],[-42.0004,-1.8623],[-42.0004,-1.8649],[-42.0004,-1.8675],[-42.0004,-1.8702],[-42.0004,-1.8728],[-42.0004,-1.8754],[-42.0004,-1.878],[-42.0004,-1.8806],[-42.0004,-1.8832],[-42.0004,-1.8858],[-42.0004,-1.8884],[-42.0004,-1.891],[-42.0004,-1.8936],[-42.0004,-1.8962],[-42.0004,-1.8988],[-42.0004,-1.9014],[-42.0004,-1.904],[-42.0004,-1.9066],[-42.0004,-1.9092],[-42.0004,-1.9118],[-42.0004,-1.9144],[-42.0004,-1.917],[-42.0004,-1.9196],[-42.0004,-1.9222],[-42.0004,-1.9248],[-42.0004,-1.9274],[-42.0004,-1.93],[-42.0004,-1.9327],[-42.0004,-1.9353],[-42.0004,-1.9379],[-42.0004,-1.9405],[-42.0004,-1.9431],[-42.0004,-1.9457],[-42.0004,-1.9483],[-42.0004,-1.9509],[-42.0004,-1.9535],[-42.0004,-1.9561],[-42.0004,-1.9587],[-42.0004,-1.9613],[-42.0004,-1.9639],[-42.0004,-1.9665],[-42.0004,-1.9691],[-42.0004,-1.9717],[-42.0004,-1.9743],[-42.0004,-1.9769],[-42.0004,-1.9795],[-42.0004,-1.9821],[-42.0004,-1.9847],[-42.0004,-1.9873],[-42.0004,-1.9899],[-42.0004,-1.9925],[-42.0004,-1.9952],[-42.0004,-1.9978],[-42.0004,-2.0004]]]]},"geometry_name":"GEOMETRY","properties":{"COD_BLOCO":"BAR-M-344","COD_FASE_C":"E","DAT_ASSINA":"30-08-2013","DAT_TERMIN":null,"NOM_BACIA":"Barreirinhas","NOM_BLOCO":"BAR-M-344","NOM_FANTAS":"BAR-M-344_R11","NUM_CONTRA":"48610005447201346","NUM_DESCOB":0,"OPERADOR_C":"Shell Brasil Petróleo Ltda.","RODADA":"Rodada 11","AREA_TOTAL":769,"AMBIENTE":"M ","BLOCOS":"BAR-M-344                                         "},"bbox":[-42.0004,-2.0004,-41.7504,-1.7504]},{"type":"Feature","id":"BLOCOS_EXPLORATORIOS_SIRGAS.353","geometry":{"type":"MultiPolygon","coordinates":[[[[-42.2504,-2.0004],[-42.2478,-2.0004],[-42.2452,-2.0004],[-42.2426,-2.0004],[-42.24,-2.0004],[-42.2374,-2.0004],[-42.2348,-2.0004],[-42.2322,-2.0004],[-42.2295,-2.0004],[-42.2269,-2.0004],[-42.2243,-2.0004],[-42.2217,-2.0004],[-42.2191,-2.0004],[-42.2165,-2.0004],[-42.2139,-2.0004],[-42.2113,-2.0004],[-42.2087,-2.0004],[-42.2061,-2.0004],[-42.2035,-2.0004],[-42.2009,-2.0004],[-42.1983,-2.0004],[-42.1957,-2.0004],[-42.1931,-2.0004],[-42.1905,-2.0004],[-42.1879,-2.0004],[-42.1853,-2.0004],[-42.1827,-2.0004],[-42.1801,-2.0004],[-42.1775,-2.0004],[-42.1749,-2.0004],[-42.1723,-2.0004],[-42.1697,-2.0004],[-42.167,-2.0004],[-42.1644,-2.0004],[-42.1618,-2.0004],[-42.1592,-2.0004],[-42.1566,-2.0004],[-42.154,-2.0004],[-42.1514,-2.0004],[-42.1488,-2.0004],[-42.1462,-2.0004],[-42.1436,-2.0004],[-42.141,-2.0004],[-42.1384,-2.0004],[-42.1358,-2.0004],[-42.1332,-2.0004],[-42.1306,-2.0004],[-42.128,-2.0004],[-42.1254,-2.0004],[-42.1228,-2.0004],[-42.1202,-2.0004],[-42.1176,-2.0004],[-42.115,-2.0004],[-42.1124,-2.0004],[-42.1098,-2.0004],[-42.1072,-2.0004],[-42.1045,-2.0004],[-42.1019,-2.0004],[-42.0993,-2.0004],[-42.0967,-2.0004],[-42.0941,-2.0004],[-42.0915,-2.0004],[-42.0889,-2.0004],[-42.0863,-2.0004],[-42.0837,-2.0004],[-42.0811,-2.0004],[-42.0785,-2.0004],[-42.0759,-2.0004],[-42.0733,-2.0004],[-42.0707,-2.0004],[-42.0681,-2.0004],[-42.0655,-2.0004],[-42.0629,-2.0004],[-42.0603,-2.0004],[-42.0577,-2.0004],[-42.0551,-2.0004],[-42.0525,-2.0004],[-42.0499,-2.0004],[-42.0473,-2.0004],[-42.0447,-2.0004],[-42.042,-2.0004],[-42.0394,-2.0004],[-42.0368,-2.0004],[-42.0342,-2.0004],[-42.0316,-2.0004],[-42.029,-2.0004],[-42.0264,-2.0004],[-42.0238,-2.0004],[-42.0212,-2.0004],[-42.0186,-2.0004],[-42.016,-2.0004],[-42.0134,-2.0004],[-42.0108,-2.0004],[-42.0082,-2.0004],[-42.0056,-2.0004],[-42.003,-2.0004],[-42.0004,-2.0004],[-42.0004,-1.9978],[-42.0004,-1.9952],[-42.0004,-1.9925],[-42.0004,-1.9899],[-42.0004,-1.9873],[-42.0004,-1.9847],[-42.0004,-1.9821],[-42.0004,-1.9795],[-42.0004,-1.9769],[-42.0004,-1.9743],[-42.0004,-1.9717],[-42.0004,-1.9691],[-42.0004,-1.9665],[-42.0004,-1.9639],[-42.0004,-1.9613],[-42.0004,-1.9587],[-42.0004,-1.9561],[-42.0004,-1.9535],[-42.0004,-1.9509],[-42.0004,-1.9483],[-42.0004,-1.9457],[-42.0004,-1.9431],[-42.0004,-1.9405],[-42.0004,-1.9379],[-42.0004,-1.9353],[-42.0004,-1.9327],[-42.0004,-1.93],[-42.0004,-1.9274],[-42.0004,-1.9248],[-42.0004,-1.9222],[-42.0004,-1.9196],[-42.0004,-1.917],[-42.0004,-1.9144],[-42.0004,-1.9118],[-42.0004,-1.9092],[-42.0004,-1.9066],[-42.0004,-1.904],[-42.0004,-1.9014],[-42.0004,-1.8988],[-42.0004,-1.8962],[-42.0004,-1.8936],[-42.0004,-1.891],[-42.0004,-1.8884],[-42.0004,-1.8858],[-42.0004,-1.8832],[-42.0004,-1.8806],[-42.0004,-1.878],[-42.0004,-1.8754],[-42.0004,-1.8728],[-42.0004,-1.8702],[-42.0004,-1.8675],[-42.0004,-1.8649],[-42.0004,-1.8623],[-42.0004,-1.8597],[-42.0004,-1.8571],[-42.0004,-1.8545],[-42.0004,-1.8519],[-42.0004,-1.8493],[-42.0004,-1.8467],[-42.0004,-1.8441],[-42.0004,-1.8415],[-42.0004,-1.8389],[-42.0004,-1.8363],[-42.0004,-1.8337],[-42.0004,-1.8311],[-42.0004,-1.8285],[-42.0004,-1.8259],[-42.0004,-1.8233],[-42.0004,-1.8207],[-42.0004,-1.8181],[-42.0004,-1.8155],[-42.0004,-1.8129],[-42.0004,-1.8103],[-42.0004,-1.8077],[-42.0004,-1.805],[-42.0004,-1.8024],[-42.0004,-1.7998],[-42.0004,-1.7972],[-42.0004,-1.7946],[-42.0004,-1.792],[-42.0004,-1.7894],[-42.0004,-1.7868],[-42.0004,-1.7842],[-42.0004,-1.7816],[-42.0004,-1.779],[-42.0004,-1.7764],[-42.0004,-1.7738],[-42.0004,-1.7712],[-42.0004,-1.7686],[-42.0004,-1.766],[-42.0004,-1.7634],[-42.0004,-1.7608],[-42.0004,-1.7582],[-42.0004,-1.7556],[-42.0004,-1.753],[-42.0004,-1.7504],[-42.003,-1.7504],[-42.0056,-1.7504],[-42.0082,-1.7504],[-42.0108,-1.7504],[-42.0134,-1.7504],[-42.016,-1.7504],[-42.0186,-1.7504],[-42.0212,-1.7504],[-42.0238,-1.7504],[-42.0264,-1.7504],[-42.029,-1.7504],[-42.0316,-1.7504],[-42.0342,-1.7504],[-42.0368,-1.7504],[-42.0394,-1.7504],[-42.042,-1.7504],[-42.0447,-1.7504],[-42.0473,-1.7504],[-42.0499,-1.7504],[-42.0525,-1.7504],[-42.0551,-1.7504],[-42.0577,-1.7504],[-42.0603,-1.7504],[-42.0629,-1.7504],[-42.0655,-1.7504],[-42.0681,-1.7504],[-42.0707,-1.7504],[-42.0733,-1.7504],[-42.0759,-1.7504],[-42.0785,-1.7504],[-42.0811,-1.7504],[-42.0837,-1.7504],[-42.0863,-1.7504],[-42.0889,-1.7504],[-42.0915,-1.7504],[-42.0941,-1.7504],[-42.0967,-1.7504],[-42.0993,-1.7504],[-42.1019,-1.7504],[-42.1045,-1.7504],[-42.1072,-1.7504],[-42.1098,-1.7504],[-42.1124,-1.7504],[-42.115,-1.7504],[-42.1176,-1.7504],[-42.1202,-1.7504],[-42.1228,-1.7504],[-42.1254,-1.7504],[-42.128,-1.7504],[-42.1306,-1.7504],[-42.1332,-1.7504],[-42.1358,-1.7504],[-42.1384,-1.7504],[-42.141,-1.7504],[-42.1436,-1.7504],[-42.1462,-1.7504],[-42.1488,-1.7504],[-42.1514,-1.7504],[-42.154,-1.7504],[-42.1566,-1.7504],[-42.1592,-1.7504],[-42.1618,-1.7504],[-42.1644,-1.7504],[-42.167,-1.7504],[-42.1697,-1.7504],[-42.1723,-1.7504],[-42.1749,-1.7504],[-42.1775,-1.7504],[-42.1801,-1.7504],[-42.1827,-1.7504],[-42.1853,-1.7504],[-42.1879,-1.7504],[-42.1905,-1.7504],[-42.1931,-1.7504],[-42.1957,-1.7504],[-42.1983,-1.7504],[-42.2009,-1.7504],[-42.2035,-1.7504],[-42.2061,-1.7504],[-42.2087,-1.7504],[-42.2113,-1.7504],[-42.2139,-1.7504],[-42.2165,-1.7504],[-42.2191,-1.7504],[-42.2217,-1.7504],[-42.2243,-1.7504],[-42.2269,-1.7504],[-42.2295,-1.7504],[-42.2322,-1.7504],[-42.2348,-1.7504],[-42.2374,-1.7504],[-42.24,-1.7504],[-42.2426,-1.7504],[-42.2452,-1.7504],[-42.2478,-1.7504],[-42.2504,-1.7504],[-42.2504,-1.753],[-42.2504,-1.7556],[-42.2504,-1.7582],[-42.2504,-1.7608],[-42.2504,-1.7634],[-42.2504,-1.766],[-42.2504,-1.7686],[-42.2504,-1.7712],[-42.2504,-1.7738],[-42.2504,-1.7764],[-42.2504,-1.779],[-42.2504,-1.7816],[-42.2504,-1.7842],[-42.2504,-1.7868],[-42.2504,-1.7894],[-42.2504,-1.792],[-42.2504,-1.7946],[-42.2504,-1.7972],[-42.2504,-1.7998],[-42.2504,-1.8024],[-42.2504,-1.805],[-42.2504,-1.8077],[-42.2504,-1.8103],[-42.2504,-1.8129],[-42.2504,-1.8155],[-42.2504,-1.8181],[-42.2504,-1.8207],[-42.2504,-1.8233],[-42.2504,-1.8259],[-42.2504,-1.8285],[-42.2504,-1.8311],[-42.2504,-1.8337],[-42.2504,-1.8363],[-42.2504,-1.8389],[-42.2504,-1.8415],[-42.2504,-1.8441],[-42.2504,-1.8467],[-42.2504,-1.8493],[-42.2504,-1.8519],[-42.2504,-1.8545],[-42.2504,-1.8571],[-42.2504,-1.8597],[-42.2504,-1.8623],[-42.2504,-1.8649],[-42.2504,-1.8675],[-42.2504,-1.8702],[-42.2504,-1.8728],[-42.2504,-1.8754],[-42.2504,-1.878],[-42.2504,-1.8806],[-42.2504,-1.8832],[-42.2504,-1.8858],[-42.2504,-1.8884],[-42.2504,-1.891],[-42.2504,-1.8936],[-42.2504,-1.8962],[-42.2504,-1.8988],[-42.2504,-1.9014],[-42.2504,-1.904],[-42.2504,-1.9066],[-42.2504,-1.9092],[-42.2504,-1.9118],[-42.2504,-1.9144],[-42.2504,-1.917],[-42.2504,-1.9196],[-42.2504,-1.9222],[-42.2504,-1.9248],[-42.2504,-1.9274],[-42.2504,-1.93],[-42.2504,-1.9327],[-42.2504,-1.9353],[-42.2504,-1.9379],[-42.2504,-1.9405],[-42.2504,-1.9431],[-42.2504,-1.9457],[-42.2504,-1.9483],[-42.2504,-1.9509],[-42.2504,-1.9535],[-42.2504,-1.9561],[-42.2504,-1.9587],[-42.2504,-1.9613],[-42.2504,-1.9639],[-42.2504,-1.9665],[-42.2504,-1.9691],[-42.2504,-1.9717],[-42.2504,-1.9743],[-42.2504,-1.9769],[-42.2504,-1.9795],[-42.2504,-1.9821],[-42.2504,-1.9847],[-42.2504,-1.9873],[-42.2504,-1.9899],[-42.2504,-1.9925],[-42.2504,-1.9952],[-42.2504,-1.9978],[-42.2504,-2.0004]]]]},"geometry_name":"GEOMETRY","properties":{"COD_BLOCO":"BAR-M-342","COD_FASE_C":"E","DAT_ASSINA":"30-08-2013","DAT_TERMIN":null,"NOM_BACIA":"Barreirinhas","NOM_BLOCO":"BAR-M-342","NOM_FANTAS":"BAR-M-342_R11","NUM_CONTRA":"48610005490201310","NUM_DESCOB":0,"OPERADOR_C":"Shell Brasil Petróleo Ltda.","RODADA":"Rodada 11","AREA_TOTAL":769,"AMBIENTE":"M ","BLOCOS":"BAR-M-342                                         "},"bbox":[-42.2504,-2.0004,-42.0004,-1.7504]},{"type":"Feature","id":"BLOCOS_EXPLORATORIOS_SIRGAS.352","geometry":{"type":"MultiPolygon","coordinates":[[[[-42.5004,-2.0004],[-42.4978,-2.0004],[-42.4952,-2.0004],[-42.4926,-2.0004],[-42.49,-2.0004],[-42.4874,-2.0004],[-42.4848,-2.0004],[-42.4822,-2.0004],[-42.4795,-2.0004],[-42.4769,-2.0004],[-42.4743,-2.0004],[-42.4717,-2.0004],[-42.4691,-2.0004],[-42.4665,-2.0004],[-42.4639,-2.0004],[-42.4613,-2.0004],[-42.4587,-2.0004],[-42.4561,-2.0004],[-42.4535,-2.0004],[-42.4509,-2.0004],[-42.4483,-2.0004],[-42.4457,-2.0004],[-42.4431,-2.0004],[-42.4405,-2.0004],[-42.4379,-2.0004],[-42.4353,-2.0004],[-42.4327,-2.0004],[-42.4301,-2.0004],[-42.4275,-2.0004],[-42.4249,-2.0004],[-42.4223,-2.0004],[-42.4197,-2.0004],[-42.417,-2.0004],[-42.4144,-2.0004],[-42.4118,-2.0004],[-42.4092,-2.0004],[-42.4066,-2.0004],[-42.404,-2.0004],[-42.4014,-2.0004],[-42.3988,-2.0004],[-42.3962,-2.0004],[-42.3936,-2.0004],[-42.391,-2.0004],[-42.3884,-2.0004],[-42.3858,-2.0004],[-42.3832,-2.0004],[-42.3806,-2.0004],[-42.378,-2.0004],[-42.3754,-2.0004],[-42.3728,-2.0004],[-42.3702,-2.0004],[-42.3676,-2.0004],[-42.365,-2.0004],[-42.3624,-2.0004],[-42.3598,-2.0004],[-42.3572,-2.0004],[-42.3545,-2.0004],[-42.3519,-2.0004],[-42.3493,-2.0004],[-42.3467,-2.0004],[-42.3441,-2.0004],[-42.3415,-2.0004],[-42.3389,-2.0004],[-42.3363,-2.0004],[-42.3337,-2.0004],[-42.3311,-2.0004],[-42.3285,-2.0004],[-42.3259,-2.0004],[-42.3233,-2.0004],[-42.3207,-2.0004],[-42.3181,-2.0004],[-42.3155,-2.0004],[-42.3129,-2.0004],[-42.3103,-2.0004],[-42.3077,-2.0004],[-42.3051,-2.0004],[-42.3025,-2.0004],[-42.2999,-2.0004],[-42.2973,-2.0004],[-42.2947,-2.0004],[-42.292,-2.0004],[-42.2894,-2.0004],[-42.2868,-2.0004],[-42.2842,-2.0004],[-42.2816,-2.0004],[-42.279,-2.0004],[-42.2764,-2.0004],[-42.2738,-2.0004],[-42.2712,-2.0004],[-42.2686,-2.0004],[-42.266,-2.0004],[-42.2634,-2.0004],[-42.2608,-2.0004],[-42.2582,-2.0004],[-42.2556,-2.0004],[-42.253,-2.0004],[-42.2504,-2.0004],[-42.2504,-1.9978],[-42.2504,-1.9952],[-42.2504,-1.9925],[-42.2504,-1.9899],[-42.2504,-1.9873],[-42.2504,-1.9847],[-42.2504,-1.9821],[-42.2504,-1.9795],[-42.2504,-1.9769],[-42.2504,-1.9743],[-42.2504,-1.9717],[-42.2504,-1.9691],[-42.2504,-1.9665],[-42.2504,-1.9639],[-42.2504,-1.9613],[-42.2504,-1.9587],[-42.2504,-1.9561],[-42.2504,-1.9535],[-42.2504,-1.9509],[-42.2504,-1.9483],[-42.2504,-1.9457],[-42.2504,-1.9431],[-42.2504,-1.9405],[-42.2504,-1.9379],[-42.2504,-1.9353],[-42.2504,-1.9327],[-42.2504,-1.93],[-42.2504,-1.9274],[-42.2504,-1.9248],[-42.2504,-1.9222],[-42.2504,-1.9196],[-42.2504,-1.917],[-42.2504,-1.9144],[-42.2504,-1.9118],[-42.2504,-1.9092],[-42.2504,-1.9066],[-42.2504,-1.904],[-42.2504,-1.9014],[-42.2504,-1.8988],[-42.2504,-1.8962],[-42.2504,-1.8936],[-42.2504,-1.891],[-42.2504,-1.8884],[-42.2504,-1.8858],[-42.2504,-1.8832],[-42.2504,-1.8806],[-42.2504,-1.878],[-42.2504,-1.8754],[-42.2504,-1.8728],[-42.2504,-1.8702],[-42.2504,-1.8675],[-42.2504,-1.8649],[-42.2504,-1.8623],[-42.2504,-1.8597],[-42.2504,-1.8571],[-42.2504,-1.8545],[-42.2504,-1.8519],[-42.2504,-1.8493],[-42.2504,-1.8467],[-42.2504,-1.8441],[-42.2504,-1.8415],[-42.2504,-1.8389],[-42.2504,-1.8363],[-42.2504,-1.8337],[-42.2504,-1.8311],[-42.2504,-1.8285],[-42.2504,-1.8259],[-42.2504,-1.8233],[-42.2504,-1.8207],[-42.2504,-1.8181],[-42.2504,-1.8155],[-42.2504,-1.8129],[-42.2504,-1.8103],[-42.2504,-1.8077],[-42.2504,-1.805],[-42.2504,-1.8024],[-42.2504,-1.7998],[-42.2504,-1.7972],[-42.2504,-1.7946],[-42.2504,-1.792],[-42.2504,-1.7894],[-42.2504,-1.7868],[-42.2504,-1.7842],[-42.2504,-1.7816],[-42.2504,-1.779],[-42.2504,-1.7764],[-42.2504,-1.7738],[-42.2504,-1.7712],[-42.2504,-1.7686],[-42.2504,-1.766],[-42.2504,-1.7634],[-42.2504,-1.7608],[-42.2504,-1.7582],[-42.2504,-1.7556],[-42.2504,-1.753],[-42.2504,-1.7504],[-42.253,-1.7504],[-42.2556,-1.7504],[-42.2582,-1.7504],[-42.2608,-1.7504],[-42.2634,-1.7504],[-42.266,-1.7504],[-42.2686,-1.7504],[-42.2712,-1.7504],[-42.2738,-1.7504],[-42.2764,-1.7504],[-42.279,-1.7504],[-42.2816,-1.7504],[-42.2842,-1.7504],[-42.2868,-1.7504],[-42.2894,-1.7504],[-42.292,-1.7504],[-42.2947,-1.7504],[-42.2973,-1.7504],[-42.2999,-1.7504],[-42.3025,-1.7504],[-42.3051,-1.7504],[-42.3077,-1.7504],[-42.3103,-1.7504],[-42.3129,-1.7504],[-42.3155,-1.7504],[-42.3181,-1.7504],[-42.3207,-1.7504],[-42.3233,-1.7504],[-42.3259,-1.7504],[-42.3285,-1.7504],[-42.3311,-1.7504],[-42.3337,-1.7504],[-42.3363,-1.7504],[-42.3389,-1.7504],[-42.3415,-1.7504],[-42.3441,-1.7504],[-42.3467,-1.7504],[-42.3493,-1.7504],[-42.3519,-1.7504],[-42.3545,-1.7504],[-42.3572,-1.7504],[-42.3598,-1.7504],[-42.3624,-1.7504],[-42.365,-1.7504],[-42.3676,-1.7504],[-42.3702,-1.7504],[-42.3728,-1.7504],[-42.3754,-1.7504],[-42.378,-1.7504],[-42.3806,-1.7504],[-42.3832,-1.7504],[-42.3858,-1.7504],[-42.3884,-1.7504],[-42.391,-1.7504],[-42.3936,-1.7504],[-42.3962,-1.7504],[-42.3988,-1.7504],[-42.4014,-1.7504],[-42.404,-1.7504],[-42.4066,-1.7504],[-42.4092,-1.7504],[-42.4118,-1.7504],[-42.4144,-1.7504],[-42.417,-1.7504],[-42.4197,-1.7504],[-42.4223,-1.7504],[-42.4249,-1.7504],[-42.4275,-1.7504],[-42.4301,-1.7504],[-42.4327,-1.7504],[-42.4353,-1.7504],[-42.4379,-1.7504],[-42.4405,-1.7504],[-42.4431,-1.7504],[-42.4457,-1.7504],[-42.4483,-1.7504],[-42.4509,-1.7504],[-42.4535,-1.7504],[-42.4561,-1.7504],[-42.4587,-1.7504],[-42.4613,-1.7504],[-42.4639,-1.7504],[-42.4665,-1.7504],[-42.4691,-1.7504],[-42.4717,-1.7504],[-42.4743,-1.7504],[-42.4769,-1.7504],[-42.4795,-1.7504],[-42.4822,-1.7504],[-42.4848,-1.7504],[-42.4874,-1.7504],[-42.49,-1.7504],[-42.4926,-1.7504],[-42.4952,-1.7504],[-42.4978,-1.7504],[-42.5004,-1.7504],[-42.5004,-1.753],[-42.5004,-1.7556],[-42.5004,-1.7582],[-42.5004,-1.7608],[-42.5004,-1.7634],[-42.5004,-1.766],[-42.5004,-1.7686],[-42.5004,-1.7712],[-42.5004,-1.7738],[-42.5004,-1.7764],[-42.5004,-1.779],[-42.5004,-1.7816],[-42.5004,-1.7842],[-42.5004,-1.7868],[-42.5004,-1.7894],[-42.5004,-1.792],[-42.5004,-1.7946],[-42.5004,-1.7972],[-42.5004,-1.7998],[-42.5004,-1.8024],[-42.5004,-1.805],[-42.5004,-1.8077],[-42.5004,-1.8103],[-42.5004,-1.8129],[-42.5004,-1.8155],[-42.5004,-1.8181],[-42.5004,-1.8207],[-42.5004,-1.8233],[-42.5004,-1.8259],[-42.5004,-1.8285],[-42.5004,-1.8311],[-42.5004,-1.8337],[-42.5004,-1.8363],[-42.5004,-1.8389],[-42.5004,-1.8415],[-42.5004,-1.8441],[-42.5004,-1.8467],[-42.5004,-1.8493],[-42.5004,-1.8519],[-42.5004,-1.8545],[-42.5004,-1.8571],[-42.5004,-1.8597],[-42.5004,-1.8623],[-42.5004,-1.8649],[-42.5004,-1.8675],[-42.5004,-1.8702],[-42.5004,-1.8728],[-42.5004,-1.8754],[-42.5004,-1.878],[-42.5004,-1.8806],[-42.5004,-1.8832],[-42.5004,-1.8858],[-42.5004,-1.8884],[-42.5004,-1.891],[-42.5004,-1.8936],[-42.5004,-1.8962],[-42.5004,-1.8988],[-42.5004,-1.9014],[-42.5004,-1.904],[-42.5004,-1.9066],[-42.5004,-1.9092],[-42.5004,-1.9118],[-42.5004,-1.9144],[-42.5004,-1.917],[-42.5004,-1.9196],[-42.5004,-1.9222],[-42.5004,-1.9248],[-42.5004,-1.9274],[-42.5004,-1.93],[-42.5004,-1.9327],[-42.5004,-1.9353],[-42.5004,-1.9379],[-42.5004,-1.9405],[-42.5004,-1.9431],[-42.5004,-1.9457],[-42.5004,-1.9483],[-42.5004,-1.9509],[-42.5004,-1.9535],[-42.5004,-1.9561],[-42.5004,-1.9587],[-42.5004,-1.9613],[-42.5004,-1.9639],[-42.5004,-1.9665],[-42.5004,-1.9691],[-42.5004,-1.9717],[-42.5004,-1.9743],[-42.5004,-1.9769],[-42.5004,-1.9795],[-42.5004,-1.9821],[-42.5004,-1.9847],[-42.5004,-1.9873],[-42.5004,-1.9899],[-42.5004,-1.9925],[-42.5004,-1.9952],[-42.5004,-1.9978],[-42.5004,-2.0004]]]]},"geometry_name":"GEOMETRY","properties":{"COD_BLOCO":"BAR-M-340","COD_FASE_C":"E","DAT_ASSINA":"06-08-2013","DAT_TERMIN":null,"NOM_BACIA":"Barreirinhas","NOM_BLOCO":"BAR-M-340","NOM_FANTAS":"BAR-M-340_R11","NUM_CONTRA":"48610005432201388","NUM_DESCOB":0,"OPERADOR_C":"Shell Brasil Petróleo Ltda.","RODADA":"Rodada 11","AREA_TOTAL":769,"AMBIENTE":"M ","BLOCOS":"BAR-M-340                                         "},"bbox":[-42.5004,-2.0004,-42.2504,-1.7504]},{"type":"Feature","id":"BLOCOS_EXPLORATORIOS_SIRGAS.1186","geometry":{"type":"MultiPolygon","coordinates":[[[[-37.0264,-5.2217],[-37.0238,-5.2217],[-37.0238,-5.2191],[-37.0212,-5.2191],[-37.0186,-5.2191],[-37.016,-5.2191],[-37.0134,-5.2191],[-37.0108,-5.2191],[-37.0082,-5.2191],[-37.0055,-5.2191],[-37.0029,-5.2191],[-37.0003,-5.2191],[-37.0003,-5.2187],[-37,-5.2187],[-37,-5.2083],[-37.0625,-5.2083],[-37.0625,-5.2426],[-37.0602,-5.2426],[-37.0602,-5.24],[-37.0576,-5.24],[-37.0576,-5.2374],[-37.055,-5.2374],[-37.0524,-5.2374],[-37.0498,-5.2374],[-37.0498,-5.2348],[-37.0472,-5.2348],[-37.0446,-5.2348],[-37.0446,-5.2322],[-37.042,-5.2322],[-37.042,-5.2296],[-37.0394,-5.2296],[-37.0368,-5.2296],[-37.0368,-5.227],[-37.0342,-5.227],[-37.0342,-5.2243],[-37.0316,-5.2243],[-37.029,-5.2243],[-37.0264,-5.2243],[-37.0264,-5.2217]]]]},"geometry_name":"GEOMETRY","properties":{"COD_BLOCO":"POT-T-478","COD_FASE_C":"E","DAT_ASSINA":"27-09-2021","DAT_TERMIN":"'''","NOM_BACIA":"Potiguar","NOM_BLOCO":"POT-T-478","NOM_FANTAS":"''''''","NUM_CONTRA":"48610222058201979","NUM_DESCOB":0,"OPERADOR_C":"Petro-Victory Energia Ltda.","RODADA":"OPC1","AREA_TOTAL":14,"AMBIENTE":"T ","BLOCOS":"POT-T-478                                         "},"bbox":[-37.0625,-5.2426,-37,-5.2083]},{"type":"Feature","id":"BLOCOS_EXPLORATORIOS_SIRGAS.1185","geometry":{"type":"MultiPolygon","coordinates":[[[[-37.2061,-5.25],[-37.1875,-5.25],[-37.1875,-5.2504],[-37.1852,-5.2504],[-37.1826,-5.2504],[-37.18,-5.2504],[-37.1774,-5.2504],[-37.1748,-5.2504],[-37.1722,-5.2504],[-37.1696,-5.2504],[-37.167,-5.2504],[-37.1644,-5.2504],[-37.1618,-5.2504],[-37.1592,-5.2504],[-37.1566,-5.2504],[-37.154,-5.2504],[-37.154,-5.25],[-37.125,-5.25],[-37.125,-5.2083],[-37.193,-5.2083],[-37.193,-5.2113],[-37.1957,-5.2113],[-37.1983,-5.2113],[-37.2009,-5.2113],[-37.2035,-5.2113],[-37.2061,-5.2113],[-37.2087,-5.2113],[-37.2113,-5.2113],[-37.2139,-5.2113],[-37.2139,-5.2139],[-37.2139,-5.2165],[-37.2139,-5.2191],[-37.2113,-5.2191],[-37.2087,-5.2191],[-37.2061,-5.2191],[-37.2061,-5.2214],[-37.2061,-5.224],[-37.2061,-5.2266],[-37.2061,-5.2292],[-37.2061,-5.2318],[-37.2061,-5.2344],[-37.2061,-5.237],[-37.2061,-5.2396],[-37.2061,-5.2422],[-37.2061,-5.2448],[-37.2061,-5.2474],[-37.2061,-5.25]]]]},"geometry_name":"GEOMETRY","properties":{"COD_BLOCO":"POT-T-476","COD_FASE_C":"E","DAT_ASSINA":"27-09-2021","DAT_TERMIN":"'''","NOM_BACIA":"Potiguar","NOM_BLOCO":"POT-T-476","NOM_FANTAS":"''''''","NUM_CONTRA":"48610222056201980","NUM_DESCOB":0,"OPERADOR_C":"Petro-Victory Energia Ltda.","RODADA":"OPC1","AREA_TOTAL":42,"AMBIENTE":"T ","BLOCOS":"POT-T-476                                         "},"bbox":[-37.2139,-5.2504,-37.125,-5.2083]},{"type":"Feature","id":"BLOCOS_EXPLORATORIOS_SIRGAS.1184","geometry":{"type":"MultiPolygon","coordinates":[[[[-37.125,-5.2083],[-37.0625,-5.2083],[-37.0625,-5.1667],[-37.0628,-5.1667],[-37.0628,-5.1671],[-37.0654,-5.1671],[-37.068,-5.1671],[-37.0707,-5.1671],[-37.0733,-5.1671],[-37.0759,-5.1671],[-37.0785,-5.1671],[-37.0811,-5.1671],[-37.0837,-5.1671],[-37.0863,-5.1671],[-37.0889,-5.1671],[-37.0915,-5.1671],[-37.0941,-5.1671],[-37.0967,-5.1671],[-37.0993,-5.1671],[-37.0993,-5.1667],[-37.125,-5.1667],[-37.125,-5.2083]]]]},"geometry_name":"GEOMETRY","properties":{"COD_BLOCO":"POT-T-433","COD_FASE_C":"E","DAT_ASSINA":"27-09-2021","DAT_TERMIN":"'''","NOM_BACIA":"Potiguar","NOM_BLOCO":"POT-T-433","NOM_FANTAS":"''''''","NUM_CONTRA":"48610222054201991","NUM_DESCOB":0,"OPERADOR_C":"Petro-Victory Energia Ltda.","RODADA":"OPC1","AREA_TOTAL":32,"AMBIENTE":"T ","BLOCOS":"POT-T-433                                         "},"bbox":[-37.125,-5.2083,-37.0625,-5.1667]},{"type":"Feature","id":"BLOCOS_EXPLORATORIOS_SIRGAS.1183","geometry":{"type":"MultiPolygon","coordinates":[[[[-37.0628,-5.1667],[-37,-5.1667],[-37,-5.125],[-37.0628,-5.125],[-37.0628,-5.1276],[-37.0628,-5.1302],[-37.0628,-5.1328],[-37.0628,-5.1354],[-37.0628,-5.138],[-37.0628,-5.1406],[-37.0628,-5.1432],[-37.0628,-5.1458],[-37.0628,-5.1484],[-37.0628,-5.151],[-37.0628,-5.1536],[-37.0628,-5.1562],[-37.0628,-5.1589],[-37.0628,-5.1615],[-37.0628,-5.1641],[-37.0628,-5.1667]]]]},"geometry_name":"GEOMETRY","properties":{"COD_BLOCO":"POT-T-392","COD_FASE_C":"E","DAT_ASSINA":"27-09-2021","DAT_TERMIN":"'''","NOM_BACIA":"Potiguar","NOM_BLOCO":"POT-T-392","NOM_FANTAS":"''''''","NUM_CONTRA":"48610222052201900","NUM_DESCOB":0,"OPERADOR_C":"Petro-Victory Energia Ltda.","RODADA":"OPC1","AREA_TOTAL":32,"AMBIENTE":"T ","BLOCOS":"POT-T-392                                         "},"bbox":[-37.0628,-5.1667,-37,-5.125]},{"type":"Feature","id":"BLOCOS_EXPLORATORIOS_SIRGAS.1182","geometry":{"type":"MultiPolygon","coordinates":[[[[-37.375,-5.4167],[-37.3125,-5.4167],[-37.3125,-5.375],[-37.375,-5.375],[-37.375,-5.4167]]]]},"geometry_name":"GEOMETRY","properties":{"COD_BLOCO":"POT-T-652","COD_FASE_C":"E","DAT_ASSINA":"27-09-2021","DAT_TERMIN":"'''","NOM_BACIA":"Potiguar","NOM_BLOCO":"POT-T-652","NOM_FANTAS":"''''''","NUM_CONTRA":"48610222068201912","NUM_DESCOB":0,"OPERADOR_C":"Petro-Victory Energia Ltda.","RODADA":"OPC1","AREA_TOTAL":32,"AMBIENTE":"T ","BLOCOS":"POT-T-652                                         "},"bbox":[-37.375,-5.4167,-37.3125,-5.375]},{"type":"Feature","id":"BLOCOS_EXPLORATORIOS_SIRGAS.1181","geometry":{"type":"MultiPolygon","coordinates":[[[[-37.4375,-5.4167],[-37.375,-5.4167],[-37.375,-5.375],[-37.4375,-5.375],[-37.4375,-5.4167]]]]},"geometry_name":"GEOMETRY","properties":{"COD_BLOCO":"POT-T-651","COD_FASE_C":"E","DAT_ASSINA":"27-09-2021","DAT_TERMIN":"'''","NOM_BACIA":"Potiguar","NOM_BLOCO":"POT-T-651","NOM_FANTAS":"''''''","NUM_CONTRA":"48610222067201960","NUM_DESCOB":0,"OPERADOR_C":"Petro-Victory Energia Ltda.","RODADA":"OPC1","AREA_TOTAL":32,"AMBIENTE":"T ","BLOCOS":"POT-T-651                                         "},"bbox":[-37.4375,-5.4167,-37.375,-5.375]},{"type":"Feature","id":"BLOCOS_EXPLORATORIOS_SIRGAS.1193","geometry":{"type":"MultiPolygon","coordinates":[[[[-45.5,-27.5],[-45.25,-27.5],[-45.25,-27.25],[-45.5,-27.25],[-45.5,-27.5]]]]},"geometry_name":"GEOMETRY","properties":{"COD_BLOCO":"S-M-1719","COD_FASE_C":"E","DAT_ASSINA":"28-03-2022","DAT_TERMIN":null,"NOM_BACIA":"Santos","NOM_BLOCO":"S-M-1719","NOM_FANTAS":null,"NUM_CONTRA":"48610224694202150","NUM_DESCOB":0,"OPERADOR_C":"Shell Brasil Petróleo Ltda.","RODADA":"Rodada 17","AREA_TOTAL":685,"AMBIENTE":"M ","BLOCOS":"S-M-1719                                          "},"bbox":[-45.5,-27.5,-45.25,-27.25]},{"type":"Feature","id":"BLOCOS_EXPLORATORIOS_SIRGAS.1241","geometry":{"type":"MultiPolygon","coordinates":[[[[-40,-24.25],[-39.75,-24.25],[-39.75,-24],[-40,-24],[-40,-24.25]]]]},"geometry_name":"GEOMETRY","properties":{"COD_BLOCO":"C-M-715","COD_FASE_C":"E","DAT_ASSINA":"14-02-2020","DAT_TERMIN":null,"NOM_BACIA":"Campos","NOM_BLOCO":"C-M-715","NOM_FANTAS":"C-M-715_R16","NUM_CONTRA":"48610221677201946","NUM_DESCOB":0,"OPERADOR_C":"Petronas Petróleo Brasil Ltda.","RODADA":"Rodada 16","AREA_TOTAL":704,"AMBIENTE":"M ","BLOCOS":null},"bbox":[-40,-24.25,-39.75,-24]},{"type":"Feature","id":"BLOCOS_EXPLORATORIOS_SIRGAS.1192","geometry":{"type":"MultiPolygon","coordinates":[[[[-45.75,-27.5],[-45.5,-27.5],[-45.5,-27.25],[-45.75,-27.25],[-45.75,-27.5]]]]},"geometry_name":"GEOMETRY","properties":{"COD_BLOCO":"S-M-1717","COD_FASE_C":"E","DAT_ASSINA":"28-03-2022","DAT_TERMIN":null,"NOM_BACIA":"Santos","NOM_BLOCO":"S-M-1717","NOM_FANTAS":null,"NUM_CONTRA":"48610224693202113","NUM_DESCOB":0,"OPERADOR_C":"Shell Brasil Petróleo Ltda.","RODADA":"Rodada 17","AREA_TOTAL":685,"AMBIENTE":"M ","BLOCOS":"S-M-1717                                          "},"bbox":[-45.75,-27.5,-45.5,-27.25]},{"type":"Feature","id":"BLOCOS_EXPLORATORIOS_SIRGAS.1191","geometry":{"type":"MultiPolygon","coordinates":[[[[-46,-27.5],[-45.75,-27.5],[-45.75,-27.25],[-46,-27.25],[-46,-27.5]]]]},"geometry_name":"GEOMETRY","properties":{"COD_BLOCO":"S-M-1715","COD_FASE_C":"E","DAT_ASSINA":"28-03-2022","DAT_TERMIN":null,"NOM_BACIA":"Santos","NOM_BLOCO":"S-M-1715","NOM_FANTAS":null,"NUM_CONTRA":"48610224692202161","NUM_DESCOB":0,"OPERADOR_C":"Shell Brasil Petróleo Ltda.","RODADA":"Rodada 17","AREA_TOTAL":685,"AMBIENTE":"M ","BLOCOS":"S-M-1715                                          "},"bbox":[-46,-27.5,-45.75,-27.25]},{"type":"Feature","id":"BLOCOS_EXPLORATORIOS_SIRGAS.1190","geometry":{"type":"MultiPolygon","coordinates":[[[[-46.75,-27.5],[-46.5,-27.5],[-46.5,-27.25],[-46.75,-27.25],[-46.75,-27.5]]]]},"geometry_name":"GEOMETRY","properties":{"COD_BLOCO":"S-M-1709","COD_FASE_C":"E","DAT_ASSINA":"28-03-2022","DAT_TERMIN":null,"NOM_BACIA":"Santos","NOM_BLOCO":"S-M-1709","NOM_FANTAS":null,"NUM_CONTRA":"48610224691202116","NUM_DESCOB":0,"OPERADOR_C":"Shell Brasil Petróleo Ltda.","RODADA":"Rodada 17","AREA_TOTAL":685,"AMBIENTE":"M ","BLOCOS":"S-M-1709                                          "},"bbox":[-46.75,-27.5,-46.5,-27.25]},{"type":"Feature","id":"BLOCOS_EXPLORATORIOS_SIRGAS.501","geometry":{"type":"MultiPolygon","coordinates":[[[[-38.1879,-12.0838],[-38.1853,-12.0838],[-38.1826,-12.0838],[-38.18,-12.0838],[-38.1774,-12.0838],[-38.1748,-12.0838],[-38.1722,-12.0838],[-38.1696,-12.0838],[-38.167,-12.0838],[-38.1644,-12.0838],[-38.1618,-12.0838],[-38.1592,-12.0838],[-38.1566,-12.0838],[-38.154,-12.0838],[-38.1514,-12.0838],[-38.1488,-12.0838],[-38.1462,-12.0838],[-38.1436,-12.0838],[-38.141,-12.0838],[-38.1384,-12.0838],[-38.1358,-12.0838],[-38.1332,-12.0838],[-38.1306,-12.0838],[-38.128,-12.0838],[-38.1254,-12.0838],[-38.1254,-12.0812],[-38.1254,-12.0786],[-38.1254,-12.076],[-38.1254,-12.0734],[-38.1254,-12.0708],[-38.1254,-12.0681],[-38.1254,-12.0655],[-38.1254,-12.0629],[-38.1254,-12.0603],[-38.1254,-12.0577],[-38.1254,-12.0551],[-38.1254,-12.0525],[-38.1254,-12.0499],[-38.1254,-12.0473],[-38.1254,-12.0447],[-38.1254,-12.0421],[-38.128,-12.0421],[-38.1306,-12.0421],[-38.1332,-12.0421],[-38.1358,-12.0421],[-38.1384,-12.0421],[-38.141,-12.0421],[-38.1436,-12.0421],[-38.1462,-12.0421],[-38.1488,-12.0421],[-38.1514,-12.0421],[-38.154,-12.0421],[-38.1566,-12.0421],[-38.1592,-12.0421],[-38.1618,-12.0421],[-38.1644,-12.0421],[-38.167,-12.0421],[-38.1696,-12.0421],[-38.1722,-12.0421],[-38.1748,-12.0421],[-38.1774,-12.0421],[-38.18,-12.0421],[-38.1826,-12.0421],[-38.1853,-12.0421],[-38.1879,-12.0421],[-38.1879,-12.0447],[-38.1879,-12.0473],[-38.1879,-12.0499],[-38.1879,-12.0525],[-38.1879,-12.0551],[-38.1879,-12.0577],[-38.1879,-12.0603],[-38.1879,-12.0629],[-38.1879,-12.0655],[-38.1879,-12.0681],[-38.1879,-12.0708],[-38.1879,-12.0734],[-38.1879,-12.076],[-38.1879,-12.0786],[-38.1879,-12.0812],[-38.1879,-12.0838]]]]},"geometry_name":"GEOMETRY","properties":{"COD_BLOCO":"REC-T-78","COD_FASE_C":"E","DAT_ASSINA":"06-06-2014","DAT_TERMIN":null,"NOM_BACIA":"Recôncavo","NOM_BLOCO":"REC-T-78","NOM_FANTAS":"REC-T-78_R12","NUM_CONTRA":"48610000055201471","NUM_DESCOB":0,"OPERADOR_C":"Trayectoria Petróleo e Gás do Brasil Ltda.","RODADA":"Rodada 12","AREA_TOTAL":31,"AMBIENTE":"T ","BLOCOS":"REC-T-78                                          "},"bbox":[-38.1879,-12.0838,-38.1254,-12.0421]},{"type":"Feature","id":"BLOCOS_EXPLORATORIOS_SIRGAS.844","geometry":{"type":"MultiPolygon","coordinates":[[[[-36.1875,-4.5833],[-36,-4.5833],[-36,-4.25],[-36.25,-4.25],[-36.25,-4.625],[-36.1875,-4.625],[-36.1875,-4.5833]]]]},"geometry_name":"GEOMETRY","properties":{"COD_BLOCO":"POT-M-859","COD_FASE_C":"E","DAT_ASSINA":"11-09-2018","DAT_TERMIN":null,"NOM_BACIA":"Potiguar","NOM_BLOCO":"POT-M-859","NOM_FANTAS":"POT-M-859_R15","NUM_CONTRA":"48610005770201824","NUM_DESCOB":0,"OPERADOR_C":"Petróleo Brasileiro S.A. - PETROBRAS","RODADA":"Rodada 15","AREA_TOTAL":1055,"AMBIENTE":"M ","BLOCOS":"POT-M-859                                         "},"bbox":[-36.25,-4.625,-36,-4.25]},{"type":"Feature","id":"BLOCOS_EXPLORATORIOS_SIRGAS.2335","geometry":{"type":"MultiPolygon","coordinates":[[[[-55.6875,-14],[-55.6875,-13.9167],[-55.5,-13.9167],[-55.5,-13.5],[-56,-13.5],[-56,-14],[-55.6875,-14]]]]},"geometry_name":"GEOMETRY","properties":{"COD_BLOCO":"PRC-T-121","COD_FASE_C":"E","DAT_ASSINA":null,"DAT_TERMIN":null,"NOM_BACIA":"Parecis - Alto Xingu","NOM_BLOCO":"PRC-T-121","NOM_FANTAS":"PRC-T-121_OP5","NUM_CONTRA":"48610220747202597","NUM_DESCOB":0,"OPERADOR_C":"Dillianz Petroleo & Gas Natural-Biocombustivel S.A.","RODADA":"OPC5","AREA_TOTAL":2805,"AMBIENTE":"T ","BLOCOS":null},"bbox":[-56,-14,-55.5,-13.5]},{"type":"Feature","id":"BLOCOS_EXPLORATORIOS_SIRGAS.845","geometry":{"type":"MultiPolygon","coordinates":[[[[-36.7503,-4.0004],[-36.75,-4.0004],[-36.75,-4],[-37.0003,-4],[-37.0003,-4.003],[-37.0003,-4.0056],[-37.0003,-4.0082],[-37.0003,-4.0108],[-37.0003,-4.0134],[-37.0003,-4.016],[-37.0003,-4.0186],[-37.0003,-4.0212],[-37.0003,-4.0238],[-37.0003,-4.0264],[-37.0003,-4.029],[-37.0003,-4.0316],[-37.0003,-4.0342],[-37.0003,-4.0368],[-37.0003,-4.0394],[-37.0003,-4.042],[-37.0003,-4.0447],[-37.0003,-4.0473],[-37.0003,-4.0499],[-37.0003,-4.0525],[-37.0003,-4.0551],[-37.0003,-4.0577],[-37.0003,-4.0603],[-37.0003,-4.0629],[-37.0003,-4.0655],[-37.0003,-4.0681],[-37.0003,-4.0707],[-37.0003,-4.0733],[-37.0003,-4.0759],[-37.0003,-4.0785],[-37.0003,-4.0811],[-37.0003,-4.0837],[-37.0003,-4.0863],[-37.0003,-4.0889],[-37.0003,-4.0915],[-37.0003,-4.0941],[-37.0003,-4.0967],[-37.0003,-4.0993],[-37.0003,-4.1019],[-37.0003,-4.1045],[-37.0003,-4.1072],[-37.0003,-4.1098],[-37.0003,-4.1124],[-37.0003,-4.115],[-37.0003,-4.1176],[-37.0003,-4.1202],[-37.0003,-4.1228],[-37.0003,-4.1254],[-37.0003,-4.128],[-37.0003,-4.1306],[-37.0003,-4.1332],[-37.0003,-4.1358],[-37.0003,-4.1384],[-37.0003,-4.141],[-37.0003,-4.1436],[-37.0003,-4.1462],[-37.0003,-4.1488],[-37.0003,-4.1514],[-37.0003,-4.154],[-37.0003,-4.1566],[-37.0003,-4.1592],[-37.0003,-4.1618],[-37.0003,-4.1644],[-37.0003,-4.167],[-37.0003,-4.1697],[-37.0003,-4.1723],[-37.0003,-4.1749],[-37.0003,-4.1775],[-37.0003,-4.1801],[-37.0003,-4.1827],[-37.0003,-4.1853],[-37.0003,-4.1879],[-37.0003,-4.1905],[-37.0003,-4.1931],[-37.0003,-4.1957],[-37.0003,-4.1983],[-37.0003,-4.2009],[-37.0003,-4.2035],[-37.0003,-4.2061],[-37.0003,-4.2087],[-37.0003,-4.2113],[-37.0003,-4.2139],[-37.0003,-4.2165],[-37.0003,-4.2191],[-37.0003,-4.2217],[-37.0003,-4.2243],[-37.0003,-4.2269],[-37.0003,-4.2295],[-37.0003,-4.2322],[-37.0003,-4.2348],[-37.0003,-4.2374],[-37.0003,-4.24],[-37.0003,-4.2426],[-37.0003,-4.2452],[-37.0003,-4.2478],[-37.0003,-4.2504],[-36.9977,-4.2504],[-36.9951,-4.2504],[-36.9925,-4.2504],[-36.9899,-4.2504],[-36.9873,-4.2504],[-36.9847,-4.2504],[-36.9821,-4.2504],[-36.9795,-4.2504],[-36.9769,-4.2504],[-36.9743,-4.2504],[-36.9717,-4.2504],[-36.9691,-4.2504],[-36.9665,-4.2504],[-36.9639,-4.2504],[-36.9613,-4.2504],[-36.9587,-4.2504],[-36.9561,-4.2504],[-36.9535,-4.2504],[-36.9509,-4.2504],[-36.9483,-4.2504],[-36.9456,-4.2504],[-36.943,-4.2504],[-36.9404,-4.2504],[-36.9378,-4.2504],[-36.9352,-4.2504],[-36.9326,-4.2504],[-36.93,-4.2504],[-36.9274,-4.2504],[-36.9248,-4.2504],[-36.9222,-4.2504],[-36.9196,-4.2504],[-36.917,-4.2504],[-36.9144,-4.2504],[-36.9118,-4.2504],[-36.9092,-4.2504],[-36.9066,-4.2504],[-36.904,-4.2504],[-36.9014,-4.2504],[-36.8988,-4.2504],[-36.8962,-4.2504],[-36.8936,-4.2504],[-36.891,-4.2504],[-36.8884,-4.2504],[-36.8858,-4.2504],[-36.8831,-4.2504],[-36.8805,-4.2504],[-36.8779,-4.2504],[-36.8753,-4.2504],[-36.8727,-4.2504],[-36.8701,-4.2504],[-36.8675,-4.2504],[-36.8649,-4.2504],[-36.8623,-4.2504],[-36.8597,-4.2504],[-36.8571,-4.2504],[-36.8545,-4.2504],[-36.8519,-4.2504],[-36.8493,-4.2504],[-36.8467,-4.2504],[-36.8441,-4.2504],[-36.8415,-4.2504],[-36.8389,-4.2504],[-36.8363,-4.2504],[-36.8337,-4.2504],[-36.8311,-4.2504],[-36.8285,-4.2504],[-36.8259,-4.2504],[-36.8233,-4.2504],[-36.8206,-4.2504],[-36.818,-4.2504],[-36.8154,-4.2504],[-36.8128,-4.2504],[-36.8102,-4.2504],[-36.8076,-4.2504],[-36.805,-4.2504],[-36.8024,-4.2504],[-36.7998,-4.2504],[-36.7972,-4.2504],[-36.7946,-4.2504],[-36.792,-4.2504],[-36.7894,-4.2504],[-36.7868,-4.2504],[-36.7842,-4.2504],[-36.7816,-4.2504],[-36.779,-4.2504],[-36.7764,-4.2504],[-36.7738,-4.2504],[-36.7712,-4.2504],[-36.7686,-4.2504],[-36.766,-4.2504],[-36.7634,-4.2504],[-36.7608,-4.2504],[-36.7581,-4.2504],[-36.7555,-4.2504],[-36.7529,-4.2504],[-36.7503,-4.2504],[-36.7503,-4.2478],[-36.7503,-4.2452],[-36.7503,-4.2426],[-36.7503,-4.24],[-36.7503,-4.2374],[-36.7503,-4.2348],[-36.7503,-4.2322],[-36.7503,-4.2295],[-36.7503,-4.2269],[-36.7503,-4.2243],[-36.7503,-4.2217],[-36.7503,-4.2191],[-36.7503,-4.2165],[-36.7503,-4.2139],[-36.7503,-4.2113],[-36.7503,-4.2087],[-36.7503,-4.2061],[-36.7503,-4.2035],[-36.7503,-4.2009],[-36.7503,-4.1983],[-36.7503,-4.1957],[-36.7503,-4.1931],[-36.7503,-4.1905],[-36.7503,-4.1879],[-36.7503,-4.1853],[-36.7503,-4.1827],[-36.7503,-4.1801],[-36.7503,-4.1775],[-36.7503,-4.1749],[-36.7503,-4.1723],[-36.7503,-4.1697],[-36.7503,-4.167],[-36.7503,-4.1644],[-36.7503,-4.1618],[-36.7503,-4.1592],[-36.7503,-4.1566],[-36.7503,-4.154],[-36.7503,-4.1514],[-36.7503,-4.1488],[-36.7503,-4.1462],[-36.7503,-4.1436],[-36.7503,-4.141],[-36.7503,-4.1384],[-36.7503,-4.1358],[-36.7503,-4.1332],[-36.7503,-4.1306],[-36.7503,-4.128],[-36.7503,-4.1254],[-36.7503,-4.1228],[-36.7503,-4.1202],[-36.7503,-4.1176],[-36.7503,-4.115],[-36.7503,-4.1124],[-36.7503,-4.1098],[-36.7503,-4.1072],[-36.7503,-4.1045],[-36.7503,-4.1019],[-36.7503,-4.0993],[-36.7503,-4.0967],[-36.7503,-4.0941],[-36.7503,-4.0915],[-36.7503,-4.0889],[-36.7503,-4.0863],[-36.7503,-4.0837],[-36.7503,-4.0811],[-36.7503,-4.0785],[-36.7503,-4.0759],[-36.7503,-4.0733],[-36.7503,-4.0707],[-36.7503,-4.0681],[-36.7503,-4.0655],[-36.7503,-4.0629],[-36.7503,-4.0603],[-36.7503,-4.0577],[-36.7503,-4.0551],[-36.7503,-4.0525],[-36.7503,-4.0499],[-36.7503,-4.0473],[-36.7503,-4.0447],[-36.7503,-4.042],[-36.7503,-4.0394],[-36.7503,-4.0368],[-36.7503,-4.0342],[-36.7503,-4.0316],[-36.7503,-4.029],[-36.7503,-4.0264],[-36.7503,-4.0238],[-36.7503,-4.0212],[-36.7503,-4.0186],[-36.7503,-4.016],[-36.7503,-4.0134],[-36.7503,-4.0108],[-36.7503,-4.0082],[-36.7503,-4.0056],[-36.7503,-4.003],[-36.7503,-4.0004]]]]},"geometry_name":"GEOMETRY","properties":{"COD_BLOCO":"POT-M-762","COD_FASE_C":"E","DAT_ASSINA":"11-09-2018","DAT_TERMIN":null,"NOM_BACIA":"Potiguar","NOM_BLOCO":"POT-M-762","NOM_FANTAS":"POT-M-762_R15","NUM_CONTRA":"48610005779201835","NUM_DESCOB":0,"OPERADOR_C":"Petróleo Brasileiro S.A. - PETROBRAS","RODADA":"Rodada 15","AREA_TOTAL":769,"AMBIENTE":"M ","BLOCOS":"POT-M-762                                         "},"bbox":[-37.0003,-4.2504,-36.75,-4]},{"type":"Feature","id":"BLOCOS_EXPLORATORIOS_SIRGAS.843","geometry":{"type":"MultiPolygon","coordinates":[[[[-35.75,-4.5],[-36,-4.5],[-36,-4.5833],[-35.75,-4.5833],[-35.75,-4.5]]]]},"geometry_name":"GEOMETRY","properties":{"COD_BLOCO":"POT-M-948","COD_FASE_C":"E","DAT_ASSINA":"11-09-2018","DAT_TERMIN":null,"NOM_BACIA":"Potiguar","NOM_BLOCO":"POT-M-948","NOM_FANTAS":"POT-M-948_R15","NUM_CONTRA":"48610005781201812","NUM_DESCOB":0,"OPERADOR_C":"Shell Brasil Petróleo Ltda.","RODADA":"Rodada 15","AREA_TOTAL":256,"AMBIENTE":"M ","BLOCOS":"POT-M-948                                         "},"bbox":[-36,-4.5833,-35.75,-4.5]},{"type":"Feature","id":"BLOCOS_EXPLORATORIOS_SIRGAS.568","geometry":{"type":"MultiPolygon","coordinates":[[[[-40.0004,-21.4406],[-40.0004,-21.4432],[-40.0004,-21.4458],[-40.0004,-21.4484],[-40.0004,-21.451],[-40.0004,-21.4536],[-40.0004,-21.4562],[-40.0004,-21.4588],[-40.0004,-21.4614],[-40.0004,-21.464],[-40.0004,-21.4666],[-40.0004,-21.4692],[-40.0004,-21.4719],[-40.0004,-21.4745],[-40.0004,-21.4771],[-40.0004,-21.4797],[-40.0004,-21.4823],[-40.0004,-21.4849],[-40.0004,-21.4875],[-40.0004,-21.4901],[-40.0004,-21.4927],[-40.0004,-21.4953],[-40.0004,-21.4979],[-40.0004,-21.5005],[-39.9974,-21.5005],[-39.9948,-21.5005],[-39.9922,-21.5005],[-39.9896,-21.5005],[-39.987,-21.5005],[-39.9844,-21.5005],[-39.9818,-21.5005],[-39.9792,-21.5005],[-39.9766,-21.5005],[-39.974,-21.5005],[-39.9714,-21.5005],[-39.9687,-21.5005],[-39.9661,-21.5005],[-39.9635,-21.5005],[-39.9609,-21.5005],[-39.9583,-21.5005],[-39.9557,-21.5005],[-39.9531,-21.5005],[-39.9505,-21.5005],[-39.9479,-21.5005],[-39.9453,-21.5005],[-39.9427,-21.5005],[-39.9401,-21.5005],[-39.9375,-21.5005],[-39.9349,-21.5005],[-39.9323,-21.5005],[-39.9297,-21.5005],[-39.9271,-21.5005],[-39.9245,-21.5005],[-39.9219,-21.5005],[-39.9193,-21.5005],[-39.9167,-21.5005],[-39.9141,-21.5005],[-39.9115,-21.5005],[-39.9089,-21.5005],[-39.9062,-21.5005],[-39.9036,-21.5005],[-39.901,-21.5005],[-39.901,-21.3755],[-39.904,-21.3755],[-39.9066,-21.3755],[-39.9092,-21.3755],[-39.9118,-21.3755],[-39.9145,-21.3755],[-39.9171,-21.3755],[-39.9197,-21.3755],[-39.9223,-21.3755],[-39.9249,-21.3755],[-39.9275,-21.3755],[-39.9301,-21.3755],[-39.9327,-21.3755],[-39.9353,-21.3755],[-39.9379,-21.3755],[-39.9379,-21.3781],[-39.9379,-21.3807],[-39.9379,-21.3833],[-39.9379,-21.3859],[-39.9379,-21.3885],[-39.9379,-21.3911],[-39.9405,-21.3911],[-39.9431,-21.3911],[-39.9457,-21.3911],[-39.9483,-21.3911],[-39.9509,-21.3911],[-39.9535,-21.3911],[-39.9561,-21.3911],[-39.9587,-21.3911],[-39.9613,-21.3911],[-39.9639,-21.3911],[-39.9665,-21.3911],[-39.9691,-21.3911],[-39.9717,-21.3911],[-39.9743,-21.3911],[-39.9743,-21.3937],[-39.9743,-21.3963],[-39.9743,-21.3989],[-39.9743,-21.4015],[-39.9743,-21.4041],[-39.9743,-21.4067],[-39.9743,-21.4094],[-39.9743,-21.412],[-39.977,-21.412],[-39.9796,-21.412],[-39.9822,-21.412],[-39.9848,-21.412],[-39.9874,-21.412],[-39.99,-21.412],[-39.9926,-21.412],[-39.9926,-21.4146],[-39.9926,-21.4172],[-39.9926,-21.4198],[-39.9926,-21.4224],[-39.9926,-21.425],[-39.9926,-21.4276],[-39.9926,-21.4302],[-39.9926,-21.4328],[-39.9926,-21.4354],[-39.9926,-21.438],[-39.9926,-21.4406],[-39.9952,-21.4406],[-39.9978,-21.4406],[-40.0004,-21.4406]]]]},"geometry_name":"GEOMETRY","properties":{"COD_BLOCO":"C-M-61","COD_FASE_C":"E","DAT_ASSINA":"24-11-2004","DAT_TERMIN":null,"NOM_BACIA":"Campos","NOM_BLOCO":"C-M-61","NOM_FANTAS":"BM-C-32","NUM_CONTRA":"486100079762004","NUM_DESCOB":7,"OPERADOR_C":"Prio Forte S.A.","RODADA":"Rodada 6","AREA_TOTAL":122,"AMBIENTE":null,"BLOCOS":"C-M-61                                            "},"bbox":[-40.0004,-21.5005,-39.901,-21.3755]},{"type":"Feature","id":"BLOCOS_EXPLORATORIOS_SIRGAS.797","geometry":{"type":"MultiPolygon","coordinates":[[[[-39.8129,-19.1255],[-39.8129,-19.1229],[-39.8129,-19.1203],[-39.8129,-19.1177],[-39.8129,-19.1151],[-39.8129,-19.1125],[-39.8129,-19.1099],[-39.8129,-19.1073],[-39.8129,-19.1046],[-39.8129,-19.102],[-39.8125,-19.102],[-39.8125,-19.0833],[-39.875,-19.0833],[-39.875,-19.125],[-39.8385,-19.125],[-39.8385,-19.1255],[-39.8363,-19.1255],[-39.8337,-19.1255],[-39.8311,-19.1255],[-39.8285,-19.1255],[-39.8259,-19.1255],[-39.8233,-19.1255],[-39.8207,-19.1255],[-39.8181,-19.1255],[-39.8155,-19.1255],[-39.8129,-19.1255]]]]},"geometry_name":"GEOMETRY","properties":{"COD_BLOCO":"ES-T-453","COD_FASE_C":"E","DAT_ASSINA":"29-01-2018","DAT_TERMIN":null,"NOM_BACIA":"Espírito Santo","NOM_BLOCO":"ES-T-453","NOM_FANTAS":"ES-T-453_R14","NUM_CONTRA":"48610012644201745","NUM_DESCOB":0,"OPERADOR_C":"Vipetro Petróleo S.A.","RODADA":"Rodada 14","AREA_TOTAL":30,"AMBIENTE":"T ","BLOCOS":"ES-T-453                                          "},"bbox":[-39.875,-19.1255,-39.8125,-19.0833]},{"type":"Feature","id":"BLOCOS_EXPLORATORIOS_SIRGAS.675","geometry":{"type":"MultiPolygon","coordinates":[[[[-45.5004,0.7497],[-45.4978,0.7497],[-45.4952,0.7497],[-45.4926,0.7497],[-45.49,0.7497],[-45.4874,0.7497],[-45.4848,0.7497],[-45.4822,0.7497],[-45.4796,0.7497],[-45.477,0.7497],[-45.4744,0.7497],[-45.4718,0.7497],[-45.4692,0.7497],[-45.4666,0.7497],[-45.4639,0.7497],[-45.4613,0.7497],[-45.4587,0.7497],[-45.4561,0.7497],[-45.4535,0.7497],[-45.4509,0.7497],[-45.4483,0.7497],[-45.4457,0.7497],[-45.4431,0.7497],[-45.4405,0.7497],[-45.4379,0.7497],[-45.4353,0.7497],[-45.4327,0.7497],[-45.4301,0.7497],[-45.4275,0.7497],[-45.4249,0.7497],[-45.4223,0.7497],[-45.4197,0.7497],[-45.4171,0.7497],[-45.4145,0.7497],[-45.4119,0.7497],[-45.4093,0.7497],[-45.4067,0.7497],[-45.4041,0.7497],[-45.4014,0.7497],[-45.3988,0.7497],[-45.3962,0.7497],[-45.3936,0.7497],[-45.391,0.7497],[-45.3884,0.7497],[-45.3858,0.7497],[-45.3832,0.7497],[-45.3806,0.7497],[-45.378,0.7497],[-45.3754,0.7497],[-45.3728,0.7497],[-45.3702,0.7497],[-45.3676,0.7497],[-45.365,0.7497],[-45.3624,0.7497],[-45.3598,0.7497],[-45.3572,0.7497],[-45.3546,0.7497],[-45.352,0.7497],[-45.3494,0.7497],[-45.3468,0.7497],[-45.3442,0.7497],[-45.3416,0.7497],[-45.3389,0.7497],[-45.3363,0.7497],[-45.3337,0.7497],[-45.3311,0.7497],[-45.3285,0.7497],[-45.3259,0.7497],[-45.3233,0.7497],[-45.3207,0.7497],[-45.3181,0.7497],[-45.3155,0.7497],[-45.3129,0.7497],[-45.3103,0.7497],[-45.3077,0.7497],[-45.3051,0.7497],[-45.3025,0.7497],[-45.2999,0.7497],[-45.2973,0.7497],[-45.2947,0.7497],[-45.2921,0.7497],[-45.2895,0.7497],[-45.2869,0.7497],[-45.2843,0.7497],[-45.2817,0.7497],[-45.2791,0.7497],[-45.2764,0.7497],[-45.2738,0.7497],[-45.2712,0.7497],[-45.2686,0.7497],[-45.266,0.7497],[-45.2634,0.7497],[-45.2608,0.7497],[-45.2582,0.7497],[-45.2556,0.7497],[-45.253,0.7497],[-45.2504,0.7497],[-45.2504,0.7523],[-45.2504,0.7549],[-45.2504,0.7575],[-45.2504,0.7601],[-45.2504,0.7627],[-45.2504,0.7653],[-45.2504,0.7679],[-45.2504,0.7705],[-45.2504,0.7731],[-45.2504,0.7757],[-45.2504,0.7783],[-45.2504,0.7809],[-45.2504,0.7835],[-45.2504,0.7861],[-45.2504,0.7887],[-45.2504,0.7913],[-45.2504,0.7939],[-45.2504,0.7965],[-45.2504,0.7991],[-45.2504,0.8017],[-45.2504,0.8043],[-45.2504,0.807],[-45.2504,0.8096],[-45.2504,0.8122],[-45.2504,0.8148],[-45.2504,0.8174],[-45.2504,0.82],[-45.2504,0.8226],[-45.2504,0.8252],[-45.2504,0.8278],[-45.2504,0.8304],[-45.2504,0.833],[-45.2504,0.8356],[-45.2504,0.8382],[-45.2504,0.8408],[-45.2504,0.8434],[-45.2504,0.846],[-45.2504,0.8486],[-45.2504,0.8512],[-45.2504,0.8538],[-45.2504,0.8564],[-45.2504,0.859],[-45.2504,0.8616],[-45.2504,0.8642],[-45.2504,0.8668],[-45.2504,0.8695],[-45.2504,0.8721],[-45.2504,0.8747],[-45.2504,0.8773],[-45.2504,0.8799],[-45.2504,0.8825],[-45.2504,0.8851],[-45.2504,0.8877],[-45.2504,0.8903],[-45.2504,0.8929],[-45.2504,0.8955],[-45.2504,0.8981],[-45.2504,0.9007],[-45.2504,0.9033],[-45.2504,0.9059],[-45.2504,0.9085],[-45.2504,0.9111],[-45.2504,0.9137],[-45.2504,0.9163],[-45.2504,0.9189],[-45.2504,0.9215],[-45.2504,0.9241],[-45.2504,0.9267],[-45.2504,0.9293],[-45.2504,0.932],[-45.2504,0.9346],[-45.2504,0.9372],[-45.2504,0.9398],[-45.2504,0.9424],[-45.2504,0.945],[-45.2504,0.9476],[-45.2504,0.9502],[-45.2504,0.9528],[-45.2504,0.9554],[-45.2504,0.958],[-45.2504,0.9606],[-45.2504,0.9632],[-45.2504,0.9658],[-45.2504,0.9684],[-45.2504,0.971],[-45.2504,0.9736],[-45.2504,0.9762],[-45.2504,0.9788],[-45.2504,0.9814],[-45.2504,0.984],[-45.2504,0.9866],[-45.2504,0.9892],[-45.2504,0.9918],[-45.2504,0.9945],[-45.2504,0.9971],[-45.2504,0.9997],[-45.253,0.9997],[-45.2556,0.9997],[-45.2582,0.9997],[-45.2608,0.9997],[-45.2634,0.9997],[-45.266,0.9997],[-45.2686,0.9997],[-45.2712,0.9997],[-45.2738,0.9997],[-45.2764,0.9997],[-45.2791,0.9997],[-45.2817,0.9997],[-45.2843,0.9997],[-45.2869,0.9997],[-45.2895,0.9997],[-45.2921,0.9997],[-45.2947,0.9997],[-45.2973,0.9997],[-45.2999,0.9997],[-45.3025,0.9997],[-45.3051,0.9997],[-45.3077,0.9997],[-45.3103,0.9997],[-45.3129,0.9997],[-45.3155,0.9997],[-45.3181,0.9997],[-45.3207,0.9997],[-45.3233,0.9997],[-45.3259,0.9997],[-45.3285,0.9997],[-45.3311,0.9997],[-45.3337,0.9997],[-45.3363,0.9997],[-45.3389,0.9997],[-45.3416,0.9997],[-45.3442,0.9997],[-45.3468,0.9997],[-45.3494,0.9997],[-45.352,0.9997],[-45.3546,0.9997],[-45.3572,0.9997],[-45.3598,0.9997],[-45.3624,0.9997],[-45.365,0.9997],[-45.3676,0.9997],[-45.3702,0.9997],[-45.3728,0.9997],[-45.3754,0.9997],[-45.378,0.9997],[-45.3806,0.9997],[-45.3832,0.9997],[-45.3858,0.9997],[-45.3884,0.9997],[-45.391,0.9997],[-45.3936,0.9997],[-45.3962,0.9997],[-45.3988,0.9997],[-45.4014,0.9997],[-45.4041,0.9997],[-45.4067,0.9997],[-45.4093,0.9997],[-45.4119,0.9997],[-45.4145,0.9997],[-45.4171,0.9997],[-45.4197,0.9997],[-45.4223,0.9997],[-45.4249,0.9997],[-45.4275,0.9997],[-45.4301,0.9997],[-45.4327,0.9997],[-45.4353,0.9997],[-45.4379,0.9997],[-45.4405,0.9997],[-45.4431,0.9997],[-45.4457,0.9997],[-45.4483,0.9997],[-45.4509,0.9997],[-45.4535,0.9997],[-45.4561,0.9997],[-45.4587,0.9997],[-45.4613,0.9997],[-45.4639,0.9997],[-45.4666,0.9997],[-45.4692,0.9997],[-45.4718,0.9997],[-45.4744,0.9997],[-45.477,0.9997],[-45.4796,0.9997],[-45.4822,0.9997],[-45.4848,0.9997],[-45.4874,0.9997],[-45.49,0.9997],[-45.4926,0.9997],[-45.4952,0.9997],[-45.4978,0.9997],[-45.5004,0.9997],[-45.5004,0.9971],[-45.5004,0.9945],[-45.5004,0.9918],[-45.5004,0.9892],[-45.5004,0.9866],[-45.5004,0.984],[-45.5004,0.9814],[-45.5004,0.9788],[-45.5004,0.9762],[-45.5004,0.9736],[-45.5004,0.971],[-45.5004,0.9684],[-45.5004,0.9658],[-45.5004,0.9632],[-45.5004,0.9606],[-45.5004,0.958],[-45.5004,0.9554],[-45.5004,0.9528],[-45.5004,0.9502],[-45.5004,0.9476],[-45.5004,0.945],[-45.5004,0.9424],[-45.5004,0.9398],[-45.5004,0.9372],[-45.5004,0.9346],[-45.5004,0.932],[-45.5004,0.9293],[-45.5004,0.9267],[-45.5004,0.9241],[-45.5004,0.9215],[-45.5004,0.9189],[-45.5004,0.9163],[-45.5004,0.9137],[-45.5004,0.9111],[-45.5004,0.9085],[-45.5004,0.9059],[-45.5004,0.9033],[-45.5004,0.9007],[-45.5004,0.8981],[-45.5004,0.8955],[-45.5004,0.8929],[-45.5004,0.8903],[-45.5004,0.8877],[-45.5004,0.8851],[-45.5004,0.8825],[-45.5004,0.8799],[-45.5004,0.8773],[-45.5004,0.8747],[-45.5004,0.8721],[-45.5004,0.8695],[-45.5004,0.8668],[-45.5004,0.8642],[-45.5004,0.8616],[-45.5004,0.859],[-45.5004,0.8564],[-45.5004,0.8538],[-45.5004,0.8512],[-45.5004,0.8486],[-45.5004,0.846],[-45.5004,0.8434],[-45.5004,0.8408],[-45.5004,0.8382],[-45.5004,0.8356],[-45.5004,0.833],[-45.5004,0.8304],[-45.5004,0.8278],[-45.5004,0.8252],[-45.5004,0.8226],[-45.5004,0.82],[-45.5004,0.8174],[-45.5004,0.8148],[-45.5004,0.8122],[-45.5004,0.8096],[-45.5004,0.807],[-45.5004,0.8043],[-45.5004,0.8017],[-45.5004,0.7991],[-45.5004,0.7965],[-45.5004,0.7939],[-45.5004,0.7913],[-45.5004,0.7887],[-45.5004,0.7861],[-45.5004,0.7835],[-45.5004,0.7809],[-45.5004,0.7783],[-45.5004,0.7757],[-45.5004,0.7731],[-45.5004,0.7705],[-45.5004,0.7679],[-45.5004,0.7653],[-45.5004,0.7627],[-45.5004,0.7601],[-45.5004,0.7575],[-45.5004,0.7549],[-45.5004,0.7523],[-45.5004,0.7497]]]]},"geometry_name":"GEOMETRY","properties":{"COD_BLOCO":"PAMA-M-194","COD_FASE_C":"E","DAT_ASSINA":"24-11-2004","DAT_TERMIN":null,"NOM_BACIA":"Pará - Maranhão","NOM_BLOCO":"PAMA-M-194","NOM_FANTAS":"BM-PAMA-8","NUM_CONTRA":"486100079892004","NUM_DESCOB":0,"OPERADOR_C":"Petróleo Brasileiro S.A. - PETROBRAS","RODADA":"Rodada 6","AREA_TOTAL":769,"AMBIENTE":"M ","BLOCOS":"PAMA-M-194                                        "},"bbox":[-45.5004,0.7497,-45.2504,0.9997]},{"type":"Feature","id":"BLOCOS_EXPLORATORIOS_SIRGAS.1059","geometry":{"type":"MultiPolygon","coordinates":[[[[-37.6253,-5.5],[-37.5677,-5.5],[-37.5677,-5.4874],[-37.5707,-5.4874],[-37.5733,-5.4874],[-37.5759,-5.4874],[-37.5785,-5.4874],[-37.5811,-5.4874],[-37.5837,-5.4874],[-37.5863,-5.4874],[-37.5889,-5.4874],[-37.5915,-5.4874],[-37.5941,-5.4874],[-37.5967,-5.4874],[-37.5993,-5.4874],[-37.6019,-5.4874],[-37.6045,-5.4874],[-37.6045,-5.4844],[-37.6045,-5.4818],[-37.6045,-5.4792],[-37.6045,-5.4766],[-37.6045,-5.474],[-37.6045,-5.4714],[-37.6045,-5.4687],[-37.6045,-5.4661],[-37.6045,-5.4635],[-37.6045,-5.4609],[-37.6045,-5.4583],[-37.625,-5.4583],[-37.625,-5.4691],[-37.6227,-5.4691],[-37.6201,-5.4691],[-37.6175,-5.4691],[-37.6149,-5.4691],[-37.6149,-5.4717],[-37.6149,-5.4743],[-37.6149,-5.477],[-37.6149,-5.4796],[-37.6149,-5.4822],[-37.6149,-5.4848],[-37.6149,-5.4874],[-37.6149,-5.49],[-37.6175,-5.49],[-37.6201,-5.49],[-37.6227,-5.49],[-37.6253,-5.49],[-37.6253,-5.4922],[-37.6253,-5.4948],[-37.6253,-5.4974],[-37.6253,-5.5]]]]},"geometry_name":"GEOMETRY","properties":{"COD_BLOCO":"POT-T-740","COD_FASE_C":"E","DAT_ASSINA":"14-02-2020","DAT_TERMIN":null,"NOM_BACIA":"Potiguar","NOM_BLOCO":"POT-T-740","NOM_FANTAS":"POT-T-740_OP1","NUM_CONTRA":"48610222069201959","NUM_DESCOB":0,"OPERADOR_C":"Níon Energia S.A.","RODADA":"OPC1","AREA_TOTAL":14,"AMBIENTE":"T ","BLOCOS":"POT-T-740                                         "},"bbox":[-37.6253,-5.5,-37.5677,-5.4583]},{"type":"Feature","id":"BLOCOS_EXPLORATORIOS_SIRGAS.676","geometry":{"type":"MultiPolygon","coordinates":[[[[-45.2504,0.4997],[-45.2478,0.4997],[-45.2452,0.4997],[-45.2426,0.4997],[-45.24,0.4997],[-45.2374,0.4997],[-45.2348,0.4997],[-45.2322,0.4997],[-45.2296,0.4997],[-45.227,0.4997],[-45.2244,0.4997],[-45.2218,0.4997],[-45.2192,0.4997],[-45.2166,0.4997],[-45.2139,0.4997],[-45.2113,0.4997],[-45.2087,0.4997],[-45.2061,0.4997],[-45.2035,0.4997],[-45.2009,0.4997],[-45.1983,0.4997],[-45.1957,0.4997],[-45.1931,0.4997],[-45.1905,0.4997],[-45.1879,0.4997],[-45.1853,0.4997],[-45.1827,0.4997],[-45.1801,0.4997],[-45.1775,0.4997],[-45.1749,0.4997],[-45.1723,0.4997],[-45.1697,0.4997],[-45.1671,0.4997],[-45.1645,0.4997],[-45.1619,0.4997],[-45.1593,0.4997],[-45.1567,0.4997],[-45.1541,0.4997],[-45.1514,0.4997],[-45.1488,0.4997],[-45.1462,0.4997],[-45.1436,0.4997],[-45.141,0.4997],[-45.1384,0.4997],[-45.1358,0.4997],[-45.1332,0.4997],[-45.1306,0.4997],[-45.128,0.4997],[-45.1254,0.4997],[-45.1228,0.4997],[-45.1202,0.4997],[-45.1176,0.4997],[-45.115,0.4997],[-45.1124,0.4997],[-45.1098,0.4997],[-45.1072,0.4997],[-45.1046,0.4997],[-45.102,0.4997],[-45.0994,0.4997],[-45.0968,0.4997],[-45.0942,0.4997],[-45.0915,0.4997],[-45.0889,0.4997],[-45.0863,0.4997],[-45.0837,0.4997],[-45.0811,0.4997],[-45.0785,0.4997],[-45.0759,0.4997],[-45.0733,0.4997],[-45.0707,0.4997],[-45.0681,0.4997],[-45.0655,0.4997],[-45.0629,0.4997],[-45.0603,0.4997],[-45.0577,0.4997],[-45.0551,0.4997],[-45.0525,0.4997],[-45.0499,0.4997],[-45.0473,0.4997],[-45.0447,0.4997],[-45.0421,0.4997],[-45.0395,0.4997],[-45.0369,0.4997],[-45.0343,0.4997],[-45.0317,0.4997],[-45.029,0.4997],[-45.0264,0.4997],[-45.0238,0.4997],[-45.0212,0.4997],[-45.0186,0.4997],[-45.016,0.4997],[-45.0134,0.4997],[-45.0108,0.4997],[-45.0082,0.4997],[-45.0056,0.4997],[-45.003,0.4997],[-45.0004,0.4997],[-45.0004,0.5023],[-45.0004,0.5049],[-45.0004,0.5075],[-45.0004,0.5101],[-45.0004,0.5127],[-45.0004,0.5153],[-45.0004,0.5179],[-45.0004,0.5205],[-45.0004,0.5231],[-45.0004,0.5257],[-45.0004,0.5283],[-45.0004,0.5309],[-45.0004,0.5335],[-45.0004,0.5361],[-45.0004,0.5387],[-45.0004,0.5413],[-45.0004,0.5439],[-45.0004,0.5465],[-45.0004,0.5491],[-45.0004,0.5517],[-45.0004,0.5543],[-45.0004,0.557],[-45.0004,0.5596],[-45.0004,0.5622],[-45.0004,0.5648],[-45.0004,0.5674],[-45.0004,0.57],[-45.0004,0.5726],[-45.0004,0.5752],[-45.0004,0.5778],[-45.0004,0.5804],[-45.0004,0.583],[-45.0004,0.5856],[-45.0004,0.5882],[-45.0004,0.5908],[-45.0004,0.5934],[-45.0004,0.596],[-45.0004,0.5986],[-45.0004,0.6012],[-45.0004,0.6038],[-45.0004,0.6064],[-45.0004,0.609],[-45.0004,0.6116],[-45.0004,0.6142],[-45.0004,0.6168],[-45.0004,0.6195],[-45.0004,0.6221],[-45.0004,0.6247],[-45.0004,0.6273],[-45.0004,0.6299],[-45.0004,0.6325],[-45.0004,0.6351],[-45.0004,0.6377],[-45.0004,0.6403],[-45.0004,0.6429],[-45.0004,0.6455],[-45.0004,0.6481],[-45.0004,0.6507],[-45.0004,0.6533],[-45.0004,0.6559],[-45.0004,0.6585],[-45.0004,0.6611],[-45.0004,0.6637],[-45.0004,0.6663],[-45.0004,0.6689],[-45.0004,0.6715],[-45.0004,0.6741],[-45.0004,0.6767],[-45.0004,0.6793],[-45.0004,0.682],[-45.0004,0.6846],[-45.0004,0.6872],[-45.0004,0.6898],[-45.0004,0.6924],[-45.0004,0.695],[-45.0004,0.6976],[-45.0004,0.7002],[-45.0004,0.7028],[-45.0004,0.7054],[-45.0004,0.708],[-45.0004,0.7106],[-45.0004,0.7132],[-45.0004,0.7158],[-45.0004,0.7184],[-45.0004,0.721],[-45.0004,0.7236],[-45.0004,0.7262],[-45.0004,0.7288],[-45.0004,0.7314],[-45.0004,0.734],[-45.0004,0.7366],[-45.0004,0.7392],[-45.0004,0.7418],[-45.0004,0.7445],[-45.0004,0.7471],[-45.0004,0.7497],[-45.003,0.7497],[-45.0056,0.7497],[-45.0082,0.7497],[-45.0108,0.7497],[-45.0134,0.7497],[-45.016,0.7497],[-45.0186,0.7497],[-45.0212,0.7497],[-45.0238,0.7497],[-45.0264,0.7497],[-45.029,0.7497],[-45.0317,0.7497],[-45.0343,0.7497],[-45.0369,0.7497],[-45.0395,0.7497],[-45.0421,0.7497],[-45.0447,0.7497],[-45.0473,0.7497],[-45.0499,0.7497],[-45.0525,0.7497],[-45.0551,0.7497],[-45.0577,0.7497],[-45.0603,0.7497],[-45.0629,0.7497],[-45.0655,0.7497],[-45.0681,0.7497],[-45.0707,0.7497],[-45.0733,0.7497],[-45.0759,0.7497],[-45.0785,0.7497],[-45.0811,0.7497],[-45.0837,0.7497],[-45.0863,0.7497],[-45.0889,0.7497],[-45.0915,0.7497],[-45.0942,0.7497],[-45.0968,0.7497],[-45.0994,0.7497],[-45.102,0.7497],[-45.1046,0.7497],[-45.1072,0.7497],[-45.1098,0.7497],[-45.1124,0.7497],[-45.115,0.7497],[-45.1176,0.7497],[-45.1202,0.7497],[-45.1228,0.7497],[-45.1254,0.7497],[-45.128,0.7497],[-45.1306,0.7497],[-45.1332,0.7497],[-45.1358,0.7497],[-45.1384,0.7497],[-45.141,0.7497],[-45.1436,0.7497],[-45.1462,0.7497],[-45.1488,0.7497],[-45.1514,0.7497],[-45.1541,0.7497],[-45.1567,0.7497],[-45.1593,0.7497],[-45.1619,0.7497],[-45.1645,0.7497],[-45.1671,0.7497],[-45.1697,0.7497],[-45.1723,0.7497],[-45.1749,0.7497],[-45.1775,0.7497],[-45.1801,0.7497],[-45.1827,0.7497],[-45.1853,0.7497],[-45.1879,0.7497],[-45.1905,0.7497],[-45.1931,0.7497],[-45.1957,0.7497],[-45.1983,0.7497],[-45.2009,0.7497],[-45.2035,0.7497],[-45.2061,0.7497],[-45.2087,0.7497],[-45.2113,0.7497],[-45.2139,0.7497],[-45.2166,0.7497],[-45.2192,0.7497],[-45.2218,0.7497],[-45.2244,0.7497],[-45.227,0.7497],[-45.2296,0.7497],[-45.2322,0.7497],[-45.2348,0.7497],[-45.2374,0.7497],[-45.24,0.7497],[-45.2426,0.7497],[-45.2452,0.7497],[-45.2478,0.7497],[-45.2504,0.7497],[-45.2504,0.7471],[-45.2504,0.7445],[-45.2504,0.7418],[-45.2504,0.7392],[-45.2504,0.7366],[-45.2504,0.734],[-45.2504,0.7314],[-45.2504,0.7288],[-45.2504,0.7262],[-45.2504,0.7236],[-45.2504,0.721],[-45.2504,0.7184],[-45.2504,0.7158],[-45.2504,0.7132],[-45.2504,0.7106],[-45.2504,0.708],[-45.2504,0.7054],[-45.2504,0.7028],[-45.2504,0.7002],[-45.2504,0.6976],[-45.2504,0.695],[-45.2504,0.6924],[-45.2504,0.6898],[-45.2504,0.6872],[-45.2504,0.6846],[-45.2504,0.682],[-45.2504,0.6793],[-45.2504,0.6767],[-45.2504,0.6741],[-45.2504,0.6715],[-45.2504,0.6689],[-45.2504,0.6663],[-45.2504,0.6637],[-45.2504,0.6611],[-45.2504,0.6585],[-45.2504,0.6559],[-45.2504,0.6533],[-45.2504,0.6507],[-45.2504,0.6481],[-45.2504,0.6455],[-45.2504,0.6429],[-45.2504,0.6403],[-45.2504,0.6377],[-45.2504,0.6351],[-45.2504,0.6325],[-45.2504,0.6299],[-45.2504,0.6273],[-45.2504,0.6247],[-45.2504,0.6221],[-45.2504,0.6195],[-45.2504,0.6168],[-45.2504,0.6142],[-45.2504,0.6116],[-45.2504,0.609],[-45.2504,0.6064],[-45.2504,0.6038],[-45.2504,0.6012],[-45.2504,0.5986],[-45.2504,0.596],[-45.2504,0.5934],[-45.2504,0.5908],[-45.2504,0.5882],[-45.2504,0.5856],[-45.2504,0.583],[-45.2504,0.5804],[-45.2504,0.5778],[-45.2504,0.5752],[-45.2504,0.5726],[-45.2504,0.57],[-45.2504,0.5674],[-45.2504,0.5648],[-45.2504,0.5622],[-45.2504,0.5596],[-45.2504,0.557],[-45.2504,0.5543],[-45.2504,0.5517],[-45.2504,0.5491],[-45.2504,0.5465],[-45.2504,0.5439],[-45.2504,0.5413],[-45.2504,0.5387],[-45.2504,0.5361],[-45.2504,0.5335],[-45.2504,0.5309],[-45.2504,0.5283],[-45.2504,0.5257],[-45.2504,0.5231],[-45.2504,0.5205],[-45.2504,0.5179],[-45.2504,0.5153],[-45.2504,0.5127],[-45.2504,0.5101],[-45.2504,0.5075],[-45.2504,0.5049],[-45.2504,0.5023],[-45.2504,0.4997]]]]},"geometry_name":"GEOMETRY","properties":{"COD_BLOCO":"PAMA-M-265","COD_FASE_C":"E","DAT_ASSINA":"30-08-2013","DAT_TERMIN":null,"NOM_BACIA":"Pará - Maranhão","NOM_BLOCO":"PAMA-M-265","NOM_FANTAS":"PAMA-M-265_R11","NUM_CONTRA":"48610005473201374","NUM_DESCOB":0,"OPERADOR_C":"Brava Energia S.A.","RODADA":"Rodada 11","AREA_TOTAL":769,"AMBIENTE":"M ","BLOCOS":"PAMA-M-265                                        "},"bbox":[-45.2504,0.4997,-45.0004,0.7497]},{"type":"Feature","id":"BLOCOS_EXPLORATORIOS_SIRGAS.2113","geometry":{"type":"MultiPolygon","coordinates":[[[[-46.75,-28.5],[-47,-28.5],[-47,-28.75],[-46.75,-28.75],[-46.75,-28.5]]]]},"geometry_name":"GEOMETRY","properties":{"COD_BLOCO":"P-M-134","COD_FASE_C":"E","DAT_ASSINA":"25-06-2024","DAT_TERMIN":null,"NOM_BACIA":"Pelotas","NOM_BLOCO":"P-M-134","NOM_FANTAS":"P-M-134_OP4","NUM_CONTRA":"48610206075202426","NUM_DESCOB":0,"OPERADOR_C":"Chevron Brasil Óleo e Gás Ltda.","RODADA":"OPC4","AREA_TOTAL":677.37,"AMBIENTE":"M ","BLOCOS":null},"bbox":[-47,-28.75,-46.75,-28.5]},{"type":"Feature","id":"BLOCOS_EXPLORATORIOS_SIRGAS.1058","geometry":{"type":"MultiPolygon","coordinates":[[[[-44.4093,-5.0004],[-44.4066,-5.0004],[-44.404,-5.0004],[-44.4014,-5.0004],[-44.3988,-5.0004],[-44.3962,-5.0004],[-44.3936,-5.0004],[-44.391,-5.0004],[-44.3884,-5.0004],[-44.3858,-5.0004],[-44.3832,-5.0004],[-44.3806,-5.0004],[-44.378,-5.0004],[-44.3754,-5.0004],[-44.3728,-5.0004],[-44.3702,-5.0004],[-44.3676,-5.0004],[-44.365,-5.0004],[-44.3624,-5.0004],[-44.3598,-5.0004],[-44.3572,-5.0004],[-44.3546,-5.0004],[-44.352,-5.0004],[-44.3494,-5.0004],[-44.3468,-5.0004],[-44.3441,-5.0004],[-44.3415,-5.0004],[-44.3389,-5.0004],[-44.3363,-5.0004],[-44.3337,-5.0004],[-44.3311,-5.0004],[-44.3285,-5.0004],[-44.3259,-5.0004],[-44.3233,-5.0004],[-44.3207,-5.0004],[-44.3181,-5.0004],[-44.3155,-5.0004],[-44.3129,-5.0004],[-44.3103,-5.0004],[-44.3077,-5.0004],[-44.3051,-5.0004],[-44.3025,-5.0004],[-44.2999,-5.0004],[-44.2973,-5.0004],[-44.2947,-5.0004],[-44.2921,-5.0004],[-44.2895,-5.0004],[-44.2869,-5.0004],[-44.2843,-5.0004],[-44.2816,-5.0004],[-44.279,-5.0004],[-44.2764,-5.0004],[-44.2738,-5.0004],[-44.2712,-5.0004],[-44.2686,-5.0004],[-44.266,-5.0004],[-44.2634,-5.0004],[-44.2608,-5.0004],[-44.2582,-5.0004],[-44.2556,-5.0004],[-44.253,-5.0004],[-44.2504,-5.0004],[-44.2478,-5.0004],[-44.2452,-5.0004],[-44.2426,-5.0004],[-44.24,-5.0004],[-44.2374,-5.0004],[-44.2348,-5.0004],[-44.2322,-5.0004],[-44.2296,-5.0004],[-44.227,-5.0004],[-44.2244,-5.0004],[-44.2218,-5.0004],[-44.2191,-5.0004],[-44.2165,-5.0004],[-44.2139,-5.0004],[-44.2113,-5.0004],[-44.2087,-5.0004],[-44.2061,-5.0004],[-44.2035,-5.0004],[-44.2009,-5.0004],[-44.1983,-5.0004],[-44.1957,-5.0004],[-44.1931,-5.0004],[-44.1905,-5.0004],[-44.1879,-5.0004],[-44.1853,-5.0004],[-44.1827,-5.0004],[-44.1801,-5.0004],[-44.1775,-5.0004],[-44.1749,-5.0004],[-44.1723,-5.0004],[-44.1697,-5.0004],[-44.1671,-5.0004],[-44.1645,-5.0004],[-44.1619,-5.0004],[-44.1593,-5.0004],[-44.1566,-5.0004],[-44.154,-5.0004],[-44.1514,-5.0004],[-44.1488,-5.0004],[-44.1462,-5.0004],[-44.1436,-5.0004],[-44.141,-5.0004],[-44.1384,-5.0004],[-44.1358,-5.0004],[-44.1332,-5.0004],[-44.1306,-5.0004],[-44.128,-5.0004],[-44.1254,-5.0004],[-44.1228,-5.0004],[-44.1202,-5.0004],[-44.1176,-5.0004],[-44.115,-5.0004],[-44.1124,-5.0004],[-44.1098,-5.0004],[-44.1072,-5.0004],[-44.1046,-5.0004],[-44.102,-5.0004],[-44.0994,-5.0004],[-44.0968,-5.0004],[-44.0941,-5.0004],[-44.0915,-5.0004],[-44.0889,-5.0004],[-44.0863,-5.0004],[-44.0837,-5.0004],[-44.0811,-5.0004],[-44.0785,-5.0004],[-44.0759,-5.0004],[-44.0733,-5.0004],[-44.0707,-5.0004],[-44.0681,-5.0004],[-44.0655,-5.0004],[-44.0629,-5.0004],[-44.0603,-5.0004],[-44.0577,-5.0004],[-44.0551,-5.0004],[-44.0525,-5.0004],[-44.0499,-5.0004],[-44.0473,-5.0004],[-44.0447,-5.0004],[-44.0421,-5.0004],[-44.0395,-5.0004],[-44.0369,-5.0004],[-44.0343,-5.0004],[-44.0316,-5.0004],[-44.029,-5.0004],[-44.0264,-5.0004],[-44.0238,-5.0004],[-44.0212,-5.0004],[-44.0186,-5.0004],[-44.016,-5.0004],[-44.0134,-5.0004],[-44.0108,-5.0004],[-44.0082,-5.0004],[-44.0056,-5.0004],[-44.003,-5.0004],[-44.0004,-5.0004],[-44.0004,-5.0026],[-44,-5.0026],[-44,-4.5],[-44.5,-4.5],[-44.5,-4.5342],[-44.4978,-4.5342],[-44.4952,-4.5342],[-44.4926,-4.5342],[-44.49,-4.5342],[-44.4874,-4.5342],[-44.4848,-4.5342],[-44.4822,-4.5342],[-44.4796,-4.5342],[-44.477,-4.5342],[-44.4744,-4.5342],[-44.4718,-4.5342],[-44.4692,-4.5342],[-44.4665,-4.5342],[-44.4639,-4.5342],[-44.4613,-4.5342],[-44.4587,-4.5342],[-44.4561,-4.5342],[-44.4535,-4.5342],[-44.4509,-4.5342],[-44.4483,-4.5342],[-44.4483,-4.5368],[-44.4483,-4.5394],[-44.4483,-4.542],[-44.4483,-4.5447],[-44.4483,-4.5473],[-44.4483,-4.5499],[-44.4483,-4.5525],[-44.4483,-4.5551],[-44.4483,-4.5577],[-44.4483,-4.5603],[-44.4483,-4.5629],[-44.4483,-4.5655],[-44.4483,-4.5681],[-44.4483,-4.5707],[-44.4483,-4.5733],[-44.4483,-4.5759],[-44.4483,-4.5785],[-44.4457,-4.5785],[-44.4431,-4.5785],[-44.4405,-4.5785],[-44.4379,-4.5785],[-44.4379,-4.5811],[-44.4379,-4.5837],[-44.4379,-4.5863],[-44.4379,-4.5889],[-44.4379,-4.5915],[-44.4379,-4.5941],[-44.4379,-4.5967],[-44.4379,-4.5993],[-44.4379,-4.6019],[-44.4379,-4.6045],[-44.4353,-4.6045],[-44.4327,-4.6045],[-44.4301,-4.6045],[-44.4301,-4.6072],[-44.4301,-4.6098],[-44.4301,-4.6124],[-44.4301,-4.615],[-44.4301,-4.6176],[-44.4301,-4.6202],[-44.4301,-4.6228],[-44.4301,-4.6254],[-44.4301,-4.628],[-44.4301,-4.6306],[-44.4275,-4.6306],[-44.4249,-4.6306],[-44.4223,-4.6306],[-44.4197,-4.6306],[-44.4171,-4.6306],[-44.4145,-4.6306],[-44.4119,-4.6306],[-44.4093,-4.6306],[-44.4066,-4.6306],[-44.404,-4.6306],[-44.4014,-4.6306],[-44.3988,-4.6306],[-44.3962,-4.6306],[-44.3936,-4.6306],[-44.391,-4.6306],[-44.391,-4.6332],[-44.391,-4.6358],[-44.391,-4.6384],[-44.391,-4.641],[-44.391,-4.6436],[-44.391,-4.6462],[-44.391,-4.6488],[-44.391,-4.6514],[-44.391,-4.654],[-44.391,-4.6566],[-44.391,-4.6592],[-44.391,-4.6618],[-44.391,-4.6644],[-44.391,-4.667],[-44.391,-4.6697],[-44.391,-4.6723],[-44.391,-4.6749],[-44.3936,-4.6749],[-44.3962,-4.6749],[-44.3988,-4.6749],[-44.4014,-4.6749],[-44.404,-4.6749],[-44.4066,-4.6749],[-44.4093,-4.6749],[-44.4119,-4.6749],[-44.4145,-4.6749],[-44.4171,-4.6749],[-44.4197,-4.6749],[-44.4197,-4.6775],[-44.4197,-4.6801],[-44.4197,-4.6827],[-44.4197,-4.6853],[-44.4223,-4.6853],[-44.4249,-4.6853],[-44.4275,-4.6853],[-44.4301,-4.6853],[-44.4327,-4.6853],[-44.4353,-4.6853],[-44.4379,-4.6853],[-44.4405,-4.6853],[-44.4431,-4.6853],[-44.4457,-4.6853],[-44.4483,-4.6853],[-44.4509,-4.6853],[-44.4535,-4.6853],[-44.4561,-4.6853],[-44.4587,-4.6853],[-44.4613,-4.6853],[-44.4639,-4.6853],[-44.4665,-4.6853],[-44.4692,-4.6853],[-44.4718,-4.6853],[-44.4744,-4.6853],[-44.477,-4.6853],[-44.477,-4.6827],[-44.477,-4.6801],[-44.477,-4.6775],[-44.477,-4.6749],[-44.477,-4.6723],[-44.477,-4.6697],[-44.477,-4.667],[-44.477,-4.6644],[-44.477,-4.6618],[-44.477,-4.6592],[-44.477,-4.6566],[-44.477,-4.654],[-44.477,-4.6514],[-44.477,-4.6488],[-44.477,-4.6462],[-44.4792,-4.6462],[-44.4818,-4.6462],[-44.4844,-4.6462],[-44.487,-4.6462],[-44.4896,-4.6462],[-44.4922,-4.6462],[-44.4948,-4.6462],[-44.4974,-4.6462],[-44.5,-4.6462],[-44.5,-4.8545],[-44.4978,-4.8545],[-44.4952,-4.8545],[-44.4926,-4.8545],[-44.49,-4.8545],[-44.4874,-4.8545],[-44.4848,-4.8545],[-44.4822,-4.8545],[-44.4796,-4.8545],[-44.477,-4.8545],[-44.4744,-4.8545],[-44.4718,-4.8545],[-44.4692,-4.8545],[-44.4665,-4.8545],[-44.4639,-4.8545],[-44.4613,-4.8545],[-44.4587,-4.8545],[-44.4561,-4.8545],[-44.4535,-4.8545],[-44.4509,-4.8545],[-44.4509,-4.8519],[-44.4509,-4.8493],[-44.4509,-4.8467],[-44.4509,-4.8441],[-44.4509,-4.8415],[-44.4509,-4.8389],[-44.4509,-4.8363],[-44.4509,-4.8337],[-44.4509,-4.8311],[-44.4509,-4.8285],[-44.4509,-4.8259],[-44.4509,-4.8233],[-44.4509,-4.8207],[-44.4509,-4.8181],[-44.4509,-4.8155],[-44.4509,-4.8129],[-44.4509,-4.8103],[-44.4509,-4.8077],[-44.4479,-4.8077],[-44.4453,-4.8077],[-44.4427,-4.8077],[-44.4401,-4.8077],[-44.4375,-4.8077],[-44.4349,-4.8077],[-44.4323,-4.8077],[-44.4297,-4.8077],[-44.4271,-4.8077],[-44.4245,-4.8077],[-44.4219,-4.8077],[-44.4193,-4.8077],[-44.4167,-4.8077],[-44.4141,-4.8077],[-44.4115,-4.8077],[-44.4089,-4.8077],[-44.4062,-4.8077],[-44.4036,-4.8077],[-44.401,-4.8077],[-44.3984,-4.8077],[-44.3958,-4.8077],[-44.3932,-4.8077],[-44.3906,-4.8077],[-44.388,-4.8077],[-44.388,-4.7917],[-44.401,-4.7917],[-44.401,-4.7656],[-44.4141,-4.7656],[-44.4141,-4.7214],[-44.3702,-4.7214],[-44.3702,-4.7243],[-44.3702,-4.7269],[-44.3702,-4.7295],[-44.3702,-4.7322],[-44.3702,-4.7348],[-44.3702,-4.7374],[-44.3702,-4.74],[-44.3676,-4.74],[-44.365,-4.74],[-44.3624,-4.74],[-44.3598,-4.74],[-44.3572,-4.74],[-44.3546,-4.74],[-44.352,-4.74],[-44.3494,-4.74],[-44.3468,-4.74],[-44.3468,-4.7374],[-44.3468,-4.7348],[-44.3468,-4.7322],[-44.3468,-4.7295],[-44.3468,-4.7269],[-44.3468,-4.7243],[-44.3468,-4.7217],[-44.3468,-4.7191],[-44.3468,-4.7165],[-44.3468,-4.7139],[-44.3468,-4.7113],[-44.3468,-4.7087],[-44.3468,-4.7061],[-44.3441,-4.7061],[-44.3415,-4.7061],[-44.3389,-4.7061],[-44.3363,-4.7061],[-44.3337,-4.7061],[-44.3311,-4.7061],[-44.3285,-4.7061],[-44.3259,-4.7061],[-44.3233,-4.7061],[-44.3207,-4.7061],[-44.3181,-4.7061],[-44.3155,-4.7061],[-44.3129,-4.7061],[-44.3103,-4.7061],[-44.3077,-4.7061],[-44.3051,-4.7061],[-44.3025,-4.7061],[-44.2999,-4.7061],[-44.2973,-4.7061],[-44.2947,-4.7061],[-44.2921,-4.7061],[-44.2895,-4.7061],[-44.2869,-4.7061],[-44.2843,-4.7061],[-44.2843,-4.7087],[-44.2843,-4.7113],[-44.2843,-4.7139],[-44.2843,-4.7165],[-44.2843,-4.7191],[-44.2843,-4.7217],[-44.2843,-4.7243],[-44.2843,-4.7269],[-44.2843,-4.7295],[-44.2843,-4.7322],[-44.2843,-4.7348],[-44.2843,-4.7374],[-44.2843,-4.74],[-44.2843,-4.7426],[-44.2843,-4.7452],[-44.2843,-4.7478],[-44.2843,-4.7504],[-44.2843,-4.753],[-44.2843,-4.7556],[-44.2843,-4.7582],[-44.2843,-4.7608],[-44.2843,-4.7634],[-44.2843,-4.766],[-44.2843,-4.7686],[-44.2843,-4.7712],[-44.2843,-4.7738],[-44.2843,-4.7764],[-44.2843,-4.779],[-44.2843,-4.7816],[-44.2843,-4.7842],[-44.2843,-4.7868],[-44.2843,-4.7894],[-44.2843,-4.792],[-44.2843,-4.7947],[-44.2869,-4.7947],[-44.2895,-4.7947],[-44.2921,-4.7947],[-44.2947,-4.7947],[-44.2973,-4.7947],[-44.2999,-4.7947],[-44.3025,-4.7947],[-44.3051,-4.7947],[-44.3077,-4.7947],[-44.3103,-4.7947],[-44.3129,-4.7947],[-44.3155,-4.7947],[-44.3155,-4.7973],[-44.3155,-4.7999],[-44.3155,-4.8025],[-44.3155,-4.8051],[-44.3155,-4.8077],[-44.3181,-4.8077],[-44.3207,-4.8077],[-44.3233,-4.8077],[-44.3259,-4.8077],[-44.3285,-4.8077],[-44.3311,-4.8077],[-44.3337,-4.8077],[-44.3337,-4.8103],[-44.3337,-4.8129],[-44.3337,-4.8155],[-44.3337,-4.8181],[-44.3337,-4.8207],[-44.3337,-4.8233],[-44.3337,-4.8259],[-44.3337,-4.8285],[-44.3337,-4.8311],[-44.3337,-4.8337],[-44.3337,-4.8363],[-44.3337,-4.8389],[-44.3337,-4.8415],[-44.3337,-4.8441],[-44.3337,-4.8467],[-44.3337,-4.8493],[-44.3337,-4.8519],[-44.3337,-4.8545],[-44.3337,-4.8572],[-44.3337,-4.8598],[-44.3337,-4.8624],[-44.3337,-4.865],[-44.3337,-4.8676],[-44.3337,-4.8702],[-44.3337,-4.8728],[-44.3337,-4.8754],[-44.3337,-4.878],[-44.3337,-4.8806],[-44.3337,-4.8832],[-44.3337,-4.8858],[-44.3337,-4.8884],[-44.3337,-4.891],[-44.3337,-4.8936],[-44.3337,-4.8962],[-44.3337,-4.8988],[-44.3337,-4.9014],[-44.3337,-4.904],[-44.3337,-4.9066],[-44.3337,-4.9092],[-44.3337,-4.9118],[-44.3337,-4.9144],[-44.3337,-4.917],[-44.3337,-4.9197],[-44.3337,-4.9223],[-44.3337,-4.9249],[-44.3337,-4.9275],[-44.3337,-4.9301],[-44.3337,-4.9327],[-44.3337,-4.9353],[-44.3337,-4.9379],[-44.3337,-4.9405],[-44.3337,-4.9431],[-44.3337,-4.9457],[-44.3337,-4.9483],[-44.3363,-4.9483],[-44.3389,-4.9483],[-44.3415,-4.9483],[-44.3441,-4.9483],[-44.3468,-4.9483],[-44.3494,-4.9483],[-44.352,-4.9483],[-44.3546,-4.9483],[-44.3572,-4.9483],[-44.3598,-4.9483],[-44.3624,-4.9483],[-44.365,-4.9483],[-44.3676,-4.9483],[-44.3702,-4.9483],[-44.3728,-4.9483],[-44.3754,-4.9483],[-44.378,-4.9483],[-44.3806,-4.9483],[-44.3832,-4.9483],[-44.3858,-4.9483],[-44.3884,-4.9483],[-44.391,-4.9483],[-44.3936,-4.9483],[-44.3962,-4.9483],[-44.3988,-4.9483],[-44.4014,-4.9483],[-44.404,-4.9483],[-44.4066,-4.9483],[-44.4093,-4.9483],[-44.4093,-4.9509],[-44.4093,-4.9535],[-44.4093,-4.9561],[-44.4093,-4.9587],[-44.4093,-4.9613],[-44.4093,-4.9639],[-44.4093,-4.9665],[-44.4093,-4.9691],[-44.4093,-4.9717],[-44.4093,-4.9743],[-44.4093,-4.9769],[-44.4093,-4.9795],[-44.4093,-4.9822],[-44.4093,-4.9848],[-44.4093,-4.9874],[-44.4093,-4.99],[-44.4093,-4.9926],[-44.4093,-4.9952],[-44.4093,-4.9978],[-44.4093,-5.0004]]]]},"geometry_name":"GEOMETRY","properties":{"COD_BLOCO":"PN-T-68","COD_FASE_C":"E","DAT_ASSINA":"14-02-2020","DAT_TERMIN":null,"NOM_BACIA":"Parnaíba","NOM_BLOCO":"PN-T-68","NOM_FANTAS":"PN-T-68_OP1","NUM_CONTRA":"48610222051201957","NUM_DESCOB":0,"OPERADOR_C":"Eneva S.A.","RODADA":"OPC1","AREA_TOTAL":2495,"AMBIENTE":"T ","BLOCOS":"PN-T-68                                           "},"bbox":[-44.5,-5.0026,-44,-4.5]},{"type":"Feature","id":"BLOCOS_EXPLORATORIOS_SIRGAS.2114","geometry":{"type":"MultiPolygon","coordinates":[[[[-50.5,-34],[-50.5,-33.75],[-50.75,-33.75],[-50.75,-34],[-50.5,-34]]]]},"geometry_name":"GEOMETRY","properties":{"COD_BLOCO":"P-M-1664","COD_FASE_C":"E","DAT_ASSINA":"25-06-2024","DAT_TERMIN":null,"NOM_BACIA":"Pelotas","NOM_BLOCO":"P-M-1664","NOM_FANTAS":"P-M-1664_OP4","NUM_CONTRA":"48610206080202439","NUM_DESCOB":0,"OPERADOR_C":"Chevron Brasil Óleo e Gás Ltda.","RODADA":"OPC4","AREA_TOTAL":641.39,"AMBIENTE":"M ","BLOCOS":null},"bbox":[-50.75,-34,-50.5,-33.75]},{"type":"Feature","id":"BLOCOS_EXPLORATORIOS_SIRGAS.942","geometry":{"type":"MultiPolygon","coordinates":[[[[-45.5004,-4.0004],[-45.5004,-4.003],[-45.5004,-4.0056],[-45.5004,-4.0082],[-45.5004,-4.0108],[-45.5004,-4.0134],[-45.5004,-4.016],[-45.5004,-4.0186],[-45.5004,-4.0212],[-45.5004,-4.0238],[-45.5004,-4.0264],[-45.5004,-4.029],[-45.5004,-4.0316],[-45.5004,-4.0342],[-45.5004,-4.0368],[-45.5004,-4.0394],[-45.5004,-4.042],[-45.5004,-4.0446],[-45.5004,-4.0473],[-45.5004,-4.0499],[-45.5004,-4.0525],[-45.5004,-4.0551],[-45.5004,-4.0577],[-45.5004,-4.0603],[-45.5004,-4.0629],[-45.5004,-4.0655],[-45.5004,-4.0681],[-45.5004,-4.0707],[-45.5004,-4.0733],[-45.5004,-4.0759],[-45.5004,-4.0785],[-45.5004,-4.0811],[-45.5004,-4.0837],[-45.5004,-4.0863],[-45.5004,-4.0889],[-45.5004,-4.0915],[-45.5004,-4.0941],[-45.5004,-4.0967],[-45.5004,-4.0993],[-45.5004,-4.1019],[-45.5004,-4.1045],[-45.5004,-4.1071],[-45.5004,-4.1098],[-45.5004,-4.1124],[-45.5004,-4.115],[-45.5004,-4.1176],[-45.5004,-4.1202],[-45.5004,-4.1228],[-45.5004,-4.1254],[-45.5004,-4.128],[-45.5004,-4.1306],[-45.5004,-4.1332],[-45.5004,-4.1358],[-45.5004,-4.1384],[-45.5004,-4.141],[-45.5004,-4.1436],[-45.5004,-4.1462],[-45.5004,-4.1488],[-45.5004,-4.1514],[-45.5004,-4.154],[-45.5004,-4.1566],[-45.5004,-4.1592],[-45.5004,-4.1618],[-45.5004,-4.1644],[-45.5004,-4.167],[-45.5004,-4.1696],[-45.5004,-4.1723],[-45.5004,-4.1749],[-45.5004,-4.1775],[-45.5004,-4.1801],[-45.5004,-4.1827],[-45.5004,-4.1853],[-45.5004,-4.1879],[-45.5004,-4.1905],[-45.5004,-4.1931],[-45.5004,-4.1957],[-45.5004,-4.1983],[-45.5004,-4.2009],[-45.5004,-4.2035],[-45.5004,-4.2061],[-45.5004,-4.2087],[-45.5004,-4.2113],[-45.5004,-4.2139],[-45.5004,-4.2165],[-45.5004,-4.2191],[-45.5004,-4.2217],[-45.5004,-4.2243],[-45.5004,-4.2269],[-45.5004,-4.2295],[-45.5004,-4.2321],[-45.5004,-4.2348],[-45.5004,-4.2374],[-45.5004,-4.24],[-45.5004,-4.2426],[-45.5004,-4.2452],[-45.5004,-4.2478],[-45.5004,-4.2504],[-45.5004,-4.253],[-45.4978,-4.253],[-45.4952,-4.253],[-45.4926,-4.253],[-45.49,-4.253],[-45.4874,-4.253],[-45.4848,-4.253],[-45.4822,-4.253],[-45.4796,-4.253],[-45.477,-4.253],[-45.4744,-4.253],[-45.4718,-4.253],[-45.4692,-4.253],[-45.4666,-4.253],[-45.4639,-4.253],[-45.4613,-4.253],[-45.4587,-4.253],[-45.4561,-4.253],[-45.4535,-4.253],[-45.4509,-4.253],[-45.4483,-4.253],[-45.4457,-4.253],[-45.4431,-4.253],[-45.4405,-4.253],[-45.4379,-4.253],[-45.4353,-4.253],[-45.4327,-4.253],[-45.4327,-4.2556],[-45.4327,-4.2582],[-45.4327,-4.2608],[-45.4327,-4.2634],[-45.4327,-4.266],[-45.4327,-4.2686],[-45.4327,-4.2712],[-45.4327,-4.2738],[-45.4327,-4.2764],[-45.4327,-4.279],[-45.4327,-4.2816],[-45.4327,-4.2842],[-45.4327,-4.2868],[-45.4327,-4.2894],[-45.4327,-4.292],[-45.4327,-4.2946],[-45.4327,-4.2973],[-45.4327,-4.2999],[-45.4327,-4.3025],[-45.4327,-4.3051],[-45.4327,-4.3077],[-45.4327,-4.3103],[-45.4327,-4.3129],[-45.4327,-4.3155],[-45.4327,-4.3181],[-45.4327,-4.3207],[-45.4327,-4.3233],[-45.4327,-4.3259],[-45.4327,-4.3285],[-45.4327,-4.3311],[-45.4327,-4.3337],[-45.4327,-4.3363],[-45.4327,-4.3389],[-45.4327,-4.3415],[-45.4327,-4.3441],[-45.4327,-4.3467],[-45.4327,-4.3493],[-45.4327,-4.3519],[-45.4327,-4.3545],[-45.4327,-4.3571],[-45.4327,-4.3598],[-45.4327,-4.3624],[-45.4327,-4.365],[-45.4327,-4.3676],[-45.4327,-4.3702],[-45.4327,-4.3728],[-45.4327,-4.3754],[-45.4327,-4.378],[-45.4327,-4.3806],[-45.4327,-4.3832],[-45.4327,-4.3858],[-45.4327,-4.3884],[-45.4327,-4.391],[-45.4327,-4.3936],[-45.4327,-4.3962],[-45.4327,-4.3988],[-45.4327,-4.4014],[-45.4327,-4.404],[-45.4327,-4.4066],[-45.4327,-4.4092],[-45.4327,-4.4118],[-45.4327,-4.4144],[-45.4327,-4.417],[-45.4327,-4.4196],[-45.4327,-4.4223],[-45.4327,-4.4249],[-45.4327,-4.4275],[-45.4327,-4.4301],[-45.4327,-4.4327],[-45.4327,-4.4353],[-45.4327,-4.4379],[-45.4327,-4.4405],[-45.4327,-4.4431],[-45.4327,-4.4457],[-45.4327,-4.4483],[-45.4327,-4.4509],[-45.4327,-4.4535],[-45.4327,-4.4561],[-45.4327,-4.4587],[-45.4327,-4.4613],[-45.4327,-4.4639],[-45.4327,-4.4665],[-45.4327,-4.4691],[-45.4327,-4.4717],[-45.4327,-4.4743],[-45.4327,-4.4769],[-45.4327,-4.4795],[-45.4327,-4.4821],[-45.4327,-4.4848],[-45.4327,-4.4874],[-45.4327,-4.49],[-45.4327,-4.4926],[-45.4327,-4.4952],[-45.4327,-4.4978],[-45.4327,-4.5004],[-45.4301,-4.5004],[-45.4275,-4.5004],[-45.4249,-4.5004],[-45.4223,-4.5004],[-45.4197,-4.5004],[-45.4171,-4.5004],[-45.4145,-4.5004],[-45.4119,-4.5004],[-45.4093,-4.5004],[-45.4067,-4.5004],[-45.4041,-4.5004],[-45.4014,-4.5004],[-45.3988,-4.5004],[-45.3962,-4.5004],[-45.3936,-4.5004],[-45.391,-4.5004],[-45.3884,-4.5004],[-45.3858,-4.5004],[-45.3832,-4.5004],[-45.3806,-4.5004],[-45.378,-4.5004],[-45.3754,-4.5004],[-45.3728,-4.5004],[-45.3702,-4.5004],[-45.3676,-4.5004],[-45.365,-4.5004],[-45.3624,-4.5004],[-45.3598,-4.5004],[-45.3572,-4.5004],[-45.3546,-4.5004],[-45.352,-4.5004],[-45.3494,-4.5004],[-45.3468,-4.5004],[-45.3442,-4.5004],[-45.3416,-4.5004],[-45.3389,-4.5004],[-45.3363,-4.5004],[-45.3337,-4.5004],[-45.3311,-4.5004],[-45.3285,-4.5004],[-45.3259,-4.5004],[-45.3233,-4.5004],[-45.3207,-4.5004],[-45.3181,-4.5004],[-45.3155,-4.5004],[-45.3129,-4.5004],[-45.3103,-4.5004],[-45.3077,-4.5004],[-45.3051,-4.5004],[-45.3025,-4.5004],[-45.2999,-4.5004],[-45.2973,-4.5004],[-45.2947,-4.5004],[-45.2947,-4.4978],[-45.2947,-4.4952],[-45.2947,-4.4926],[-45.2947,-4.49],[-45.2947,-4.4874],[-45.2947,-4.4848],[-45.2947,-4.4821],[-45.2947,-4.4795],[-45.2947,-4.4769],[-45.2947,-4.4743],[-45.2947,-4.4717],[-45.2947,-4.4691],[-45.2947,-4.4665],[-45.2947,-4.4639],[-45.2947,-4.4613],[-45.2947,-4.4587],[-45.2947,-4.4561],[-45.2947,-4.4535],[-45.2947,-4.4509],[-45.2947,-4.4483],[-45.2947,-4.4457],[-45.2947,-4.4431],[-45.2947,-4.4405],[-45.2947,-4.4379],[-45.2947,-4.4353],[-45.2947,-4.4327],[-45.2947,-4.4301],[-45.2947,-4.4275],[-45.2947,-4.4249],[-45.2947,-4.4223],[-45.2947,-4.4196],[-45.2947,-4.417],[-45.2947,-4.4144],[-45.2947,-4.4118],[-45.2947,-4.4092],[-45.2947,-4.4066],[-45.2947,-4.404],[-45.2947,-4.4014],[-45.2947,-4.3988],[-45.2947,-4.3962],[-45.2947,-4.3936],[-45.2947,-4.391],[-45.2947,-4.3884],[-45.2947,-4.3858],[-45.2947,-4.3832],[-45.2947,-4.3806],[-45.2947,-4.378],[-45.2947,-4.3754],[-45.2947,-4.3728],[-45.2947,-4.3702],[-45.2947,-4.3676],[-45.2947,-4.365],[-45.2947,-4.3624],[-45.2947,-4.3598],[-45.2947,-4.3571],[-45.2947,-4.3545],[-45.2947,-4.3519],[-45.2947,-4.3493],[-45.2947,-4.3467],[-45.2947,-4.3441],[-45.2947,-4.3415],[-45.2947,-4.3389],[-45.2947,-4.3363],[-45.2947,-4.3337],[-45.2947,-4.3311],[-45.2947,-4.3285],[-45.2947,-4.3259],[-45.2947,-4.3233],[-45.2947,-4.3207],[-45.2947,-4.3181],[-45.2947,-4.3155],[-45.2947,-4.3129],[-45.2947,-4.3103],[-45.2947,-4.3077],[-45.2947,-4.3051],[-45.2947,-4.3025],[-45.2947,-4.2999],[-45.2947,-4.2973],[-45.2947,-4.2946],[-45.2947,-4.292],[-45.2947,-4.2894],[-45.2947,-4.2868],[-45.2947,-4.2842],[-45.2947,-4.2816],[-45.2947,-4.279],[-45.2947,-4.2764],[-45.2947,-4.2738],[-45.2947,-4.2712],[-45.2947,-4.2686],[-45.2947,-4.266],[-45.2947,-4.2634],[-45.2947,-4.2608],[-45.2947,-4.2582],[-45.2947,-4.2556],[-45.2947,-4.253],[-45.2947,-4.2504],[-45.2947,-4.2478],[-45.2947,-4.2452],[-45.2947,-4.2426],[-45.2947,-4.24],[-45.2947,-4.2374],[-45.2947,-4.2348],[-45.2947,-4.2321],[-45.2947,-4.2295],[-45.2947,-4.2269],[-45.2947,-4.2243],[-45.2947,-4.2217],[-45.2947,-4.2191],[-45.2947,-4.2165],[-45.2947,-4.2139],[-45.2947,-4.2113],[-45.2947,-4.2087],[-45.2947,-4.2061],[-45.2947,-4.2035],[-45.2947,-4.2009],[-45.2947,-4.1983],[-45.2947,-4.1957],[-45.2947,-4.1931],[-45.2947,-4.1905],[-45.2947,-4.1879],[-45.2947,-4.1853],[-45.2947,-4.1827],[-45.2947,-4.1801],[-45.2947,-4.1775],[-45.2947,-4.1749],[-45.2947,-4.1723],[-45.2947,-4.1696],[-45.2947,-4.167],[-45.2947,-4.1644],[-45.2947,-4.1618],[-45.2947,-4.1592],[-45.2947,-4.1566],[-45.2947,-4.154],[-45.2947,-4.1514],[-45.2947,-4.1488],[-45.2947,-4.1462],[-45.2947,-4.1436],[-45.2947,-4.141],[-45.2947,-4.1384],[-45.2947,-4.1358],[-45.2947,-4.1332],[-45.2947,-4.1306],[-45.2947,-4.128],[-45.2947,-4.1254],[-45.2947,-4.1228],[-45.2947,-4.1202],[-45.2947,-4.1176],[-45.2947,-4.115],[-45.2947,-4.1124],[-45.2947,-4.1098],[-45.2947,-4.1071],[-45.2947,-4.1045],[-45.2947,-4.1019],[-45.2947,-4.0993],[-45.2947,-4.0967],[-45.2947,-4.0941],[-45.2947,-4.0915],[-45.2947,-4.0889],[-45.2947,-4.0863],[-45.2947,-4.0837],[-45.2947,-4.0811],[-45.2947,-4.0785],[-45.2947,-4.0759],[-45.2947,-4.0733],[-45.2947,-4.0707],[-45.2947,-4.0681],[-45.2947,-4.0655],[-45.2947,-4.0629],[-45.2947,-4.0603],[-45.2947,-4.0577],[-45.2947,-4.0551],[-45.2947,-4.0525],[-45.2947,-4.0499],[-45.2947,-4.0473],[-45.2947,-4.0446],[-45.2947,-4.042],[-45.2947,-4.0394],[-45.2947,-4.0368],[-45.2947,-4.0342],[-45.2947,-4.0316],[-45.2947,-4.029],[-45.2947,-4.0264],[-45.2947,-4.0238],[-45.2947,-4.0212],[-45.2947,-4.0186],[-45.2947,-4.016],[-45.2947,-4.0134],[-45.2947,-4.0108],[-45.2947,-4.0082],[-45.2947,-4.0056],[-45.2947,-4.003],[-45.2947,-4.0004],[-45.2973,-4.0004],[-45.2999,-4.0004],[-45.3025,-4.0004],[-45.3051,-4.0004],[-45.3077,-4.0004],[-45.3103,-4.0004],[-45.3129,-4.0004],[-45.3155,-4.0004],[-45.3181,-4.0004],[-45.3207,-4.0004],[-45.3233,-4.0004],[-45.3259,-4.0004],[-45.3285,-4.0004],[-45.3311,-4.0004],[-45.3337,-4.0004],[-45.3363,-4.0004],[-45.3389,-4.0004],[-45.3416,-4.0004],[-45.3442,-4.0004],[-45.3468,-4.0004],[-45.3494,-4.0004],[-45.352,-4.0004],[-45.3546,-4.0004],[-45.3572,-4.0004],[-45.3598,-4.0004],[-45.3624,-4.0004],[-45.365,-4.0004],[-45.3676,-4.0004],[-45.3702,-4.0004],[-45.3728,-4.0004],[-45.3754,-4.0004],[-45.378,-4.0004],[-45.3806,-4.0004],[-45.3832,-4.0004],[-45.3858,-4.0004],[-45.3884,-4.0004],[-45.391,-4.0004],[-45.3936,-4.0004],[-45.3962,-4.0004],[-45.3988,-4.0004],[-45.4014,-4.0004],[-45.4041,-4.0004],[-45.4067,-4.0004],[-45.4093,-4.0004],[-45.4119,-4.0004],[-45.4145,-4.0004],[-45.4171,-4.0004],[-45.4197,-4.0004],[-45.4223,-4.0004],[-45.4249,-4.0004],[-45.4275,-4.0004],[-45.4301,-4.0004],[-45.4327,-4.0004],[-45.4353,-4.0004],[-45.4379,-4.0004],[-45.4405,-4.0004],[-45.4431,-4.0004],[-45.4457,-4.0004],[-45.4483,-4.0004],[-45.4509,-4.0004],[-45.4535,-4.0004],[-45.4561,-4.0004],[-45.4587,-4.0004],[-45.4613,-4.0004],[-45.4639,-4.0004],[-45.4666,-4.0004],[-45.4692,-4.0004],[-45.4718,-4.0004],[-45.4744,-4.0004],[-45.477,-4.0004],[-45.4796,-4.0004],[-45.4822,-4.0004],[-45.4848,-4.0004],[-45.4874,-4.0004],[-45.49,-4.0004],[-45.4926,-4.0004],[-45.4952,-4.0004],[-45.4978,-4.0004],[-45.5004,-4.0004]]]]},"geometry_name":"GEOMETRY","properties":{"COD_BLOCO":"PN-T-48","COD_FASE_C":"E","DAT_ASSINA":"12-03-2008","DAT_TERMIN":null,"NOM_BACIA":"Parnaíba","NOM_BLOCO":"PN-T-48","NOM_FANTAS":"BT-PN-4","NUM_CONTRA":"48610001414200860","NUM_DESCOB":3,"OPERADOR_C":"Eneva S.A.","RODADA":"Rodada 9","AREA_TOTAL":1057,"AMBIENTE":"T ","BLOCOS":"PN-T-48                                           "},"bbox":[-45.5004,-4.5004,-45.2947,-4.0004]},{"type":"Feature","id":"BLOCOS_EXPLORATORIOS_SIRGAS.2115","geometry":{"type":"MultiPolygon","coordinates":[[[[-50.25,-34],[-50.25,-33.75],[-50.5,-33.75],[-50.5,-34],[-50.25,-34]]]]},"geometry_name":"GEOMETRY","properties":{"COD_BLOCO":"P-M-1666","COD_FASE_C":"E","DAT_ASSINA":"25-06-2024","DAT_TERMIN":null,"NOM_BACIA":"Pelotas","NOM_BLOCO":"P-M-1666","NOM_FANTAS":"P-M-1666_OP4","NUM_CONTRA":"48610206081202483","NUM_DESCOB":0,"OPERADOR_C":"Chevron Brasil Óleo e Gás Ltda.","RODADA":"OPC4","AREA_TOTAL":641.39,"AMBIENTE":"M ","BLOCOS":null},"bbox":[-50.5,-34,-50.25,-33.75]},{"type":"Feature","id":"BLOCOS_EXPLORATORIOS_SIRGAS.2116","geometry":{"type":"MultiPolygon","coordinates":[[[[-50.5,-34.25],[-50.5,-34],[-50.75,-34],[-50.75,-34.25],[-50.5,-34.25]]]]},"geometry_name":"GEOMETRY","properties":{"COD_BLOCO":"P-M-1733","COD_FASE_C":"E","DAT_ASSINA":"25-06-2024","DAT_TERMIN":null,"NOM_BACIA":"Pelotas","NOM_BLOCO":"P-M-1733","NOM_FANTAS":"P-M-1733_OP4","NUM_CONTRA":"48610206082202428","NUM_DESCOB":0,"OPERADOR_C":"Chevron Brasil Óleo e Gás Ltda.","RODADA":"OPC4","AREA_TOTAL":640,"AMBIENTE":"M ","BLOCOS":null},"bbox":[-50.75,-34.25,-50.5,-34]},{"type":"Feature","id":"BLOCOS_EXPLORATORIOS_SIRGAS.2117","geometry":{"type":"MultiPolygon","coordinates":[[[[-50.25,-34.25],[-50.25,-34],[-50.5,-34],[-50.5,-34.25],[-50.25,-34.25]]]]},"geometry_name":"GEOMETRY","properties":{"COD_BLOCO":"P-M-1735","COD_FASE_C":"E","DAT_ASSINA":"26-06-2024","DAT_TERMIN":null,"NOM_BACIA":"Pelotas","NOM_BLOCO":"P-M-1735","NOM_FANTAS":"P-M-1735_OP4","NUM_CONTRA":"48610206083202472","NUM_DESCOB":0,"OPERADOR_C":"Chevron Brasil Óleo e Gás Ltda.","RODADA":"OPC4","AREA_TOTAL":640,"AMBIENTE":"M ","BLOCOS":null},"bbox":[-50.5,-34.25,-50.25,-34]},{"type":"Feature","id":"BLOCOS_EXPLORATORIOS_SIRGAS.2118","geometry":{"type":"MultiPolygon","coordinates":[[[[-50.5,-34.5],[-50.5,-34.25],[-50.75,-34.25],[-50.75,-34.5],[-50.5,-34.5]]]]},"geometry_name":"GEOMETRY","properties":{"COD_BLOCO":"P-M-1791","COD_FASE_C":"E","DAT_ASSINA":"25-06-2024","DAT_TERMIN":null,"NOM_BACIA":"Pelotas","NOM_BLOCO":"P-M-1791","NOM_FANTAS":"P-M-1791_OP4","NUM_CONTRA":"48610206084202417","NUM_DESCOB":0,"OPERADOR_C":"Chevron Brasil Óleo e Gás Ltda.","RODADA":"OPC4","AREA_TOTAL":638,"AMBIENTE":"M ","BLOCOS":null},"bbox":[-50.75,-34.5,-50.5,-34.25]},{"type":"Feature","id":"BLOCOS_EXPLORATORIOS_SIRGAS.2119","geometry":{"type":"MultiPolygon","coordinates":[[[[-47.25,-28.75],[-47.5,-28.75],[-47.5,-29],[-47.25,-29],[-47.25,-28.75]]]]},"geometry_name":"GEOMETRY","properties":{"COD_BLOCO":"P-M-190","COD_FASE_C":"E","DAT_ASSINA":"27-06-2024","DAT_TERMIN":null,"NOM_BACIA":"Pelotas","NOM_BLOCO":"P-M-190","NOM_FANTAS":"P-M-190_OP4","NUM_CONTRA":"48610206076202471","NUM_DESCOB":0,"OPERADOR_C":"Chevron Brasil Óleo e Gás Ltda.","RODADA":"OPC4","AREA_TOTAL":676,"AMBIENTE":"M ","BLOCOS":null},"bbox":[-47.5,-29,-47.25,-28.75]},{"type":"Feature","id":"BLOCOS_EXPLORATORIOS_SIRGAS.2120","geometry":{"type":"MultiPolygon","coordinates":[[[[-47,-28.75],[-47.25,-28.75],[-47.25,-29],[-47,-29],[-47,-28.75]]]]},"geometry_name":"GEOMETRY","properties":{"COD_BLOCO":"P-M-192","COD_FASE_C":"E","DAT_ASSINA":"25-06-2024","DAT_TERMIN":null,"NOM_BACIA":"Pelotas","NOM_BLOCO":"P-M-192","NOM_FANTAS":"P-M-192_OP4","NUM_CONTRA":"48610206077202415","NUM_DESCOB":0,"OPERADOR_C":"Chevron Brasil Óleo e Gás Ltda.","RODADA":"OPC4","AREA_TOTAL":676,"AMBIENTE":"M ","BLOCOS":null},"bbox":[-47.25,-29,-47,-28.75]},{"type":"Feature","id":"BLOCOS_EXPLORATORIOS_SIRGAS.2121","geometry":{"type":"MultiPolygon","coordinates":[[[[-46.75,-28.75],[-47,-28.75],[-47,-29],[-46.75,-29],[-46.75,-28.75]]]]},"geometry_name":"GEOMETRY","properties":{"COD_BLOCO":"P-M-194","COD_FASE_C":"E","DAT_ASSINA":"25-06-2024","DAT_TERMIN":null,"NOM_BACIA":"Pelotas","NOM_BLOCO":"P-M-194","NOM_FANTAS":"P-M-194_OP4","NUM_CONTRA":"48610206078202460","NUM_DESCOB":0,"OPERADOR_C":"Chevron Brasil Óleo e Gás Ltda.","RODADA":"OPC4","AREA_TOTAL":676,"AMBIENTE":"M ","BLOCOS":null},"bbox":[-47,-29,-46.75,-28.75]},{"type":"Feature","id":"BLOCOS_EXPLORATORIOS_SIRGAS.2122","geometry":{"type":"MultiPolygon","coordinates":[[[[-47,-28],[-47.25,-28],[-47.25,-28.25],[-47,-28.25],[-47,-28]]]]},"geometry_name":"GEOMETRY","properties":{"COD_BLOCO":"P-M-22","COD_FASE_C":"E","DAT_ASSINA":"25-06-2024","DAT_TERMIN":null,"NOM_BACIA":"Pelotas","NOM_BLOCO":"P-M-22","NOM_FANTAS":"P-M-22_OP4","NUM_CONTRA":"48610206070202401","NUM_DESCOB":0,"OPERADOR_C":"Chevron Brasil Óleo e Gás Ltda.","RODADA":"OPC4","AREA_TOTAL":681,"AMBIENTE":"M ","BLOCOS":null},"bbox":[-47.25,-28.25,-47,-28]},{"type":"Feature","id":"BLOCOS_EXPLORATORIOS_SIRGAS.2123","geometry":{"type":"MultiPolygon","coordinates":[[[[-46.75,-28],[-47,-28],[-47,-28.25],[-46.75,-28.25],[-46.75,-28]]]]},"geometry_name":"GEOMETRY","properties":{"COD_BLOCO":"P-M-24","COD_FASE_C":"E","DAT_ASSINA":"25-06-2024","DAT_TERMIN":null,"NOM_BACIA":"Pelotas","NOM_BLOCO":"P-M-24","NOM_FANTAS":"P-M-24_OP4","NUM_CONTRA":"48610206071202448","NUM_DESCOB":0,"OPERADOR_C":"Chevron Brasil Óleo e Gás Ltda.","RODADA":"OPC4","AREA_TOTAL":681,"AMBIENTE":"M ","BLOCOS":null},"bbox":[-47,-28.25,-46.75,-28]},{"type":"Feature","id":"BLOCOS_EXPLORATORIOS_SIRGAS.2124","geometry":{"type":"MultiPolygon","coordinates":[[[[-47,-28.25],[-47.25,-28.25],[-47.25,-28.5],[-47,-28.5],[-47,-28.25]]]]},"geometry_name":"GEOMETRY","properties":{"COD_BLOCO":"P-M-76","COD_FASE_C":"E","DAT_ASSINA":"25-06-2024","DAT_TERMIN":null,"NOM_BACIA":"Pelotas","NOM_BLOCO":"P-M-76","NOM_FANTAS":"P-M-76_OP4","NUM_CONTRA":"48610206072202492","NUM_DESCOB":0,"OPERADOR_C":"Chevron Brasil Óleo e Gás Ltda.","RODADA":"OPC4","AREA_TOTAL":679,"AMBIENTE":"M ","BLOCOS":null},"bbox":[-47.25,-28.5,-47,-28.25]},{"type":"Feature","id":"BLOCOS_EXPLORATORIOS_SIRGAS.2125","geometry":{"type":"MultiPolygon","coordinates":[[[[-46.75,-28.25],[-47,-28.25],[-47,-28.5],[-46.75,-28.5],[-46.75,-28.25]]]]},"geometry_name":"GEOMETRY","properties":{"COD_BLOCO":"P-M-78","COD_FASE_C":"E","DAT_ASSINA":"26-06-2024","DAT_TERMIN":null,"NOM_BACIA":"Pelotas","NOM_BLOCO":"P-M-78","NOM_FANTAS":"P-M-78_OP4","NUM_CONTRA":"48610206073202437","NUM_DESCOB":0,"OPERADOR_C":"Chevron Brasil Óleo e Gás Ltda.","RODADA":"OPC4","AREA_TOTAL":679,"AMBIENTE":"M ","BLOCOS":null},"bbox":[-47,-28.5,-46.75,-28.25]},{"type":"Feature","id":"BLOCOS_EXPLORATORIOS_SIRGAS.1054","geometry":{"type":"MultiPolygon","coordinates":[[[[-45.5004,-4.253],[-45.5004,-4.2504],[-45.5004,-4.2478],[-45.5004,-4.2452],[-45.5004,-4.2426],[-45.5004,-4.24],[-45.5004,-4.2374],[-45.5004,-4.2348],[-45.5004,-4.2321],[-45.5004,-4.2295],[-45.5004,-4.2269],[-45.5004,-4.2243],[-45.5004,-4.2217],[-45.5004,-4.2191],[-45.5004,-4.2165],[-45.5004,-4.2139],[-45.5004,-4.2113],[-45.5004,-4.2087],[-45.5004,-4.2061],[-45.5004,-4.2035],[-45.5004,-4.2009],[-45.5004,-4.1983],[-45.5004,-4.1957],[-45.5004,-4.1931],[-45.5004,-4.1905],[-45.5004,-4.1879],[-45.5004,-4.1853],[-45.5004,-4.1827],[-45.5004,-4.1801],[-45.5004,-4.1775],[-45.5004,-4.1749],[-45.5004,-4.1723],[-45.5004,-4.1696],[-45.5004,-4.167],[-45.5004,-4.1644],[-45.5004,-4.1618],[-45.5004,-4.1592],[-45.5004,-4.1566],[-45.5004,-4.154],[-45.5004,-4.1514],[-45.5004,-4.1488],[-45.5004,-4.1462],[-45.5004,-4.1436],[-45.5004,-4.141],[-45.5004,-4.1384],[-45.5004,-4.1358],[-45.5004,-4.1332],[-45.5004,-4.1306],[-45.5004,-4.128],[-45.5004,-4.1254],[-45.5004,-4.1228],[-45.5004,-4.1202],[-45.5004,-4.1176],[-45.5004,-4.115],[-45.5004,-4.1124],[-45.5004,-4.1098],[-45.5004,-4.1071],[-45.5004,-4.1045],[-45.5004,-4.1019],[-45.5004,-4.0993],[-45.5004,-4.0967],[-45.5004,-4.0941],[-45.5004,-4.0915],[-45.5004,-4.0889],[-45.5004,-4.0863],[-45.5004,-4.0837],[-45.5004,-4.0811],[-45.5004,-4.0785],[-45.5004,-4.0759],[-45.5004,-4.0733],[-45.5004,-4.0707],[-45.5004,-4.0681],[-45.5004,-4.0655],[-45.5004,-4.0629],[-45.5004,-4.0603],[-45.5004,-4.0577],[-45.5004,-4.0551],[-45.5004,-4.0525],[-45.5004,-4.0499],[-45.5004,-4.0473],[-45.5004,-4.0446],[-45.5004,-4.042],[-45.5004,-4.0394],[-45.5004,-4.0368],[-45.5004,-4.0342],[-45.5004,-4.0316],[-45.5004,-4.029],[-45.5004,-4.0264],[-45.5004,-4.0238],[-45.5004,-4.0212],[-45.5004,-4.0186],[-45.5004,-4.016],[-45.5004,-4.0134],[-45.5004,-4.0108],[-45.5004,-4.0082],[-45.5004,-4.0056],[-45.5004,-4.003],[-45.5004,-4.0004],[-45.5,-4.0004],[-45.5,-4],[-46,-4],[-46,-4.5],[-45.5,-4.5],[-45.5,-4.253],[-45.5004,-4.253]]]]},"geometry_name":"GEOMETRY","properties":{"COD_BLOCO":"PN-T-47","COD_FASE_C":"E","DAT_ASSINA":"14-02-2020","DAT_TERMIN":null,"NOM_BACIA":"Parnaíba","NOM_BLOCO":"PN-T-47","NOM_FANTAS":"PN-T-47_OP1","NUM_CONTRA":"48610222047201999","NUM_DESCOB":0,"OPERADOR_C":"Eneva S.A.","RODADA":"OPC1","AREA_TOTAL":3068,"AMBIENTE":"T ","BLOCOS":"PN-T-47                                           "},"bbox":[-46,-4.5,-45.5,-4]},{"type":"Feature","id":"BLOCOS_EXPLORATORIOS_SIRGAS.657","geometry":{"type":"MultiPolygon","coordinates":[[[[-45.7504,0.9997],[-45.7504,0.9971],[-45.7504,0.9945],[-45.7504,0.9918],[-45.7504,0.9892],[-45.7504,0.9866],[-45.7504,0.984],[-45.7504,0.9814],[-45.7504,0.9788],[-45.7504,0.9762],[-45.7504,0.9736],[-45.7504,0.971],[-45.7504,0.9684],[-45.7504,0.9658],[-45.7504,0.9632],[-45.7504,0.9606],[-45.7504,0.958],[-45.7504,0.9554],[-45.7504,0.9528],[-45.7504,0.9502],[-45.7504,0.9476],[-45.7504,0.945],[-45.7504,0.9424],[-45.7504,0.9398],[-45.7504,0.9372],[-45.7504,0.9346],[-45.7504,0.932],[-45.7504,0.9293],[-45.7504,0.9267],[-45.7504,0.9241],[-45.7504,0.9215],[-45.7504,0.9189],[-45.7504,0.9163],[-45.7504,0.9137],[-45.7504,0.9111],[-45.7504,0.9085],[-45.7504,0.9059],[-45.7504,0.9033],[-45.7504,0.9007],[-45.7504,0.8981],[-45.7504,0.8955],[-45.7504,0.8929],[-45.7504,0.8903],[-45.7504,0.8877],[-45.7504,0.8851],[-45.7504,0.8825],[-45.7504,0.8799],[-45.7504,0.8773],[-45.7504,0.8747],[-45.7504,0.8721],[-45.7504,0.8695],[-45.7504,0.8668],[-45.7504,0.8642],[-45.7504,0.8616],[-45.7504,0.859],[-45.7504,0.8564],[-45.7504,0.8538],[-45.7504,0.8512],[-45.7504,0.8486],[-45.7504,0.846],[-45.7504,0.8434],[-45.7504,0.8408],[-45.7504,0.8382],[-45.7504,0.8356],[-45.7504,0.833],[-45.7504,0.8304],[-45.7504,0.8278],[-45.7504,0.8252],[-45.7504,0.8226],[-45.7504,0.82],[-45.7504,0.8174],[-45.7504,0.8148],[-45.7504,0.8122],[-45.7504,0.8096],[-45.7504,0.807],[-45.7504,0.8043],[-45.7504,0.8017],[-45.7504,0.7991],[-45.7504,0.7965],[-45.7504,0.7939],[-45.7504,0.7913],[-45.7504,0.7887],[-45.7504,0.7861],[-45.7504,0.7835],[-45.7504,0.7809],[-45.7504,0.7783],[-45.7504,0.7757],[-45.7504,0.7731],[-45.7504,0.7705],[-45.7504,0.7679],[-45.7504,0.7653],[-45.7504,0.7627],[-45.7504,0.7601],[-45.7504,0.7575],[-45.7504,0.7549],[-45.7504,0.7523],[-45.7504,0.7497],[-45.7478,0.7497],[-45.7452,0.7497],[-45.7426,0.7497],[-45.74,0.7497],[-45.7374,0.7497],[-45.7348,0.7497],[-45.7322,0.7497],[-45.7296,0.7497],[-45.727,0.7497],[-45.7244,0.7497],[-45.7218,0.7497],[-45.7192,0.7497],[-45.7166,0.7497],[-45.714,0.7497],[-45.7113,0.7497],[-45.7087,0.7497],[-45.7061,0.7497],[-45.7035,0.7497],[-45.7009,0.7497],[-45.6983,0.7497],[-45.6957,0.7497],[-45.6931,0.7497],[-45.6905,0.7497],[-45.6879,0.7497],[-45.6853,0.7497],[-45.6827,0.7497],[-45.6801,0.7497],[-45.6775,0.7497],[-45.6749,0.7497],[-45.6723,0.7497],[-45.6697,0.7497],[-45.6671,0.7497],[-45.6645,0.7497],[-45.6619,0.7497],[-45.6593,0.7497],[-45.6567,0.7497],[-45.6541,0.7497],[-45.6514,0.7497],[-45.6488,0.7497],[-45.6462,0.7497],[-45.6436,0.7497],[-45.641,0.7497],[-45.6384,0.7497],[-45.6358,0.7497],[-45.6332,0.7497],[-45.6306,0.7497],[-45.628,0.7497],[-45.6254,0.7497],[-45.6228,0.7497],[-45.6202,0.7497],[-45.6176,0.7497],[-45.615,0.7497],[-45.6124,0.7497],[-45.6098,0.7497],[-45.6072,0.7497],[-45.6046,0.7497],[-45.602,0.7497],[-45.5994,0.7497],[-45.5968,0.7497],[-45.5942,0.7497],[-45.5916,0.7497],[-45.5889,0.7497],[-45.5863,0.7497],[-45.5837,0.7497],[-45.5811,0.7497],[-45.5785,0.7497],[-45.5759,0.7497],[-45.5733,0.7497],[-45.5707,0.7497],[-45.5681,0.7497],[-45.5655,0.7497],[-45.5629,0.7497],[-45.5603,0.7497],[-45.5577,0.7497],[-45.5551,0.7497],[-45.5525,0.7497],[-45.5499,0.7497],[-45.5473,0.7497],[-45.5447,0.7497],[-45.5421,0.7497],[-45.5395,0.7497],[-45.5369,0.7497],[-45.5343,0.7497],[-45.5317,0.7497],[-45.5291,0.7497],[-45.5264,0.7497],[-45.5238,0.7497],[-45.5212,0.7497],[-45.5186,0.7497],[-45.516,0.7497],[-45.5134,0.7497],[-45.5108,0.7497],[-45.5082,0.7497],[-45.5056,0.7497],[-45.503,0.7497],[-45.5004,0.7497],[-45.5004,0.7523],[-45.5004,0.7549],[-45.5004,0.7575],[-45.5004,0.7601],[-45.5004,0.7627],[-45.5004,0.7653],[-45.5004,0.7679],[-45.5004,0.7705],[-45.5004,0.7731],[-45.5004,0.7757],[-45.5004,0.7783],[-45.5004,0.7809],[-45.5004,0.7835],[-45.5004,0.7861],[-45.5004,0.7887],[-45.5004,0.7913],[-45.5004,0.7939],[-45.5004,0.7965],[-45.5004,0.7991],[-45.5004,0.8017],[-45.5004,0.8043],[-45.5004,0.807],[-45.5004,0.8096],[-45.5004,0.8122],[-45.5004,0.8148],[-45.5004,0.8174],[-45.5004,0.82],[-45.5004,0.8226],[-45.5004,0.8252],[-45.5004,0.8278],[-45.5004,0.8304],[-45.5004,0.833],[-45.5004,0.8356],[-45.5004,0.8382],[-45.5004,0.8408],[-45.5004,0.8434],[-45.5004,0.846],[-45.5004,0.8486],[-45.5004,0.8512],[-45.5004,0.8538],[-45.5004,0.8564],[-45.5004,0.859],[-45.5004,0.8616],[-45.5004,0.8642],[-45.5004,0.8668],[-45.5004,0.8695],[-45.5004,0.8721],[-45.5004,0.8747],[-45.5004,0.8773],[-45.5004,0.8799],[-45.5004,0.8825],[-45.5004,0.8851],[-45.5004,0.8877],[-45.5004,0.8903],[-45.5004,0.8929],[-45.5004,0.8955],[-45.5004,0.8981],[-45.5004,0.9007],[-45.5004,0.9033],[-45.5004,0.9059],[-45.5004,0.9085],[-45.5004,0.9111],[-45.5004,0.9137],[-45.5004,0.9163],[-45.5004,0.9189],[-45.5004,0.9215],[-45.5004,0.9241],[-45.5004,0.9267],[-45.5004,0.9293],[-45.5004,0.932],[-45.5004,0.9346],[-45.5004,0.9372],[-45.5004,0.9398],[-45.5004,0.9424],[-45.5004,0.945],[-45.5004,0.9476],[-45.5004,0.9502],[-45.5004,0.9528],[-45.5004,0.9554],[-45.5004,0.958],[-45.5004,0.9606],[-45.5004,0.9632],[-45.5004,0.9658],[-45.5004,0.9684],[-45.5004,0.971],[-45.5004,0.9736],[-45.5004,0.9762],[-45.5004,0.9788],[-45.5004,0.9814],[-45.5004,0.984],[-45.5004,0.9866],[-45.5004,0.9892],[-45.5004,0.9918],[-45.5004,0.9945],[-45.5004,0.9971],[-45.5004,0.9997],[-45.503,0.9997],[-45.5056,0.9997],[-45.5082,0.9997],[-45.5108,0.9997],[-45.5134,0.9997],[-45.516,0.9997],[-45.5186,0.9997],[-45.5212,0.9997],[-45.5238,0.9997],[-45.5264,0.9997],[-45.5291,0.9997],[-45.5317,0.9997],[-45.5343,0.9997],[-45.5369,0.9997],[-45.5395,0.9997],[-45.5421,0.9997],[-45.5447,0.9997],[-45.5473,0.9997],[-45.5499,0.9997],[-45.5525,0.9997],[-45.5551,0.9997],[-45.5577,0.9997],[-45.5603,0.9997],[-45.5629,0.9997],[-45.5655,0.9997],[-45.5681,0.9997],[-45.5707,0.9997],[-45.5733,0.9997],[-45.5759,0.9997],[-45.5785,0.9997],[-45.5811,0.9997],[-45.5837,0.9997],[-45.5863,0.9997],[-45.5889,0.9997],[-45.5916,0.9997],[-45.5942,0.9997],[-45.5968,0.9997],[-45.5994,0.9997],[-45.602,0.9997],[-45.6046,0.9997],[-45.6072,0.9997],[-45.6098,0.9997],[-45.6124,0.9997],[-45.615,0.9997],[-45.6176,0.9997],[-45.6202,0.9997],[-45.6228,0.9997],[-45.6254,0.9997],[-45.628,0.9997],[-45.6306,0.9997],[-45.6332,0.9997],[-45.6358,0.9997],[-45.6384,0.9997],[-45.641,0.9997],[-45.6436,0.9997],[-45.6462,0.9997],[-45.6488,0.9997],[-45.6515,0.9997],[-45.6541,0.9997],[-45.6567,0.9997],[-45.6593,0.9997],[-45.6619,0.9997],[-45.6645,0.9997],[-45.6671,0.9997],[-45.6697,0.9997],[-45.6723,0.9997],[-45.6749,0.9997],[-45.6775,0.9997],[-45.6801,0.9997],[-45.6827,0.9997],[-45.6853,0.9997],[-45.6879,0.9997],[-45.6905,0.9997],[-45.6931,0.9997],[-45.6957,0.9997],[-45.6983,0.9997],[-45.7009,0.9997],[-45.7035,0.9997],[-45.7061,0.9997],[-45.7087,0.9997],[-45.7113,0.9997],[-45.714,0.9997],[-45.7166,0.9997],[-45.7192,0.9997],[-45.7218,0.9997],[-45.7244,0.9997],[-45.727,0.9997],[-45.7296,0.9997],[-45.7322,0.9997],[-45.7348,0.9997],[-45.7374,0.9997],[-45.74,0.9997],[-45.7426,0.9997],[-45.7452,0.9997],[-45.7478,0.9997],[-45.7504,0.9997]]]]},"geometry_name":"GEOMETRY","properties":{"COD_BLOCO":"PAMA-M-192","COD_FASE_C":"E","DAT_ASSINA":"24-11-2004","DAT_TERMIN":null,"NOM_BACIA":"Pará - Maranhão","NOM_BLOCO":"PAMA-M-192","NOM_FANTAS":"BM-PAMA-8","NUM_CONTRA":"486100079892004","NUM_DESCOB":0,"OPERADOR_C":"Petróleo Brasileiro S.A. - PETROBRAS","RODADA":"Rodada 6","AREA_TOTAL":769,"AMBIENTE":"M ","BLOCOS":"PAMA-M-192                                        "},"bbox":[-45.7504,0.7497,-45.5004,0.9997]},{"type":"Feature","id":"BLOCOS_EXPLORATORIOS_SIRGAS.2126","geometry":{"type":"MultiPolygon","coordinates":[[[[-37.4691,-5.5004],[-37.4587,-5.5004],[-37.4587,-5.5],[-37.4375,-5.5],[-37.4375,-5.4583],[-37.5,-5.4583],[-37.5,-5.49],[-37.4691,-5.49],[-37.4691,-5.5004]]]]},"geometry_name":"GEOMETRY","properties":{"COD_BLOCO":"POT-T-742","COD_FASE_C":"E","DAT_ASSINA":"26-06-2024","DAT_TERMIN":null,"NOM_BACIA":"Potiguar","NOM_BLOCO":"POT-T-742","NOM_FANTAS":"POT-T-742_OP4","NUM_CONTRA":"48610206013202414","NUM_DESCOB":0,"OPERADOR_C":"PetroRecôncavo S.A.","RODADA":"OPC4","AREA_TOTAL":28.17,"AMBIENTE":"T ","BLOCOS":null},"bbox":[-37.5,-5.5004,-37.4375,-5.4583]},{"type":"Feature","id":"BLOCOS_EXPLORATORIOS_SIRGAS.2127","geometry":{"type":"MultiPolygon","coordinates":[[[[-37.1875,-5.5264],[-37.1878,-5.5264],[-37.1878,-5.5004],[-37.1875,-5.5004],[-37.1875,-5.5],[-37.2191,-5.5],[-37.2191,-5.5108],[-37.25,-5.5108],[-37.25,-5.5417],[-37.1875,-5.5417],[-37.1875,-5.5264]]]]},"geometry_name":"GEOMETRY","properties":{"COD_BLOCO":"POT-T-793","COD_FASE_C":"E","DAT_ASSINA":"26-06-2024","DAT_TERMIN":null,"NOM_BACIA":"Potiguar","NOM_BLOCO":"POT-T-793","NOM_FANTAS":"POT-T-793_OP4","NUM_CONTRA":"48610206014202469","NUM_DESCOB":0,"OPERADOR_C":"PetroRecôncavo S.A.","RODADA":"OPC4","AREA_TOTAL":28,"AMBIENTE":"T ","BLOCOS":null},"bbox":[-37.25,-5.5417,-37.1875,-5.5]},{"type":"Feature","id":"BLOCOS_EXPLORATORIOS_SIRGAS.2128","geometry":{"type":"MultiPolygon","coordinates":[[[[-38.3125,-11.9167],[-38.375,-11.9167],[-38.375,-11.9583],[-38.3125,-11.9583],[-38.3125,-11.9167]]]]},"geometry_name":"GEOMETRY","properties":{"COD_BLOCO":"REC-T-45","COD_FASE_C":"E","DAT_ASSINA":"25-06-2024","DAT_TERMIN":null,"NOM_BACIA":"Recôncavo","NOM_BLOCO":"REC-T-45","NOM_FANTAS":"REC-T-45_OP4","NUM_CONTRA":"48610206020202416","NUM_DESCOB":0,"OPERADOR_C":"Imetame Energia S.A.","RODADA":"OPC4","AREA_TOTAL":31.38,"AMBIENTE":"T ","BLOCOS":null},"bbox":[-38.375,-11.9583,-38.3125,-11.9167]},{"type":"Feature","id":"BLOCOS_EXPLORATORIOS_SIRGAS.2129","geometry":{"type":"MultiPolygon","coordinates":[[[[-38.25,-11.9583],[-38.3125,-11.9583],[-38.3125,-12],[-38.25,-12],[-38.25,-11.9583]]]]},"geometry_name":"GEOMETRY","properties":{"COD_BLOCO":"REC-T-56","COD_FASE_C":"E","DAT_ASSINA":"25-06-2024","DAT_TERMIN":null,"NOM_BACIA":"Recôncavo","NOM_BLOCO":"REC-T-56","NOM_FANTAS":"REC-T-56_OP4","NUM_CONTRA":"48610206021202461","NUM_DESCOB":0,"OPERADOR_C":"Imetame Energia S.A.","RODADA":"OPC4","AREA_TOTAL":31.37,"AMBIENTE":"T ","BLOCOS":null},"bbox":[-38.3125,-12,-38.25,-11.9583]},{"type":"Feature","id":"BLOCOS_EXPLORATORIOS_SIRGAS.2130","geometry":{"type":"MultiPolygon","coordinates":[[[[-38.3129,-12.0421],[-38.3129,-12.0838],[-38.2504,-12.0838],[-38.2504,-12.0421],[-38.3129,-12.0421]]]]},"geometry_name":"GEOMETRY","properties":{"COD_BLOCO":"REC-T-76","COD_FASE_C":"E","DAT_ASSINA":"26-06-2024","DAT_TERMIN":null,"NOM_BACIA":"Recôncavo","NOM_BLOCO":"REC-T-76","NOM_FANTAS":"REC-T-76_OP4","NUM_CONTRA":"48610206018202447","NUM_DESCOB":0,"OPERADOR_C":"Perbras Empresa Brasileira de Perfurações Ltda","RODADA":"OPC4","AREA_TOTAL":31.366,"AMBIENTE":"T ","BLOCOS":null},"bbox":[-38.3129,-12.0838,-38.2504,-12.0421]},{"type":"Feature","id":"BLOCOS_EXPLORATORIOS_SIRGAS.2131","geometry":{"type":"MultiPolygon","coordinates":[[[[-38.4375,-12.0833],[-38.5,-12.0833],[-38.5,-12.125],[-38.4375,-12.125],[-38.4375,-12.0833]]]]},"geometry_name":"GEOMETRY","properties":{"COD_BLOCO":"REC-T-82","COD_FASE_C":"E","DAT_ASSINA":"25-06-2024","DAT_TERMIN":null,"NOM_BACIA":"Recôncavo","NOM_BLOCO":"REC-T-82","NOM_FANTAS":"REC-T-82_OP4","NUM_CONTRA":"48610206022202413","NUM_DESCOB":0,"OPERADOR_C":"Imetame Energia S.A.","RODADA":"OPC4","AREA_TOTAL":31.36,"AMBIENTE":"T ","BLOCOS":null},"bbox":[-38.5,-12.125,-38.4375,-12.0833]},{"type":"Feature","id":"BLOCOS_EXPLORATORIOS_SIRGAS.2107","geometry":{"type":"MultiPolygon","coordinates":[[[[-58.1672,-2.7582],[-58.1672,-2.7582],[-58.1672,-2.7608],[-58.1672,-2.7634],[-58.1672,-2.766],[-58.1672,-2.7686],[-58.1672,-2.7712],[-58.1672,-2.7738],[-58.1672,-2.7764],[-58.1672,-2.779],[-58.1672,-2.7816],[-58.1693,-2.7816],[-58.1719,-2.7816],[-58.1745,-2.7816],[-58.1771,-2.7816],[-58.1797,-2.7816],[-58.1823,-2.7816],[-58.1849,-2.7816],[-58.1875,-2.7816],[-58.1901,-2.7816],[-58.1901,-2.7891],[-58.1953,-2.7891],[-58.1953,-2.7969],[-58.2057,-2.7969],[-58.2057,-2.8021],[-58.2135,-2.8021],[-58.2135,-2.8073],[-58.224,-2.8073],[-58.224,-2.8177],[-58.2344,-2.8177],[-58.2344,-2.8255],[-58.2474,-2.8255],[-58.2474,-2.8281],[-58.263,-2.8281],[-58.263,-2.8255],[-58.2708,-2.8255],[-58.2708,-2.8203],[-58.2839,-2.8203],[-58.2839,-2.8177],[-58.2917,-2.8177],[-58.2917,-2.8125],[-58.2969,-2.8125],[-58.2969,-2.8073],[-58.3021,-2.8073],[-58.3021,-2.8021],[-58.3073,-2.8021],[-58.3073,-2.7969],[-58.3125,-2.7969],[-58.3125,-2.7083],[-58.375,-2.7083],[-58.375,-2.6667],[-58.5,-2.6667],[-58.5,-3],[-58,-3],[-58,-2.5833],[-58.0625,-2.5833],[-58.0625,-2.6667],[-58.125,-2.6667],[-58.125,-2.7083],[-58.1489,-2.7083],[-58.1489,-2.7113],[-58.1489,-2.7139],[-58.1489,-2.7165],[-58.1489,-2.7191],[-58.1463,-2.7191],[-58.1463,-2.7217],[-58.1463,-2.7243],[-58.1463,-2.7269],[-58.1463,-2.7295],[-58.1463,-2.7321],[-58.1463,-2.7347],[-58.1463,-2.7373],[-58.1463,-2.7399],[-58.1463,-2.7425],[-58.1463,-2.7452],[-58.1489,-2.7452],[-58.1515,-2.7452],[-58.1541,-2.7452],[-58.1541,-2.7478],[-58.1541,-2.7504],[-58.1567,-2.7504],[-58.1594,-2.7504],[-58.162,-2.7504],[-58.162,-2.753],[-58.162,-2.7556],[-58.162,-2.7582],[-58.1646,-2.7582],[-58.1672,-2.7582]]]]},"geometry_name":"GEOMETRY","properties":{"COD_BLOCO":"AM-T-85","COD_FASE_C":"E","DAT_ASSINA":"28-06-2021","DAT_TERMIN":null,"NOM_BACIA":"Amazonas","NOM_BLOCO":"AM-T-85","NOM_FANTAS":"AM-T-85_OP2","NUM_CONTRA":"48610204667202161","NUM_DESCOB":8,"OPERADOR_C":"Eneva S.A.","RODADA":"OPC2","AREA_TOTAL":1796,"AMBIENTE":"T ","BLOCOS":null},"bbox":[-58.5,-3,-58,-2.5833]},{"type":"Feature","id":"BLOCOS_EXPLORATORIOS_SIRGAS.2134","geometry":{"type":"MultiPolygon","coordinates":[[[[-38.25,-12.125],[-38.25,-12.0833],[-38.3125,-12.0833],[-38.3125,-12.125],[-38.25,-12.125]]]]},"geometry_name":"GEOMETRY","properties":{"COD_BLOCO":"REC-T-85","COD_FASE_C":"E","DAT_ASSINA":"26-06-2024","DAT_TERMIN":null,"NOM_BACIA":"Recôncavo","NOM_BLOCO":"REC-T-85","NOM_FANTAS":"REC-T-85_OP4","NUM_CONTRA":"48610206019202491","NUM_DESCOB":0,"OPERADOR_C":"Perbras Empresa Brasileira de Perfurações Ltda","RODADA":"OPC4","AREA_TOTAL":31.36,"AMBIENTE":"T ","BLOCOS":null},"bbox":[-38.3125,-12.125,-38.25,-12.0833]},{"type":"Feature","id":"BLOCOS_EXPLORATORIOS_SIRGAS.2133","geometry":{"type":"MultiPolygon","coordinates":[[[[-38.1875,-12.0838],[-38.1879,-12.0838],[-38.1879,-12.0833],[-38.25,-12.0833],[-38.25,-12.125],[-38.2269,-12.125],[-38.2269,-12.1202],[-38.2009,-12.1202],[-38.2009,-12.0942],[-38.1875,-12.0942],[-38.1875,-12.0838]]]]},"geometry_name":"GEOMETRY","properties":{"COD_BLOCO":"REC-T-86","COD_FASE_C":"E","DAT_ASSINA":"25-06-2024","DAT_TERMIN":null,"NOM_BACIA":"Recôncavo","NOM_BLOCO":"REC-T-86","NOM_FANTAS":"REC-T-86_OP4","NUM_CONTRA":"48610206023202450","NUM_DESCOB":0,"OPERADOR_C":"Imetame Energia S.A.","RODADA":"OPC4","AREA_TOTAL":25,"AMBIENTE":"T ","BLOCOS":null},"bbox":[-38.25,-12.125,-38.1875,-12.0833]},{"type":"Feature","id":"BLOCOS_EXPLORATORIOS_SIRGAS.1047","geometry":{"type":"MultiPolygon","coordinates":[[[[-40,-24],[-39.75,-24],[-39.75,-23.75],[-40,-23.75],[-40,-24]]]]},"geometry_name":"GEOMETRY","properties":{"COD_BLOCO":"C-M-661","COD_FASE_C":"E","DAT_ASSINA":"14-02-2020","DAT_TERMIN":null,"NOM_BACIA":"Campos","NOM_BLOCO":"C-M-661","NOM_FANTAS":"C-M-661_R16","NUM_CONTRA":"48610221676201900","NUM_DESCOB":0,"OPERADOR_C":"Petronas Petróleo Brasil Ltda.","RODADA":"Rodada 16","AREA_TOTAL":705,"AMBIENTE":"M ","BLOCOS":"C-M-661                                           "},"bbox":[-40,-24,-39.75,-23.75]},{"type":"Feature","id":"BLOCOS_EXPLORATORIOS_SIRGAS.824","geometry":{"type":"MultiPolygon","coordinates":[[[[-41.0286,-23.8958],[-41.1562,-23.8958],[-41.1562,-23.9375],[-41.4948,-23.9375],[-41.4948,-24.0885],[-41.4609,-24.0885],[-41.4609,-24.2187],[-41.401,-24.2187],[-41.401,-24.2448],[-41.3333,-24.2448],[-41.3333,-24.4349],[-41.3828,-24.4349],[-41.3828,-24.5443],[-41.2474,-24.5443],[-41.2474,-24.5026],[-41.1771,-24.5026],[-41.1771,-24.4922],[-41.1484,-24.4922],[-41.1484,-24.4635],[-41.1016,-24.4635],[-41.1016,-24.4557],[-41.0651,-24.4557],[-41.0651,-24.4375],[-41.0547,-24.4375],[-41.0547,-24.4062],[-40.9401,-24.4062],[-40.9401,-24.2214],[-40.8854,-24.2214],[-40.8854,-24.1641],[-40.8229,-24.1641],[-40.8229,-24.1432],[-40.7917,-24.1432],[-40.7917,-24.1198],[-40.7474,-24.1198],[-40.7474,-23.9609],[-40.7214,-23.9609],[-40.7214,-23.9375],[-40.6771,-23.9375],[-40.6771,-23.8568],[-40.8333,-23.8568],[-40.8333,-23.8906],[-40.8932,-23.8906],[-40.8932,-23.9193],[-41.0286,-23.9193],[-41.0286,-23.8958]]]]},"geometry_name":"GEOMETRY","properties":{"COD_BLOCO":"ALTO_CF_CE","COD_FASE_C":"E","DAT_ASSINA":"31-01-2018","DAT_TERMIN":null,"NOM_BACIA":"Campos","NOM_BLOCO":"ALTO_CF_CE","NOM_FANTAS":"ALTO DE CABO FRIO CENTRAL","NUM_CONTRA":"48610012962201714","NUM_DESCOB":0,"OPERADOR_C":"Petróleo Brasileiro S.A. - PETROBRAS","RODADA":"Partilha 3","AREA_TOTAL":3674,"AMBIENTE":"M ","BLOCOS":"ALTO DE CABO FRIO CENTRAL                         "},"bbox":[-41.4948,-24.5443,-40.6771,-23.8568]},{"type":"Feature","id":"BLOCOS_EXPLORATORIOS_SIRGAS.483","geometry":{"type":"MultiPolygon","coordinates":[[[[-38.2556,-12.3234],[-38.253,-12.3234],[-38.2504,-12.3234],[-38.2504,-12.3208],[-38.2504,-12.3182],[-38.2504,-12.3155],[-38.2504,-12.3129],[-38.2504,-12.3103],[-38.2504,-12.3077],[-38.2504,-12.3051],[-38.2504,-12.3025],[-38.2504,-12.2999],[-38.2504,-12.2973],[-38.2504,-12.2947],[-38.2504,-12.2921],[-38.253,-12.2921],[-38.2556,-12.2921],[-38.2582,-12.2921],[-38.2608,-12.2921],[-38.2634,-12.2921],[-38.266,-12.2921],[-38.2686,-12.2921],[-38.2712,-12.2921],[-38.2738,-12.2921],[-38.2764,-12.2921],[-38.279,-12.2921],[-38.2816,-12.2921],[-38.2842,-12.2921],[-38.2868,-12.2921],[-38.2894,-12.2921],[-38.292,-12.2921],[-38.2946,-12.2921],[-38.2972,-12.2921],[-38.2998,-12.2921],[-38.3024,-12.2921],[-38.305,-12.2921],[-38.3076,-12.2921],[-38.3103,-12.2921],[-38.3129,-12.2921],[-38.3129,-12.2947],[-38.3129,-12.2973],[-38.3129,-12.2999],[-38.3129,-12.3025],[-38.3129,-12.3051],[-38.3129,-12.3077],[-38.3129,-12.3103],[-38.3129,-12.3129],[-38.3129,-12.3155],[-38.3129,-12.3182],[-38.3103,-12.3182],[-38.3076,-12.3182],[-38.305,-12.3182],[-38.305,-12.3208],[-38.305,-12.3234],[-38.305,-12.326],[-38.305,-12.3286],[-38.305,-12.3312],[-38.305,-12.3338],[-38.3024,-12.3338],[-38.2998,-12.3338],[-38.2972,-12.3338],[-38.2946,-12.3338],[-38.292,-12.3338],[-38.2894,-12.3338],[-38.2868,-12.3338],[-38.2842,-12.3338],[-38.2816,-12.3338],[-38.2816,-12.3312],[-38.2816,-12.3286],[-38.279,-12.3286],[-38.2764,-12.3286],[-38.2764,-12.326],[-38.2738,-12.326],[-38.2712,-12.326],[-38.2686,-12.326],[-38.266,-12.326],[-38.266,-12.3286],[-38.2634,-12.3286],[-38.2634,-12.3312],[-38.2634,-12.3338],[-38.2608,-12.3338],[-38.2608,-12.3364],[-38.2582,-12.3364],[-38.2582,-12.3338],[-38.2582,-12.3312],[-38.2556,-12.3312],[-38.2556,-12.3286],[-38.2556,-12.326],[-38.2556,-12.3234]]]]},"geometry_name":"GEOMETRY","properties":{"COD_BLOCO":"REC-T-142","COD_FASE_C":"E","DAT_ASSINA":"12-03-2008","DAT_TERMIN":null,"NOM_BACIA":"Recôncavo","NOM_BLOCO":"REC-T-142","NOM_FANTAS":"BT-REC-42","NUM_CONTRA":"48610001446200865","NUM_DESCOB":2,"OPERADOR_C":"SPE Tiêta Ltda.","RODADA":"Rodada 9","AREA_TOTAL":28,"AMBIENTE":"T ","BLOCOS":"REC-T-142                                         "},"bbox":[-38.3129,-12.3364,-38.2504,-12.2921]},{"type":"Feature","id":"BLOCOS_EXPLORATORIOS_SIRGAS.2136","geometry":{"type":"MultiPolygon","coordinates":[[[[-45.75,-26.75],[-45.75,-26.5],[-46,-26.5],[-46,-26.75],[-45.75,-26.75]]]]},"geometry_name":"GEOMETRY","properties":{"COD_BLOCO":"S-M-1356","COD_FASE_C":"E","DAT_ASSINA":"25-06-2024","DAT_TERMIN":null,"NOM_BACIA":"Santos","NOM_BLOCO":"S-M-1356","NOM_FANTAS":"S-M-1356_OP4","NUM_CONTRA":"48610206115202430","NUM_DESCOB":0,"OPERADOR_C":"Karoon Petróleo e Gás Ltda.","RODADA":"OPC4","AREA_TOTAL":690,"AMBIENTE":"M ","BLOCOS":null},"bbox":[-46,-26.75,-45.75,-26.5]},{"type":"Feature","id":"BLOCOS_EXPLORATORIOS_SIRGAS.482","geometry":{"type":"MultiPolygon","coordinates":[[[[-38.253,-12.2635],[-38.2556,-12.2635],[-38.2582,-12.2635],[-38.2608,-12.2635],[-38.2634,-12.2635],[-38.266,-12.2635],[-38.266,-12.2609],[-38.266,-12.2583],[-38.266,-12.2556],[-38.266,-12.253],[-38.266,-12.2504],[-38.2686,-12.2504],[-38.2712,-12.2504],[-38.2738,-12.2504],[-38.2764,-12.2504],[-38.279,-12.2504],[-38.2816,-12.2504],[-38.2842,-12.2504],[-38.2868,-12.2504],[-38.2894,-12.2504],[-38.292,-12.2504],[-38.2946,-12.2504],[-38.2972,-12.2504],[-38.2998,-12.2504],[-38.3024,-12.2504],[-38.305,-12.2504],[-38.3076,-12.2504],[-38.3103,-12.2504],[-38.3129,-12.2504],[-38.3129,-12.253],[-38.3129,-12.2556],[-38.3129,-12.2583],[-38.3129,-12.2609],[-38.3129,-12.2635],[-38.3129,-12.2661],[-38.3129,-12.2687],[-38.3129,-12.2713],[-38.3129,-12.2739],[-38.3129,-12.2765],[-38.3129,-12.2791],[-38.3129,-12.2817],[-38.3129,-12.2843],[-38.3129,-12.2869],[-38.3129,-12.2895],[-38.3129,-12.2921],[-38.3103,-12.2921],[-38.3076,-12.2921],[-38.305,-12.2921],[-38.3024,-12.2921],[-38.2998,-12.2921],[-38.2972,-12.2921],[-38.2946,-12.2921],[-38.292,-12.2921],[-38.2894,-12.2921],[-38.2868,-12.2921],[-38.2842,-12.2921],[-38.2816,-12.2921],[-38.279,-12.2921],[-38.2764,-12.2921],[-38.2738,-12.2921],[-38.2712,-12.2921],[-38.2686,-12.2921],[-38.266,-12.2921],[-38.2634,-12.2921],[-38.2608,-12.2921],[-38.2582,-12.2921],[-38.2556,-12.2921],[-38.253,-12.2921],[-38.2504,-12.2921],[-38.2504,-12.2895],[-38.2504,-12.2869],[-38.2504,-12.2843],[-38.2504,-12.2817],[-38.2504,-12.2791],[-38.2504,-12.2765],[-38.2504,-12.2739],[-38.2504,-12.2713],[-38.2504,-12.2687],[-38.2504,-12.2661],[-38.2504,-12.2635],[-38.2504,-12.2609],[-38.2504,-12.2583],[-38.2504,-12.2556],[-38.2504,-12.253],[-38.2504,-12.2504],[-38.253,-12.2504],[-38.253,-12.253],[-38.253,-12.2556],[-38.253,-12.2583],[-38.253,-12.2609],[-38.253,-12.2635]]]]},"geometry_name":"GEOMETRY","properties":{"COD_BLOCO":"REC-T-129","COD_FASE_C":"E","DAT_ASSINA":"12-03-2008","DAT_TERMIN":null,"NOM_BACIA":"Recôncavo","NOM_BLOCO":"REC-T-129","NOM_FANTAS":"BT-REC-39","NUM_CONTRA":"48610001443200821","NUM_DESCOB":2,"OPERADOR_C":"SPE Tiêta Ltda.","RODADA":"Rodada 9","AREA_TOTAL":29,"AMBIENTE":"T ","BLOCOS":"REC-T-129                                         "},"bbox":[-38.3129,-12.2921,-38.2504,-12.2504]},{"type":"Feature","id":"BLOCOS_EXPLORATORIOS_SIRGAS.680","geometry":{"type":"MultiPolygon","coordinates":[[[[-44.5004,0.2497],[-44.5004,0.2523],[-44.5004,0.2549],[-44.5004,0.2575],[-44.5004,0.2601],[-44.5004,0.2627],[-44.5004,0.2653],[-44.5004,0.2679],[-44.5004,0.2705],[-44.5004,0.2731],[-44.5004,0.2757],[-44.5004,0.2783],[-44.5004,0.2809],[-44.5004,0.2835],[-44.5004,0.2861],[-44.5004,0.2887],[-44.5004,0.2913],[-44.5004,0.2939],[-44.5004,0.2965],[-44.5004,0.2991],[-44.5004,0.3017],[-44.5004,0.3043],[-44.5004,0.3069],[-44.5004,0.3096],[-44.5004,0.3122],[-44.5004,0.3148],[-44.5004,0.3174],[-44.5004,0.32],[-44.5004,0.3226],[-44.5004,0.3252],[-44.5004,0.3278],[-44.5004,0.3304],[-44.5004,0.333],[-44.5004,0.3356],[-44.5004,0.3382],[-44.5004,0.3408],[-44.5004,0.3434],[-44.5004,0.346],[-44.5004,0.3486],[-44.5004,0.3512],[-44.5004,0.3538],[-44.5004,0.3564],[-44.5004,0.359],[-44.5004,0.3616],[-44.5004,0.3642],[-44.5004,0.3668],[-44.5004,0.3694],[-44.5004,0.3721],[-44.5004,0.3747],[-44.5004,0.3773],[-44.5004,0.3799],[-44.5004,0.3825],[-44.5004,0.3851],[-44.5004,0.3877],[-44.5004,0.3903],[-44.5004,0.3929],[-44.5004,0.3955],[-44.5004,0.3981],[-44.5004,0.4007],[-44.5004,0.4033],[-44.5004,0.4059],[-44.5004,0.4085],[-44.5004,0.4111],[-44.5004,0.4137],[-44.5004,0.4163],[-44.5004,0.4189],[-44.5004,0.4215],[-44.5004,0.4241],[-44.5004,0.4267],[-44.5004,0.4293],[-44.5004,0.4319],[-44.5004,0.4346],[-44.5004,0.4372],[-44.5004,0.4398],[-44.5004,0.4424],[-44.5004,0.445],[-44.5004,0.4476],[-44.5004,0.4502],[-44.5004,0.4528],[-44.5004,0.4554],[-44.5004,0.458],[-44.5004,0.4606],[-44.5004,0.4632],[-44.5004,0.4658],[-44.5004,0.4684],[-44.5004,0.471],[-44.5004,0.4736],[-44.5004,0.4762],[-44.5004,0.4788],[-44.5004,0.4814],[-44.5004,0.484],[-44.5004,0.4866],[-44.5004,0.4892],[-44.5004,0.4918],[-44.5004,0.4944],[-44.5004,0.4971],[-44.5004,0.4997],[-44.503,0.4997],[-44.5056,0.4997],[-44.5082,0.4997],[-44.5108,0.4997],[-44.5134,0.4997],[-44.516,0.4997],[-44.5186,0.4997],[-44.5212,0.4997],[-44.5238,0.4997],[-44.5264,0.4997],[-44.529,0.4997],[-44.5316,0.4997],[-44.5343,0.4997],[-44.5369,0.4997],[-44.5395,0.4997],[-44.5421,0.4997],[-44.5447,0.4997],[-44.5473,0.4997],[-44.5499,0.4997],[-44.5525,0.4997],[-44.5551,0.4997],[-44.5577,0.4997],[-44.5603,0.4997],[-44.5629,0.4997],[-44.5655,0.4997],[-44.5681,0.4997],[-44.5707,0.4997],[-44.5733,0.4997],[-44.5759,0.4997],[-44.5785,0.4997],[-44.5811,0.4997],[-44.5837,0.4997],[-44.5863,0.4997],[-44.5889,0.4997],[-44.5915,0.4997],[-44.5941,0.4997],[-44.5968,0.4997],[-44.5994,0.4997],[-44.602,0.4997],[-44.6046,0.4997],[-44.6072,0.4997],[-44.6098,0.4997],[-44.6124,0.4997],[-44.615,0.4997],[-44.6176,0.4997],[-44.6202,0.4997],[-44.6228,0.4997],[-44.6254,0.4997],[-44.628,0.4997],[-44.6306,0.4997],[-44.6332,0.4997],[-44.6358,0.4997],[-44.6384,0.4997],[-44.641,0.4997],[-44.6436,0.4997],[-44.6462,0.4997],[-44.6488,0.4997],[-44.6514,0.4997],[-44.654,0.4997],[-44.6567,0.4997],[-44.6593,0.4997],[-44.6619,0.4997],[-44.6645,0.4997],[-44.6671,0.4997],[-44.6697,0.4997],[-44.6723,0.4997],[-44.6749,0.4997],[-44.6775,0.4997],[-44.6801,0.4997],[-44.6827,0.4997],[-44.6853,0.4997],[-44.6879,0.4997],[-44.6905,0.4997],[-44.6931,0.4997],[-44.6957,0.4997],[-44.6983,0.4997],[-44.7009,0.4997],[-44.7035,0.4997],[-44.7061,0.4997],[-44.7087,0.4997],[-44.7113,0.4997],[-44.7139,0.4997],[-44.7165,0.4997],[-44.7192,0.4997],[-44.7218,0.4997],[-44.7244,0.4997],[-44.727,0.4997],[-44.7296,0.4997],[-44.7322,0.4997],[-44.7348,0.4997],[-44.7374,0.4997],[-44.74,0.4997],[-44.7426,0.4997],[-44.7452,0.4997],[-44.7478,0.4997],[-44.7504,0.4997],[-44.7504,0.4971],[-44.7504,0.4944],[-44.7504,0.4918],[-44.7504,0.4892],[-44.7504,0.4866],[-44.7504,0.484],[-44.7504,0.4814],[-44.7504,0.4788],[-44.7504,0.4762],[-44.7504,0.4736],[-44.7504,0.471],[-44.7504,0.4684],[-44.7504,0.4658],[-44.7504,0.4632],[-44.7504,0.4606],[-44.7504,0.458],[-44.7504,0.4554],[-44.7504,0.4528],[-44.7504,0.4502],[-44.7504,0.4476],[-44.7504,0.445],[-44.7504,0.4424],[-44.7504,0.4398],[-44.7504,0.4372],[-44.7504,0.4346],[-44.7504,0.4319],[-44.7504,0.4293],[-44.7504,0.4267],[-44.7504,0.4241],[-44.7504,0.4215],[-44.7504,0.4189],[-44.7504,0.4163],[-44.7504,0.4137],[-44.7504,0.4111],[-44.7504,0.4085],[-44.7504,0.4059],[-44.7504,0.4033],[-44.7504,0.4007],[-44.7504,0.3981],[-44.7504,0.3955],[-44.7504,0.3929],[-44.7504,0.3903],[-44.7504,0.3877],[-44.7504,0.3851],[-44.7504,0.3825],[-44.7504,0.3799],[-44.7504,0.3773],[-44.7504,0.3747],[-44.7504,0.3721],[-44.7504,0.3694],[-44.7504,0.3668],[-44.7504,0.3642],[-44.7504,0.3616],[-44.7504,0.359],[-44.7504,0.3564],[-44.7504,0.3538],[-44.7504,0.3512],[-44.7504,0.3486],[-44.7504,0.346],[-44.7504,0.3434],[-44.7504,0.3408],[-44.7504,0.3382],[-44.7504,0.3356],[-44.7504,0.333],[-44.7504,0.3304],[-44.7504,0.3278],[-44.7504,0.3252],[-44.7504,0.3226],[-44.7504,0.32],[-44.7504,0.3174],[-44.7504,0.3148],[-44.7504,0.3122],[-44.7504,0.3096],[-44.7504,0.3069],[-44.7504,0.3043],[-44.7504,0.3017],[-44.7504,0.2991],[-44.7504,0.2965],[-44.7504,0.2939],[-44.7504,0.2913],[-44.7504,0.2887],[-44.7504,0.2861],[-44.7504,0.2835],[-44.7504,0.2809],[-44.7504,0.2783],[-44.7504,0.2757],[-44.7504,0.2731],[-44.7504,0.2705],[-44.7504,0.2679],[-44.7504,0.2653],[-44.7504,0.2627],[-44.7504,0.2601],[-44.7504,0.2575],[-44.7504,0.2549],[-44.7504,0.2523],[-44.7504,0.2497],[-44.7478,0.2497],[-44.7452,0.2497],[-44.7426,0.2497],[-44.74,0.2497],[-44.7374,0.2497],[-44.7348,0.2497],[-44.7322,0.2497],[-44.7296,0.2497],[-44.727,0.2497],[-44.7244,0.2497],[-44.7218,0.2497],[-44.7192,0.2497],[-44.7165,0.2497],[-44.7139,0.2497],[-44.7113,0.2497],[-44.7087,0.2497],[-44.7061,0.2497],[-44.7035,0.2497],[-44.7009,0.2497],[-44.6983,0.2497],[-44.6957,0.2497],[-44.6931,0.2497],[-44.6905,0.2497],[-44.6879,0.2497],[-44.6853,0.2497],[-44.6827,0.2497],[-44.6801,0.2497],[-44.6775,0.2497],[-44.6749,0.2497],[-44.6723,0.2497],[-44.6697,0.2497],[-44.6671,0.2497],[-44.6645,0.2497],[-44.6619,0.2497],[-44.6593,0.2497],[-44.6567,0.2497],[-44.654,0.2497],[-44.6514,0.2497],[-44.6488,0.2497],[-44.6462,0.2497],[-44.6436,0.2497],[-44.641,0.2497],[-44.6384,0.2497],[-44.6358,0.2497],[-44.6332,0.2497],[-44.6306,0.2497],[-44.628,0.2497],[-44.6254,0.2497],[-44.6228,0.2497],[-44.6202,0.2497],[-44.6176,0.2497],[-44.615,0.2497],[-44.6124,0.2497],[-44.6098,0.2497],[-44.6072,0.2497],[-44.6046,0.2497],[-44.602,0.2497],[-44.5994,0.2497],[-44.5968,0.2497],[-44.5941,0.2497],[-44.5915,0.2497],[-44.5889,0.2497],[-44.5863,0.2497],[-44.5837,0.2497],[-44.5811,0.2497],[-44.5785,0.2497],[-44.5759,0.2497],[-44.5733,0.2497],[-44.5707,0.2497],[-44.5681,0.2497],[-44.5655,0.2497],[-44.5629,0.2497],[-44.5603,0.2497],[-44.5577,0.2497],[-44.5551,0.2497],[-44.5525,0.2497],[-44.5499,0.2497],[-44.5473,0.2497],[-44.5447,0.2497],[-44.5421,0.2497],[-44.5395,0.2497],[-44.5369,0.2497],[-44.5343,0.2497],[-44.5316,0.2497],[-44.529,0.2497],[-44.5264,0.2497],[-44.5238,0.2497],[-44.5212,0.2497],[-44.5186,0.2497],[-44.516,0.2497],[-44.5134,0.2497],[-44.5108,0.2497],[-44.5082,0.2497],[-44.5056,0.2497],[-44.503,0.2497],[-44.5004,0.2497]]]]},"geometry_name":"GEOMETRY","properties":{"COD_BLOCO":"PAMA-M-337","COD_FASE_C":"E","DAT_ASSINA":"30-08-2013","DAT_TERMIN":null,"NOM_BACIA":"Pará - Maranhão","NOM_BLOCO":"PAMA-M-337","NOM_FANTAS":"PAMA-M-337_R11","NUM_CONTRA":"48610005469201314","NUM_DESCOB":0,"OPERADOR_C":"Brava Energia S.A.","RODADA":"Rodada 11","AREA_TOTAL":769,"AMBIENTE":"M ","BLOCOS":"PAMA-M-337                                        "},"bbox":[-44.7504,0.2497,-44.5004,0.4997]},{"type":"Feature","id":"BLOCOS_EXPLORATORIOS_SIRGAS.473","geometry":{"type":"MultiPolygon","coordinates":[[[[-50.5004,5.4997],[-50.5004,5.4971],[-50.5004,5.4945],[-50.5004,5.4919],[-50.5004,5.4893],[-50.5004,5.4867],[-50.5004,5.4841],[-50.5004,5.4815],[-50.5004,5.4789],[-50.5004,5.4763],[-50.5004,5.4737],[-50.5004,5.471],[-50.5004,5.4684],[-50.5004,5.4658],[-50.5004,5.4632],[-50.5004,5.4606],[-50.5004,5.458],[-50.5004,5.4554],[-50.5004,5.4528],[-50.5004,5.4502],[-50.5004,5.4476],[-50.5004,5.445],[-50.5004,5.4424],[-50.5004,5.4398],[-50.5004,5.4372],[-50.5004,5.4346],[-50.5004,5.432],[-50.5004,5.4294],[-50.5004,5.4268],[-50.5004,5.4242],[-50.5004,5.4216],[-50.5004,5.419],[-50.5004,5.4164],[-50.5004,5.4138],[-50.5004,5.4112],[-50.5004,5.4085],[-50.5004,5.4059],[-50.5004,5.4033],[-50.5004,5.4007],[-50.5004,5.3981],[-50.5004,5.3955],[-50.5004,5.3929],[-50.5004,5.3903],[-50.5004,5.3877],[-50.5004,5.3851],[-50.5004,5.3825],[-50.5004,5.3799],[-50.5004,5.3773],[-50.5004,5.3747],[-50.5004,5.3721],[-50.5004,5.3695],[-50.5004,5.3669],[-50.5004,5.3643],[-50.5004,5.3617],[-50.5004,5.3591],[-50.5004,5.3565],[-50.5004,5.3539],[-50.5004,5.3513],[-50.5004,5.3487],[-50.5004,5.346],[-50.5004,5.3434],[-50.5004,5.3408],[-50.5004,5.3382],[-50.5004,5.3356],[-50.5004,5.333],[-50.5004,5.3304],[-50.5004,5.3278],[-50.5004,5.3252],[-50.5004,5.3226],[-50.5004,5.32],[-50.5004,5.3174],[-50.5004,5.3148],[-50.5004,5.3122],[-50.5004,5.3096],[-50.5004,5.307],[-50.5004,5.3044],[-50.5004,5.3018],[-50.5004,5.2992],[-50.5004,5.2966],[-50.5004,5.294],[-50.5004,5.2914],[-50.5004,5.2888],[-50.5004,5.2862],[-50.5004,5.2835],[-50.5004,5.2809],[-50.5004,5.2783],[-50.5004,5.2757],[-50.5004,5.2731],[-50.5004,5.2705],[-50.5004,5.2679],[-50.5004,5.2653],[-50.5004,5.2627],[-50.5004,5.2601],[-50.5004,5.2575],[-50.5004,5.2549],[-50.5004,5.2523],[-50.5004,5.2497],[-50.4978,5.2497],[-50.4952,5.2497],[-50.4926,5.2497],[-50.49,5.2497],[-50.4874,5.2497],[-50.4848,5.2497],[-50.4822,5.2497],[-50.4796,5.2497],[-50.477,5.2497],[-50.4744,5.2497],[-50.4718,5.2497],[-50.4692,5.2497],[-50.4666,5.2497],[-50.464,5.2497],[-50.4614,5.2497],[-50.4588,5.2497],[-50.4562,5.2497],[-50.4536,5.2497],[-50.451,5.2497],[-50.4484,5.2497],[-50.4458,5.2497],[-50.4432,5.2497],[-50.4406,5.2497],[-50.4379,5.2497],[-50.4353,5.2497],[-50.4327,5.2497],[-50.4301,5.2497],[-50.4275,5.2497],[-50.4249,5.2497],[-50.4223,5.2497],[-50.4197,5.2497],[-50.4171,5.2497],[-50.4145,5.2497],[-50.4119,5.2497],[-50.4093,5.2497],[-50.4067,5.2497],[-50.4041,5.2497],[-50.4015,5.2497],[-50.3989,5.2497],[-50.3963,5.2497],[-50.3937,5.2497],[-50.3911,5.2497],[-50.3885,5.2497],[-50.3859,5.2497],[-50.3833,5.2497],[-50.3807,5.2497],[-50.378,5.2497],[-50.3754,5.2497],[-50.3728,5.2497],[-50.3702,5.2497],[-50.3676,5.2497],[-50.365,5.2497],[-50.3624,5.2497],[-50.3598,5.2497],[-50.3572,5.2497],[-50.3546,5.2497],[-50.352,5.2497],[-50.3494,5.2497],[-50.3468,5.2497],[-50.3442,5.2497],[-50.3416,5.2497],[-50.339,5.2497],[-50.3364,5.2497],[-50.3338,5.2497],[-50.3312,5.2497],[-50.3286,5.2497],[-50.326,5.2497],[-50.3234,5.2497],[-50.3208,5.2497],[-50.3182,5.2497],[-50.3155,5.2497],[-50.3129,5.2497],[-50.3103,5.2497],[-50.3077,5.2497],[-50.3051,5.2497],[-50.3025,5.2497],[-50.2999,5.2497],[-50.2973,5.2497],[-50.2947,5.2497],[-50.2921,5.2497],[-50.2895,5.2497],[-50.2869,5.2497],[-50.2843,5.2497],[-50.2817,5.2497],[-50.2791,5.2497],[-50.2765,5.2497],[-50.2739,5.2497],[-50.2713,5.2497],[-50.2687,5.2497],[-50.2661,5.2497],[-50.2635,5.2497],[-50.2609,5.2497],[-50.2583,5.2497],[-50.2557,5.2497],[-50.253,5.2497],[-50.2504,5.2497],[-50.2504,5.2523],[-50.2504,5.2549],[-50.2504,5.2575],[-50.2504,5.2601],[-50.2504,5.2627],[-50.2504,5.2653],[-50.2504,5.2679],[-50.2504,5.2705],[-50.2504,5.2731],[-50.2504,5.2757],[-50.2504,5.2783],[-50.2504,5.2809],[-50.2504,5.2835],[-50.2504,5.2862],[-50.2504,5.2888],[-50.2504,5.2914],[-50.2504,5.294],[-50.2504,5.2966],[-50.2504,5.2992],[-50.2504,5.3018],[-50.2504,5.3044],[-50.2504,5.307],[-50.2504,5.3096],[-50.2504,5.3122],[-50.2504,5.3148],[-50.2504,5.3174],[-50.2504,5.32],[-50.2504,5.3226],[-50.2504,5.3252],[-50.2504,5.3278],[-50.2504,5.3304],[-50.2504,5.333],[-50.2504,5.3356],[-50.2504,5.3382],[-50.2504,5.3408],[-50.2504,5.3434],[-50.2504,5.346],[-50.2504,5.3487],[-50.2504,5.3513],[-50.2504,5.3539],[-50.2504,5.3565],[-50.2504,5.3591],[-50.2504,5.3617],[-50.2504,5.3643],[-50.2504,5.3669],[-50.2504,5.3695],[-50.2504,5.3721],[-50.2504,5.3747],[-50.2504,5.3773],[-50.2504,5.3799],[-50.2504,5.3825],[-50.2504,5.3851],[-50.2504,5.3877],[-50.2504,5.3903],[-50.2504,5.3929],[-50.2504,5.3955],[-50.2504,5.3981],[-50.2504,5.4007],[-50.2504,5.4033],[-50.2504,5.4059],[-50.2504,5.4085],[-50.2504,5.4112],[-50.2504,5.4138],[-50.2504,5.4164],[-50.2504,5.419],[-50.2504,5.4216],[-50.2504,5.4242],[-50.2504,5.4268],[-50.2504,5.4294],[-50.2504,5.432],[-50.2504,5.4346],[-50.2504,5.4372],[-50.2504,5.4398],[-50.2504,5.4424],[-50.2504,5.445],[-50.2504,5.4476],[-50.2504,5.4502],[-50.2504,5.4528],[-50.2504,5.4554],[-50.2504,5.458],[-50.2504,5.4606],[-50.2504,5.4632],[-50.2504,5.4658],[-50.2504,5.4684],[-50.2504,5.471],[-50.2504,5.4737],[-50.2504,5.4763],[-50.2504,5.4789],[-50.2504,5.4815],[-50.2504,5.4841],[-50.2504,5.4867],[-50.2504,5.4893],[-50.2504,5.4919],[-50.2504,5.4945],[-50.2504,5.4971],[-50.2504,5.4997],[-50.253,5.4997],[-50.2557,5.4997],[-50.2583,5.4997],[-50.2609,5.4997],[-50.2635,5.4997],[-50.2661,5.4997],[-50.2687,5.4997],[-50.2713,5.4997],[-50.2739,5.4997],[-50.2765,5.4997],[-50.2791,5.4997],[-50.2817,5.4997],[-50.2843,5.4997],[-50.2869,5.4997],[-50.2895,5.4997],[-50.2921,5.4997],[-50.2947,5.4997],[-50.2973,5.4997],[-50.2999,5.4997],[-50.3025,5.4997],[-50.3051,5.4997],[-50.3077,5.4997],[-50.3103,5.4997],[-50.3129,5.4997],[-50.3155,5.4997],[-50.3182,5.4997],[-50.3208,5.4997],[-50.3234,5.4997],[-50.326,5.4997],[-50.3286,5.4997],[-50.3312,5.4997],[-50.3338,5.4997],[-50.3364,5.4997],[-50.339,5.4997],[-50.3416,5.4997],[-50.3442,5.4997],[-50.3468,5.4997],[-50.3494,5.4997],[-50.352,5.4997],[-50.3546,5.4997],[-50.3572,5.4997],[-50.3598,5.4997],[-50.3624,5.4997],[-50.365,5.4997],[-50.3676,5.4997],[-50.3702,5.4997],[-50.3728,5.4997],[-50.3754,5.4997],[-50.3781,5.4997],[-50.3807,5.4997],[-50.3833,5.4997],[-50.3859,5.4997],[-50.3885,5.4997],[-50.3911,5.4997],[-50.3937,5.4997],[-50.3963,5.4997],[-50.3989,5.4997],[-50.4015,5.4997],[-50.4041,5.4997],[-50.4067,5.4997],[-50.4093,5.4997],[-50.4119,5.4997],[-50.4145,5.4997],[-50.4171,5.4997],[-50.4197,5.4997],[-50.4223,5.4997],[-50.4249,5.4997],[-50.4275,5.4997],[-50.4301,5.4997],[-50.4327,5.4997],[-50.4353,5.4997],[-50.4379,5.4997],[-50.4406,5.4997],[-50.4432,5.4997],[-50.4458,5.4997],[-50.4484,5.4997],[-50.451,5.4997],[-50.4536,5.4997],[-50.4562,5.4997],[-50.4588,5.4997],[-50.4614,5.4997],[-50.464,5.4997],[-50.4666,5.4997],[-50.4692,5.4997],[-50.4718,5.4997],[-50.4744,5.4997],[-50.477,5.4997],[-50.4796,5.4997],[-50.4822,5.4997],[-50.4848,5.4997],[-50.4874,5.4997],[-50.49,5.4997],[-50.4926,5.4997],[-50.4952,5.4997],[-50.4978,5.4997],[-50.5004,5.4997]]]]},"geometry_name":"GEOMETRY","properties":{"COD_BLOCO":"FZA-M-57","COD_FASE_C":"E","DAT_ASSINA":"06-08-2013","DAT_TERMIN":null,"NOM_BACIA":"Foz do Amazonas","NOM_BLOCO":"FZA-M-57","NOM_FANTAS":"FZA-M-57_R11","NUM_CONTRA":"48610005500201317","NUM_DESCOB":0,"OPERADOR_C":"Petróleo Brasileiro S.A. - PETROBRAS","RODADA":"Rodada 11","AREA_TOTAL":766,"AMBIENTE":"M ","BLOCOS":"FZA-M-57                                          "},"bbox":[-50.5004,5.2497,-50.2504,5.4997]},{"type":"Feature","id":"BLOCOS_EXPLORATORIOS_SIRGAS.476","geometry":{"type":"MultiPolygon","coordinates":[[[[-50.2504,5.2497],[-50.2504,5.2471],[-50.2504,5.2445],[-50.2504,5.2419],[-50.2504,5.2393],[-50.2504,5.2367],[-50.2504,5.2341],[-50.2504,5.2315],[-50.2504,5.2289],[-50.2504,5.2263],[-50.2504,5.2237],[-50.2504,5.221],[-50.2504,5.2184],[-50.2504,5.2158],[-50.2504,5.2132],[-50.2504,5.2106],[-50.2504,5.208],[-50.2504,5.2054],[-50.2504,5.2028],[-50.2504,5.2002],[-50.2504,5.1976],[-50.2504,5.195],[-50.2504,5.1924],[-50.2504,5.1898],[-50.2504,5.1872],[-50.2504,5.1846],[-50.2504,5.182],[-50.2504,5.1794],[-50.2504,5.1768],[-50.2504,5.1742],[-50.2504,5.1716],[-50.2504,5.169],[-50.2504,5.1664],[-50.2504,5.1638],[-50.2504,5.1612],[-50.2504,5.1585],[-50.2504,5.1559],[-50.2504,5.1533],[-50.2504,5.1507],[-50.2504,5.1481],[-50.2504,5.1455],[-50.2504,5.1429],[-50.2504,5.1403],[-50.2504,5.1377],[-50.2504,5.1351],[-50.2504,5.1325],[-50.2504,5.1299],[-50.2504,5.1273],[-50.2504,5.1247],[-50.2504,5.1221],[-50.2504,5.1195],[-50.2504,5.1169],[-50.2504,5.1143],[-50.2504,5.1117],[-50.2504,5.1091],[-50.2504,5.1065],[-50.2504,5.1039],[-50.2504,5.1013],[-50.2504,5.0987],[-50.2504,5.096],[-50.2504,5.0934],[-50.2504,5.0908],[-50.2504,5.0882],[-50.2504,5.0856],[-50.2504,5.083],[-50.2504,5.0804],[-50.2504,5.0778],[-50.2504,5.0752],[-50.2504,5.0726],[-50.2504,5.07],[-50.2504,5.0674],[-50.2504,5.0648],[-50.2504,5.0622],[-50.2504,5.0596],[-50.2504,5.057],[-50.2504,5.0544],[-50.2504,5.0518],[-50.2504,5.0492],[-50.2504,5.0466],[-50.2504,5.044],[-50.2504,5.0414],[-50.2504,5.0388],[-50.2504,5.0361],[-50.2504,5.0335],[-50.2504,5.0309],[-50.2504,5.0283],[-50.2504,5.0257],[-50.2504,5.0231],[-50.2504,5.0205],[-50.2504,5.0179],[-50.2504,5.0153],[-50.2504,5.0127],[-50.2504,5.0101],[-50.2504,5.0075],[-50.2504,5.0049],[-50.2504,5.0023],[-50.2504,4.9997],[-50.2478,4.9997],[-50.2452,4.9997],[-50.2426,4.9997],[-50.24,4.9997],[-50.2374,4.9997],[-50.2348,4.9997],[-50.2322,4.9997],[-50.2296,4.9997],[-50.227,4.9997],[-50.2244,4.9997],[-50.2218,4.9997],[-50.2192,4.9997],[-50.2166,4.9997],[-50.214,4.9997],[-50.2114,4.9997],[-50.2088,4.9997],[-50.2062,4.9997],[-50.2036,4.9997],[-50.201,4.9997],[-50.1984,4.9997],[-50.1958,4.9997],[-50.1932,4.9997],[-50.1905,4.9997],[-50.1879,4.9997],[-50.1853,4.9997],[-50.1827,4.9997],[-50.1801,4.9997],[-50.1775,4.9997],[-50.1749,4.9997],[-50.1723,4.9997],[-50.1697,4.9997],[-50.1671,4.9997],[-50.1645,4.9997],[-50.1619,4.9997],[-50.1593,4.9997],[-50.1567,4.9997],[-50.1541,4.9997],[-50.1515,4.9997],[-50.1489,4.9997],[-50.1463,4.9997],[-50.1437,4.9997],[-50.1411,4.9997],[-50.1385,4.9997],[-50.1359,4.9997],[-50.1333,4.9997],[-50.1307,4.9997],[-50.128,4.9997],[-50.1254,4.9997],[-50.1228,4.9997],[-50.1202,4.9997],[-50.1176,4.9997],[-50.115,4.9997],[-50.1124,4.9997],[-50.1098,4.9997],[-50.1072,4.9997],[-50.1046,4.9997],[-50.102,4.9997],[-50.0994,4.9997],[-50.0968,4.9997],[-50.0942,4.9997],[-50.0916,4.9997],[-50.089,4.9997],[-50.0864,4.9997],[-50.0838,4.9997],[-50.0812,4.9997],[-50.0786,4.9997],[-50.076,4.9997],[-50.0734,4.9997],[-50.0708,4.9997],[-50.0682,4.9997],[-50.0655,4.9997],[-50.0629,4.9997],[-50.0603,4.9997],[-50.0577,4.9997],[-50.0551,4.9997],[-50.0525,4.9997],[-50.0499,4.9997],[-50.0473,4.9997],[-50.0447,4.9997],[-50.0421,4.9997],[-50.0395,4.9997],[-50.0369,4.9997],[-50.0343,4.9997],[-50.0317,4.9997],[-50.0291,4.9997],[-50.0265,4.9997],[-50.0239,4.9997],[-50.0213,4.9997],[-50.0187,4.9997],[-50.0161,4.9997],[-50.0135,4.9997],[-50.0109,4.9997],[-50.0083,4.9997],[-50.0057,4.9997],[-50.003,4.9997],[-50.0004,4.9997],[-50.0004,5.0023],[-50.0004,5.0049],[-50.0004,5.0075],[-50.0004,5.0101],[-50.0004,5.0127],[-50.0004,5.0153],[-50.0004,5.0179],[-50.0004,5.0205],[-50.0004,5.0231],[-50.0004,5.0257],[-50.0004,5.0283],[-50.0004,5.0309],[-50.0004,5.0335],[-50.0004,5.0361],[-50.0004,5.0388],[-50.0004,5.0414],[-50.0004,5.044],[-50.0004,5.0466],[-50.0004,5.0492],[-50.0004,5.0518],[-50.0004,5.0544],[-50.0004,5.057],[-50.0004,5.0596],[-50.0004,5.0622],[-50.0004,5.0648],[-50.0004,5.0674],[-50.0004,5.07],[-50.0004,5.0726],[-50.0004,5.0752],[-50.0004,5.0778],[-50.0004,5.0804],[-50.0004,5.083],[-50.0004,5.0856],[-50.0004,5.0882],[-50.0004,5.0908],[-50.0004,5.0934],[-50.0004,5.096],[-50.0004,5.0987],[-50.0004,5.1013],[-50.0004,5.1039],[-50.0004,5.1065],[-50.0004,5.1091],[-50.0004,5.1117],[-50.0004,5.1143],[-50.0004,5.1169],[-50.0004,5.1195],[-50.0004,5.1221],[-50.0004,5.1247],[-50.0004,5.1273],[-50.0004,5.1299],[-50.0004,5.1325],[-50.0004,5.1351],[-50.0004,5.1377],[-50.0004,5.1403],[-50.0004,5.1429],[-50.0004,5.1455],[-50.0004,5.1481],[-50.0004,5.1507],[-50.0004,5.1533],[-50.0004,5.1559],[-50.0004,5.1585],[-50.0004,5.1612],[-50.0004,5.1638],[-50.0004,5.1664],[-50.0004,5.169],[-50.0004,5.1716],[-50.0004,5.1742],[-50.0004,5.1768],[-50.0004,5.1794],[-50.0004,5.182],[-50.0004,5.1846],[-50.0004,5.1872],[-50.0004,5.1898],[-50.0004,5.1924],[-50.0004,5.195],[-50.0004,5.1976],[-50.0004,5.2002],[-50.0004,5.2028],[-50.0004,5.2054],[-50.0004,5.208],[-50.0004,5.2106],[-50.0004,5.2132],[-50.0004,5.2158],[-50.0004,5.2184],[-50.0004,5.221],[-50.0004,5.2237],[-50.0004,5.2263],[-50.0004,5.2289],[-50.0004,5.2315],[-50.0004,5.2341],[-50.0004,5.2367],[-50.0004,5.2393],[-50.0004,5.2419],[-50.0004,5.2445],[-50.0004,5.2471],[-50.0004,5.2497],[-50.003,5.2497],[-50.0057,5.2497],[-50.0083,5.2497],[-50.0109,5.2497],[-50.0135,5.2497],[-50.0161,5.2497],[-50.0187,5.2497],[-50.0213,5.2497],[-50.0239,5.2497],[-50.0265,5.2497],[-50.0291,5.2497],[-50.0317,5.2497],[-50.0343,5.2497],[-50.0369,5.2497],[-50.0395,5.2497],[-50.0421,5.2497],[-50.0447,5.2497],[-50.0473,5.2497],[-50.0499,5.2497],[-50.0525,5.2497],[-50.0551,5.2497],[-50.0577,5.2497],[-50.0603,5.2497],[-50.0629,5.2497],[-50.0655,5.2497],[-50.0682,5.2497],[-50.0708,5.2497],[-50.0734,5.2497],[-50.076,5.2497],[-50.0786,5.2497],[-50.0812,5.2497],[-50.0838,5.2497],[-50.0864,5.2497],[-50.089,5.2497],[-50.0916,5.2497],[-50.0942,5.2497],[-50.0968,5.2497],[-50.0994,5.2497],[-50.102,5.2497],[-50.1046,5.2497],[-50.1072,5.2497],[-50.1098,5.2497],[-50.1124,5.2497],[-50.115,5.2497],[-50.1176,5.2497],[-50.1202,5.2497],[-50.1228,5.2497],[-50.1254,5.2497],[-50.128,5.2497],[-50.1307,5.2497],[-50.1333,5.2497],[-50.1359,5.2497],[-50.1385,5.2497],[-50.1411,5.2497],[-50.1437,5.2497],[-50.1463,5.2497],[-50.1489,5.2497],[-50.1515,5.2497],[-50.1541,5.2497],[-50.1567,5.2497],[-50.1593,5.2497],[-50.1619,5.2497],[-50.1645,5.2497],[-50.1671,5.2497],[-50.1697,5.2497],[-50.1723,5.2497],[-50.1749,5.2497],[-50.1775,5.2497],[-50.1801,5.2497],[-50.1827,5.2497],[-50.1853,5.2497],[-50.1879,5.2497],[-50.1905,5.2497],[-50.1932,5.2497],[-50.1958,5.2497],[-50.1984,5.2497],[-50.201,5.2497],[-50.2036,5.2497],[-50.2062,5.2497],[-50.2088,5.2497],[-50.2114,5.2497],[-50.214,5.2497],[-50.2166,5.2497],[-50.2192,5.2497],[-50.2218,5.2497],[-50.2244,5.2497],[-50.227,5.2497],[-50.2296,5.2497],[-50.2322,5.2497],[-50.2348,5.2497],[-50.2374,5.2497],[-50.24,5.2497],[-50.2426,5.2497],[-50.2452,5.2497],[-50.2478,5.2497],[-50.2504,5.2497]]]]},"geometry_name":"GEOMETRY","properties":{"COD_BLOCO":"FZA-M-88","COD_FASE_C":"E","DAT_ASSINA":"06-08-2013","DAT_TERMIN":null,"NOM_BACIA":"Foz do Amazonas","NOM_BLOCO":"FZA-M-88","NOM_FANTAS":"FZA-M-88_R11","NUM_CONTRA":"48610005505201331","NUM_DESCOB":0,"OPERADOR_C":"Petróleo Brasileiro S.A. - PETROBRAS","RODADA":"Rodada 11","AREA_TOTAL":766,"AMBIENTE":"M ","BLOCOS":"FZA-M-88                                          "},"bbox":[-50.2504,4.9997,-50.0004,5.2497]},{"type":"Feature","id":"BLOCOS_EXPLORATORIOS_SIRGAS.2135","geometry":{"type":"MultiPolygon","coordinates":[[[[-45.75,-27],[-45.75,-26.75],[-46,-26.75],[-46,-27],[-45.75,-27]]]]},"geometry_name":"GEOMETRY","properties":{"COD_BLOCO":"S-M-1482","COD_FASE_C":"E","DAT_ASSINA":"26-06-2024","DAT_TERMIN":null,"NOM_BACIA":"Santos","NOM_BLOCO":"S-M-1482","NOM_FANTAS":"S-M-1482_OP4","NUM_CONTRA":"48610206116202484","NUM_DESCOB":0,"OPERADOR_C":"Karoon Petróleo e Gás Ltda.","RODADA":"OPC4","AREA_TOTAL":688.11,"AMBIENTE":"M ","BLOCOS":null},"bbox":[-46,-27,-45.75,-26.75]},{"type":"Feature","id":"BLOCOS_EXPLORATORIOS_SIRGAS.472","geometry":{"type":"MultiPolygon","coordinates":[[[[-48.6254,3.4997],[-48.628,3.4997],[-48.6306,3.4997],[-48.6332,3.4997],[-48.6358,3.4997],[-48.6385,3.4997],[-48.6411,3.4997],[-48.6437,3.4997],[-48.6463,3.4997],[-48.6489,3.4997],[-48.6515,3.4997],[-48.6541,3.4997],[-48.6567,3.4997],[-48.6593,3.4997],[-48.6619,3.4997],[-48.6645,3.4997],[-48.6671,3.4997],[-48.6697,3.4997],[-48.6723,3.4997],[-48.6749,3.4997],[-48.6775,3.4997],[-48.6801,3.4997],[-48.6827,3.4997],[-48.6853,3.4997],[-48.6879,3.4997],[-48.6905,3.4997],[-48.6931,3.4997],[-48.6957,3.4997],[-48.6983,3.4997],[-48.701,3.4997],[-48.7036,3.4997],[-48.7062,3.4997],[-48.7088,3.4997],[-48.7114,3.4997],[-48.714,3.4997],[-48.7166,3.4997],[-48.7192,3.4997],[-48.7218,3.4997],[-48.7244,3.4997],[-48.727,3.4997],[-48.7296,3.4997],[-48.7322,3.4997],[-48.7348,3.4997],[-48.7374,3.4997],[-48.74,3.4997],[-48.7426,3.4997],[-48.7452,3.4997],[-48.7478,3.4997],[-48.7504,3.4997],[-48.7504,3.4971],[-48.7504,3.4945],[-48.7504,3.4919],[-48.7504,3.4893],[-48.7504,3.4867],[-48.7504,3.4841],[-48.7504,3.4815],[-48.7504,3.4788],[-48.7504,3.4762],[-48.7504,3.4736],[-48.7504,3.471],[-48.7504,3.4684],[-48.7504,3.4658],[-48.7504,3.4632],[-48.7504,3.4606],[-48.7504,3.458],[-48.7504,3.4554],[-48.7504,3.4528],[-48.7504,3.4502],[-48.7504,3.4476],[-48.7504,3.445],[-48.7504,3.4424],[-48.7504,3.4398],[-48.7504,3.4372],[-48.7504,3.4346],[-48.7504,3.432],[-48.7504,3.4294],[-48.7504,3.4268],[-48.7504,3.4242],[-48.7504,3.4216],[-48.7504,3.419],[-48.7504,3.4163],[-48.7504,3.4137],[-48.7504,3.4111],[-48.7504,3.4085],[-48.7504,3.4059],[-48.7504,3.4033],[-48.7504,3.4007],[-48.7504,3.3981],[-48.7504,3.3955],[-48.7504,3.3929],[-48.7504,3.3903],[-48.7504,3.3877],[-48.7504,3.3851],[-48.7504,3.3825],[-48.7504,3.3799],[-48.7504,3.3773],[-48.7504,3.3747],[-48.7478,3.3747],[-48.7452,3.3747],[-48.7426,3.3747],[-48.74,3.3747],[-48.7374,3.3747],[-48.7348,3.3747],[-48.7322,3.3747],[-48.7296,3.3747],[-48.727,3.3747],[-48.7244,3.3747],[-48.7218,3.3747],[-48.7192,3.3747],[-48.7166,3.3747],[-48.714,3.3747],[-48.7114,3.3747],[-48.7088,3.3747],[-48.7062,3.3747],[-48.7036,3.3747],[-48.701,3.3747],[-48.6983,3.3747],[-48.6957,3.3747],[-48.6931,3.3747],[-48.6905,3.3747],[-48.6879,3.3747],[-48.6853,3.3747],[-48.6827,3.3747],[-48.6801,3.3747],[-48.6775,3.3747],[-48.6749,3.3747],[-48.6723,3.3747],[-48.6697,3.3747],[-48.6671,3.3747],[-48.6645,3.3747],[-48.6619,3.3747],[-48.6593,3.3747],[-48.6567,3.3747],[-48.6541,3.3747],[-48.6515,3.3747],[-48.6489,3.3747],[-48.6463,3.3747],[-48.6437,3.3747],[-48.6411,3.3747],[-48.6385,3.3747],[-48.6358,3.3747],[-48.6332,3.3747],[-48.6306,3.3747],[-48.628,3.3747],[-48.6254,3.3747],[-48.6254,3.3773],[-48.6254,3.3799],[-48.6254,3.3825],[-48.6254,3.3851],[-48.6254,3.3877],[-48.6254,3.3903],[-48.6254,3.3929],[-48.6254,3.3955],[-48.6254,3.3981],[-48.6254,3.4007],[-48.6254,3.4033],[-48.6254,3.4059],[-48.6254,3.4085],[-48.6254,3.4111],[-48.6254,3.4137],[-48.6254,3.4163],[-48.6254,3.419],[-48.6254,3.4216],[-48.6254,3.4242],[-48.6254,3.4268],[-48.6254,3.4294],[-48.6254,3.432],[-48.6254,3.4346],[-48.6254,3.4372],[-48.6254,3.4398],[-48.6254,3.4424],[-48.6254,3.445],[-48.6254,3.4476],[-48.6254,3.4502],[-48.6254,3.4528],[-48.6254,3.4554],[-48.6254,3.458],[-48.6254,3.4606],[-48.6254,3.4632],[-48.6254,3.4658],[-48.6254,3.4684],[-48.6254,3.471],[-48.6254,3.4736],[-48.6254,3.4762],[-48.6254,3.4788],[-48.6254,3.4815],[-48.6254,3.4841],[-48.6254,3.4867],[-48.6254,3.4893],[-48.6254,3.4919],[-48.6254,3.4945],[-48.6254,3.4971],[-48.6254,3.4997]]]]},"geometry_name":"GEOMETRY","properties":{"COD_BLOCO":"FZA-M-539","COD_FASE_C":"E","DAT_ASSINA":"17-09-2013","DAT_TERMIN":null,"NOM_BACIA":"Foz do Amazonas","NOM_BLOCO":"FZA-M-539","NOM_FANTAS":"FZA-M-539_R11","NUM_CONTRA":"48610005489201387","NUM_DESCOB":0,"OPERADOR_C":"Prio Forte S.A.","RODADA":"Rodada 11","AREA_TOTAL":192,"AMBIENTE":"M ","BLOCOS":"FZA-M-539                                         "},"bbox":[-48.7504,3.3747,-48.6254,3.4997]},{"type":"Feature","id":"BLOCOS_EXPLORATORIOS_SIRGAS.2257","geometry":{"type":"MultiPolygon","coordinates":[[[[-39.6875,-18.2917],[-39.6875,-18.25],[-39.7448,-18.25],[-39.7448,-18.2917],[-39.6875,-18.2917]]]]},"geometry_name":"GEOMETRY","properties":{"COD_BLOCO":"ES-T-226","COD_FASE_C":"E","DAT_ASSINA":"15-07-2024","DAT_TERMIN":null,"NOM_BACIA":"Mucuri","NOM_BLOCO":"ES-T-226","NOM_FANTAS":"ES-T-226_OP4","NUM_CONTRA":"48610205866202439","NUM_DESCOB":0,"OPERADOR_C":"Elysian Brasil Exploração e Produção de Petróleo e Gás Natural Ltda.","RODADA":"OPC4","AREA_TOTAL":28,"AMBIENTE":"T ","BLOCOS":null},"bbox":[-39.7448,-18.2917,-39.6875,-18.25]},{"type":"Feature","id":"BLOCOS_EXPLORATORIOS_SIRGAS.1160","geometry":{"type":"MultiPolygon","coordinates":[[[[-40,-24.25],[-40.25,-24.25],[-40.25,-24.5],[-40,-24.5],[-40,-24.25]]]]},"geometry_name":"GEOMETRY","properties":{"COD_BLOCO":"C-M-757","COD_FASE_C":"E","DAT_ASSINA":"28-06-2021","DAT_TERMIN":"'''","NOM_BACIA":"Campos","NOM_BLOCO":"C-M-757","NOM_FANTAS":"C-M-757-OP2","NUM_CONTRA":"48610204668202113","NUM_DESCOB":0,"OPERADOR_C":"Shell Brasil Petróleo Ltda.","RODADA":"OPC2","AREA_TOTAL":702,"AMBIENTE":"M ","BLOCOS":"C-M-757                                           "},"bbox":[-40.25,-24.5,-40,-24.25]},{"type":"Feature","id":"BLOCOS_EXPLORATORIOS_SIRGAS.1159","geometry":{"type":"MultiPolygon","coordinates":[[[[-39.8125,-18.5417],[-39.7708,-18.5417],[-39.7708,-18.5],[-39.8125,-18.5],[-39.8125,-18.5417]]]]},"geometry_name":"GEOMETRY","properties":{"COD_BLOCO":"ES-T-305","COD_FASE_C":"E","DAT_ASSINA":"28-06-2021","DAT_TERMIN":null,"NOM_BACIA":"Espírito Santo","NOM_BLOCO":"ES-T-305","NOM_FANTAS":"ES-T-305-OP2","NUM_CONTRA":"48610204669202150","NUM_DESCOB":0,"OPERADOR_C":"Imetame Energia S.A.","RODADA":"OPC2","AREA_TOTAL":20,"AMBIENTE":"T ","BLOCOS":"ES-T-305                                          "},"bbox":[-39.8125,-18.5417,-39.7708,-18.5]},{"type":"Feature","id":"BLOCOS_EXPLORATORIOS_SIRGAS.2132","geometry":{"type":"MultiPolygon","coordinates":[[[[-43.1224,-26.5729],[-43.1406,-26.5729],[-43.1406,-26.5755],[-43.1745,-26.5755],[-43.1745,-26.5859],[-43.25,-26.5859],[-43.25,-27],[-43,-27],[-43,-26.75],[-42.75,-26.75],[-42.75,-26.5182],[-42.7604,-26.5182],[-42.7604,-26.5208],[-42.7786,-26.5208],[-42.7786,-26.5234],[-42.7969,-26.5234],[-42.7969,-26.526],[-42.8125,-26.526],[-42.8125,-26.5286],[-42.8307,-26.5286],[-42.8307,-26.5312],[-42.849,-26.5312],[-42.849,-26.5339],[-42.8672,-26.5339],[-42.8672,-26.5365],[-42.8854,-26.5365],[-42.8854,-26.5391],[-42.9036,-26.5391],[-42.9036,-26.5417],[-42.9219,-26.5417],[-42.9219,-26.5443],[-42.9401,-26.5443],[-42.9401,-26.5469],[-42.9583,-26.5469],[-42.9583,-26.5495],[-42.9766,-26.5495],[-42.9766,-26.5521],[-42.9948,-26.5521],[-42.9948,-26.5547],[-43.013,-26.5547],[-43.013,-26.5573],[-43.0312,-26.5573],[-43.0312,-26.5599],[-43.0495,-26.5599],[-43.0495,-26.5625],[-43.0677,-26.5625],[-43.0677,-26.5651],[-43.0859,-26.5651],[-43.0859,-26.5677],[-43.1042,-26.5677],[-43.1042,-26.5703],[-43.1224,-26.5703],[-43.1224,-26.5729]]]]},"geometry_name":"GEOMETRY","properties":{"COD_BLOCO":"S-M-1378","COD_FASE_C":"E","DAT_ASSINA":"25-06-2024","DAT_TERMIN":null,"NOM_BACIA":"Santos","NOM_BLOCO":"S-M-1378","NOM_FANTAS":"S-M-1378_OP4","NUM_CONTRA":"48610206117202429","NUM_DESCOB":0,"OPERADOR_C":"Equinor Brasil Energia Ltda.","RODADA":"OPC4","AREA_TOTAL":1768,"AMBIENTE":"M ","BLOCOS":null},"bbox":[-43.25,-27,-42.75,-26.5182]},{"type":"Feature","id":"BLOCOS_EXPLORATORIOS_SIRGAS.2256","geometry":{"type":"MultiPolygon","coordinates":[[[[-40,-18.7917],[-40,-18.8333],[-39.9223,-18.8333],[-39.9223,-18.8312],[-39.9223,-18.8286],[-39.9223,-18.826],[-39.9223,-18.8234],[-39.9223,-18.8208],[-39.9223,-18.8182],[-39.9223,-18.8156],[-39.9223,-18.813],[-39.9223,-18.8104],[-39.9223,-18.8078],[-39.9223,-18.8052],[-39.9223,-18.8026],[-39.9223,-18.8],[-39.9223,-18.7974],[-39.9223,-18.7948],[-39.9223,-18.7921],[-39.9219,-18.7921],[-39.9219,-18.7917],[-40,-18.7917]]]]},"geometry_name":"GEOMETRY","properties":{"COD_BLOCO":"ES-T-380","COD_FASE_C":"E","DAT_ASSINA":"15-07-2024","DAT_TERMIN":null,"NOM_BACIA":"Espírito Santo","NOM_BLOCO":"ES-T-380","NOM_FANTAS":"ES-T-380_OP4","NUM_CONTRA":"48610205867202483","NUM_DESCOB":0,"OPERADOR_C":"Elysian Brasil Exploração e Produção de Petróleo e Gás Natural Ltda.","RODADA":"OPC4","AREA_TOTAL":38,"AMBIENTE":"T ","BLOCOS":null},"bbox":[-40,-18.8333,-39.9219,-18.7917]},{"type":"Feature","id":"BLOCOS_EXPLORATORIOS_SIRGAS.1158","geometry":{"type":"MultiPolygon","coordinates":[[[[-39.8125,-18.9167],[-39.8441,-18.9167],[-39.8441,-18.9198],[-39.8441,-18.9224],[-39.8441,-18.925],[-39.8441,-18.9276],[-39.8441,-18.9302],[-39.8441,-18.9328],[-39.8441,-18.9354],[-39.8441,-18.938],[-39.8441,-18.9406],[-39.8441,-18.9432],[-39.8441,-18.9458],[-39.8441,-18.9484],[-39.8441,-18.951],[-39.8441,-18.9536],[-39.8441,-18.9562],[-39.8441,-18.9588],[-39.8415,-18.9588],[-39.8389,-18.9588],[-39.8363,-18.9588],[-39.8337,-18.9588],[-39.8311,-18.9588],[-39.8285,-18.9588],[-39.8285,-18.9583],[-39.8125,-18.9583],[-39.8125,-18.9167]]]]},"geometry_name":"GEOMETRY","properties":{"COD_BLOCO":"ES-T-409","COD_FASE_C":"E","DAT_ASSINA":"28-06-2021","DAT_TERMIN":"'''","NOM_BACIA":"Espírito Santo","NOM_BLOCO":"ES-T-409","NOM_FANTAS":"ES-T-409-OP2","NUM_CONTRA":"48610204670202184","NUM_DESCOB":0,"OPERADOR_C":"Imetame Energia S.A.","RODADA":"OPC2","AREA_TOTAL":15,"AMBIENTE":"T ","BLOCOS":"ES-T-409                                          "},"bbox":[-39.8441,-18.9588,-39.8125,-18.9167]},{"type":"Feature","id":"BLOCOS_EXPLORATORIOS_SIRGAS.1157","geometry":{"type":"MultiPolygon","coordinates":[[[[-39.8233,-19.0317],[-39.8233,-19.0291],[-39.8233,-19.0265],[-39.8233,-19.0239],[-39.8233,-19.0213],[-39.8207,-19.0213],[-39.8181,-19.0213],[-39.8181,-19.0187],[-39.8181,-19.0161],[-39.8181,-19.0135],[-39.8181,-19.0109],[-39.8155,-19.0109],[-39.8155,-19.0083],[-39.8129,-19.0083],[-39.8103,-19.0083],[-39.8103,-19.0052],[-39.8103,-19.0026],[-39.8103,-19],[-39.8233,-19],[-39.8233,-19.0005],[-39.8259,-19.0005],[-39.8285,-19.0005],[-39.8311,-19.0005],[-39.8337,-19.0005],[-39.8363,-19.0005],[-39.8389,-19.0005],[-39.8415,-19.0005],[-39.8415,-18.9979],[-39.8441,-18.9979],[-39.8441,-18.9953],[-39.8467,-18.9953],[-39.8493,-18.9953],[-39.8519,-18.9953],[-39.8519,-18.9979],[-39.8519,-19.0005],[-39.8519,-19.0031],[-39.8519,-19.0057],[-39.8519,-19.0083],[-39.8519,-19.0109],[-39.8519,-19.0135],[-39.8519,-19.0161],[-39.8519,-19.0187],[-39.8545,-19.0187],[-39.8572,-19.0187],[-39.8572,-19.0213],[-39.8572,-19.0239],[-39.8572,-19.0265],[-39.8594,-19.0265],[-39.862,-19.0265],[-39.8646,-19.0265],[-39.8672,-19.0265],[-39.8698,-19.0265],[-39.8724,-19.0265],[-39.875,-19.0265],[-39.875,-19.0417],[-39.8155,-19.0417],[-39.8155,-19.0395],[-39.8155,-19.0369],[-39.8155,-19.0343],[-39.8155,-19.0317],[-39.8181,-19.0317],[-39.8207,-19.0317],[-39.8233,-19.0317]]]]},"geometry_name":"GEOMETRY","properties":{"COD_BLOCO":"ES-T-429","COD_FASE_C":"E","DAT_ASSINA":"28-06-2021","DAT_TERMIN":"'''","NOM_BACIA":"Espírito Santo","NOM_BLOCO":"ES-T-429","NOM_FANTAS":"ES-T-429-OP2","NUM_CONTRA":"48610204671202129","NUM_DESCOB":0,"OPERADOR_C":"Imetame Energia S.A.","RODADA":"OPC2","AREA_TOTAL":22,"AMBIENTE":"T ","BLOCOS":"ES-T-429                                          "},"bbox":[-39.875,-19.0417,-39.8103,-18.9953]},{"type":"Feature","id":"BLOCOS_EXPLORATORIOS_SIRGAS.1458","geometry":{"type":"MultiPolygon","coordinates":[[[[-38.4379,-12.2452],[-38.4379,-12.2426],[-38.4379,-12.24],[-38.4379,-12.2374],[-38.4379,-12.2348],[-38.4379,-12.2322],[-38.4379,-12.2296],[-38.4379,-12.227],[-38.4379,-12.2244],[-38.4379,-12.2218],[-38.4379,-12.2192],[-38.4379,-12.2166],[-38.4379,-12.214],[-38.4379,-12.2114],[-38.4379,-12.2088],[-38.4379,-12.2062],[-38.4379,-12.2036],[-38.4379,-12.201],[-38.4379,-12.1984],[-38.4379,-12.1958],[-38.4379,-12.1931],[-38.4379,-12.1905],[-38.4379,-12.1879],[-38.4379,-12.1853],[-38.4379,-12.1827],[-38.4379,-12.1801],[-38.4379,-12.1775],[-38.4379,-12.1749],[-38.4379,-12.1723],[-38.4379,-12.1697],[-38.4379,-12.1671],[-38.4375,-12.1671],[-38.4375,-12.1667],[-38.5,-12.1667],[-38.5,-12.1801],[-38.4978,-12.1801],[-38.4978,-12.1775],[-38.4951,-12.1775],[-38.4925,-12.1775],[-38.4899,-12.1775],[-38.4873,-12.1775],[-38.4873,-12.1749],[-38.4847,-12.1749],[-38.4821,-12.1749],[-38.4795,-12.1749],[-38.4795,-12.1723],[-38.4769,-12.1723],[-38.4743,-12.1723],[-38.4743,-12.1749],[-38.4743,-12.1775],[-38.4743,-12.1801],[-38.4717,-12.1801],[-38.4717,-12.1827],[-38.4717,-12.1853],[-38.4691,-12.1853],[-38.4691,-12.1879],[-38.4665,-12.1879],[-38.4639,-12.1879],[-38.4639,-12.1905],[-38.4639,-12.1931],[-38.4639,-12.1958],[-38.4639,-12.1984],[-38.4613,-12.1984],[-38.4613,-12.201],[-38.4613,-12.2036],[-38.4587,-12.2036],[-38.4561,-12.2036],[-38.4561,-12.2062],[-38.4561,-12.2088],[-38.4561,-12.2114],[-38.4587,-12.2114],[-38.4587,-12.214],[-38.4613,-12.214],[-38.4639,-12.214],[-38.4665,-12.214],[-38.4665,-12.2166],[-38.4691,-12.2166],[-38.4691,-12.2192],[-38.4665,-12.2192],[-38.4665,-12.2218],[-38.4639,-12.2218],[-38.4639,-12.2244],[-38.4639,-12.227],[-38.4613,-12.227],[-38.4587,-12.227],[-38.4561,-12.227],[-38.4561,-12.2296],[-38.4561,-12.2322],[-38.4561,-12.2348],[-38.4561,-12.2374],[-38.4535,-12.2374],[-38.4509,-12.2374],[-38.4509,-12.24],[-38.4509,-12.2426],[-38.4509,-12.2452],[-38.4535,-12.2452],[-38.4561,-12.2452],[-38.4561,-12.2478],[-38.4587,-12.2478],[-38.4587,-12.2504],[-38.4561,-12.2504],[-38.4535,-12.2504],[-38.4509,-12.2504],[-38.4483,-12.2504],[-38.4457,-12.2504],[-38.4431,-12.2504],[-38.4431,-12.2478],[-38.4431,-12.2452],[-38.4405,-12.2452],[-38.4379,-12.2452]]]]},"geometry_name":"GEOMETRY","properties":{"COD_BLOCO":"REC-T-103","COD_FASE_C":"E","DAT_ASSINA":"09-11-2022","DAT_TERMIN":null,"NOM_BACIA":"Recôncavo","NOM_BLOCO":"REC-T-103","NOM_FANTAS":null,"NUM_CONTRA":"48610215456202234","NUM_DESCOB":0,"OPERADOR_C":"Petroborn Óleo e Gás S.A.","RODADA":"OPC3","AREA_TOTAL":28,"AMBIENTE":"T ","BLOCOS":null},"bbox":[-38.5,-12.2504,-38.4375,-12.1667]},{"type":"Feature","id":"BLOCOS_EXPLORATORIOS_SIRGAS.1461","geometry":{"type":"MultiPolygon","coordinates":[[[[-36.2214,-9.776],[-36.2187,-9.776],[-36.2187,-9.7839],[-36.2214,-9.7839],[-36.2214,-9.7865],[-36.224,-9.7865],[-36.224,-9.7891],[-36.2292,-9.7891],[-36.2292,-9.7917],[-36.1875,-9.7917],[-36.1875,-9.7921],[-36.1852,-9.7921],[-36.1826,-9.7921],[-36.18,-9.7921],[-36.1774,-9.7921],[-36.1748,-9.7921],[-36.1722,-9.7921],[-36.1696,-9.7921],[-36.167,-9.7921],[-36.1644,-9.7921],[-36.1618,-9.7921],[-36.1592,-9.7921],[-36.1566,-9.7921],[-36.154,-9.7921],[-36.1514,-9.7921],[-36.1488,-9.7921],[-36.1462,-9.7921],[-36.1436,-9.7921],[-36.141,-9.7921],[-36.1384,-9.7921],[-36.1384,-9.7895],[-36.1384,-9.7869],[-36.141,-9.7869],[-36.1436,-9.7869],[-36.1462,-9.7869],[-36.1488,-9.7869],[-36.1514,-9.7869],[-36.154,-9.7869],[-36.1566,-9.7869],[-36.1592,-9.7869],[-36.1618,-9.7869],[-36.1618,-9.7843],[-36.1618,-9.7817],[-36.1644,-9.7817],[-36.167,-9.7817],[-36.1696,-9.7817],[-36.1722,-9.7817],[-36.1748,-9.7817],[-36.1774,-9.7817],[-36.18,-9.7817],[-36.1826,-9.7817],[-36.1852,-9.7817],[-36.1852,-9.7791],[-36.1852,-9.7765],[-36.1852,-9.7739],[-36.1852,-9.7713],[-36.1878,-9.7713],[-36.1904,-9.7713],[-36.1904,-9.7687],[-36.1904,-9.7661],[-36.193,-9.7661],[-36.1956,-9.7661],[-36.1983,-9.7661],[-36.1983,-9.763],[-36.1983,-9.7604],[-36.1983,-9.7578],[-36.1983,-9.7552],[-36.1983,-9.7526],[-36.1983,-9.75],[-36.237,-9.75],[-36.237,-9.7526],[-36.2344,-9.7526],[-36.2344,-9.7578],[-36.2318,-9.7578],[-36.2318,-9.7656],[-36.2292,-9.7656],[-36.2292,-9.7682],[-36.2266,-9.7682],[-36.2266,-9.7734],[-36.2214,-9.7734],[-36.2214,-9.776]]]]},"geometry_name":"GEOMETRY","properties":{"COD_BLOCO":"SEAL-T-151","COD_FASE_C":"E","DAT_ASSINA":"24-11-2022","DAT_TERMIN":null,"NOM_BACIA":"Alagoas","NOM_BLOCO":"SEAL-T-151","NOM_FANTAS":null,"NUM_CONTRA":"48610215476202213","NUM_DESCOB":0,"OPERADOR_C":"Origem Energia S.A.","RODADA":"OPC3","AREA_TOTAL":23,"AMBIENTE":"T ","BLOCOS":null},"bbox":[-36.237,-9.7921,-36.1384,-9.75]},{"type":"Feature","id":"BLOCOS_EXPLORATORIOS_SIRGAS.1463","geometry":{"type":"MultiPolygon","coordinates":[[[[-36.0472,-9.7921],[-36.0472,-9.7947],[-36.0498,-9.7947],[-36.0524,-9.7947],[-36.055,-9.7947],[-36.0576,-9.7947],[-36.0602,-9.7947],[-36.0602,-9.7921],[-36.0625,-9.7921],[-36.0625,-9.8047],[-36.0547,-9.8047],[-36.0547,-9.8281],[-36.0625,-9.8281],[-36.0625,-9.8333],[-36.0472,-9.8333],[-36.0472,-9.8312],[-36.0472,-9.8286],[-36.0472,-9.8259],[-36.0472,-9.8233],[-36.0472,-9.8207],[-36.0472,-9.8181],[-36.0446,-9.8181],[-36.042,-9.8181],[-36.0394,-9.8181],[-36.0394,-9.8207],[-36.0368,-9.8207],[-36.0368,-9.8233],[-36.0342,-9.8233],[-36.0342,-9.8259],[-36.0316,-9.8259],[-36.0316,-9.8281],[-36.0316,-9.8307],[-36.0316,-9.8333],[-36,-9.8333],[-36,-9.7921],[-36.0029,-9.7921],[-36.0055,-9.7921],[-36.0081,-9.7921],[-36.0107,-9.7921],[-36.0134,-9.7921],[-36.016,-9.7921],[-36.0186,-9.7921],[-36.0212,-9.7921],[-36.0238,-9.7921],[-36.0264,-9.7921],[-36.029,-9.7921],[-36.0316,-9.7921],[-36.0342,-9.7921],[-36.0368,-9.7921],[-36.0394,-9.7921],[-36.042,-9.7921],[-36.0446,-9.7921],[-36.0472,-9.7921]]]]},"geometry_name":"GEOMETRY","properties":{"COD_BLOCO":"SEAL-T-167","COD_FASE_C":"E","DAT_ASSINA":"24-11-2022","DAT_TERMIN":null,"NOM_BACIA":"Alagoas","NOM_BLOCO":"SEAL-T-167","NOM_FANTAS":null,"NUM_CONTRA":"48610215479202249","NUM_DESCOB":0,"OPERADOR_C":"Origem Energia S.A.","RODADA":"OPC3","AREA_TOTAL":26,"AMBIENTE":"T ","BLOCOS":null},"bbox":[-36.0625,-9.8333,-36,-9.7921]},{"type":"Feature","id":"BLOCOS_EXPLORATORIOS_SIRGAS.1465","geometry":{"type":"MultiPolygon","coordinates":[[[[-35.8779,-9.5733],[-35.875,-9.5733],[-35.875,-9.5417],[-35.9375,-9.5417],[-35.9375,-9.5655],[-35.9352,-9.5655],[-35.9326,-9.5655],[-35.93,-9.5655],[-35.9274,-9.5655],[-35.9248,-9.5655],[-35.9222,-9.5655],[-35.9196,-9.5655],[-35.917,-9.5655],[-35.9144,-9.5655],[-35.9118,-9.5655],[-35.9092,-9.5655],[-35.9066,-9.5655],[-35.904,-9.5655],[-35.9014,-9.5655],[-35.8988,-9.5655],[-35.8962,-9.5655],[-35.8936,-9.5655],[-35.891,-9.5655],[-35.8884,-9.5655],[-35.8857,-9.5655],[-35.8831,-9.5655],[-35.8805,-9.5655],[-35.8779,-9.5655],[-35.8779,-9.5681],[-35.8779,-9.5707],[-35.8779,-9.5733]]]]},"geometry_name":"GEOMETRY","properties":{"COD_BLOCO":"SEAL-T-102","COD_FASE_C":"E","DAT_ASSINA":"24-11-2022","DAT_TERMIN":null,"NOM_BACIA":"Alagoas","NOM_BLOCO":"SEAL-T-102","NOM_FANTAS":null,"NUM_CONTRA":"48610215470202238","NUM_DESCOB":0,"OPERADOR_C":"Origem Energia S.A.","RODADA":"OPC3","AREA_TOTAL":18,"AMBIENTE":"T ","BLOCOS":null},"bbox":[-35.9375,-9.5733,-35.875,-9.5417]},{"type":"Feature","id":"BLOCOS_EXPLORATORIOS_SIRGAS.1466","geometry":{"type":"MultiPolygon","coordinates":[[[[-35.9535,-9.6176],[-35.9535,-9.615],[-35.9535,-9.6124],[-35.9535,-9.6098],[-35.9535,-9.6072],[-35.9535,-9.6046],[-35.9535,-9.602],[-35.9535,-9.5994],[-35.9535,-9.5968],[-35.9535,-9.5942],[-35.9535,-9.5916],[-35.9535,-9.589],[-35.9535,-9.5864],[-35.9535,-9.5838],[-35.9531,-9.5838],[-35.9531,-9.5833],[-36,-9.5833],[-36,-9.6254],[-35.9977,-9.6254],[-35.9951,-9.6254],[-35.9925,-9.6254],[-35.9899,-9.6254],[-35.9873,-9.6254],[-35.9847,-9.6254],[-35.9821,-9.6254],[-35.9795,-9.6254],[-35.9769,-9.6254],[-35.9743,-9.6254],[-35.9717,-9.6254],[-35.9691,-9.6254],[-35.9665,-9.6254],[-35.9639,-9.6254],[-35.9613,-9.6254],[-35.9587,-9.6254],[-35.9561,-9.6254],[-35.9535,-9.6254],[-35.9509,-9.6254],[-35.9482,-9.6254],[-35.9456,-9.6254],[-35.943,-9.6254],[-35.9404,-9.6254],[-35.9378,-9.6254],[-35.9378,-9.625],[-35.9375,-9.625],[-35.9375,-9.6176],[-35.9404,-9.6176],[-35.943,-9.6176],[-35.9456,-9.6176],[-35.9482,-9.6176],[-35.9509,-9.6176],[-35.9535,-9.6176]]]]},"geometry_name":"GEOMETRY","properties":{"COD_BLOCO":"SEAL-T-110","COD_FASE_C":"E","DAT_ASSINA":"24-11-2022","DAT_TERMIN":null,"NOM_BACIA":"Alagoas","NOM_BLOCO":"SEAL-T-110","NOM_FANTAS":null,"NUM_CONTRA":"48610215472202227","NUM_DESCOB":0,"OPERADOR_C":"Origem Energia S.A.","RODADA":"OPC3","AREA_TOTAL":25,"AMBIENTE":"T ","BLOCOS":null},"bbox":[-36,-9.6254,-35.9375,-9.5833]},{"type":"Feature","id":"BLOCOS_EXPLORATORIOS_SIRGAS.1459","geometry":{"type":"MultiPolygon","coordinates":[[[[-38.5,-12.0004],[-38.5026,-12.0004],[-38.5052,-12.0004],[-38.5078,-12.0004],[-38.5104,-12.0004],[-38.513,-12.0004],[-38.5156,-12.0004],[-38.5182,-12.0004],[-38.5208,-12.0004],[-38.5234,-12.0004],[-38.526,-12.0004],[-38.5286,-12.0004],[-38.5312,-12.0004],[-38.5339,-12.0004],[-38.5365,-12.0004],[-38.5391,-12.0004],[-38.5417,-12.0004],[-38.5443,-12.0004],[-38.5469,-12.0004],[-38.5495,-12.0004],[-38.5521,-12.0004],[-38.5547,-12.0004],[-38.5573,-12.0004],[-38.5599,-12.0004],[-38.5625,-12.0004],[-38.5651,-12.0004],[-38.5677,-12.0004],[-38.5703,-12.0004],[-38.5729,-12.0004],[-38.5755,-12.0004],[-38.5781,-12.0004],[-38.5807,-12.0004],[-38.5833,-12.0004],[-38.5859,-12.0004],[-38.5885,-12.0004],[-38.5911,-12.0004],[-38.5937,-12.0004],[-38.5964,-12.0004],[-38.599,-12.0004],[-38.6016,-12.0004],[-38.6042,-12.0004],[-38.6068,-12.0004],[-38.6094,-12.0004],[-38.612,-12.0004],[-38.6146,-12.0004],[-38.6172,-12.0004],[-38.6198,-12.0004],[-38.6224,-12.0004],[-38.625,-12.0004],[-38.625,-12.125],[-38.5,-12.125],[-38.5,-12.0004]]]]},"geometry_name":"GEOMETRY","properties":{"COD_BLOCO":"TUC-T-177","COD_FASE_C":"E","DAT_ASSINA":"24-11-2022","DAT_TERMIN":null,"NOM_BACIA":"Tucano Sul","NOM_BLOCO":"TUC-T-177","NOM_FANTAS":null,"NUM_CONTRA":"48610215489202284","NUM_DESCOB":0,"OPERADOR_C":"Origem Energia S.A.","RODADA":"OPC3","AREA_TOTAL":188,"AMBIENTE":"T ","BLOCOS":null},"bbox":[-38.625,-12.125,-38.5,-12.0004]},{"type":"Feature","id":"BLOCOS_EXPLORATORIOS_SIRGAS.1468","geometry":{"type":"MultiPolygon","coordinates":[[[[-35.8389,-9.6254],[-35.8389,-9.628],[-35.8389,-9.6306],[-35.8389,-9.6332],[-35.8389,-9.6358],[-35.8389,-9.6384],[-35.8389,-9.6411],[-35.8415,-9.6411],[-35.8441,-9.6411],[-35.8467,-9.6411],[-35.8493,-9.6411],[-35.8493,-9.6437],[-35.8493,-9.6463],[-35.8519,-9.6463],[-35.8545,-9.6463],[-35.8571,-9.6463],[-35.8597,-9.6463],[-35.8623,-9.6463],[-35.8649,-9.6463],[-35.8649,-9.6489],[-35.8649,-9.6515],[-35.8672,-9.6515],[-35.8698,-9.6515],[-35.8724,-9.6515],[-35.875,-9.6515],[-35.875,-9.6667],[-35.8385,-9.6667],[-35.8385,-9.651],[-35.8359,-9.651],[-35.8359,-9.6484],[-35.8333,-9.6484],[-35.8333,-9.6458],[-35.8307,-9.6458],[-35.8307,-9.6432],[-35.8125,-9.6432],[-35.8125,-9.625],[-35.8128,-9.625],[-35.8128,-9.6254],[-35.8154,-9.6254],[-35.818,-9.6254],[-35.8206,-9.6254],[-35.8232,-9.6254],[-35.8259,-9.6254],[-35.8285,-9.6254],[-35.8311,-9.6254],[-35.8337,-9.6254],[-35.8363,-9.6254],[-35.8389,-9.6254]]]]},"geometry_name":"GEOMETRY","properties":{"COD_BLOCO":"SEAL-T-120","COD_FASE_C":"E","DAT_ASSINA":"24-11-2022","DAT_TERMIN":null,"NOM_BACIA":"Alagoas","NOM_BLOCO":"SEAL-T-120","NOM_FANTAS":null,"NUM_CONTRA":"48610215474202216","NUM_DESCOB":0,"OPERADOR_C":"Origem Energia S.A.","RODADA":"OPC3","AREA_TOTAL":15,"AMBIENTE":"T ","BLOCOS":null},"bbox":[-35.875,-9.6667,-35.8125,-9.625]},{"type":"Feature","id":"BLOCOS_EXPLORATORIOS_SIRGAS.1469","geometry":{"type":"MultiPolygon","coordinates":[[[[-36.0732,-9.7218],[-36.0732,-9.7244],[-36.0732,-9.727],[-36.0732,-9.7296],[-36.0703,-9.7296],[-36.0677,-9.7296],[-36.0651,-9.7296],[-36.0625,-9.7296],[-36.0625,-9.7083],[-36.125,-9.7083],[-36.125,-9.7296],[-36.1227,-9.7296],[-36.1201,-9.7296],[-36.1175,-9.7296],[-36.1175,-9.7318],[-36.1175,-9.7344],[-36.1175,-9.737],[-36.1175,-9.7396],[-36.1175,-9.7422],[-36.1175,-9.7448],[-36.1175,-9.7474],[-36.1175,-9.75],[-36.0915,-9.75],[-36.0915,-9.7478],[-36.0915,-9.7452],[-36.0915,-9.7426],[-36.0915,-9.74],[-36.0915,-9.7374],[-36.0915,-9.7348],[-36.0915,-9.7322],[-36.0915,-9.7296],[-36.0915,-9.727],[-36.0915,-9.7244],[-36.0915,-9.7218],[-36.0889,-9.7218],[-36.0863,-9.7218],[-36.0837,-9.7218],[-36.0811,-9.7218],[-36.0785,-9.7218],[-36.0759,-9.7218],[-36.0732,-9.7218]]]]},"geometry_name":"GEOMETRY","properties":{"COD_BLOCO":"SEAL-T-141","COD_FASE_C":"E","DAT_ASSINA":"24-11-2022","DAT_TERMIN":null,"NOM_BACIA":"Alagoas","NOM_BLOCO":"SEAL-T-141","NOM_FANTAS":null,"NUM_CONTRA":"48610215475202261","NUM_DESCOB":0,"OPERADOR_C":"Origem Energia S.A.","RODADA":"OPC3","AREA_TOTAL":21,"AMBIENTE":"T ","BLOCOS":null},"bbox":[-36.125,-9.75,-36.0625,-9.7083]},{"type":"Feature","id":"BLOCOS_EXPLORATORIOS_SIRGAS.1045","geometry":{"type":"MultiPolygon","coordinates":[[[[-40.2109,-23.7995],[-40.2266,-23.7995],[-40.2266,-23.8047],[-40.25,-23.8047],[-40.25,-24],[-40,-24],[-40,-23.5],[-40.0004,-23.5],[-40.0004,-23.5005],[-40.0026,-23.5005],[-40.0052,-23.5005],[-40.0078,-23.5005],[-40.0104,-23.5005],[-40.013,-23.5005],[-40.0156,-23.5005],[-40.0182,-23.5005],[-40.0208,-23.5005],[-40.0234,-23.5005],[-40.026,-23.5005],[-40.0286,-23.5005],[-40.0312,-23.5005],[-40.0339,-23.5005],[-40.0365,-23.5005],[-40.0391,-23.5005],[-40.0417,-23.5005],[-40.0443,-23.5005],[-40.0469,-23.5005],[-40.0495,-23.5005],[-40.0521,-23.5005],[-40.0547,-23.5005],[-40.0573,-23.5005],[-40.0599,-23.5005],[-40.0625,-23.5005],[-40.0651,-23.5005],[-40.0677,-23.5005],[-40.0703,-23.5005],[-40.0729,-23.5005],[-40.0755,-23.5005],[-40.0781,-23.5005],[-40.0807,-23.5005],[-40.0833,-23.5005],[-40.0859,-23.5005],[-40.0885,-23.5005],[-40.0911,-23.5005],[-40.0937,-23.5005],[-40.0964,-23.5005],[-40.0964,-23.5078],[-40.1016,-23.5078],[-40.1016,-23.5156],[-40.1068,-23.5156],[-40.1068,-23.5234],[-40.112,-23.5234],[-40.112,-23.5312],[-40.1172,-23.5312],[-40.1172,-23.5365],[-40.1224,-23.5365],[-40.1224,-23.5443],[-40.1276,-23.5443],[-40.1276,-23.5521],[-40.1328,-23.5521],[-40.1328,-23.5573],[-40.138,-23.5573],[-40.138,-23.5651],[-40.1432,-23.5651],[-40.1432,-23.5703],[-40.1484,-23.5703],[-40.1484,-23.5781],[-40.1536,-23.5781],[-40.1536,-23.5833],[-40.1589,-23.5833],[-40.1589,-23.5911],[-40.1641,-23.5911],[-40.1641,-23.5964],[-40.1693,-23.5964],[-40.1693,-23.6042],[-40.1745,-23.6042],[-40.1745,-23.612],[-40.1771,-23.612],[-40.1771,-23.6641],[-40.1432,-23.6641],[-40.1432,-23.7161],[-40.1875,-23.7161],[-40.1875,-23.75],[-40.2005,-23.75],[-40.2005,-23.7839],[-40.2109,-23.7839],[-40.2109,-23.7995]]]]},"geometry_name":"GEOMETRY","properties":{"COD_BLOCO":"C-M-659","COD_FASE_C":"E","DAT_ASSINA":"14-02-2020","DAT_TERMIN":null,"NOM_BACIA":"Campos","NOM_BLOCO":"C-M-659","NOM_FANTAS":"C-M-659_R16","NUM_CONTRA":"48610221674201911","NUM_DESCOB":0,"OPERADOR_C":"Shell Brasil Petróleo Ltda.","RODADA":"Rodada 16","AREA_TOTAL":1108,"AMBIENTE":"M ","BLOCOS":"C-M-659                                           "},"bbox":[-40.25,-24,-40,-23.5]},{"type":"Feature","id":"BLOCOS_EXPLORATORIOS_SIRGAS.2254","geometry":{"type":"MultiPolygon","coordinates":[[[[-39.9375,-18.9167],[-39.9375,-18.875],[-40,-18.875],[-40,-18.9167],[-39.9375,-18.9167]]]]},"geometry_name":"GEOMETRY","properties":{"COD_BLOCO":"ES-T-398","COD_FASE_C":"E","DAT_ASSINA":"15-07-2024","DAT_TERMIN":null,"NOM_BACIA":"Espírito Santo","NOM_BLOCO":"ES-T-398","NOM_FANTAS":"ES-T-398_OP4","NUM_CONTRA":"48610205869202472","NUM_DESCOB":0,"OPERADOR_C":"Elysian Brasil Exploração e Produção de Petróleo e Gás Natural Ltda.","RODADA":"OPC4","AREA_TOTAL":30.37,"AMBIENTE":"T ","BLOCOS":null},"bbox":[-40,-18.9167,-39.9375,-18.875]},{"type":"Feature","id":"BLOCOS_EXPLORATORIOS_SIRGAS.2255","geometry":{"type":"MultiPolygon","coordinates":[[[[-39.9223,-18.875],[-39.9223,-18.8724],[-39.9223,-18.8698],[-39.9223,-18.8672],[-39.9223,-18.8646],[-39.9223,-18.862],[-39.9223,-18.8594],[-39.9223,-18.8568],[-39.9223,-18.8542],[-39.9223,-18.8516],[-39.9223,-18.849],[-39.9223,-18.8464],[-39.9223,-18.8437],[-39.9223,-18.8411],[-39.9223,-18.8385],[-39.9223,-18.8359],[-39.9223,-18.8333],[-40,-18.8333],[-40,-18.875],[-39.9223,-18.875]]]]},"geometry_name":"GEOMETRY","properties":{"COD_BLOCO":"ES-T-389","COD_FASE_C":"E","DAT_ASSINA":"15-07-2024","DAT_TERMIN":null,"NOM_BACIA":"Espírito Santo","NOM_BLOCO":"ES-T-389","NOM_FANTAS":"ES-T-389_OP4","NUM_CONTRA":"48610205868202428","NUM_DESCOB":0,"OPERADOR_C":"Elysian Brasil Exploração e Produção de Petróleo e Gás Natural Ltda.","RODADA":"OPC4","AREA_TOTAL":38,"AMBIENTE":"T ","BLOCOS":null},"bbox":[-40,-18.875,-39.9223,-18.8333]},{"type":"Feature","id":"BLOCOS_EXPLORATORIOS_SIRGAS.1041","geometry":{"type":"MultiPolygon","coordinates":[[[[-40.25,-24.25],[-40,-24.25],[-40,-24],[-40.25,-24],[-40.25,-24.25]]]]},"geometry_name":"GEOMETRY","properties":{"COD_BLOCO":"C-M-713","COD_FASE_C":"E","DAT_ASSINA":"14-02-2020","DAT_TERMIN":null,"NOM_BACIA":"Campos","NOM_BLOCO":"C-M-713","NOM_FANTAS":"C-M-713_R16","NUM_CONTRA":"48610221678201991","NUM_DESCOB":0,"OPERADOR_C":"Shell Brasil Petróleo Ltda.","RODADA":"Rodada 16","AREA_TOTAL":704,"AMBIENTE":"M ","BLOCOS":"C-M-713                                           "},"bbox":[-40.25,-24.25,-40,-24]},{"type":"Feature","id":"BLOCOS_EXPLORATORIOS_SIRGAS.1065","geometry":{"type":"MultiPolygon","coordinates":[[[[-38.25,-12.0417],[-38.1879,-12.0417],[-38.1879,-12.0395],[-38.1879,-12.0369],[-38.1879,-12.0343],[-38.1879,-12.0317],[-38.1879,-12.0291],[-38.1879,-12.0265],[-38.1879,-12.0239],[-38.1879,-12.0213],[-38.1879,-12.0187],[-38.1879,-12.0161],[-38.1879,-12.0135],[-38.1879,-12.0109],[-38.1879,-12.0083],[-38.1879,-12.0056],[-38.1879,-12.003],[-38.1879,-12.0004],[-38.1875,-12.0004],[-38.1875,-12],[-38.25,-12],[-38.25,-12.0417]]]]},"geometry_name":"GEOMETRY","properties":{"COD_BLOCO":"REC-T-67","COD_FASE_C":"E","DAT_ASSINA":"14-02-2020","DAT_TERMIN":null,"NOM_BACIA":"Recôncavo","NOM_BLOCO":"REC-T-67","NOM_FANTAS":"REC-T-67_OP1","NUM_CONTRA":"48610222071201928","NUM_DESCOB":0,"OPERADOR_C":"Geopark Brasil Exploração e Produção de Petróleo e Gás Ltda.","RODADA":"OPC1","AREA_TOTAL":31,"AMBIENTE":"T ","BLOCOS":"REC-T-67                                          "},"bbox":[-38.25,-12.0417,-38.1875,-12]},{"type":"Feature","id":"BLOCOS_EXPLORATORIOS_SIRGAS.1064","geometry":{"type":"MultiPolygon","coordinates":[[[[-38.1875,-12.0004],[-38.1853,-12.0004],[-38.1826,-12.0004],[-38.18,-12.0004],[-38.1774,-12.0004],[-38.1748,-12.0004],[-38.1722,-12.0004],[-38.1696,-12.0004],[-38.167,-12.0004],[-38.1644,-12.0004],[-38.1618,-12.0004],[-38.1592,-12.0004],[-38.1566,-12.0004],[-38.154,-12.0004],[-38.1514,-12.0004],[-38.1488,-12.0004],[-38.1462,-12.0004],[-38.1436,-12.0004],[-38.141,-12.0004],[-38.1384,-12.0004],[-38.1358,-12.0004],[-38.1332,-12.0004],[-38.1306,-12.0004],[-38.128,-12.0004],[-38.1254,-12.0004],[-38.1254,-11.9978],[-38.1254,-11.9952],[-38.1254,-11.9926],[-38.1254,-11.99],[-38.1254,-11.9874],[-38.1254,-11.9848],[-38.1254,-11.9822],[-38.1254,-11.9796],[-38.1254,-11.977],[-38.1254,-11.9744],[-38.1254,-11.9718],[-38.1254,-11.9692],[-38.1254,-11.9666],[-38.1254,-11.964],[-38.1254,-11.9614],[-38.1254,-11.9588],[-38.125,-11.9588],[-38.125,-11.9583],[-38.1875,-11.9583],[-38.1875,-12.0004]]]]},"geometry_name":"GEOMETRY","properties":{"COD_BLOCO":"REC-T-58","COD_FASE_C":"E","DAT_ASSINA":"14-02-2020","DAT_TERMIN":null,"NOM_BACIA":"Recôncavo","NOM_BLOCO":"REC-T-58","NOM_FANTAS":"REC-T-58_OP1","NUM_CONTRA":"48610222073201917","NUM_DESCOB":0,"OPERADOR_C":"Geopark Brasil Exploração e Produção de Petróleo e Gás Ltda.","RODADA":"OPC1","AREA_TOTAL":32,"AMBIENTE":"T ","BLOCOS":"REC-T-58                                          "},"bbox":[-38.1875,-12.0004,-38.125,-11.9583]},{"type":"Feature","id":"BLOCOS_EXPLORATORIOS_SIRGAS.1063","geometry":{"type":"MultiPolygon","coordinates":[[[[-35.5,-11.25],[-35.75,-11.25],[-35.75,-11.5],[-35.5,-11.5],[-35.5,-11.25]]]]},"geometry_name":"GEOMETRY","properties":{"COD_BLOCO":"SEAL-M-505","COD_FASE_C":"E","DAT_ASSINA":"14-02-2020","DAT_TERMIN":null,"NOM_BACIA":"Sergipe","NOM_BLOCO":"SEAL-M-505","NOM_FANTAS":"SEAL-M-505_OP1","NUM_CONTRA":"48610222076201951","NUM_DESCOB":0,"OPERADOR_C":"Brava Energia S.A.","RODADA":"OPC1","AREA_TOTAL":755,"AMBIENTE":"M ","BLOCOS":"SEAL-M-505                                        "},"bbox":[-35.75,-11.5,-35.5,-11.25]},{"type":"Feature","id":"BLOCOS_EXPLORATORIOS_SIRGAS.1062","geometry":{"type":"MultiPolygon","coordinates":[[[[-35.75,-11.5],[-36,-11.5],[-36,-11.75],[-35.75,-11.75],[-35.75,-11.5]]]]},"geometry_name":"GEOMETRY","properties":{"COD_BLOCO":"SEAL-M-575","COD_FASE_C":"E","DAT_ASSINA":"14-02-2020","DAT_TERMIN":null,"NOM_BACIA":"Sergipe","NOM_BLOCO":"SEAL-M-575","NOM_FANTAS":"SEAL-M-575_OP1","NUM_CONTRA":"48610222077201903","NUM_DESCOB":0,"OPERADOR_C":"Brava Energia S.A.","RODADA":"OPC1","AREA_TOTAL":754,"AMBIENTE":"M ","BLOCOS":"SEAL-M-575                                        "},"bbox":[-36,-11.75,-35.75,-11.5]},{"type":"Feature","id":"BLOCOS_EXPLORATORIOS_SIRGAS.1061","geometry":{"type":"MultiPolygon","coordinates":[[[[-36,-11.75],[-36.25,-11.75],[-36.25,-12],[-36,-12],[-36,-11.75]]]]},"geometry_name":"GEOMETRY","properties":{"COD_BLOCO":"SEAL-M-637","COD_FASE_C":"E","DAT_ASSINA":"14-02-2020","DAT_TERMIN":null,"NOM_BACIA":"Sergipe","NOM_BLOCO":"SEAL-M-637","NOM_FANTAS":"SEAL-M-637_OP1","NUM_CONTRA":"48610222078201940","NUM_DESCOB":0,"OPERADOR_C":"ExxonMobil Exploração Brasil Ltda.","RODADA":"OPC1","AREA_TOTAL":753,"AMBIENTE":"M ","BLOCOS":"SEAL-M-637                                        "},"bbox":[-36.25,-12,-36,-11.75]},{"type":"Feature","id":"BLOCOS_EXPLORATORIOS_SIRGAS.587","geometry":{"type":"MultiPolygon","coordinates":[[[[-52.188,-22.3338],[-52.1854,-22.3338],[-52.1828,-22.3338],[-52.1802,-22.3338],[-52.1776,-22.3338],[-52.175,-22.3338],[-52.1724,-22.3338],[-52.1698,-22.3338],[-52.1672,-22.3338],[-52.1646,-22.3338],[-52.162,-22.3338],[-52.1593,-22.3338],[-52.1567,-22.3338],[-52.1541,-22.3338],[-52.1515,-22.3338],[-52.1489,-22.3338],[-52.1463,-22.3338],[-52.1437,-22.3338],[-52.1411,-22.3338],[-52.1385,-22.3338],[-52.1359,-22.3338],[-52.1333,-22.3338],[-52.1307,-22.3338],[-52.1281,-22.3338],[-52.1255,-22.3338],[-52.1255,-22.3364],[-52.1255,-22.339],[-52.1255,-22.3416],[-52.1255,-22.3442],[-52.1255,-22.3468],[-52.1255,-22.3494],[-52.1255,-22.352],[-52.1255,-22.3546],[-52.1255,-22.3572],[-52.1255,-22.3598],[-52.1255,-22.3624],[-52.1255,-22.3651],[-52.1255,-22.3677],[-52.1255,-22.3703],[-52.1255,-22.3729],[-52.1255,-22.3755],[-52.1255,-22.3781],[-52.1255,-22.3807],[-52.1255,-22.3833],[-52.1255,-22.3859],[-52.1255,-22.3885],[-52.1255,-22.3911],[-52.1255,-22.3937],[-52.1255,-22.3963],[-52.1255,-22.3989],[-52.1255,-22.4015],[-52.1255,-22.4041],[-52.1255,-22.4067],[-52.1255,-22.4093],[-52.1255,-22.4119],[-52.1255,-22.4145],[-52.1255,-22.4171],[-52.1255,-22.4197],[-52.1255,-22.4223],[-52.1255,-22.4249],[-52.1255,-22.4276],[-52.1255,-22.4302],[-52.1255,-22.4328],[-52.1255,-22.4354],[-52.1255,-22.438],[-52.1255,-22.4406],[-52.1255,-22.4432],[-52.1255,-22.4458],[-52.1255,-22.4484],[-52.1255,-22.451],[-52.1255,-22.4536],[-52.1255,-22.4562],[-52.1255,-22.4588],[-52.1255,-22.4614],[-52.1255,-22.464],[-52.1255,-22.4666],[-52.1255,-22.4692],[-52.1255,-22.4718],[-52.1255,-22.4744],[-52.1255,-22.477],[-52.1255,-22.4796],[-52.1255,-22.4822],[-52.1255,-22.4848],[-52.1255,-22.4874],[-52.1255,-22.4901],[-52.1255,-22.4927],[-52.1255,-22.4953],[-52.1255,-22.4979],[-52.1255,-22.5005],[-52.1229,-22.5005],[-52.1203,-22.5005],[-52.1177,-22.5005],[-52.1151,-22.5005],[-52.1125,-22.5005],[-52.1099,-22.5005],[-52.1073,-22.5005],[-52.1047,-22.5005],[-52.1021,-22.5005],[-52.0995,-22.5005],[-52.0968,-22.5005],[-52.0942,-22.5005],[-52.0916,-22.5005],[-52.089,-22.5005],[-52.0864,-22.5005],[-52.0838,-22.5005],[-52.0812,-22.5005],[-52.0786,-22.5005],[-52.076,-22.5005],[-52.0734,-22.5005],[-52.0708,-22.5005],[-52.0682,-22.5005],[-52.0656,-22.5005],[-52.063,-22.5005],[-52.0604,-22.5005],[-52.0578,-22.5005],[-52.0552,-22.5005],[-52.0526,-22.5005],[-52.05,-22.5005],[-52.0474,-22.5005],[-52.0448,-22.5005],[-52.0422,-22.5005],[-52.0396,-22.5005],[-52.037,-22.5005],[-52.0343,-22.5005],[-52.0317,-22.5005],[-52.0291,-22.5005],[-52.0265,-22.5005],[-52.0239,-22.5005],[-52.0213,-22.5005],[-52.0187,-22.5005],[-52.0161,-22.5005],[-52.0135,-22.5005],[-52.0109,-22.5005],[-52.0083,-22.5005],[-52.0057,-22.5005],[-52.0031,-22.5005],[-52.0005,-22.5005],[-52.0005,-22.4979],[-52.0005,-22.4953],[-52.0005,-22.4927],[-52.0005,-22.4901],[-52.0005,-22.4874],[-52.0005,-22.4848],[-52.0005,-22.4822],[-52.0005,-22.4796],[-52.0005,-22.477],[-52.0005,-22.4744],[-52.0005,-22.4718],[-52.0005,-22.4692],[-52.0005,-22.4666],[-52.0005,-22.464],[-52.0005,-22.4614],[-52.0005,-22.4588],[-52.0005,-22.4562],[-52.0005,-22.4536],[-52.0005,-22.451],[-52.0005,-22.4484],[-52.0005,-22.4458],[-52.0005,-22.4432],[-52.0005,-22.4406],[-52.0005,-22.438],[-52.0005,-22.4354],[-52.0005,-22.4328],[-52.0005,-22.4302],[-52.0005,-22.4276],[-52.0005,-22.4249],[-52.0005,-22.4223],[-52.0005,-22.4197],[-52.0005,-22.4171],[-52.0005,-22.4145],[-52.0005,-22.4119],[-52.0005,-22.4093],[-52.0005,-22.4067],[-52.0005,-22.4041],[-52.0005,-22.4015],[-52.0005,-22.3989],[-52.0005,-22.3963],[-52.0005,-22.3937],[-52.0005,-22.3911],[-52.0005,-22.3885],[-52.0005,-22.3859],[-52.0005,-22.3833],[-52.0005,-22.3807],[-52.0005,-22.3781],[-52.0005,-22.3755],[-52.0005,-22.3729],[-52.0005,-22.3703],[-52.0005,-22.3677],[-52.0005,-22.3651],[-52.0005,-22.3624],[-52.0005,-22.3598],[-52.0005,-22.3572],[-52.0005,-22.3546],[-52.0005,-22.352],[-52.0005,-22.3494],[-52.0005,-22.3468],[-52.0005,-22.3442],[-52.0005,-22.3416],[-52.0005,-22.339],[-52.0005,-22.3364],[-52.0005,-22.3338],[-52.0005,-22.3312],[-52.0005,-22.3286],[-52.0005,-22.326],[-52.0005,-22.3234],[-52.0005,-22.3208],[-52.0005,-22.3182],[-52.0005,-22.3156],[-52.0005,-22.313],[-52.0005,-22.3104],[-52.0005,-22.3078],[-52.0005,-22.3052],[-52.0005,-22.3026],[-52.0005,-22.2999],[-52.0005,-22.2973],[-52.0005,-22.2947],[-52.0005,-22.2921],[-52.0005,-22.2895],[-52.0005,-22.2869],[-52.0005,-22.2843],[-52.0005,-22.2817],[-52.0005,-22.2791],[-52.0005,-22.2765],[-52.0005,-22.2739],[-52.0005,-22.2713],[-52.0005,-22.2687],[-52.0005,-22.2661],[-52.0005,-22.2635],[-52.0005,-22.2609],[-52.0005,-22.2583],[-52.0005,-22.2557],[-52.0005,-22.2531],[-52.0005,-22.2505],[-52.0005,-22.2479],[-52.0005,-22.2453],[-52.0005,-22.2427],[-52.0005,-22.2401],[-52.0005,-22.2374],[-52.0005,-22.2348],[-52.0005,-22.2322],[-52.0005,-22.2296],[-52.0005,-22.227],[-52.0005,-22.2244],[-52.0005,-22.2218],[-52.0005,-22.2192],[-52.0005,-22.2166],[-52.0005,-22.214],[-52.0005,-22.2114],[-52.0005,-22.2088],[-52.0005,-22.2062],[-52.0005,-22.2036],[-52.0005,-22.201],[-52.0005,-22.1984],[-52.0005,-22.1958],[-52.0005,-22.1932],[-52.0005,-22.1906],[-52.0005,-22.188],[-52.0005,-22.1854],[-52.0005,-22.1828],[-52.0005,-22.1802],[-52.0005,-22.1776],[-52.0005,-22.1749],[-52.0005,-22.1723],[-52.0005,-22.1697],[-52.0005,-22.1671],[-52.0005,-22.1645],[-52.0005,-22.1619],[-52.0005,-22.1593],[-52.0005,-22.1567],[-52.0005,-22.1541],[-52.0005,-22.1515],[-52.0005,-22.1489],[-52.0005,-22.1463],[-52.0005,-22.1437],[-52.0005,-22.1411],[-52.0005,-22.1385],[-52.0005,-22.1359],[-52.0005,-22.1333],[-52.0005,-22.1307],[-52.0005,-22.1281],[-52.0005,-22.1255],[-52.0005,-22.1229],[-52.0005,-22.1203],[-52.0005,-22.1177],[-52.0005,-22.1151],[-52.0005,-22.1124],[-52.0005,-22.1098],[-52.0005,-22.1072],[-52.0005,-22.1046],[-52.0005,-22.102],[-52.0005,-22.0994],[-52.0005,-22.0968],[-52.0005,-22.0942],[-52.0005,-22.0916],[-52.0005,-22.089],[-52.0005,-22.0864],[-52.0005,-22.0838],[-52.0005,-22.0812],[-52.0005,-22.0786],[-52.0005,-22.076],[-52.0005,-22.0734],[-52.0005,-22.0708],[-52.0005,-22.0682],[-52.0005,-22.0656],[-52.0005,-22.063],[-52.0005,-22.0604],[-52.0005,-22.0578],[-52.0005,-22.0552],[-52.0005,-22.0526],[-52.0005,-22.0499],[-52.0005,-22.0473],[-52.0005,-22.0447],[-52.0005,-22.0421],[-52.0005,-22.0395],[-52.0005,-22.0369],[-52.0005,-22.0343],[-52.0005,-22.0317],[-52.0005,-22.0291],[-52.0005,-22.0265],[-52.0005,-22.0239],[-52.0005,-22.0213],[-52.0005,-22.0187],[-52.0005,-22.0161],[-52.0005,-22.0135],[-52.0005,-22.0109],[-52.0005,-22.0083],[-52.0005,-22.0057],[-52.0005,-22.0031],[-52.0005,-22.0005],[-52.0031,-22.0005],[-52.0057,-22.0005],[-52.0083,-22.0005],[-52.0109,-22.0005],[-52.0135,-22.0005],[-52.0161,-22.0005],[-52.0187,-22.0005],[-52.0213,-22.0005],[-52.0239,-22.0005],[-52.0265,-22.0005],[-52.0291,-22.0005],[-52.0317,-22.0005],[-52.0343,-22.0005],[-52.0369,-22.0005],[-52.0396,-22.0005],[-52.0422,-22.0005],[-52.0448,-22.0005],[-52.0474,-22.0005],[-52.05,-22.0005],[-52.0526,-22.0005],[-52.0552,-22.0005],[-52.0578,-22.0005],[-52.0604,-22.0005],[-52.063,-22.0005],[-52.0656,-22.0005],[-52.0682,-22.0005],[-52.0708,-22.0005],[-52.0734,-22.0005],[-52.076,-22.0005],[-52.0786,-22.0005],[-52.0812,-22.0005],[-52.0838,-22.0005],[-52.0864,-22.0005],[-52.089,-22.0005],[-52.0916,-22.0005],[-52.0942,-22.0005],[-52.0968,-22.0005],[-52.0994,-22.0005],[-52.1021,-22.0005],[-52.1047,-22.0005],[-52.1073,-22.0005],[-52.1099,-22.0005],[-52.1125,-22.0005],[-52.1151,-22.0005],[-52.1177,-22.0005],[-52.1203,-22.0005],[-52.1229,-22.0005],[-52.1255,-22.0005],[-52.1281,-22.0005],[-52.1307,-22.0005],[-52.1333,-22.0005],[-52.1359,-22.0005],[-52.1385,-22.0005],[-52.1411,-22.0005],[-52.1437,-22.0005],[-52.1463,-22.0005],[-52.1489,-22.0005],[-52.1515,-22.0005],[-52.1541,-22.0005],[-52.1567,-22.0005],[-52.1593,-22.0005],[-52.162,-22.0005],[-52.1646,-22.0005],[-52.1672,-22.0005],[-52.1698,-22.0005],[-52.1724,-22.0005],[-52.175,-22.0005],[-52.1776,-22.0005],[-52.1802,-22.0005],[-52.1828,-22.0005],[-52.1854,-22.0005],[-52.188,-22.0005],[-52.1906,-22.0005],[-52.1932,-22.0005],[-52.1958,-22.0005],[-52.1984,-22.0005],[-52.201,-22.0005],[-52.2036,-22.0005],[-52.2062,-22.0005],[-52.2088,-22.0005],[-52.2114,-22.0005],[-52.214,-22.0005],[-52.2166,-22.0005],[-52.2192,-22.0005],[-52.2218,-22.0005],[-52.2245,-22.0005],[-52.2271,-22.0005],[-52.2297,-22.0005],[-52.2323,-22.0005],[-52.2349,-22.0005],[-52.2375,-22.0005],[-52.2401,-22.0005],[-52.2427,-22.0005],[-52.2453,-22.0005],[-52.2479,-22.0005],[-52.2505,-22.0005],[-52.2531,-22.0005],[-52.2557,-22.0005],[-52.2583,-22.0005],[-52.2609,-22.0005],[-52.2635,-22.0005],[-52.2661,-22.0005],[-52.2687,-22.0005],[-52.2713,-22.0005],[-52.2739,-22.0005],[-52.2765,-22.0005],[-52.2791,-22.0005],[-52.2817,-22.0005],[-52.2843,-22.0005],[-52.287,-22.0005],[-52.2896,-22.0005],[-52.2922,-22.0005],[-52.2948,-22.0005],[-52.2974,-22.0005],[-52.3,-22.0005],[-52.3026,-22.0005],[-52.3052,-22.0005],[-52.3052,-22.0031],[-52.3052,-22.0057],[-52.3052,-22.0083],[-52.3052,-22.0109],[-52.3052,-22.0135],[-52.3052,-22.0161],[-52.3052,-22.0187],[-52.3052,-22.0213],[-52.3052,-22.0239],[-52.3052,-22.0265],[-52.3052,-22.0291],[-52.3052,-22.0317],[-52.3052,-22.0343],[-52.3052,-22.0369],[-52.3052,-22.0395],[-52.3052,-22.0421],[-52.3052,-22.0447],[-52.3052,-22.0473],[-52.3052,-22.0499],[-52.3052,-22.0525],[-52.3052,-22.0552],[-52.3052,-22.0578],[-52.3052,-22.0604],[-52.3052,-22.063],[-52.3052,-22.0656],[-52.3052,-22.0682],[-52.3052,-22.0708],[-52.3052,-22.0734],[-52.3052,-22.076],[-52.3052,-22.0786],[-52.3052,-22.0812],[-52.3052,-22.0838],[-52.3052,-22.0864],[-52.3052,-22.089],[-52.3052,-22.0916],[-52.3052,-22.0942],[-52.3052,-22.0968],[-52.3052,-22.0994],[-52.3052,-22.102],[-52.3052,-22.1046],[-52.3052,-22.1072],[-52.3052,-22.1098],[-52.3052,-22.1124],[-52.3052,-22.115],[-52.3052,-22.1177],[-52.3052,-22.1203],[-52.3052,-22.1229],[-52.3052,-22.1255],[-52.3026,-22.1255],[-52.3,-22.1255],[-52.2974,-22.1255],[-52.2948,-22.1255],[-52.2922,-22.1255],[-52.2896,-22.1255],[-52.287,-22.1255],[-52.2843,-22.1255],[-52.2817,-22.1255],[-52.2791,-22.1255],[-52.2765,-22.1255],[-52.2739,-22.1255],[-52.2713,-22.1255],[-52.2687,-22.1255],[-52.2661,-22.1255],[-52.2635,-22.1255],[-52.2609,-22.1255],[-52.2583,-22.1255],[-52.2557,-22.1255],[-52.2531,-22.1255],[-52.2505,-22.1255],[-52.2479,-22.1255],[-52.2453,-22.1255],[-52.2427,-22.1255],[-52.2401,-22.1255],[-52.2375,-22.1255],[-52.2349,-22.1255],[-52.2323,-22.1255],[-52.2297,-22.1255],[-52.2271,-22.1255],[-52.2245,-22.1255],[-52.2218,-22.1255],[-52.2192,-22.1255],[-52.2166,-22.1255],[-52.214,-22.1255],[-52.2114,-22.1255],[-52.2088,-22.1255],[-52.2062,-22.1255],[-52.2036,-22.1255],[-52.201,-22.1255],[-52.1984,-22.1255],[-52.1958,-22.1255],[-52.1932,-22.1255],[-52.1906,-22.1255],[-52.188,-22.1255],[-52.188,-22.1281],[-52.188,-22.1307],[-52.188,-22.1333],[-52.188,-22.1359],[-52.188,-22.1385],[-52.188,-22.1411],[-52.188,-22.1437],[-52.188,-22.1463],[-52.188,-22.1489],[-52.188,-22.1515],[-52.188,-22.1541],[-52.188,-22.1567],[-52.188,-22.1593],[-52.188,-22.1619],[-52.188,-22.1645],[-52.188,-22.1671],[-52.188,-22.1697],[-52.188,-22.1723],[-52.188,-22.1749],[-52.188,-22.1776],[-52.188,-22.1802],[-52.188,-22.1828],[-52.188,-22.1854],[-52.188,-22.188],[-52.188,-22.1906],[-52.188,-22.1932],[-52.188,-22.1958],[-52.188,-22.1984],[-52.188,-22.201],[-52.188,-22.2036],[-52.188,-22.2062],[-52.188,-22.2088],[-52.188,-22.2114],[-52.188,-22.214],[-52.188,-22.2166],[-52.188,-22.2192],[-52.188,-22.2218],[-52.188,-22.2244],[-52.188,-22.227],[-52.188,-22.2296],[-52.188,-22.2322],[-52.188,-22.2348],[-52.188,-22.2374],[-52.188,-22.2401],[-52.188,-22.2427],[-52.188,-22.2453],[-52.188,-22.2479],[-52.188,-22.2505],[-52.188,-22.2531],[-52.188,-22.2557],[-52.188,-22.2583],[-52.188,-22.2609],[-52.188,-22.2635],[-52.188,-22.2661],[-52.188,-22.2687],[-52.188,-22.2713],[-52.188,-22.2739],[-52.188,-22.2765],[-52.188,-22.2791],[-52.188,-22.2817],[-52.188,-22.2843],[-52.188,-22.2869],[-52.188,-22.2895],[-52.188,-22.2921],[-52.188,-22.2947],[-52.188,-22.2973],[-52.188,-22.2999],[-52.188,-22.3026],[-52.188,-22.3052],[-52.188,-22.3078],[-52.188,-22.3104],[-52.188,-22.313],[-52.188,-22.3156],[-52.188,-22.3182],[-52.188,-22.3208],[-52.188,-22.3234],[-52.188,-22.326],[-52.188,-22.3286],[-52.188,-22.3312],[-52.188,-22.3338]]]]},"geometry_name":"GEOMETRY","properties":{"COD_BLOCO":"PAR-T-218","COD_FASE_C":"E","DAT_ASSINA":"15-05-2014","DAT_TERMIN":null,"NOM_BACIA":"Paraná","NOM_BLOCO":"PAR-T-218","NOM_FANTAS":"PAR-T-218_R12","NUM_CONTRA":"48610000081201408","NUM_DESCOB":0,"OPERADOR_C":"Grupo Ubuntu Ltda.","RODADA":"Rodada 12","AREA_TOTAL":1119,"AMBIENTE":"T ","BLOCOS":"PAR-T-218                                         "},"bbox":[-52.3052,-22.5005,-52.0005,-22.0005]},{"type":"Feature","id":"BLOCOS_EXPLORATORIOS_SIRGAS.585","geometry":{"type":"MultiPolygon","coordinates":[[[[-51.813,-21.7505],[-51.813,-21.7479],[-51.813,-21.7453],[-51.813,-21.7427],[-51.813,-21.74],[-51.813,-21.7374],[-51.813,-21.7348],[-51.813,-21.7322],[-51.813,-21.7296],[-51.813,-21.727],[-51.813,-21.7244],[-51.813,-21.7218],[-51.813,-21.7192],[-51.813,-21.7166],[-51.813,-21.714],[-51.813,-21.7114],[-51.813,-21.7088],[-51.8156,-21.7088],[-51.8182,-21.7088],[-51.8208,-21.7088],[-51.8234,-21.7088],[-51.826,-21.7088],[-51.8286,-21.7088],[-51.8312,-21.7088],[-51.8338,-21.7088],[-51.8364,-21.7088],[-51.839,-21.7088],[-51.8416,-21.7088],[-51.8442,-21.7088],[-51.8468,-21.7088],[-51.8494,-21.7088],[-51.8521,-21.7088],[-51.8547,-21.7088],[-51.8573,-21.7088],[-51.8599,-21.7088],[-51.8625,-21.7088],[-51.8651,-21.7088],[-51.8677,-21.7088],[-51.8703,-21.7088],[-51.8729,-21.7088],[-51.8755,-21.7088],[-51.8781,-21.7088],[-51.8807,-21.7088],[-51.8833,-21.7088],[-51.8859,-21.7088],[-51.8885,-21.7088],[-51.8911,-21.7088],[-51.8937,-21.7088],[-51.8963,-21.7088],[-51.8989,-21.7088],[-51.9015,-21.7088],[-51.9041,-21.7088],[-51.9067,-21.7088],[-51.9093,-21.7088],[-51.9119,-21.7088],[-51.9146,-21.7088],[-51.9172,-21.7088],[-51.9198,-21.7088],[-51.9224,-21.7088],[-51.925,-21.7088],[-51.9276,-21.7088],[-51.9302,-21.7088],[-51.9328,-21.7088],[-51.9354,-21.7088],[-51.938,-21.7088],[-51.9406,-21.7088],[-51.9432,-21.7088],[-51.9458,-21.7088],[-51.9484,-21.7088],[-51.951,-21.7088],[-51.9536,-21.7088],[-51.9562,-21.7088],[-51.9588,-21.7088],[-51.9614,-21.7088],[-51.964,-21.7088],[-51.9666,-21.7088],[-51.9692,-21.7088],[-51.9718,-21.7088],[-51.9744,-21.7088],[-51.9771,-21.7088],[-51.9797,-21.7088],[-51.9823,-21.7088],[-51.9849,-21.7088],[-51.9875,-21.7088],[-51.9901,-21.7088],[-51.9927,-21.7088],[-51.9953,-21.7088],[-51.9979,-21.7088],[-52.0005,-21.7088],[-52.0005,-21.7114],[-52.0005,-21.714],[-52.0005,-21.7166],[-52.0005,-21.7192],[-52.0005,-21.7218],[-52.0005,-21.7244],[-52.0005,-21.727],[-52.0005,-21.7296],[-52.0005,-21.7322],[-52.0005,-21.7348],[-52.0005,-21.7374],[-52.0005,-21.74],[-52.0005,-21.7427],[-52.0005,-21.7453],[-52.0005,-21.7479],[-52.0005,-21.7505],[-52.0005,-21.7531],[-52.0005,-21.7557],[-52.0005,-21.7583],[-52.0005,-21.7609],[-52.0005,-21.7635],[-52.0005,-21.7661],[-52.0005,-21.7687],[-52.0005,-21.7713],[-52.0005,-21.7739],[-52.0005,-21.7765],[-52.0005,-21.7791],[-52.0005,-21.7817],[-52.0005,-21.7843],[-52.0005,-21.7869],[-52.0005,-21.7895],[-52.0005,-21.7921],[-52.0005,-21.7947],[-52.0005,-21.7973],[-52.0005,-21.7999],[-52.0005,-21.8025],[-52.0005,-21.8052],[-52.0005,-21.8078],[-52.0005,-21.8104],[-52.0005,-21.813],[-52.0005,-21.8156],[-52.0005,-21.8182],[-52.0005,-21.8208],[-52.0005,-21.8234],[-52.0005,-21.826],[-52.0005,-21.8286],[-52.0005,-21.8312],[-52.0005,-21.8338],[-52.0005,-21.8364],[-52.0005,-21.839],[-52.0005,-21.8416],[-52.0005,-21.8442],[-52.0005,-21.8468],[-52.0005,-21.8494],[-52.0005,-21.852],[-52.0005,-21.8546],[-52.0005,-21.8572],[-52.0005,-21.8598],[-52.0005,-21.8624],[-52.0005,-21.865],[-52.0005,-21.8677],[-52.0005,-21.8703],[-52.0005,-21.8729],[-52.0005,-21.8755],[-52.0005,-21.8781],[-52.0005,-21.8807],[-52.0005,-21.8833],[-52.0005,-21.8859],[-52.0005,-21.8885],[-52.0005,-21.8911],[-52.0005,-21.8937],[-52.0005,-21.8963],[-52.0005,-21.8989],[-52.0005,-21.9015],[-52.0005,-21.9041],[-52.0005,-21.9067],[-52.0005,-21.9093],[-52.0005,-21.9119],[-52.0005,-21.9145],[-52.0005,-21.9171],[-52.0005,-21.9197],[-52.0005,-21.9223],[-52.0005,-21.9249],[-52.0005,-21.9275],[-52.0005,-21.9302],[-52.0005,-21.9328],[-52.0005,-21.9354],[-52.0005,-21.938],[-52.0005,-21.9406],[-52.0005,-21.9432],[-52.0005,-21.9458],[-52.0005,-21.9484],[-52.0005,-21.951],[-52.0005,-21.9536],[-52.0005,-21.9562],[-52.0005,-21.9588],[-52.0005,-21.9614],[-52.0005,-21.964],[-52.0005,-21.9666],[-52.0005,-21.9692],[-52.0005,-21.9718],[-52.0005,-21.9744],[-52.0005,-21.977],[-52.0005,-21.9796],[-52.0005,-21.9822],[-52.0005,-21.9848],[-52.0005,-21.9874],[-52.0005,-21.9901],[-52.0005,-21.9927],[-52.0005,-21.9953],[-52.0005,-21.9979],[-52.0005,-22.0005],[-51.9979,-22.0005],[-51.9953,-22.0005],[-51.9927,-22.0005],[-51.9901,-22.0005],[-51.9875,-22.0005],[-51.9849,-22.0005],[-51.9823,-22.0005],[-51.9797,-22.0005],[-51.9771,-22.0005],[-51.9744,-22.0005],[-51.9718,-22.0005],[-51.9692,-22.0005],[-51.9666,-22.0005],[-51.964,-22.0005],[-51.9614,-22.0005],[-51.9588,-22.0005],[-51.9562,-22.0005],[-51.9536,-22.0005],[-51.951,-22.0005],[-51.9484,-22.0005],[-51.9458,-22.0005],[-51.9432,-22.0005],[-51.9406,-22.0005],[-51.938,-22.0005],[-51.9354,-22.0005],[-51.9328,-22.0005],[-51.9302,-22.0005],[-51.9276,-22.0005],[-51.925,-22.0005],[-51.9224,-22.0005],[-51.9198,-22.0005],[-51.9172,-22.0005],[-51.9146,-22.0005],[-51.9119,-22.0005],[-51.9093,-22.0005],[-51.9067,-22.0005],[-51.9041,-22.0005],[-51.9015,-22.0005],[-51.8989,-22.0005],[-51.8963,-22.0005],[-51.8937,-22.0005],[-51.8911,-22.0005],[-51.8885,-22.0005],[-51.8859,-22.0005],[-51.8833,-22.0005],[-51.8807,-22.0005],[-51.8781,-22.0005],[-51.8755,-22.0005],[-51.8729,-22.0005],[-51.8703,-22.0005],[-51.8677,-22.0005],[-51.8651,-22.0005],[-51.8625,-22.0005],[-51.8599,-22.0005],[-51.8573,-22.0005],[-51.8547,-22.0005],[-51.8521,-22.0005],[-51.8494,-22.0005],[-51.8468,-22.0005],[-51.8442,-22.0005],[-51.8416,-22.0005],[-51.839,-22.0005],[-51.8364,-22.0005],[-51.8338,-22.0005],[-51.8312,-22.0005],[-51.8286,-22.0005],[-51.826,-22.0005],[-51.8234,-22.0005],[-51.8208,-22.0005],[-51.8182,-22.0005],[-51.8156,-22.0005],[-51.813,-22.0005],[-51.8104,-22.0005],[-51.8078,-22.0005],[-51.8052,-22.0005],[-51.8026,-22.0005],[-51.8,-22.0005],[-51.7974,-22.0005],[-51.7948,-22.0005],[-51.7922,-22.0005],[-51.7896,-22.0005],[-51.7869,-22.0005],[-51.7843,-22.0005],[-51.7817,-22.0005],[-51.7791,-22.0005],[-51.7765,-22.0005],[-51.7739,-22.0005],[-51.7713,-22.0005],[-51.7687,-22.0005],[-51.7661,-22.0005],[-51.7635,-22.0005],[-51.7609,-22.0005],[-51.7583,-22.0005],[-51.7557,-22.0005],[-51.7531,-22.0005],[-51.7505,-22.0005],[-51.7479,-22.0005],[-51.7453,-22.0005],[-51.7427,-22.0005],[-51.7401,-22.0005],[-51.7375,-22.0005],[-51.7349,-22.0005],[-51.7323,-22.0005],[-51.7297,-22.0005],[-51.7271,-22.0005],[-51.7244,-22.0005],[-51.7218,-22.0005],[-51.7192,-22.0005],[-51.7166,-22.0005],[-51.714,-22.0005],[-51.7114,-22.0005],[-51.7088,-22.0005],[-51.7062,-22.0005],[-51.7036,-22.0005],[-51.701,-22.0005],[-51.6984,-22.0005],[-51.6958,-22.0005],[-51.6932,-22.0005],[-51.6906,-22.0005],[-51.688,-22.0005],[-51.6854,-22.0005],[-51.6828,-22.0005],[-51.6802,-22.0005],[-51.6776,-22.0005],[-51.675,-22.0005],[-51.6724,-22.0005],[-51.6698,-22.0005],[-51.6672,-22.0005],[-51.6646,-22.0005],[-51.6619,-22.0005],[-51.6593,-22.0005],[-51.6567,-22.0005],[-51.6541,-22.0005],[-51.6515,-22.0005],[-51.6489,-22.0005],[-51.6463,-22.0005],[-51.6437,-22.0005],[-51.6411,-22.0005],[-51.6385,-22.0005],[-51.6359,-22.0005],[-51.6333,-22.0005],[-51.6307,-22.0005],[-51.6281,-22.0005],[-51.6255,-22.0005],[-51.6229,-22.0005],[-51.6203,-22.0005],[-51.6177,-22.0005],[-51.6151,-22.0005],[-51.6125,-22.0005],[-51.6099,-22.0005],[-51.6073,-22.0005],[-51.6047,-22.0005],[-51.6021,-22.0005],[-51.5994,-22.0005],[-51.5968,-22.0005],[-51.5942,-22.0005],[-51.5916,-22.0005],[-51.589,-22.0005],[-51.5864,-22.0005],[-51.5838,-22.0005],[-51.5812,-22.0005],[-51.5786,-22.0005],[-51.576,-22.0005],[-51.5734,-22.0005],[-51.5708,-22.0005],[-51.5682,-22.0005],[-51.5656,-22.0005],[-51.563,-22.0005],[-51.5604,-22.0005],[-51.5578,-22.0005],[-51.5552,-22.0005],[-51.5526,-22.0005],[-51.55,-22.0005],[-51.5474,-22.0005],[-51.5448,-22.0005],[-51.5422,-22.0005],[-51.5395,-22.0005],[-51.5369,-22.0005],[-51.5343,-22.0005],[-51.5317,-22.0005],[-51.5291,-22.0005],[-51.5265,-22.0005],[-51.5239,-22.0005],[-51.5213,-22.0005],[-51.5187,-22.0005],[-51.5161,-22.0005],[-51.5135,-22.0005],[-51.5109,-22.0005],[-51.5083,-22.0005],[-51.5057,-22.0005],[-51.5031,-22.0005],[-51.5005,-22.0005],[-51.5005,-21.9979],[-51.5005,-21.9953],[-51.5005,-21.9927],[-51.5005,-21.9901],[-51.5005,-21.9874],[-51.5005,-21.9848],[-51.5005,-21.9822],[-51.5005,-21.9796],[-51.5005,-21.977],[-51.5005,-21.9744],[-51.5005,-21.9718],[-51.5005,-21.9692],[-51.5005,-21.9666],[-51.5005,-21.964],[-51.5005,-21.9614],[-51.5005,-21.9588],[-51.5005,-21.9562],[-51.5005,-21.9536],[-51.5005,-21.951],[-51.5005,-21.9484],[-51.5005,-21.9458],[-51.5005,-21.9432],[-51.5005,-21.9406],[-51.5005,-21.938],[-51.5005,-21.9354],[-51.5005,-21.9328],[-51.5005,-21.9302],[-51.5005,-21.9276],[-51.5005,-21.9249],[-51.5005,-21.9223],[-51.5005,-21.9197],[-51.5005,-21.9171],[-51.5005,-21.9145],[-51.5005,-21.9119],[-51.5005,-21.9093],[-51.5005,-21.9067],[-51.5005,-21.9041],[-51.5005,-21.9015],[-51.5005,-21.8989],[-51.5005,-21.8963],[-51.5005,-21.8937],[-51.5005,-21.8911],[-51.5005,-21.8885],[-51.5005,-21.8859],[-51.5005,-21.8833],[-51.5005,-21.8807],[-51.5005,-21.8781],[-51.5005,-21.8755],[-51.5005,-21.8729],[-51.5005,-21.8703],[-51.5005,-21.8677],[-51.5005,-21.8651],[-51.5005,-21.8624],[-51.5005,-21.8598],[-51.5005,-21.8572],[-51.5005,-21.8546],[-51.5005,-21.852],[-51.5005,-21.8494],[-51.5005,-21.8468],[-51.5005,-21.8442],[-51.5005,-21.8416],[-51.5005,-21.839],[-51.5005,-21.8364],[-51.5005,-21.8338],[-51.5005,-21.8312],[-51.5005,-21.8286],[-51.5005,-21.826],[-51.5005,-21.8234],[-51.5005,-21.8208],[-51.5005,-21.8182],[-51.5005,-21.8156],[-51.5005,-21.813],[-51.5005,-21.8104],[-51.5005,-21.8078],[-51.5005,-21.8052],[-51.5005,-21.8026],[-51.5005,-21.7999],[-51.5005,-21.7973],[-51.5005,-21.7947],[-51.5005,-21.7921],[-51.5031,-21.7921],[-51.5057,-21.7921],[-51.5083,-21.7921],[-51.5109,-21.7921],[-51.5135,-21.7921],[-51.5161,-21.7921],[-51.5187,-21.7921],[-51.5213,-21.7921],[-51.5239,-21.7921],[-51.5265,-21.7921],[-51.5291,-21.7921],[-51.5317,-21.7921],[-51.5343,-21.7921],[-51.5369,-21.7921],[-51.5395,-21.7921],[-51.5422,-21.7921],[-51.5448,-21.7921],[-51.5474,-21.7921],[-51.55,-21.7921],[-51.5526,-21.7921],[-51.5552,-21.7921],[-51.5578,-21.7921],[-51.5604,-21.7921],[-51.563,-21.7921],[-51.5656,-21.7921],[-51.5682,-21.7921],[-51.5708,-21.7921],[-51.5734,-21.7921],[-51.576,-21.7921],[-51.5786,-21.7921],[-51.5812,-21.7921],[-51.5838,-21.7921],[-51.5864,-21.7921],[-51.589,-21.7921],[-51.5916,-21.7921],[-51.5942,-21.7921],[-51.5968,-21.7921],[-51.5994,-21.7921],[-51.602,-21.7921],[-51.6047,-21.7921],[-51.6073,-21.7921],[-51.6099,-21.7921],[-51.6125,-21.7921],[-51.6151,-21.7921],[-51.6177,-21.7921],[-51.6203,-21.7921],[-51.6229,-21.7921],[-51.6255,-21.7921],[-51.6281,-21.7921],[-51.6307,-21.7921],[-51.6333,-21.7921],[-51.6359,-21.7921],[-51.6385,-21.7921],[-51.6411,-21.7921],[-51.6437,-21.7921],[-51.6463,-21.7921],[-51.6489,-21.7921],[-51.6515,-21.7921],[-51.6541,-21.7921],[-51.6567,-21.7921],[-51.6593,-21.7921],[-51.6619,-21.7921],[-51.6646,-21.7921],[-51.6672,-21.7921],[-51.6698,-21.7921],[-51.6724,-21.7921],[-51.675,-21.7921],[-51.6776,-21.7921],[-51.6802,-21.7921],[-51.6828,-21.7921],[-51.6854,-21.7921],[-51.688,-21.7921],[-51.6906,-21.7921],[-51.6932,-21.7921],[-51.6958,-21.7921],[-51.6984,-21.7921],[-51.701,-21.7921],[-51.7036,-21.7921],[-51.7062,-21.7921],[-51.7088,-21.7921],[-51.7114,-21.7921],[-51.714,-21.7921],[-51.7166,-21.7921],[-51.7192,-21.7921],[-51.7218,-21.7921],[-51.7244,-21.7921],[-51.7271,-21.7921],[-51.7297,-21.7921],[-51.7323,-21.7921],[-51.7349,-21.7921],[-51.7375,-21.7921],[-51.7401,-21.7921],[-51.7427,-21.7921],[-51.7453,-21.7921],[-51.7479,-21.7921],[-51.7505,-21.7921],[-51.7505,-21.7895],[-51.7505,-21.7869],[-51.7505,-21.7843],[-51.7505,-21.7817],[-51.7505,-21.7791],[-51.7505,-21.7765],[-51.7505,-21.7739],[-51.7505,-21.7713],[-51.7505,-21.7687],[-51.7505,-21.7661],[-51.7505,-21.7635],[-51.7505,-21.7609],[-51.7505,-21.7583],[-51.7505,-21.7557],[-51.7505,-21.7531],[-51.7505,-21.7505],[-51.7531,-21.7505],[-51.7557,-21.7505],[-51.7583,-21.7505],[-51.7609,-21.7505],[-51.7635,-21.7505],[-51.7661,-21.7505],[-51.7687,-21.7505],[-51.7713,-21.7505],[-51.7739,-21.7505],[-51.7765,-21.7505],[-51.7791,-21.7505],[-51.7817,-21.7505],[-51.7843,-21.7505],[-51.7869,-21.7505],[-51.7896,-21.7505],[-51.7922,-21.7505],[-51.7948,-21.7505],[-51.7974,-21.7505],[-51.8,-21.7505],[-51.8026,-21.7505],[-51.8052,-21.7505],[-51.8078,-21.7505],[-51.8104,-21.7505],[-51.813,-21.7505]]]]},"geometry_name":"GEOMETRY","properties":{"COD_BLOCO":"PAR-T-198","COD_FASE_C":"E","DAT_ASSINA":"15-05-2014","DAT_TERMIN":null,"NOM_BACIA":"Paraná","NOM_BLOCO":"PAR-T-198","NOM_FANTAS":"PAR-T-198_R12","NUM_CONTRA":"48610000077201431","NUM_DESCOB":0,"OPERADOR_C":"Grupo Ubuntu Ltda.","RODADA":"Rodada 12","AREA_TOTAL":1401,"AMBIENTE":"T ","BLOCOS":"PAR-T-198                                         "},"bbox":[-52.0005,-22.0005,-51.5005,-21.7088]},{"type":"Feature","id":"BLOCOS_EXPLORATORIOS_SIRGAS.826","geometry":{"type":"MultiPolygon","coordinates":[[[[-41.9401,-24.6458],[-41.9609,-24.6458],[-41.9609,-24.513],[-42.0469,-24.513],[-42.0469,-24.5703],[-42.1172,-24.5703],[-42.1172,-24.6302],[-42.1719,-24.6302],[-42.1719,-24.6536],[-42.151,-24.6536],[-42.151,-24.7005],[-42.0755,-24.7005],[-42.0755,-24.7214],[-42.0286,-24.7214],[-42.0286,-24.7505],[-42.0265,-24.7505],[-42.0239,-24.7505],[-42.0213,-24.7505],[-42.0186,-24.7505],[-42.016,-24.7505],[-42.0134,-24.7505],[-42.0108,-24.7505],[-42.0082,-24.7505],[-42.0056,-24.7505],[-42.003,-24.7505],[-42.0004,-24.7505],[-42.0004,-24.7526],[-42.0004,-24.7552],[-42.0004,-24.7578],[-42.0004,-24.7604],[-42.0004,-24.763],[-41.9661,-24.763],[-41.9661,-24.7891],[-41.9245,-24.7891],[-41.9245,-24.7292],[-41.9401,-24.7292],[-41.9401,-24.6458]]]]},"geometry_name":"GEOMETRY","properties":{"COD_BLOCO":"LIBRA","COD_FASE_C":"E","DAT_ASSINA":"02-12-2013","DAT_TERMIN":"28/02/2025","NOM_BACIA":"SANTOS","NOM_BLOCO":"LIBRA","NOM_FANTAS":"LIBRA","NUM_CONTRA":"48610011150201310","NUM_DESCOB":0,"OPERADOR_C":"Petróleo Brasileiro S.A. - PETROBRAS","RODADA":"Partilha 1","AREA_TOTAL":415,"AMBIENTE":"M ","BLOCOS":"LIBRA                                             "},"bbox":[-42.1719,-24.7891,-41.9245,-24.513]},{"type":"Feature","id":"BLOCOS_EXPLORATORIOS_SIRGAS.602","geometry":{"type":"MultiPolygon","coordinates":[[[[-38.2266,-12.4171],[-38.2295,-12.4171],[-38.2321,-12.4171],[-38.2347,-12.4171],[-38.2373,-12.4171],[-38.2399,-12.4171],[-38.2425,-12.4171],[-38.2451,-12.4171],[-38.2478,-12.4171],[-38.2504,-12.4171],[-38.2504,-12.4197],[-38.2504,-12.4223],[-38.2504,-12.4249],[-38.2504,-12.4275],[-38.2504,-12.4301],[-38.2504,-12.4327],[-38.2504,-12.4353],[-38.2504,-12.4379],[-38.2504,-12.4405],[-38.2504,-12.4432],[-38.2504,-12.4458],[-38.2504,-12.4484],[-38.2504,-12.451],[-38.2504,-12.4536],[-38.2504,-12.4562],[-38.2504,-12.4588],[-38.2474,-12.4588],[-38.2448,-12.4588],[-38.2422,-12.4588],[-38.2396,-12.4588],[-38.237,-12.4588],[-38.2344,-12.4588],[-38.2318,-12.4588],[-38.2292,-12.4588],[-38.2266,-12.4588],[-38.2266,-12.4171]]]]},"geometry_name":"GEOMETRY","properties":{"COD_BLOCO":"REC-T-183","COD_FASE_C":"E","DAT_ASSINA":"31-03-2008","DAT_TERMIN":null,"NOM_BACIA":"Recôncavo","NOM_BLOCO":"REC-T-183","NOM_FANTAS":"BT- REC-58","NUM_CONTRA":"48610001295200845","NUM_DESCOB":1,"OPERADOR_C":"Alvopetro S.A. Extração de Petróleo e Gás Natural","RODADA":"Rodada 9","AREA_TOTAL":12,"AMBIENTE":"T ","BLOCOS":"REC-T-183                                         "},"bbox":[-38.2504,-12.4588,-38.2266,-12.4171]},{"type":"Feature","id":"BLOCOS_EXPLORATORIOS_SIRGAS.1479","geometry":{"type":"MultiPolygon","coordinates":[[[[-36.8516,-5.2292],[-36.862,-5.2292],[-36.862,-5.224],[-36.8753,-5.224],[-36.8753,-5.2266],[-36.8753,-5.2292],[-36.8753,-5.2318],[-36.8753,-5.2344],[-36.8753,-5.237],[-36.8753,-5.2396],[-36.8753,-5.2422],[-36.8753,-5.2448],[-36.8753,-5.2474],[-36.8753,-5.25],[-36.875,-5.25],[-36.875,-5.2917],[-36.8125,-5.2917],[-36.8125,-5.2422],[-36.8307,-5.2422],[-36.8307,-5.2396],[-36.8411,-5.2396],[-36.8411,-5.2344],[-36.8516,-5.2344],[-36.8516,-5.2292]]]]},"geometry_name":"GEOMETRY","properties":{"COD_BLOCO":"POT-T-525","COD_FASE_C":"E","DAT_ASSINA":"28-11-2022","DAT_TERMIN":null,"NOM_BACIA":"Potiguar","NOM_BLOCO":"POT-T-525","NOM_FANTAS":null,"NUM_CONTRA":"48610215454202245","NUM_DESCOB":0,"OPERADOR_C":"3R Potiguar S.A.","RODADA":"OPC3","AREA_TOTAL":44,"AMBIENTE":"T ","BLOCOS":null},"bbox":[-36.8753,-5.2917,-36.8125,-5.224]},{"type":"Feature","id":"BLOCOS_EXPLORATORIOS_SIRGAS.1482","geometry":{"type":"MultiPolygon","coordinates":[[[[-37.1878,-5.4171],[-37.1878,-5.4167],[-37.1875,-5.4167],[-37.1875,-5.375],[-37.25,-5.375],[-37.25,-5.4249],[-37.2477,-5.4249],[-37.2451,-5.4249],[-37.2425,-5.4249],[-37.2425,-5.4223],[-37.2399,-5.4223],[-37.2373,-5.4223],[-37.2347,-5.4223],[-37.2347,-5.4197],[-37.2321,-5.4197],[-37.2321,-5.4171],[-37.2295,-5.4171],[-37.2295,-5.4145],[-37.2295,-5.4118],[-37.2295,-5.4092],[-37.2295,-5.4066],[-37.2269,-5.4066],[-37.2243,-5.4066],[-37.2217,-5.4066],[-37.2191,-5.4066],[-37.2191,-5.4092],[-37.2191,-5.4118],[-37.2191,-5.4145],[-37.2191,-5.4171],[-37.2165,-5.4171],[-37.2139,-5.4171],[-37.2113,-5.4171],[-37.2087,-5.4171],[-37.2061,-5.4171],[-37.2035,-5.4171],[-37.2009,-5.4171],[-37.1983,-5.4171],[-37.1957,-5.4171],[-37.193,-5.4171],[-37.1904,-5.4171],[-37.1878,-5.4171]]]]},"geometry_name":"GEOMETRY","properties":{"COD_BLOCO":"POT-T-654","COD_FASE_C":"E","DAT_ASSINA":"21-11-2022","DAT_TERMIN":null,"NOM_BACIA":"Potiguar","NOM_BLOCO":"POT-T-654","NOM_FANTAS":null,"NUM_CONTRA":"48610215449202232","NUM_DESCOB":0,"OPERADOR_C":"Petro-Victory Energia Ltda.","RODADA":"OPC3","AREA_TOTAL":32,"AMBIENTE":"T ","BLOCOS":null},"bbox":[-37.25,-5.4249,-37.1875,-5.375]},{"type":"Feature","id":"BLOCOS_EXPLORATORIOS_SIRGAS.1480","geometry":{"type":"MultiPolygon","coordinates":[[[[-36.904,-5.2009],[-36.904,-5.1983],[-36.904,-5.1957],[-36.904,-5.1931],[-36.904,-5.1905],[-36.904,-5.1879],[-36.904,-5.1853],[-36.904,-5.1827],[-36.901,-5.1827],[-36.8984,-5.1827],[-36.8958,-5.1827],[-36.8932,-5.1827],[-36.8906,-5.1827],[-36.888,-5.1827],[-36.8854,-5.1827],[-36.8828,-5.1827],[-36.8802,-5.1827],[-36.8776,-5.1827],[-36.875,-5.1827],[-36.875,-5.1667],[-36.9375,-5.1667],[-36.9375,-5.2009],[-36.9352,-5.2009],[-36.9326,-5.2009],[-36.93,-5.2009],[-36.9274,-5.2009],[-36.9248,-5.2009],[-36.9222,-5.2009],[-36.9196,-5.2009],[-36.917,-5.2009],[-36.9144,-5.2009],[-36.9118,-5.2009],[-36.9092,-5.2009],[-36.9066,-5.2009],[-36.904,-5.2009]]]]},"geometry_name":"GEOMETRY","properties":{"COD_BLOCO":"POT-T-436","COD_FASE_C":"E","DAT_ASSINA":"21-11-2022","DAT_TERMIN":null,"NOM_BACIA":"Potiguar","NOM_BLOCO":"POT-T-436","NOM_FANTAS":null,"NUM_CONTRA":"48610215443202265","NUM_DESCOB":0,"OPERADOR_C":"Petro-Victory Energia Ltda.","RODADA":"OPC3","AREA_TOTAL":20,"AMBIENTE":"T ","BLOCOS":null},"bbox":[-36.9375,-5.2009,-36.875,-5.1667]},{"type":"Feature","id":"BLOCOS_EXPLORATORIOS_SIRGAS.1487","geometry":{"type":"MultiPolygon","coordinates":[[[[-37.5003,-5.4431],[-37.5003,-5.4453],[-37.5003,-5.4479],[-37.5003,-5.4505],[-37.5003,-5.4531],[-37.5003,-5.4557],[-37.5003,-5.4583],[-37.4375,-5.4583],[-37.4375,-5.4167],[-37.5,-5.4167],[-37.5,-5.4431],[-37.5003,-5.4431]]]]},"geometry_name":"GEOMETRY","properties":{"COD_BLOCO":"POT-T-696","COD_FASE_C":"E","DAT_ASSINA":"21-11-2022","DAT_TERMIN":null,"NOM_BACIA":"Potiguar","NOM_BLOCO":"POT-T-696","NOM_FANTAS":null,"NUM_CONTRA":"48610215451202210","NUM_DESCOB":0,"OPERADOR_C":"Petro-Victory Energia Ltda.","RODADA":"OPC3","AREA_TOTAL":32,"AMBIENTE":"T ","BLOCOS":null},"bbox":[-37.5003,-5.4583,-37.4375,-5.4167]},{"type":"Feature","id":"BLOCOS_EXPLORATORIOS_SIRGAS.1494","geometry":{"type":"MultiPolygon","coordinates":[[[[-36.9378,-5.2087],[-36.9378,-5.2061],[-36.9378,-5.2035],[-36.9378,-5.2009],[-36.9375,-5.2009],[-36.9375,-5.1667],[-37,-5.1667],[-37,-5.2187],[-37.0003,-5.2187],[-37.0003,-5.2217],[-37.0003,-5.2243],[-36.9977,-5.2243],[-36.9951,-5.2243],[-36.9925,-5.2243],[-36.9899,-5.2243],[-36.9873,-5.2243],[-36.9847,-5.2243],[-36.9821,-5.2243],[-36.9795,-5.2243],[-36.9769,-5.2243],[-36.9743,-5.2243],[-36.9717,-5.2243],[-36.9717,-5.2217],[-36.9717,-5.2191],[-36.9717,-5.2165],[-36.9717,-5.2139],[-36.9717,-5.2113],[-36.9717,-5.2087],[-36.9691,-5.2087],[-36.9665,-5.2087],[-36.9639,-5.2087],[-36.9613,-5.2087],[-36.9587,-5.2087],[-36.9561,-5.2087],[-36.9535,-5.2087],[-36.9509,-5.2087],[-36.9483,-5.2087],[-36.9456,-5.2087],[-36.943,-5.2087],[-36.9404,-5.2087],[-36.9378,-5.2087]]]]},"geometry_name":"GEOMETRY","properties":{"COD_BLOCO":"POT-T-435","COD_FASE_C":"E","DAT_ASSINA":"21-11-2022","DAT_TERMIN":null,"NOM_BACIA":"Potiguar","NOM_BLOCO":"POT-T-435","NOM_FANTAS":null,"NUM_CONTRA":"48610215442202211","NUM_DESCOB":0,"OPERADOR_C":"Petro-Victory Energia Ltda.","RODADA":"OPC3","AREA_TOTAL":38,"AMBIENTE":"T ","BLOCOS":null},"bbox":[-37.0003,-5.2243,-36.9375,-5.1667]},{"type":"Feature","id":"BLOCOS_EXPLORATORIOS_SIRGAS.1483","geometry":{"type":"MultiPolygon","coordinates":[[[[-37.2269,-5.3493],[-37.2269,-5.3467],[-37.2295,-5.3467],[-37.2321,-5.3467],[-37.2347,-5.3467],[-37.2373,-5.3467],[-37.2399,-5.3467],[-37.2399,-5.3437],[-37.2399,-5.3411],[-37.2399,-5.3385],[-37.2399,-5.3359],[-37.2399,-5.3333],[-37.25,-5.3333],[-37.25,-5.375],[-37.1875,-5.375],[-37.1875,-5.3493],[-37.1904,-5.3493],[-37.193,-5.3493],[-37.1957,-5.3493],[-37.1983,-5.3493],[-37.2009,-5.3493],[-37.2035,-5.3493],[-37.2061,-5.3493],[-37.2087,-5.3493],[-37.2113,-5.3493],[-37.2139,-5.3493],[-37.2165,-5.3493],[-37.2191,-5.3493],[-37.2217,-5.3493],[-37.2243,-5.3493],[-37.2269,-5.3493]]]]},"geometry_name":"GEOMETRY","properties":{"COD_BLOCO":"POT-T-609","COD_FASE_C":"E","DAT_ASSINA":"21-11-2022","DAT_TERMIN":null,"NOM_BACIA":"Potiguar","NOM_BLOCO":"POT-T-609","NOM_FANTAS":null,"NUM_CONTRA":"48610215448202298","NUM_DESCOB":0,"OPERADOR_C":"Petro-Victory Energia Ltda.","RODADA":"OPC3","AREA_TOTAL":22,"AMBIENTE":"T ","BLOCOS":null},"bbox":[-37.25,-5.375,-37.1875,-5.3333]},{"type":"Feature","id":"BLOCOS_EXPLORATORIOS_SIRGAS.1495","geometry":{"type":"MultiPolygon","coordinates":[[[[-36.9378,-4.9796],[-36.9378,-4.9766],[-36.9378,-4.974],[-36.9378,-4.9714],[-36.9378,-4.9687],[-36.9378,-4.9661],[-36.9378,-4.9635],[-36.9378,-4.9609],[-36.9378,-4.9583],[-36.9795,-4.9583],[-36.9795,-4.9613],[-36.9795,-4.9639],[-36.9795,-4.9665],[-36.9795,-4.9691],[-36.9795,-4.9717],[-36.9821,-4.9717],[-36.9847,-4.9717],[-36.9873,-4.9717],[-36.9873,-4.9743],[-36.9873,-4.9769],[-36.9873,-4.9796],[-36.9873,-4.9822],[-36.9847,-4.9822],[-36.9821,-4.9822],[-36.9795,-4.9822],[-36.9795,-4.9844],[-36.9795,-4.987],[-36.9795,-4.9896],[-36.9795,-4.9922],[-36.9795,-4.9948],[-36.9795,-4.9974],[-36.9795,-5],[-36.9587,-5],[-36.9587,-4.9978],[-36.9587,-4.9952],[-36.9587,-4.9926],[-36.9587,-4.99],[-36.9587,-4.9874],[-36.9587,-4.9848],[-36.9587,-4.9822],[-36.9587,-4.9796],[-36.9561,-4.9796],[-36.9535,-4.9796],[-36.9509,-4.9796],[-36.9483,-4.9796],[-36.9456,-4.9796],[-36.943,-4.9796],[-36.9404,-4.9796],[-36.9378,-4.9796]]]]},"geometry_name":"GEOMETRY","properties":{"COD_BLOCO":"POT-T-281","COD_FASE_C":"E","DAT_ASSINA":"21-11-2022","DAT_TERMIN":null,"NOM_BACIA":"Potiguar","NOM_BLOCO":"POT-T-281","NOM_FANTAS":null,"NUM_CONTRA":"48610215434202274","NUM_DESCOB":0,"OPERADOR_C":"Petro-Victory Energia Ltda.","RODADA":"OPC3","AREA_TOTAL":17,"AMBIENTE":"T ","BLOCOS":null},"bbox":[-36.9873,-5,-36.9378,-4.9583]},{"type":"Feature","id":"BLOCOS_EXPLORATORIOS_SIRGAS.1496","geometry":{"type":"MultiPolygon","coordinates":[[[[-37.1253,-5.1462],[-37.1279,-5.1462],[-37.1305,-5.1462],[-37.1332,-5.1462],[-37.1358,-5.1462],[-37.1358,-5.1488],[-37.1358,-5.1514],[-37.1358,-5.154],[-37.1358,-5.1566],[-37.1384,-5.1566],[-37.141,-5.1566],[-37.1436,-5.1566],[-37.1462,-5.1566],[-37.1488,-5.1566],[-37.1514,-5.1566],[-37.154,-5.1566],[-37.1566,-5.1566],[-37.1592,-5.1566],[-37.1618,-5.1566],[-37.1644,-5.1566],[-37.167,-5.1566],[-37.167,-5.1589],[-37.167,-5.1615],[-37.167,-5.1641],[-37.167,-5.1667],[-37.0993,-5.1667],[-37.0993,-5.1645],[-37.0993,-5.1618],[-37.0993,-5.1592],[-37.0993,-5.1566],[-37.0993,-5.154],[-37.0993,-5.1514],[-37.0993,-5.1488],[-37.0993,-5.1462],[-37.0993,-5.1436],[-37.0993,-5.141],[-37.0993,-5.1384],[-37.0993,-5.1358],[-37.0993,-5.1332],[-37.0993,-5.1306],[-37.0993,-5.128],[-37.0993,-5.1254],[-37.0993,-5.1228],[-37.0993,-5.1202],[-37.0993,-5.1176],[-37.0993,-5.115],[-37.1019,-5.115],[-37.1045,-5.115],[-37.1045,-5.1176],[-37.1045,-5.1202],[-37.1045,-5.1228],[-37.1045,-5.1254],[-37.1071,-5.1254],[-37.1097,-5.1254],[-37.1123,-5.1254],[-37.1149,-5.1254],[-37.1149,-5.128],[-37.1149,-5.1306],[-37.1149,-5.1332],[-37.1149,-5.1358],[-37.1175,-5.1358],[-37.1201,-5.1358],[-37.1227,-5.1358],[-37.1253,-5.1358],[-37.1253,-5.1384],[-37.1253,-5.141],[-37.1253,-5.1436],[-37.1253,-5.1462]]]]},"geometry_name":"GEOMETRY","properties":{"COD_BLOCO":"POT-T-391","COD_FASE_C":"E","DAT_ASSINA":"21-11-2022","DAT_TERMIN":null,"NOM_BACIA":"Potiguar","NOM_BLOCO":"POT-T-391","NOM_FANTAS":null,"NUM_CONTRA":"48610215432202285","NUM_DESCOB":0,"OPERADOR_C":"Petro-Victory Energia Ltda.","RODADA":"OPC3","AREA_TOTAL":19,"AMBIENTE":"T ","BLOCOS":null},"bbox":[-37.167,-5.1667,-37.0993,-5.115]},{"type":"Feature","id":"BLOCOS_EXPLORATORIOS_SIRGAS.1152","geometry":{"type":"MultiPolygon","coordinates":[[[[-53,-22],[-52.5,-22],[-52.5,-21.5],[-53,-21.5],[-53,-22]]]]},"geometry_name":"GEOMETRY","properties":{"COD_BLOCO":"PAR-T-196","COD_FASE_C":"E","DAT_ASSINA":"28-06-2021","DAT_TERMIN":"'''","NOM_BACIA":"Paraná","NOM_BLOCO":"PAR-T-196","NOM_FANTAS":"PAR-T-196-OP2","NUM_CONTRA":"48610204676202151","NUM_DESCOB":0,"OPERADOR_C":"Eneva S.A.","RODADA":"OPC2","AREA_TOTAL":2863,"AMBIENTE":"T ","BLOCOS":"PAR-T-196                                         "},"bbox":[-53,-22,-52.5,-21.5]},{"type":"Feature","id":"BLOCOS_EXPLORATORIOS_SIRGAS.1085","geometry":{"type":"MultiPolygon","coordinates":[[[[-37.5,-5.4167],[-37.4375,-5.4167],[-37.4375,-5.375],[-37.5,-5.375],[-37.5,-5.4167]]]]},"geometry_name":"GEOMETRY","properties":{"COD_BLOCO":"POT-T-650","COD_FASE_C":"E","DAT_ASSINA":"01-03-2021","DAT_TERMIN":"'''","NOM_BACIA":"Potiguar","NOM_BLOCO":"POT-T-650","NOM_FANTAS":"''''''","NUM_CONTRA":"48610222066201915","NUM_DESCOB":0,"OPERADOR_C":"Petro-Victory Energia Ltda.","RODADA":"OPC1","AREA_TOTAL":32,"AMBIENTE":null,"BLOCOS":null},"bbox":[-37.5,-5.4167,-37.4375,-5.375]},{"type":"Feature","id":"BLOCOS_EXPLORATORIOS_SIRGAS.1084","geometry":{"type":"MultiPolygon","coordinates":[[[[-37.1253,-5.3333],[-37.0937,-5.3333],[-37.0937,-5.3129],[-37.0915,-5.3129],[-37.0889,-5.3129],[-37.0863,-5.3129],[-37.0837,-5.3129],[-37.0811,-5.3129],[-37.0785,-5.3129],[-37.0759,-5.3129],[-37.0733,-5.3129],[-37.0707,-5.3129],[-37.068,-5.3129],[-37.0654,-5.3129],[-37.0628,-5.3129],[-37.0628,-5.3103],[-37.0628,-5.3077],[-37.0628,-5.3051],[-37.0628,-5.3025],[-37.0628,-5.2999],[-37.0628,-5.2973],[-37.0628,-5.2947],[-37.0628,-5.2921],[-37.0654,-5.2921],[-37.068,-5.2921],[-37.0707,-5.2921],[-37.0733,-5.2921],[-37.0759,-5.2921],[-37.0785,-5.2921],[-37.0811,-5.2921],[-37.0837,-5.2921],[-37.0837,-5.2917],[-37.125,-5.2917],[-37.125,-5.2921],[-37.1253,-5.2921],[-37.1253,-5.2943],[-37.1253,-5.2969],[-37.1253,-5.2995],[-37.1253,-5.3021],[-37.1253,-5.3047],[-37.1253,-5.3073],[-37.1253,-5.3099],[-37.1253,-5.3125],[-37.1253,-5.3151],[-37.1253,-5.3177],[-37.1253,-5.3203],[-37.1253,-5.3229],[-37.1253,-5.3255],[-37.1253,-5.3281],[-37.1253,-5.3307],[-37.1253,-5.3333]]]]},"geometry_name":"GEOMETRY","properties":{"COD_BLOCO":"POT-T-566","COD_FASE_C":"E","DAT_ASSINA":"01-03-2021","DAT_TERMIN":"'''","NOM_BACIA":"Potiguar","NOM_BLOCO":"POT-T-566","NOM_FANTAS":"''''''","NUM_CONTRA":"48610222063201981","NUM_DESCOB":0,"OPERADOR_C":"Petro-Victory Energia Ltda.","RODADA":"OPC1","AREA_TOTAL":24,"AMBIENTE":null,"BLOCOS":null},"bbox":[-37.1253,-5.3333,-37.0628,-5.2917]},{"type":"Feature","id":"BLOCOS_EXPLORATORIOS_SIRGAS.493","geometry":{"type":"MultiPolygon","coordinates":[[[[-38.1254,-12.0421],[-38.1254,-12.0395],[-38.1254,-12.0369],[-38.1254,-12.0343],[-38.1254,-12.0317],[-38.1254,-12.0291],[-38.1254,-12.0265],[-38.1254,-12.0239],[-38.1254,-12.0213],[-38.1254,-12.0187],[-38.1254,-12.0161],[-38.1254,-12.0135],[-38.1254,-12.0109],[-38.1254,-12.0083],[-38.1254,-12.0056],[-38.1254,-12.003],[-38.1254,-12.0004],[-38.128,-12.0004],[-38.1306,-12.0004],[-38.1332,-12.0004],[-38.1358,-12.0004],[-38.1384,-12.0004],[-38.141,-12.0004],[-38.1436,-12.0004],[-38.1462,-12.0004],[-38.1488,-12.0004],[-38.1514,-12.0004],[-38.154,-12.0004],[-38.1566,-12.0004],[-38.1592,-12.0004],[-38.1618,-12.0004],[-38.1644,-12.0004],[-38.167,-12.0004],[-38.1696,-12.0004],[-38.1722,-12.0004],[-38.1748,-12.0004],[-38.1774,-12.0004],[-38.18,-12.0004],[-38.1826,-12.0004],[-38.1853,-12.0004],[-38.1879,-12.0004],[-38.1879,-12.003],[-38.1879,-12.0056],[-38.1879,-12.0083],[-38.1879,-12.0109],[-38.1879,-12.0135],[-38.1879,-12.0161],[-38.1879,-12.0187],[-38.1879,-12.0213],[-38.1879,-12.0239],[-38.1879,-12.0265],[-38.1879,-12.0291],[-38.1879,-12.0317],[-38.1879,-12.0343],[-38.1879,-12.0369],[-38.1879,-12.0395],[-38.1879,-12.0421],[-38.1853,-12.0421],[-38.1826,-12.0421],[-38.18,-12.0421],[-38.1774,-12.0421],[-38.1748,-12.0421],[-38.1722,-12.0421],[-38.1696,-12.0421],[-38.167,-12.0421],[-38.1644,-12.0421],[-38.1618,-12.0421],[-38.1592,-12.0421],[-38.1566,-12.0421],[-38.154,-12.0421],[-38.1514,-12.0421],[-38.1488,-12.0421],[-38.1462,-12.0421],[-38.1436,-12.0421],[-38.141,-12.0421],[-38.1384,-12.0421],[-38.1358,-12.0421],[-38.1332,-12.0421],[-38.1306,-12.0421],[-38.128,-12.0421],[-38.1254,-12.0421]]]]},"geometry_name":"GEOMETRY","properties":{"COD_BLOCO":"REC-T-68","COD_FASE_C":"E","DAT_ASSINA":"06-06-2014","DAT_TERMIN":null,"NOM_BACIA":"Recôncavo","NOM_BLOCO":"REC-T-68","NOM_FANTAS":"REC-T-68_R12","NUM_CONTRA":"48610000068201441","NUM_DESCOB":0,"OPERADOR_C":"Trayectoria Petróleo e Gás do Brasil Ltda.","RODADA":"Rodada 12","AREA_TOTAL":31,"AMBIENTE":"T ","BLOCOS":"REC-T-68                                          "},"bbox":[-38.1879,-12.0421,-38.1254,-12.0004]},{"type":"Feature","id":"BLOCOS_EXPLORATORIOS_SIRGAS.1083","geometry":{"type":"MultiPolygon","coordinates":[[[[-37.1875,-5.2917],[-37.25,-5.2917],[-37.25,-5.3333],[-37.2399,-5.3333],[-37.2399,-5.3337],[-37.237,-5.3337],[-37.2344,-5.3337],[-37.2318,-5.3337],[-37.2292,-5.3337],[-37.2266,-5.3337],[-37.224,-5.3337],[-37.2214,-5.3337],[-37.2187,-5.3337],[-37.2161,-5.3337],[-37.2135,-5.3337],[-37.2109,-5.3337],[-37.2083,-5.3337],[-37.2057,-5.3337],[-37.2031,-5.3337],[-37.2005,-5.3337],[-37.1979,-5.3337],[-37.1953,-5.3337],[-37.1927,-5.3337],[-37.1901,-5.3337],[-37.1875,-5.3337],[-37.1875,-5.2917]]]]},"geometry_name":"GEOMETRY","properties":{"COD_BLOCO":"POT-T-564","COD_FASE_C":"E","DAT_ASSINA":"01-03-2021","DAT_TERMIN":"'''","NOM_BACIA":"Potiguar","NOM_BLOCO":"POT-T-564","NOM_FANTAS":"''''''","NUM_CONTRA":"48610222061201992","NUM_DESCOB":0,"OPERADOR_C":"Petro-Victory Energia Ltda.","RODADA":"OPC1","AREA_TOTAL":32,"AMBIENTE":null,"BLOCOS":null},"bbox":[-37.25,-5.3337,-37.1875,-5.2917]},{"type":"Feature","id":"BLOCOS_EXPLORATORIOS_SIRGAS.1151","geometry":{"type":"MultiPolygon","coordinates":[[[[-54,-22.5],[-53.5,-22.5],[-53.5,-22],[-54,-22],[-54,-22.5]]]]},"geometry_name":"GEOMETRY","properties":{"COD_BLOCO":"PAR-T-215","COD_FASE_C":"E","DAT_ASSINA":"28-06-2021","DAT_TERMIN":"'''","NOM_BACIA":"Paraná","NOM_BLOCO":"PAR-T-215","NOM_FANTAS":"PAR-T-215-OP2","NUM_CONTRA":"48610204677202104","NUM_DESCOB":0,"OPERADOR_C":"Eneva S.A.","RODADA":"OPC2","AREA_TOTAL":2854,"AMBIENTE":"T ","BLOCOS":"PAR-T-215                                         "},"bbox":[-54,-22.5,-53.5,-22]},{"type":"Feature","id":"BLOCOS_EXPLORATORIOS_SIRGAS.1082","geometry":{"type":"MultiPolygon","coordinates":[[[[-37.0733,-5.2556],[-37.0707,-5.2556],[-37.0707,-5.253],[-37.068,-5.253],[-37.068,-5.2504],[-37.0677,-5.2504],[-37.0677,-5.25],[-37.125,-5.25],[-37.125,-5.2917],[-37.0837,-5.2917],[-37.0837,-5.2895],[-37.0837,-5.2868],[-37.0837,-5.2842],[-37.0837,-5.2816],[-37.0837,-5.279],[-37.0837,-5.2764],[-37.0837,-5.2738],[-37.0837,-5.2712],[-37.0837,-5.2686],[-37.0837,-5.266],[-37.0837,-5.2634],[-37.0837,-5.2608],[-37.0811,-5.2608],[-37.0785,-5.2608],[-37.0759,-5.2608],[-37.0759,-5.2582],[-37.0733,-5.2582],[-37.0733,-5.2556]]]]},"geometry_name":"GEOMETRY","properties":{"COD_BLOCO":"POT-T-521","COD_FASE_C":"E","DAT_ASSINA":"01-03-2021","DAT_TERMIN":"'''","NOM_BACIA":"Potiguar","NOM_BLOCO":"POT-T-521","NOM_FANTAS":"''''''","NUM_CONTRA":"48610222060201948","NUM_DESCOB":0,"OPERADOR_C":"Petro-Victory Energia Ltda.","RODADA":"OPC1","AREA_TOTAL":23,"AMBIENTE":null,"BLOCOS":null},"bbox":[-37.125,-5.2917,-37.0677,-5.25]},{"type":"Feature","id":"BLOCOS_EXPLORATORIOS_SIRGAS.1081","geometry":{"type":"MultiPolygon","coordinates":[[[[-37.2399,-5.2686],[-37.2425,-5.2686],[-37.2451,-5.2686],[-37.2477,-5.2686],[-37.2503,-5.2686],[-37.2503,-5.2708],[-37.25,-5.2708],[-37.25,-5.2917],[-37.1875,-5.2917],[-37.1875,-5.25],[-37.2061,-5.25],[-37.2061,-5.2504],[-37.2087,-5.2504],[-37.2113,-5.2504],[-37.2139,-5.2504],[-37.2165,-5.2504],[-37.2191,-5.2504],[-37.2217,-5.2504],[-37.2243,-5.2504],[-37.2269,-5.2504],[-37.2269,-5.253],[-37.2269,-5.2556],[-37.2295,-5.2556],[-37.2321,-5.2556],[-37.2347,-5.2556],[-37.2347,-5.2582],[-37.2347,-5.2608],[-37.2373,-5.2608],[-37.2399,-5.2608],[-37.2399,-5.2634],[-37.2399,-5.266],[-37.2399,-5.2686]]]]},"geometry_name":"GEOMETRY","properties":{"COD_BLOCO":"POT-T-519","COD_FASE_C":"E","DAT_ASSINA":"01-03-2021","DAT_TERMIN":"'''","NOM_BACIA":"Potiguar","NOM_BLOCO":"POT-T-519","NOM_FANTAS":"''''''","NUM_CONTRA":"48610222059201913","NUM_DESCOB":0,"OPERADOR_C":"Petro-Victory Energia Ltda.","RODADA":"OPC1","AREA_TOTAL":28,"AMBIENTE":null,"BLOCOS":null},"bbox":[-37.2503,-5.2917,-37.1875,-5.25]},{"type":"Feature","id":"BLOCOS_EXPLORATORIOS_SIRGAS.1148","geometry":{"type":"MultiPolygon","coordinates":[[[[-37.167,-5.1775],[-37.1696,-5.1775],[-37.1722,-5.1775],[-37.1748,-5.1775],[-37.1774,-5.1775],[-37.1774,-5.1801],[-37.1774,-5.1827],[-37.1774,-5.1853],[-37.1774,-5.1879],[-37.18,-5.1879],[-37.1826,-5.1879],[-37.1852,-5.1879],[-37.1878,-5.1879],[-37.1904,-5.1879],[-37.193,-5.1879],[-37.193,-5.1901],[-37.193,-5.1927],[-37.193,-5.1953],[-37.193,-5.1979],[-37.193,-5.2005],[-37.193,-5.2031],[-37.193,-5.2057],[-37.193,-5.2083],[-37.125,-5.2083],[-37.125,-5.1667],[-37.167,-5.1667],[-37.167,-5.1697],[-37.167,-5.1723],[-37.167,-5.1749],[-37.167,-5.1775]]]]},"geometry_name":"GEOMETRY","properties":{"COD_BLOCO":"POT-T-432","COD_FASE_C":"E","DAT_ASSINA":"01-06-2021","DAT_TERMIN":"'''","NOM_BACIA":"Potiguar","NOM_BLOCO":"POT-T-432","NOM_FANTAS":"POT-T-432-OP1","NUM_CONTRA":"48610222053201946","NUM_DESCOB":0,"OPERADOR_C":"Petro-Victory Energia Ltda.","RODADA":"OPC1","AREA_TOTAL":29,"AMBIENTE":"T ","BLOCOS":"POT-T-432                                         "},"bbox":[-37.193,-5.2083,-37.125,-5.1667]},{"type":"Feature","id":"BLOCOS_EXPLORATORIOS_SIRGAS.1147","geometry":{"type":"MultiPolygon","coordinates":[[[[-37.0625,-5.2083],[-37,-5.2083],[-37,-5.1667],[-37.0625,-5.1667],[-37.0625,-5.2083]]]]},"geometry_name":"GEOMETRY","properties":{"COD_BLOCO":"POT-T-434","COD_FASE_C":"E","DAT_ASSINA":"01-06-2021","DAT_TERMIN":"'''","NOM_BACIA":"Potiguar","NOM_BLOCO":"POT-T-434","NOM_FANTAS":"POT-T-434-OP1","NUM_CONTRA":"48610222055201935","NUM_DESCOB":0,"OPERADOR_C":"Petro-Victory Energia Ltda.","RODADA":"OPC1","AREA_TOTAL":32,"AMBIENTE":"T ","BLOCOS":"POT-T-434                                         "},"bbox":[-37.0625,-5.2083,-37,-5.1667]},{"type":"Feature","id":"BLOCOS_EXPLORATORIOS_SIRGAS.1146","geometry":{"type":"MultiPolygon","coordinates":[[[[-37.125,-5.25],[-37.0677,-5.25],[-37.0677,-5.2504],[-37.0654,-5.2504],[-37.0628,-5.2504],[-37.0628,-5.2478],[-37.0628,-5.2452],[-37.0628,-5.2426],[-37.0625,-5.2426],[-37.0625,-5.2083],[-37.125,-5.2083],[-37.125,-5.25]]]]},"geometry_name":"GEOMETRY","properties":{"COD_BLOCO":"POT-T-477","COD_FASE_C":"E","DAT_ASSINA":"01-06-2021","DAT_TERMIN":"'''","NOM_BACIA":"Potiguar","NOM_BLOCO":"POT-T-477","NOM_FANTAS":"POT-T-477-OP1","NUM_CONTRA":"48610222057201924","NUM_DESCOB":0,"OPERADOR_C":"Petro-Victory Energia Ltda.","RODADA":"OPC1","AREA_TOTAL":32,"AMBIENTE":"T ","BLOCOS":"POT-T-477                                         "},"bbox":[-37.125,-5.2504,-37.0625,-5.2083]},{"type":"Feature","id":"BLOCOS_EXPLORATORIOS_SIRGAS.2234","geometry":{"type":"MultiPolygon","coordinates":[[[[-37.3125,-4.8333],[-37.3125,-4.875],[-37.25,-4.875],[-37.25,-4.8411],[-37.2552,-4.8411],[-37.2552,-4.8333],[-37.3125,-4.8333]]]]},"geometry_name":"GEOMETRY","properties":{"COD_BLOCO":"POT-T-225","COD_FASE_C":"E","DAT_ASSINA":"15-07-2024","DAT_TERMIN":null,"NOM_BACIA":"Potiguar","NOM_BLOCO":"POT-T-225","NOM_FANTAS":"POT-T-225_OP4","NUM_CONTRA":"48610205907202497","NUM_DESCOB":0,"OPERADOR_C":"Elysian Brasil Exploração e Produção de Petróleo e Gás Natural Ltda.","RODADA":"OPC4","AREA_TOTAL":31.44,"AMBIENTE":"T ","BLOCOS":null},"bbox":[-37.3125,-4.875,-37.25,-4.8333]},{"type":"Feature","id":"BLOCOS_EXPLORATORIOS_SIRGAS.1144","geometry":{"type":"MultiPolygon","coordinates":[[[[-38.75,-12],[-38.6254,-12],[-38.6254,-11.9978],[-38.6254,-11.9952],[-38.6254,-11.9926],[-38.6254,-11.99],[-38.6254,-11.9874],[-38.6254,-11.9848],[-38.6254,-11.9822],[-38.6254,-11.9796],[-38.6254,-11.977],[-38.628,-11.977],[-38.6306,-11.977],[-38.6332,-11.977],[-38.6358,-11.977],[-38.6358,-11.9744],[-38.6358,-11.9718],[-38.6358,-11.9692],[-38.6358,-11.9666],[-38.6358,-11.964],[-38.6358,-11.9614],[-38.6358,-11.9588],[-38.6358,-11.9562],[-38.6358,-11.9536],[-38.6358,-11.951],[-38.6358,-11.9484],[-38.6358,-11.9458],[-38.6358,-11.9431],[-38.6358,-11.9405],[-38.6358,-11.9379],[-38.6358,-11.9353],[-38.6358,-11.9327],[-38.6332,-11.9327],[-38.6306,-11.9327],[-38.628,-11.9327],[-38.6254,-11.9327],[-38.6254,-11.9297],[-38.6254,-11.9271],[-38.6254,-11.9245],[-38.6254,-11.9219],[-38.6254,-11.9193],[-38.6254,-11.9167],[-38.6254,-11.9141],[-38.6254,-11.9115],[-38.6254,-11.9089],[-38.6254,-11.9062],[-38.6254,-11.9036],[-38.6254,-11.901],[-38.6254,-11.8984],[-38.6254,-11.8958],[-38.6254,-11.8932],[-38.6254,-11.8906],[-38.6254,-11.888],[-38.6254,-11.8854],[-38.6254,-11.8828],[-38.6254,-11.8802],[-38.6254,-11.8776],[-38.6254,-11.875],[-38.75,-11.875],[-38.75,-12]]]]},"geometry_name":"GEOMETRY","properties":{"COD_BLOCO":"TUC-T-172","COD_FASE_C":"E","DAT_ASSINA":"28-06-2021","DAT_TERMIN":"'''","NOM_BACIA":"Tucano Sul","NOM_BLOCO":"TUC-T-172","NOM_FANTAS":"TUC-T-172-OP2","NUM_CONTRA":"48610204681202164","NUM_DESCOB":0,"OPERADOR_C":"Petroborn Óleo e Gás S.A.","RODADA":"OPC2","AREA_TOTAL":182,"AMBIENTE":"T ","BLOCOS":"TUC-T-172                                         "},"bbox":[-38.75,-12,-38.6254,-11.875]},{"type":"Feature","id":"BLOCOS_EXPLORATORIOS_SIRGAS.2237","geometry":{"type":"MultiPolygon","coordinates":[[[[-37.2682,-4.8099],[-37.2682,-4.8047],[-37.2708,-4.8047],[-37.2708,-4.7969],[-37.2734,-4.7969],[-37.2734,-4.7917],[-37.3125,-4.7917],[-37.3125,-4.8333],[-37.2578,-4.8333],[-37.2578,-4.8281],[-37.2604,-4.8281],[-37.2604,-4.8203],[-37.263,-4.8203],[-37.263,-4.8151],[-37.2656,-4.8151],[-37.2656,-4.8099],[-37.2682,-4.8099]]]]},"geometry_name":"GEOMETRY","properties":{"COD_BLOCO":"POT-T-211","COD_FASE_C":"E","DAT_ASSINA":"15-07-2024","DAT_TERMIN":null,"NOM_BACIA":"Potiguar","NOM_BLOCO":"POT-T-211","NOM_FANTAS":"POT-T-211_OP4","NUM_CONTRA":"48610205904202453","NUM_DESCOB":0,"OPERADOR_C":"Elysian Brasil Exploração e Produção de Petróleo e Gás Natural Ltda.","RODADA":"OPC4","AREA_TOTAL":24,"AMBIENTE":"T ","BLOCOS":null},"bbox":[-37.3125,-4.8333,-37.2578,-4.7917]},{"type":"Feature","id":"BLOCOS_EXPLORATORIOS_SIRGAS.2236","geometry":{"type":"MultiPolygon","coordinates":[[[[-37.375,-4.875],[-37.375,-4.8333],[-37.4375,-4.8333],[-37.4375,-4.875],[-37.375,-4.875]]]]},"geometry_name":"GEOMETRY","properties":{"COD_BLOCO":"POT-T-223","COD_FASE_C":"E","DAT_ASSINA":"15-07-2024","DAT_TERMIN":null,"NOM_BACIA":"Potiguar","NOM_BLOCO":"POT-T-223","NOM_FANTAS":"POT-T-223_OP4","NUM_CONTRA":"48610205905202406","NUM_DESCOB":0,"OPERADOR_C":"Elysian Brasil Exploração e Produção de Petróleo e Gás Natural Ltda.","RODADA":"OPC4","AREA_TOTAL":32,"AMBIENTE":"T ","BLOCOS":null},"bbox":[-37.4375,-4.875,-37.375,-4.8333]},{"type":"Feature","id":"BLOCOS_EXPLORATORIOS_SIRGAS.2235","geometry":{"type":"MultiPolygon","coordinates":[[[[-37.3125,-4.875],[-37.3125,-4.8333],[-37.375,-4.8333],[-37.375,-4.875],[-37.3125,-4.875]]]]},"geometry_name":"GEOMETRY","properties":{"COD_BLOCO":"POT-T-224","COD_FASE_C":"E","DAT_ASSINA":"15-07-2024","DAT_TERMIN":null,"NOM_BACIA":"Potiguar","NOM_BLOCO":"POT-T-224","NOM_FANTAS":"POT-T-224_OP4","NUM_CONTRA":"48610205906202442","NUM_DESCOB":0,"OPERADOR_C":"Elysian Brasil Exploração e Produção de Petróleo e Gás Natural Ltda.","RODADA":"OPC4","AREA_TOTAL":32,"AMBIENTE":"T ","BLOCOS":null},"bbox":[-37.375,-4.875,-37.3125,-4.8333]},{"type":"Feature","id":"BLOCOS_EXPLORATORIOS_SIRGAS.2233","geometry":{"type":"MultiPolygon","coordinates":[[[[-37.1875,-4.9583],[-37.1875,-4.9167],[-37.25,-4.9167],[-37.25,-4.9583],[-37.1875,-4.9583]]]]},"geometry_name":"GEOMETRY","properties":{"COD_BLOCO":"POT-T-257","COD_FASE_C":"E","DAT_ASSINA":"15-07-2024","DAT_TERMIN":null,"NOM_BACIA":"Potiguar","NOM_BLOCO":"POT-T-257","NOM_FANTAS":"POT-T-257_OP4","NUM_CONTRA":"48610205908202431","NUM_DESCOB":1,"OPERADOR_C":"Elysian Brasil Exploração e Produção de Petróleo e Gás Natural Ltda.","RODADA":"OPC4","AREA_TOTAL":32,"AMBIENTE":"T ","BLOCOS":null},"bbox":[-37.25,-4.9583,-37.1875,-4.9167]},{"type":"Feature","id":"BLOCOS_EXPLORATORIOS_SIRGAS.2232","geometry":{"type":"MultiPolygon","coordinates":[[[[-37.25,-5],[-37.25,-4.9583],[-37.3125,-4.9583],[-37.3125,-5],[-37.25,-5]]]]},"geometry_name":"GEOMETRY","properties":{"COD_BLOCO":"POT-T-276","COD_FASE_C":"E","DAT_ASSINA":"15-07-2024","DAT_TERMIN":null,"NOM_BACIA":"Potiguar","NOM_BLOCO":"POT-T-276","NOM_FANTAS":"POT-T-276_OP4","NUM_CONTRA":"48610205909202486","NUM_DESCOB":0,"OPERADOR_C":"Elysian Brasil Exploração e Produção de Petróleo e Gás Natural Ltda.","RODADA":"OPC4","AREA_TOTAL":32,"AMBIENTE":"T ","BLOCOS":null},"bbox":[-37.3125,-5,-37.25,-4.9583]},{"type":"Feature","id":"BLOCOS_EXPLORATORIOS_SIRGAS.2231","geometry":{"type":"MultiPolygon","coordinates":[[[[-37.25,-5.0417],[-37.25,-5],[-37.3125,-5],[-37.3125,-5.0417],[-37.25,-5.0417]]]]},"geometry_name":"GEOMETRY","properties":{"COD_BLOCO":"POT-T-298","COD_FASE_C":"E","DAT_ASSINA":"15-07-2024","DAT_TERMIN":null,"NOM_BACIA":"Potiguar","NOM_BLOCO":"POT-T-298","NOM_FANTAS":"POT-T-298_OP4","NUM_CONTRA":"48610205910202419","NUM_DESCOB":0,"OPERADOR_C":"Elysian Brasil Exploração e Produção de Petróleo e Gás Natural Ltda.","RODADA":"OPC4","AREA_TOTAL":32,"AMBIENTE":"T ","BLOCOS":null},"bbox":[-37.3125,-5.0417,-37.25,-5]},{"type":"Feature","id":"BLOCOS_EXPLORATORIOS_SIRGAS.2274","geometry":{"type":"MultiPolygon","coordinates":[[[[-49,-33.75],[-48.75,-33.75],[-48.75,-33.5],[-49,-33.5],[-49,-33.75]]]]},"geometry_name":"GEOMETRY","properties":{"COD_BLOCO":"P-M-1599","COD_FASE_C":"E","DAT_ASSINA":"27-08-2024","DAT_TERMIN":null,"NOM_BACIA":"Pelotas","NOM_BLOCO":"P-M-1599","NOM_FANTAS":"P-M-1599_OP4","NUM_CONTRA":"48610206105202402","NUM_DESCOB":0,"OPERADOR_C":"Petróleo Brasileiro S.A. - PETROBRAS","RODADA":"OPC4","AREA_TOTAL":643.232,"AMBIENTE":"M ","BLOCOS":null},"bbox":[-49,-33.75,-48.75,-33.5]},{"type":"Feature","id":"BLOCOS_EXPLORATORIOS_SIRGAS.2277","geometry":{"type":"MultiPolygon","coordinates":[[[[-48.75,-33.5],[-48.5,-33.5],[-48.5,-33.25],[-48.75,-33.25],[-48.75,-33.5]]]]},"geometry_name":"GEOMETRY","properties":{"COD_BLOCO":"P-M-1522","COD_FASE_C":"E","DAT_ASSINA":"27-08-2024","DAT_TERMIN":null,"NOM_BACIA":"Pelotas","NOM_BLOCO":"P-M-1522","NOM_FANTAS":"P-M-1522_OP4","NUM_CONTRA":"48610206104202450","NUM_DESCOB":0,"OPERADOR_C":"Petróleo Brasileiro S.A. - PETROBRAS","RODADA":"OPC4","AREA_TOTAL":645.058,"AMBIENTE":"M ","BLOCOS":null},"bbox":[-48.75,-33.5,-48.5,-33.25]},{"type":"Feature","id":"BLOCOS_EXPLORATORIOS_SIRGAS.2276","geometry":{"type":"MultiPolygon","coordinates":[[[[-49.5,-33.75],[-49.25,-33.75],[-49.25,-33.5],[-49.5,-33.5],[-49.5,-33.75]]]]},"geometry_name":"GEOMETRY","properties":{"COD_BLOCO":"P-M-1595","COD_FASE_C":"E","DAT_ASSINA":"27-08-2024","DAT_TERMIN":null,"NOM_BACIA":"Pelotas","NOM_BLOCO":"P-M-1595","NOM_FANTAS":"P-M-1595_OP4","NUM_CONTRA":"48610206097202496","NUM_DESCOB":0,"OPERADOR_C":"Petróleo Brasileiro S.A. - PETROBRAS","RODADA":"OPC4","AREA_TOTAL":643.232,"AMBIENTE":"M ","BLOCOS":null},"bbox":[-49.5,-33.75,-49.25,-33.5]},{"type":"Feature","id":"BLOCOS_EXPLORATORIOS_SIRGAS.2275","geometry":{"type":"MultiPolygon","coordinates":[[[[-49.25,-33.75],[-49,-33.75],[-49,-33.5],[-49.25,-33.5],[-49.25,-33.75]]]]},"geometry_name":"GEOMETRY","properties":{"COD_BLOCO":"P-M-1597","COD_FASE_C":"E","DAT_ASSINA":"27-08-2024","DAT_TERMIN":null,"NOM_BACIA":"Pelotas","NOM_BLOCO":"P-M-1597","NOM_FANTAS":"P-M-1597_OP4","NUM_CONTRA":"48610206098202431","NUM_DESCOB":0,"OPERADOR_C":"Petróleo Brasileiro S.A. - PETROBRAS","RODADA":"OPC4","AREA_TOTAL":643.232,"AMBIENTE":"M ","BLOCOS":null},"bbox":[-49.25,-33.75,-49,-33.5]},{"type":"Feature","id":"BLOCOS_EXPLORATORIOS_SIRGAS.2273","geometry":{"type":"MultiPolygon","coordinates":[[[[-49.5,-34],[-49.25,-34],[-49.25,-33.75],[-49.5,-33.75],[-49.5,-34]]]]},"geometry_name":"GEOMETRY","properties":{"COD_BLOCO":"P-M-1674","COD_FASE_C":"E","DAT_ASSINA":"27-08-2024","DAT_TERMIN":null,"NOM_BACIA":"Pelotas","NOM_BLOCO":"P-M-1674","NOM_FANTAS":"P-M-1674_OP4","NUM_CONTRA":"48610206106202449","NUM_DESCOB":0,"OPERADOR_C":"Petróleo Brasileiro S.A. - PETROBRAS","RODADA":"OPC4","AREA_TOTAL":641.394,"AMBIENTE":"M ","BLOCOS":null},"bbox":[-49.5,-34,-49.25,-33.75]},{"type":"Feature","id":"BLOCOS_EXPLORATORIOS_SIRGAS.2272","geometry":{"type":"MultiPolygon","coordinates":[[[[-49.25,-34],[-49,-34],[-49,-33.75],[-49.25,-33.75],[-49.25,-34]]]]},"geometry_name":"GEOMETRY","properties":{"COD_BLOCO":"P-M-1676","COD_FASE_C":"E","DAT_ASSINA":"27-08-2024","DAT_TERMIN":null,"NOM_BACIA":"Pelotas","NOM_BLOCO":"P-M-1676","NOM_FANTAS":"P-M-1676_OP4","NUM_CONTRA":"48610206107202493","NUM_DESCOB":0,"OPERADOR_C":"Petróleo Brasileiro S.A. - PETROBRAS","RODADA":"OPC4","AREA_TOTAL":641.394,"AMBIENTE":"M ","BLOCOS":null},"bbox":[-49.25,-34,-49,-33.75]},{"type":"Feature","id":"BLOCOS_EXPLORATORIOS_SIRGAS.2271","geometry":{"type":"MultiPolygon","coordinates":[[[[-49,-34],[-48.75,-34],[-48.75,-33.75],[-49,-33.75],[-49,-34]]]]},"geometry_name":"GEOMETRY","properties":{"COD_BLOCO":"P-M-1678","COD_FASE_C":"E","DAT_ASSINA":"27-08-2024","DAT_TERMIN":null,"NOM_BACIA":"Pelotas","NOM_BLOCO":"P-M-1678","NOM_FANTAS":"P-M-1678_OP4","NUM_CONTRA":"48610206108202438","NUM_DESCOB":0,"OPERADOR_C":"Petróleo Brasileiro S.A. - PETROBRAS","RODADA":"OPC4","AREA_TOTAL":641.394,"AMBIENTE":"M ","BLOCOS":null},"bbox":[-49,-34,-48.75,-33.75]},{"type":"Feature","id":"BLOCOS_EXPLORATORIOS_SIRGAS.2291","geometry":{"type":"MultiPolygon","coordinates":[[[[-49.5,-34.25],[-49.25,-34.25],[-49.25,-34],[-49.5,-34],[-49.5,-34.25]]]]},"geometry_name":"GEOMETRY","properties":{"COD_BLOCO":"P-M-1743","COD_FASE_C":"E","DAT_ASSINA":"27-08-2024","DAT_TERMIN":null,"NOM_BACIA":"Pelotas","NOM_BLOCO":"P-M-1743","NOM_FANTAS":"P-M-1743_OP4","NUM_CONTRA":"48610206109202482","NUM_DESCOB":0,"OPERADOR_C":"Petróleo Brasileiro S.A. - PETROBRAS","RODADA":"OPC4","AREA_TOTAL":640,"AMBIENTE":"M ","BLOCOS":null},"bbox":[-49.5,-34.25,-49.25,-34]},{"type":"Feature","id":"BLOCOS_EXPLORATORIOS_SIRGAS.2267","geometry":{"type":"MultiPolygon","coordinates":[[[[-50.25,-34.5],[-50.25,-34.25],[-50.5,-34.25],[-50.5,-34.5],[-50.25,-34.5]]]]},"geometry_name":"GEOMETRY","properties":{"COD_BLOCO":"P-M-1793","COD_FASE_C":"E","DAT_ASSINA":"27-08-2024","DAT_TERMIN":null,"NOM_BACIA":"Pelotas","NOM_BLOCO":"P-M-1793","NOM_FANTAS":"P-M-1793_OP4","NUM_CONTRA":"48610206099202485","NUM_DESCOB":0,"OPERADOR_C":"Petróleo Brasileiro S.A. - PETROBRAS","RODADA":"OPC4","AREA_TOTAL":638,"AMBIENTE":"M ","BLOCOS":null},"bbox":[-50.5,-34.5,-50.25,-34.25]},{"type":"Feature","id":"BLOCOS_EXPLORATORIOS_SIRGAS.2269","geometry":{"type":"MultiPolygon","coordinates":[[[[-50,-34.5],[-50,-34.25],[-50.25,-34.25],[-50.25,-34.5],[-50,-34.5]]]]},"geometry_name":"GEOMETRY","properties":{"COD_BLOCO":"P-M-1795","COD_FASE_C":"E","DAT_ASSINA":"27-08-2024","DAT_TERMIN":null,"NOM_BACIA":"Pelotas","NOM_BLOCO":"P-M-1795","NOM_FANTAS":"P-M-1795_OP4","NUM_CONTRA":"48610206100202471","NUM_DESCOB":0,"OPERADOR_C":"Petróleo Brasileiro S.A. - PETROBRAS","RODADA":"OPC4","AREA_TOTAL":638,"AMBIENTE":"M ","BLOCOS":null},"bbox":[-50.25,-34.5,-50,-34.25]},{"type":"Feature","id":"BLOCOS_EXPLORATORIOS_SIRGAS.2292","geometry":{"type":"MultiPolygon","coordinates":[[[[-49.75,-34.5],[-49.5,-34.5],[-49.5,-34.25],[-49.75,-34.25],[-49.75,-34.5]]]]},"geometry_name":"GEOMETRY","properties":{"COD_BLOCO":"P-M-1799","COD_FASE_C":"E","DAT_ASSINA":"27-08-2024","DAT_TERMIN":null,"NOM_BACIA":"Pelotas","NOM_BLOCO":"P-M-1799","NOM_FANTAS":"P-M-1799_OP4","NUM_CONTRA":"48610206110202415","NUM_DESCOB":0,"OPERADOR_C":"Petróleo Brasileiro S.A. - PETROBRAS","RODADA":"OPC4","AREA_TOTAL":638,"AMBIENTE":"M ","BLOCOS":null},"bbox":[-49.75,-34.5,-49.5,-34.25]},{"type":"Feature","id":"BLOCOS_EXPLORATORIOS_SIRGAS.2268","geometry":{"type":"MultiPolygon","coordinates":[[[[-50.25,-34.75],[-50.25,-34.5],[-50.5,-34.5],[-50.5,-34.75],[-50.25,-34.75]]]]},"geometry_name":"GEOMETRY","properties":{"COD_BLOCO":"P-M-1838","COD_FASE_C":"E","DAT_ASSINA":"27-08-2024","DAT_TERMIN":null,"NOM_BACIA":"Pelotas","NOM_BLOCO":"P-M-1838","NOM_FANTAS":"P-M-1838_OP4","NUM_CONTRA":"48610206101202416","NUM_DESCOB":0,"OPERADOR_C":"Petróleo Brasileiro S.A. - PETROBRAS","RODADA":"OPC4","AREA_TOTAL":636,"AMBIENTE":"M ","BLOCOS":null},"bbox":[-50.5,-34.75,-50.25,-34.5]},{"type":"Feature","id":"BLOCOS_EXPLORATORIOS_SIRGAS.2270","geometry":{"type":"MultiPolygon","coordinates":[[[[-50,-34.75],[-50,-34.5],[-50.25,-34.5],[-50.25,-34.75],[-50,-34.75]]]]},"geometry_name":"GEOMETRY","properties":{"COD_BLOCO":"P-M-1840","COD_FASE_C":"E","DAT_ASSINA":"27-08-2024","DAT_TERMIN":null,"NOM_BACIA":"Pelotas","NOM_BLOCO":"P-M-1840","NOM_FANTAS":"P-M-1840_OP4","NUM_CONTRA":"48610206102202461","NUM_DESCOB":0,"OPERADOR_C":"Petróleo Brasileiro S.A. - PETROBRAS","RODADA":"OPC4","AREA_TOTAL":636,"AMBIENTE":"M ","BLOCOS":null},"bbox":[-50.25,-34.75,-50,-34.5]},{"type":"Feature","id":"BLOCOS_EXPLORATORIOS_SIRGAS.2303","geometry":{"type":"MultiPolygon","coordinates":[[[[-46.25,-28],[-46,-28],[-46,-27.75],[-46.25,-27.75],[-46.25,-28]]]]},"geometry_name":"GEOMETRY","properties":{"COD_BLOCO":"S-M-1914","COD_FASE_C":"E","DAT_ASSINA":"24-11-2025","DAT_TERMIN":null,"NOM_BACIA":"Santos","NOM_BLOCO":"S-M-1914","NOM_FANTAS":"S-M-1914_OP5","NUM_CONTRA":"48610220745202506","NUM_DESCOB":0,"OPERADOR_C":"Shell Brasil Petróleo Ltda.","RODADA":"OPC5","AREA_TOTAL":682.047,"AMBIENTE":"M ","BLOCOS":null},"bbox":[-46.25,-28,-46,-27.75]},{"type":"Feature","id":"BLOCOS_EXPLORATORIOS_SIRGAS.2302","geometry":{"type":"MultiPolygon","coordinates":[[[[-46,-25.875],[-45.875,-25.875],[-45.875,-25.75],[-46,-25.75],[-46,-25.875]]]]},"geometry_name":"GEOMETRY","properties":{"COD_BLOCO":"S-M-974","COD_FASE_C":"E","DAT_ASSINA":"24-11-2025","DAT_TERMIN":null,"NOM_BACIA":"Santos","NOM_BLOCO":"S-M-974","NOM_FANTAS":"S-M-974_OP5","NUM_CONTRA":"48610220736202515","NUM_DESCOB":0,"OPERADOR_C":"Karoon Petróleo e Gás Ltda.","RODADA":"OPC5","AREA_TOTAL":174,"AMBIENTE":"M ","BLOCOS":null},"bbox":[-46,-25.875,-45.875,-25.75]},{"type":"Feature","id":"BLOCOS_EXPLORATORIOS_SIRGAS.2253","geometry":{"type":"MultiPolygon","coordinates":[[[[-39.9375,-18.875],[-39.9375,-18.9167],[-39.904,-18.9167],[-39.904,-18.9145],[-39.904,-18.9119],[-39.904,-18.9093],[-39.904,-18.9067],[-39.904,-18.9041],[-39.904,-18.9015],[-39.904,-18.8989],[-39.904,-18.8963],[-39.904,-18.8937],[-39.904,-18.8911],[-39.904,-18.8885],[-39.904,-18.8859],[-39.904,-18.8833],[-39.904,-18.8807],[-39.904,-18.8781],[-39.904,-18.8755],[-39.9066,-18.8755],[-39.9092,-18.8755],[-39.9118,-18.8755],[-39.9144,-18.8755],[-39.917,-18.8755],[-39.9197,-18.8755],[-39.9223,-18.8755],[-39.9223,-18.875],[-39.9375,-18.875]]]]},"geometry_name":"GEOMETRY","properties":{"COD_BLOCO":"ES-T-399","COD_FASE_C":"E","DAT_ASSINA":"15-07-2024","DAT_TERMIN":null,"NOM_BACIA":"Espírito Santo","NOM_BLOCO":"ES-T-399","NOM_FANTAS":"ES-T-399_OP4","NUM_CONTRA":"48610205870202405","NUM_DESCOB":0,"OPERADOR_C":"Elysian Brasil Exploração e Produção de Petróleo e Gás Natural Ltda.","RODADA":"OPC4","AREA_TOTAL":16.16,"AMBIENTE":"T ","BLOCOS":null},"bbox":[-39.9375,-18.9167,-39.904,-18.875]},{"type":"Feature","id":"BLOCOS_EXPLORATORIOS_SIRGAS.374","geometry":{"type":"MultiPolygon","coordinates":[[[[-42.2504,-1.7504],[-42.2478,-1.7504],[-42.2452,-1.7504],[-42.2426,-1.7504],[-42.24,-1.7504],[-42.2374,-1.7504],[-42.2348,-1.7504],[-42.2322,-1.7504],[-42.2295,-1.7504],[-42.2269,-1.7504],[-42.2243,-1.7504],[-42.2217,-1.7504],[-42.2191,-1.7504],[-42.2165,-1.7504],[-42.2139,-1.7504],[-42.2113,-1.7504],[-42.2087,-1.7504],[-42.2061,-1.7504],[-42.2035,-1.7504],[-42.2009,-1.7504],[-42.1983,-1.7504],[-42.1957,-1.7504],[-42.1931,-1.7504],[-42.1905,-1.7504],[-42.1879,-1.7504],[-42.1853,-1.7504],[-42.1827,-1.7504],[-42.1801,-1.7504],[-42.1775,-1.7504],[-42.1749,-1.7504],[-42.1723,-1.7504],[-42.1697,-1.7504],[-42.167,-1.7504],[-42.1644,-1.7504],[-42.1618,-1.7504],[-42.1592,-1.7504],[-42.1566,-1.7504],[-42.154,-1.7504],[-42.1514,-1.7504],[-42.1488,-1.7504],[-42.1462,-1.7504],[-42.1436,-1.7504],[-42.141,-1.7504],[-42.1384,-1.7504],[-42.1358,-1.7504],[-42.1332,-1.7504],[-42.1306,-1.7504],[-42.128,-1.7504],[-42.1254,-1.7504],[-42.1228,-1.7504],[-42.1202,-1.7504],[-42.1176,-1.7504],[-42.115,-1.7504],[-42.1124,-1.7504],[-42.1098,-1.7504],[-42.1072,-1.7504],[-42.1045,-1.7504],[-42.1019,-1.7504],[-42.0993,-1.7504],[-42.0967,-1.7504],[-42.0941,-1.7504],[-42.0915,-1.7504],[-42.0889,-1.7504],[-42.0863,-1.7504],[-42.0837,-1.7504],[-42.0811,-1.7504],[-42.0785,-1.7504],[-42.0759,-1.7504],[-42.0733,-1.7504],[-42.0707,-1.7504],[-42.0681,-1.7504],[-42.0655,-1.7504],[-42.0629,-1.7504],[-42.0603,-1.7504],[-42.0577,-1.7504],[-42.0551,-1.7504],[-42.0525,-1.7504],[-42.0499,-1.7504],[-42.0473,-1.7504],[-42.0447,-1.7504],[-42.042,-1.7504],[-42.0394,-1.7504],[-42.0368,-1.7504],[-42.0342,-1.7504],[-42.0316,-1.7504],[-42.029,-1.7504],[-42.0264,-1.7504],[-42.0238,-1.7504],[-42.0212,-1.7504],[-42.0186,-1.7504],[-42.016,-1.7504],[-42.0134,-1.7504],[-42.0108,-1.7504],[-42.0082,-1.7504],[-42.0056,-1.7504],[-42.003,-1.7504],[-42.0004,-1.7504],[-42.0004,-1.7478],[-42.0004,-1.7452],[-42.0004,-1.7425],[-42.0004,-1.7399],[-42.0004,-1.7373],[-42.0004,-1.7347],[-42.0004,-1.7321],[-42.0004,-1.7295],[-42.0004,-1.7269],[-42.0004,-1.7243],[-42.0004,-1.7217],[-42.0004,-1.7191],[-42.0004,-1.7165],[-42.0004,-1.7139],[-42.0004,-1.7113],[-42.0004,-1.7087],[-42.0004,-1.7061],[-42.0004,-1.7035],[-42.0004,-1.7009],[-42.0004,-1.6983],[-42.0004,-1.6957],[-42.0004,-1.6931],[-42.0004,-1.6905],[-42.0004,-1.6879],[-42.0004,-1.6853],[-42.0004,-1.6827],[-42.0004,-1.68],[-42.0004,-1.6774],[-42.0004,-1.6748],[-42.0004,-1.6722],[-42.0004,-1.6696],[-42.0004,-1.667],[-42.0004,-1.6644],[-42.0004,-1.6618],[-42.0004,-1.6592],[-42.0004,-1.6566],[-42.0004,-1.654],[-42.0004,-1.6514],[-42.0004,-1.6488],[-42.0004,-1.6462],[-42.0004,-1.6436],[-42.0004,-1.641],[-42.0004,-1.6384],[-42.0004,-1.6358],[-42.0004,-1.6332],[-42.0004,-1.6306],[-42.0004,-1.628],[-42.0004,-1.6254],[-42.0004,-1.6228],[-42.0004,-1.6202],[-42.0004,-1.6175],[-42.0004,-1.6149],[-42.0004,-1.6123],[-42.0004,-1.6097],[-42.0004,-1.6071],[-42.0004,-1.6045],[-42.0004,-1.6019],[-42.0004,-1.5993],[-42.0004,-1.5967],[-42.0004,-1.5941],[-42.0004,-1.5915],[-42.0004,-1.5889],[-42.0004,-1.5863],[-42.0004,-1.5837],[-42.0004,-1.5811],[-42.0004,-1.5785],[-42.0004,-1.5759],[-42.0004,-1.5733],[-42.0004,-1.5707],[-42.0004,-1.5681],[-42.0004,-1.5655],[-42.0004,-1.5629],[-42.0004,-1.5603],[-42.0004,-1.5576],[-42.0004,-1.555],[-42.0004,-1.5524],[-42.0004,-1.5498],[-42.0004,-1.5472],[-42.0004,-1.5446],[-42.0004,-1.542],[-42.0004,-1.5394],[-42.0004,-1.5368],[-42.0004,-1.5342],[-42.0004,-1.5316],[-42.0004,-1.529],[-42.0004,-1.5264],[-42.0004,-1.5238],[-42.0004,-1.5212],[-42.0004,-1.5186],[-42.0004,-1.516],[-42.0004,-1.5134],[-42.0004,-1.5108],[-42.0004,-1.5082],[-42.0004,-1.5056],[-42.0004,-1.503],[-42.0004,-1.5004],[-42.003,-1.5004],[-42.0056,-1.5004],[-42.0082,-1.5004],[-42.0108,-1.5004],[-42.0134,-1.5004],[-42.016,-1.5004],[-42.0186,-1.5004],[-42.0212,-1.5004],[-42.0238,-1.5004],[-42.0264,-1.5004],[-42.029,-1.5004],[-42.0316,-1.5004],[-42.0342,-1.5004],[-42.0368,-1.5004],[-42.0394,-1.5004],[-42.042,-1.5004],[-42.0447,-1.5004],[-42.0473,-1.5004],[-42.0499,-1.5004],[-42.0525,-1.5004],[-42.0551,-1.5004],[-42.0577,-1.5004],[-42.0603,-1.5004],[-42.0629,-1.5004],[-42.0655,-1.5004],[-42.0681,-1.5004],[-42.0707,-1.5004],[-42.0733,-1.5004],[-42.0759,-1.5004],[-42.0785,-1.5004],[-42.0811,-1.5004],[-42.0837,-1.5004],[-42.0863,-1.5004],[-42.0889,-1.5004],[-42.0915,-1.5004],[-42.0941,-1.5004],[-42.0967,-1.5004],[-42.0993,-1.5004],[-42.1019,-1.5004],[-42.1045,-1.5004],[-42.1072,-1.5004],[-42.1098,-1.5004],[-42.1124,-1.5004],[-42.115,-1.5004],[-42.1176,-1.5004],[-42.1202,-1.5004],[-42.1228,-1.5004],[-42.1254,-1.5004],[-42.128,-1.5004],[-42.1306,-1.5004],[-42.1332,-1.5004],[-42.1358,-1.5004],[-42.1384,-1.5004],[-42.141,-1.5004],[-42.1436,-1.5004],[-42.1462,-1.5004],[-42.1488,-1.5004],[-42.1514,-1.5004],[-42.154,-1.5004],[-42.1566,-1.5004],[-42.1592,-1.5004],[-42.1618,-1.5004],[-42.1644,-1.5004],[-42.167,-1.5004],[-42.1697,-1.5004],[-42.1723,-1.5004],[-42.1749,-1.5004],[-42.1775,-1.5004],[-42.1801,-1.5004],[-42.1827,-1.5004],[-42.1853,-1.5004],[-42.1879,-1.5004],[-42.1905,-1.5004],[-42.1931,-1.5004],[-42.1957,-1.5004],[-42.1983,-1.5004],[-42.2009,-1.5004],[-42.2035,-1.5004],[-42.2061,-1.5004],[-42.2087,-1.5004],[-42.2113,-1.5004],[-42.2139,-1.5004],[-42.2165,-1.5004],[-42.2191,-1.5004],[-42.2217,-1.5004],[-42.2243,-1.5004],[-42.2269,-1.5004],[-42.2295,-1.5004],[-42.2322,-1.5004],[-42.2348,-1.5004],[-42.2374,-1.5004],[-42.24,-1.5004],[-42.2426,-1.5004],[-42.2452,-1.5004],[-42.2478,-1.5004],[-42.2504,-1.5004],[-42.2504,-1.503],[-42.2504,-1.5056],[-42.2504,-1.5082],[-42.2504,-1.5108],[-42.2504,-1.5134],[-42.2504,-1.516],[-42.2504,-1.5186],[-42.2504,-1.5212],[-42.2504,-1.5238],[-42.2504,-1.5264],[-42.2504,-1.529],[-42.2504,-1.5316],[-42.2504,-1.5342],[-42.2504,-1.5368],[-42.2504,-1.5394],[-42.2504,-1.542],[-42.2504,-1.5446],[-42.2504,-1.5472],[-42.2504,-1.5498],[-42.2504,-1.5524],[-42.2504,-1.555],[-42.2504,-1.5576],[-42.2504,-1.5603],[-42.2504,-1.5629],[-42.2504,-1.5655],[-42.2504,-1.5681],[-42.2504,-1.5707],[-42.2504,-1.5733],[-42.2504,-1.5759],[-42.2504,-1.5785],[-42.2504,-1.5811],[-42.2504,-1.5837],[-42.2504,-1.5863],[-42.2504,-1.5889],[-42.2504,-1.5915],[-42.2504,-1.5941],[-42.2504,-1.5967],[-42.2504,-1.5993],[-42.2504,-1.6019],[-42.2504,-1.6045],[-42.2504,-1.6071],[-42.2504,-1.6097],[-42.2504,-1.6123],[-42.2504,-1.6149],[-42.2504,-1.6175],[-42.2504,-1.6202],[-42.2504,-1.6228],[-42.2504,-1.6254],[-42.2504,-1.628],[-42.2504,-1.6306],[-42.2504,-1.6332],[-42.2504,-1.6358],[-42.2504,-1.6384],[-42.2504,-1.641],[-42.2504,-1.6436],[-42.2504,-1.6462],[-42.2504,-1.6488],[-42.2504,-1.6514],[-42.2504,-1.654],[-42.2504,-1.6566],[-42.2504,-1.6592],[-42.2504,-1.6618],[-42.2504,-1.6644],[-42.2504,-1.667],[-42.2504,-1.6696],[-42.2504,-1.6722],[-42.2504,-1.6748],[-42.2504,-1.6774],[-42.2504,-1.68],[-42.2504,-1.6827],[-42.2504,-1.6853],[-42.2504,-1.6879],[-42.2504,-1.6905],[-42.2504,-1.6931],[-42.2504,-1.6957],[-42.2504,-1.6983],[-42.2504,-1.7009],[-42.2504,-1.7035],[-42.2504,-1.7061],[-42.2504,-1.7087],[-42.2504,-1.7113],[-42.2504,-1.7139],[-42.2504,-1.7165],[-42.2504,-1.7191],[-42.2504,-1.7217],[-42.2504,-1.7243],[-42.2504,-1.7269],[-42.2504,-1.7295],[-42.2504,-1.7321],[-42.2504,-1.7347],[-42.2504,-1.7373],[-42.2504,-1.7399],[-42.2504,-1.7425],[-42.2504,-1.7452],[-42.2504,-1.7478],[-42.2504,-1.7504]]]]},"geometry_name":"GEOMETRY","properties":{"COD_BLOCO":"BAR-M-300","COD_FASE_C":"E","DAT_ASSINA":"30-08-2013","DAT_TERMIN":null,"NOM_BACIA":"Barreirinhas","NOM_BLOCO":"BAR-M-300","NOM_FANTAS":"BAR-M-300_R11","NUM_CONTRA":"48610005451201312","NUM_DESCOB":0,"OPERADOR_C":"Shell Brasil Petróleo Ltda.","RODADA":"Rodada 11","AREA_TOTAL":769,"AMBIENTE":"M ","BLOCOS":"BAR-M-300                                         "},"bbox":[-42.2504,-1.7504,-42.0004,-1.5004]},{"type":"Feature","id":"BLOCOS_EXPLORATORIOS_SIRGAS.373","geometry":{"type":"MultiPolygon","coordinates":[[[[-42.2504,-1.7504],[-42.2504,-1.7478],[-42.2504,-1.7452],[-42.2504,-1.7425],[-42.2504,-1.7399],[-42.2504,-1.7373],[-42.2504,-1.7347],[-42.2504,-1.7321],[-42.2504,-1.7295],[-42.2504,-1.7269],[-42.2504,-1.7243],[-42.2504,-1.7217],[-42.2504,-1.7191],[-42.2504,-1.7165],[-42.2504,-1.7139],[-42.2504,-1.7113],[-42.2504,-1.7087],[-42.2504,-1.7061],[-42.2504,-1.7035],[-42.2504,-1.7009],[-42.2504,-1.6983],[-42.2504,-1.6957],[-42.2504,-1.6931],[-42.2504,-1.6905],[-42.2504,-1.6879],[-42.2504,-1.6853],[-42.2504,-1.6827],[-42.2504,-1.68],[-42.2504,-1.6774],[-42.2504,-1.6748],[-42.2504,-1.6722],[-42.2504,-1.6696],[-42.2504,-1.667],[-42.2504,-1.6644],[-42.2504,-1.6618],[-42.2504,-1.6592],[-42.2504,-1.6566],[-42.2504,-1.654],[-42.2504,-1.6514],[-42.2504,-1.6488],[-42.2504,-1.6462],[-42.2504,-1.6436],[-42.2504,-1.641],[-42.2504,-1.6384],[-42.2504,-1.6358],[-42.2504,-1.6332],[-42.2504,-1.6306],[-42.2504,-1.628],[-42.2504,-1.6254],[-42.2504,-1.6228],[-42.2504,-1.6202],[-42.2504,-1.6175],[-42.2504,-1.6149],[-42.2504,-1.6123],[-42.2504,-1.6097],[-42.2504,-1.6071],[-42.2504,-1.6045],[-42.2504,-1.6019],[-42.2504,-1.5993],[-42.2504,-1.5967],[-42.2504,-1.5941],[-42.2504,-1.5915],[-42.2504,-1.5889],[-42.2504,-1.5863],[-42.2504,-1.5837],[-42.2504,-1.5811],[-42.2504,-1.5785],[-42.2504,-1.5759],[-42.2504,-1.5733],[-42.2504,-1.5707],[-42.2504,-1.5681],[-42.2504,-1.5655],[-42.2504,-1.5629],[-42.2504,-1.5603],[-42.2504,-1.5576],[-42.2504,-1.555],[-42.2504,-1.5524],[-42.2504,-1.5498],[-42.2504,-1.5472],[-42.2504,-1.5446],[-42.2504,-1.542],[-42.2504,-1.5394],[-42.2504,-1.5368],[-42.2504,-1.5342],[-42.2504,-1.5316],[-42.2504,-1.529],[-42.2504,-1.5264],[-42.2504,-1.5238],[-42.2504,-1.5212],[-42.2504,-1.5186],[-42.2504,-1.516],[-42.2504,-1.5134],[-42.2504,-1.5108],[-42.2504,-1.5082],[-42.2504,-1.5056],[-42.2504,-1.503],[-42.2504,-1.5004],[-42.253,-1.5004],[-42.2556,-1.5004],[-42.2582,-1.5004],[-42.2608,-1.5004],[-42.2634,-1.5004],[-42.266,-1.5004],[-42.2686,-1.5004],[-42.2712,-1.5004],[-42.2738,-1.5004],[-42.2764,-1.5004],[-42.279,-1.5004],[-42.2816,-1.5004],[-42.2842,-1.5004],[-42.2868,-1.5004],[-42.2894,-1.5004],[-42.292,-1.5004],[-42.2947,-1.5004],[-42.2973,-1.5004],[-42.2999,-1.5004],[-42.3025,-1.5004],[-42.3051,-1.5004],[-42.3077,-1.5004],[-42.3103,-1.5004],[-42.3129,-1.5004],[-42.3155,-1.5004],[-42.3181,-1.5004],[-42.3207,-1.5004],[-42.3233,-1.5004],[-42.3259,-1.5004],[-42.3285,-1.5004],[-42.3311,-1.5004],[-42.3337,-1.5004],[-42.3363,-1.5004],[-42.3389,-1.5004],[-42.3415,-1.5004],[-42.3441,-1.5004],[-42.3467,-1.5004],[-42.3493,-1.5004],[-42.3519,-1.5004],[-42.3545,-1.5004],[-42.3572,-1.5004],[-42.3598,-1.5004],[-42.3624,-1.5004],[-42.365,-1.5004],[-42.3676,-1.5004],[-42.3702,-1.5004],[-42.3728,-1.5004],[-42.3754,-1.5004],[-42.378,-1.5004],[-42.3806,-1.5004],[-42.3832,-1.5004],[-42.3858,-1.5004],[-42.3884,-1.5004],[-42.391,-1.5004],[-42.3936,-1.5004],[-42.3962,-1.5004],[-42.3988,-1.5004],[-42.4014,-1.5004],[-42.404,-1.5004],[-42.4066,-1.5004],[-42.4092,-1.5004],[-42.4118,-1.5004],[-42.4144,-1.5004],[-42.417,-1.5004],[-42.4197,-1.5004],[-42.4223,-1.5004],[-42.4249,-1.5004],[-42.4275,-1.5004],[-42.4301,-1.5004],[-42.4327,-1.5004],[-42.4353,-1.5004],[-42.4379,-1.5004],[-42.4405,-1.5004],[-42.4431,-1.5004],[-42.4457,-1.5004],[-42.4483,-1.5004],[-42.4509,-1.5004],[-42.4535,-1.5004],[-42.4561,-1.5004],[-42.4587,-1.5004],[-42.4613,-1.5004],[-42.4639,-1.5004],[-42.4665,-1.5004],[-42.4691,-1.5004],[-42.4717,-1.5004],[-42.4743,-1.5004],[-42.4769,-1.5004],[-42.4795,-1.5004],[-42.4822,-1.5004],[-42.4848,-1.5004],[-42.4874,-1.5004],[-42.49,-1.5004],[-42.4926,-1.5004],[-42.4952,-1.5004],[-42.4978,-1.5004],[-42.5004,-1.5004],[-42.5004,-1.503],[-42.5004,-1.5056],[-42.5004,-1.5082],[-42.5004,-1.5108],[-42.5004,-1.5134],[-42.5004,-1.516],[-42.5004,-1.5186],[-42.5004,-1.5212],[-42.5004,-1.5238],[-42.5004,-1.5264],[-42.5004,-1.529],[-42.5004,-1.5316],[-42.5004,-1.5342],[-42.5004,-1.5368],[-42.5004,-1.5394],[-42.5004,-1.542],[-42.5004,-1.5446],[-42.5004,-1.5472],[-42.5004,-1.5498],[-42.5004,-1.5524],[-42.5004,-1.555],[-42.5004,-1.5576],[-42.5004,-1.5603],[-42.5004,-1.5629],[-42.5004,-1.5655],[-42.5004,-1.5681],[-42.5004,-1.5707],[-42.5004,-1.5733],[-42.5004,-1.5759],[-42.5004,-1.5785],[-42.5004,-1.5811],[-42.5004,-1.5837],[-42.5004,-1.5863],[-42.5004,-1.5889],[-42.5004,-1.5915],[-42.5004,-1.5941],[-42.5004,-1.5967],[-42.5004,-1.5993],[-42.5004,-1.6019],[-42.5004,-1.6045],[-42.5004,-1.6071],[-42.5004,-1.6097],[-42.5004,-1.6123],[-42.5004,-1.6149],[-42.5004,-1.6175],[-42.5004,-1.6202],[-42.5004,-1.6228],[-42.5004,-1.6254],[-42.5004,-1.628],[-42.5004,-1.6306],[-42.5004,-1.6332],[-42.5004,-1.6358],[-42.5004,-1.6384],[-42.5004,-1.641],[-42.5004,-1.6436],[-42.5004,-1.6462],[-42.5004,-1.6488],[-42.5004,-1.6514],[-42.5004,-1.654],[-42.5004,-1.6566],[-42.5004,-1.6592],[-42.5004,-1.6618],[-42.5004,-1.6644],[-42.5004,-1.667],[-42.5004,-1.6696],[-42.5004,-1.6722],[-42.5004,-1.6748],[-42.5004,-1.6774],[-42.5004,-1.68],[-42.5004,-1.6827],[-42.5004,-1.6853],[-42.5004,-1.6879],[-42.5004,-1.6905],[-42.5004,-1.6931],[-42.5004,-1.6957],[-42.5004,-1.6983],[-42.5004,-1.7009],[-42.5004,-1.7035],[-42.5004,-1.7061],[-42.5004,-1.7087],[-42.5004,-1.7113],[-42.5004,-1.7139],[-42.5004,-1.7165],[-42.5004,-1.7191],[-42.5004,-1.7217],[-42.5004,-1.7243],[-42.5004,-1.7269],[-42.5004,-1.7295],[-42.5004,-1.7321],[-42.5004,-1.7347],[-42.5004,-1.7373],[-42.5004,-1.7399],[-42.5004,-1.7425],[-42.5004,-1.7452],[-42.5004,-1.7478],[-42.5004,-1.7504],[-42.4978,-1.7504],[-42.4952,-1.7504],[-42.4926,-1.7504],[-42.49,-1.7504],[-42.4874,-1.7504],[-42.4848,-1.7504],[-42.4822,-1.7504],[-42.4795,-1.7504],[-42.4769,-1.7504],[-42.4743,-1.7504],[-42.4717,-1.7504],[-42.4691,-1.7504],[-42.4665,-1.7504],[-42.4639,-1.7504],[-42.4613,-1.7504],[-42.4587,-1.7504],[-42.4561,-1.7504],[-42.4535,-1.7504],[-42.4509,-1.7504],[-42.4483,-1.7504],[-42.4457,-1.7504],[-42.4431,-1.7504],[-42.4405,-1.7504],[-42.4379,-1.7504],[-42.4353,-1.7504],[-42.4327,-1.7504],[-42.4301,-1.7504],[-42.4275,-1.7504],[-42.4249,-1.7504],[-42.4223,-1.7504],[-42.4197,-1.7504],[-42.417,-1.7504],[-42.4144,-1.7504],[-42.4118,-1.7504],[-42.4092,-1.7504],[-42.4066,-1.7504],[-42.404,-1.7504],[-42.4014,-1.7504],[-42.3988,-1.7504],[-42.3962,-1.7504],[-42.3936,-1.7504],[-42.391,-1.7504],[-42.3884,-1.7504],[-42.3858,-1.7504],[-42.3832,-1.7504],[-42.3806,-1.7504],[-42.378,-1.7504],[-42.3754,-1.7504],[-42.3728,-1.7504],[-42.3702,-1.7504],[-42.3676,-1.7504],[-42.365,-1.7504],[-42.3624,-1.7504],[-42.3598,-1.7504],[-42.3572,-1.7504],[-42.3545,-1.7504],[-42.3519,-1.7504],[-42.3493,-1.7504],[-42.3467,-1.7504],[-42.3441,-1.7504],[-42.3415,-1.7504],[-42.3389,-1.7504],[-42.3363,-1.7504],[-42.3337,-1.7504],[-42.3311,-1.7504],[-42.3285,-1.7504],[-42.3259,-1.7504],[-42.3233,-1.7504],[-42.3207,-1.7504],[-42.3181,-1.7504],[-42.3155,-1.7504],[-42.3129,-1.7504],[-42.3103,-1.7504],[-42.3077,-1.7504],[-42.3051,-1.7504],[-42.3025,-1.7504],[-42.2999,-1.7504],[-42.2973,-1.7504],[-42.2947,-1.7504],[-42.292,-1.7504],[-42.2894,-1.7504],[-42.2868,-1.7504],[-42.2842,-1.7504],[-42.2816,-1.7504],[-42.279,-1.7504],[-42.2764,-1.7504],[-42.2738,-1.7504],[-42.2712,-1.7504],[-42.2686,-1.7504],[-42.266,-1.7504],[-42.2634,-1.7504],[-42.2608,-1.7504],[-42.2582,-1.7504],[-42.2556,-1.7504],[-42.253,-1.7504],[-42.2504,-1.7504]]]]},"geometry_name":"GEOMETRY","properties":{"COD_BLOCO":"BAR-M-298","COD_FASE_C":"E","DAT_ASSINA":"06-08-2013","DAT_TERMIN":null,"NOM_BACIA":"Barreirinhas","NOM_BLOCO":"BAR-M-298","NOM_FANTAS":"BAR-M-298_R11","NUM_CONTRA":"48610005429201364","NUM_DESCOB":0,"OPERADOR_C":"Shell Brasil Petróleo Ltda.","RODADA":"Rodada 11","AREA_TOTAL":769,"AMBIENTE":"M ","BLOCOS":"BAR-M-298                                         "},"bbox":[-42.5004,-1.7504,-42.2504,-1.5004]},{"type":"Feature","id":"BLOCOS_EXPLORATORIOS_SIRGAS.2252","geometry":{"type":"MultiPolygon","coordinates":[[[[-39.9375,-18.9583],[-39.9375,-18.9167],[-40,-18.9167],[-40,-18.9583],[-39.9375,-18.9583]]]]},"geometry_name":"GEOMETRY","properties":{"COD_BLOCO":"ES-T-407","COD_FASE_C":"E","DAT_ASSINA":"15-07-2024","DAT_TERMIN":null,"NOM_BACIA":"Espírito Santo","NOM_BLOCO":"ES-T-407","NOM_FANTAS":"ES-T-407_OP4","NUM_CONTRA":"48610205871202441","NUM_DESCOB":0,"OPERADOR_C":"Elysian Brasil Exploração e Produção de Petróleo e Gás Natural Ltda.","RODADA":"OPC4","AREA_TOTAL":30.36,"AMBIENTE":"T ","BLOCOS":null},"bbox":[-40,-18.9583,-39.9375,-18.9167]},{"type":"Feature","id":"BLOCOS_EXPLORATORIOS_SIRGAS.2304","geometry":{"type":"MultiPolygon","coordinates":[[[[-46.5005,-27.7505],[-46.5005,-28.0005],[-46.2505,-28.0005],[-46.2505,-27.7505],[-46.5005,-27.7505]]]]},"geometry_name":"GEOMETRY","properties":{"COD_BLOCO":"S-M-1912","COD_FASE_C":"E","DAT_ASSINA":"24-11-2025","DAT_TERMIN":null,"NOM_BACIA":"Santos","NOM_BLOCO":"S-M-1912","NOM_FANTAS":"S-M-1912_OP5","NUM_CONTRA":"48610220744202553","NUM_DESCOB":0,"OPERADOR_C":"Shell Brasil Petróleo Ltda.","RODADA":"OPC5","AREA_TOTAL":682.051,"AMBIENTE":"M ","BLOCOS":null},"bbox":[-46.5005,-28.0005,-46.2505,-27.7505]},{"type":"Feature","id":"BLOCOS_EXPLORATORIOS_SIRGAS.2305","geometry":{"type":"MultiPolygon","coordinates":[[[[-46,-27.75],[-45.75,-27.75],[-45.75,-27.5],[-46,-27.5],[-46,-27.75]]]]},"geometry_name":"GEOMETRY","properties":{"COD_BLOCO":"S-M-1821","COD_FASE_C":"E","DAT_ASSINA":"24-11-2025","DAT_TERMIN":null,"NOM_BACIA":"Santos","NOM_BLOCO":"S-M-1821","NOM_FANTAS":"S-M-1821_OP5","NUM_CONTRA":"48610220743202517","NUM_DESCOB":0,"OPERADOR_C":"Shell Brasil Petróleo Ltda.","RODADA":"OPC5","AREA_TOTAL":684,"AMBIENTE":"M ","BLOCOS":null},"bbox":[-46,-27.75,-45.75,-27.5]},{"type":"Feature","id":"BLOCOS_EXPLORATORIOS_SIRGAS.2306","geometry":{"type":"MultiPolygon","coordinates":[[[[-46.25,-27.75],[-46,-27.75],[-46,-27.5],[-46.25,-27.5],[-46.25,-27.75]]]]},"geometry_name":"GEOMETRY","properties":{"COD_BLOCO":"S-M-1819","COD_FASE_C":"E","DAT_ASSINA":"24-11-2025","DAT_TERMIN":null,"NOM_BACIA":"Santos","NOM_BLOCO":"S-M-1819","NOM_FANTAS":"S-M-1819_OP5","NUM_CONTRA":"48610220742202564","NUM_DESCOB":0,"OPERADOR_C":"Shell Brasil Petróleo Ltda.","RODADA":"OPC5","AREA_TOTAL":684,"AMBIENTE":"M ","BLOCOS":null},"bbox":[-46.25,-27.75,-46,-27.5]},{"type":"Feature","id":"BLOCOS_EXPLORATORIOS_SIRGAS.366","geometry":{"type":"MultiPolygon","coordinates":[[[[-43.0004,-1.0004],[-43.0004,-0.9977],[-43.0004,-0.9951],[-43.0004,-0.9925],[-43.0004,-0.9899],[-43.0004,-0.9873],[-43.0004,-0.9847],[-43.0004,-0.9821],[-43.0004,-0.9795],[-43.0004,-0.9769],[-43.0004,-0.9743],[-43.0004,-0.9717],[-43.0004,-0.9691],[-43.0004,-0.9665],[-43.0004,-0.9639],[-43.0004,-0.9613],[-43.0004,-0.9587],[-43.0004,-0.9561],[-43.0004,-0.9535],[-43.0004,-0.9509],[-43.0004,-0.9483],[-43.0004,-0.9457],[-43.0004,-0.9431],[-43.0004,-0.9405],[-43.0004,-0.9379],[-43.0004,-0.9352],[-43.0004,-0.9326],[-43.0004,-0.93],[-43.0004,-0.9274],[-43.0004,-0.9248],[-43.0004,-0.9222],[-43.0004,-0.9196],[-43.0004,-0.917],[-43.0004,-0.9144],[-43.0004,-0.9118],[-43.0004,-0.9092],[-43.0004,-0.9066],[-43.0004,-0.904],[-43.0004,-0.9014],[-43.0004,-0.8988],[-43.0004,-0.8962],[-43.0004,-0.8936],[-43.0004,-0.891],[-43.0004,-0.8884],[-43.0004,-0.8858],[-43.0004,-0.8832],[-43.0004,-0.8806],[-43.0004,-0.878],[-43.0004,-0.8754],[-43.0004,-0.8727],[-43.0004,-0.8701],[-43.0004,-0.8675],[-43.0004,-0.8649],[-43.0004,-0.8623],[-43.0004,-0.8597],[-43.0004,-0.8571],[-43.0004,-0.8545],[-43.0004,-0.8519],[-43.0004,-0.8493],[-43.0004,-0.8467],[-43.0004,-0.8441],[-43.0004,-0.8415],[-43.0004,-0.8389],[-43.0004,-0.8363],[-43.0004,-0.8337],[-43.0004,-0.8311],[-43.0004,-0.8285],[-43.0004,-0.8259],[-43.0004,-0.8233],[-43.0004,-0.8207],[-43.0004,-0.8181],[-43.0004,-0.8155],[-43.0004,-0.8129],[-43.0004,-0.8102],[-43.0004,-0.8076],[-43.0004,-0.805],[-43.0004,-0.8024],[-43.0004,-0.7998],[-43.0004,-0.7972],[-43.0004,-0.7946],[-43.0004,-0.792],[-43.0004,-0.7894],[-43.0004,-0.7868],[-43.0004,-0.7842],[-43.0004,-0.7816],[-43.0004,-0.779],[-43.0004,-0.7764],[-43.0004,-0.7738],[-43.0004,-0.7712],[-43.0004,-0.7686],[-43.0004,-0.766],[-43.0004,-0.7634],[-43.0004,-0.7608],[-43.0004,-0.7582],[-43.0004,-0.7556],[-43.0004,-0.753],[-43.0004,-0.7504],[-43.003,-0.7504],[-43.0056,-0.7504],[-43.0082,-0.7504],[-43.0108,-0.7504],[-43.0134,-0.7504],[-43.016,-0.7504],[-43.0186,-0.7504],[-43.0212,-0.7504],[-43.0238,-0.7504],[-43.0264,-0.7504],[-43.029,-0.7504],[-43.0316,-0.7504],[-43.0342,-0.7504],[-43.0368,-0.7504],[-43.0394,-0.7504],[-43.0421,-0.7504],[-43.0447,-0.7504],[-43.0473,-0.7504],[-43.0499,-0.7504],[-43.0525,-0.7504],[-43.0551,-0.7504],[-43.0577,-0.7504],[-43.0603,-0.7504],[-43.0629,-0.7504],[-43.0655,-0.7504],[-43.0681,-0.7504],[-43.0707,-0.7504],[-43.0733,-0.7504],[-43.0759,-0.7504],[-43.0785,-0.7504],[-43.0811,-0.7504],[-43.0837,-0.7504],[-43.0863,-0.7504],[-43.0889,-0.7504],[-43.0915,-0.7504],[-43.0941,-0.7504],[-43.0967,-0.7504],[-43.0993,-0.7504],[-43.102,-0.7504],[-43.1046,-0.7504],[-43.1072,-0.7504],[-43.1098,-0.7504],[-43.1124,-0.7504],[-43.115,-0.7504],[-43.1176,-0.7504],[-43.1202,-0.7504],[-43.1228,-0.7504],[-43.1254,-0.7504],[-43.128,-0.7504],[-43.1306,-0.7504],[-43.1332,-0.7504],[-43.1358,-0.7504],[-43.1384,-0.7504],[-43.141,-0.7504],[-43.1436,-0.7504],[-43.1462,-0.7504],[-43.1488,-0.7504],[-43.1514,-0.7504],[-43.154,-0.7504],[-43.1566,-0.7504],[-43.1592,-0.7504],[-43.1618,-0.7504],[-43.1645,-0.7504],[-43.1671,-0.7504],[-43.1697,-0.7504],[-43.1723,-0.7504],[-43.1749,-0.7504],[-43.1775,-0.7504],[-43.1801,-0.7504],[-43.1827,-0.7504],[-43.1853,-0.7504],[-43.1879,-0.7504],[-43.1905,-0.7504],[-43.1931,-0.7504],[-43.1957,-0.7504],[-43.1983,-0.7504],[-43.2009,-0.7504],[-43.2035,-0.7504],[-43.2061,-0.7504],[-43.2087,-0.7504],[-43.2113,-0.7504],[-43.2139,-0.7504],[-43.2165,-0.7504],[-43.2191,-0.7504],[-43.2217,-0.7504],[-43.2243,-0.7504],[-43.227,-0.7504],[-43.2296,-0.7504],[-43.2322,-0.7504],[-43.2348,-0.7504],[-43.2374,-0.7504],[-43.24,-0.7504],[-43.2426,-0.7504],[-43.2452,-0.7504],[-43.2478,-0.7504],[-43.2504,-0.7504],[-43.2504,-0.753],[-43.2504,-0.7556],[-43.2504,-0.7582],[-43.2504,-0.7608],[-43.2504,-0.7634],[-43.2504,-0.766],[-43.2504,-0.7686],[-43.2504,-0.7712],[-43.2504,-0.7738],[-43.2504,-0.7764],[-43.2504,-0.779],[-43.2504,-0.7816],[-43.2504,-0.7842],[-43.2504,-0.7868],[-43.2504,-0.7894],[-43.2504,-0.792],[-43.2504,-0.7946],[-43.2504,-0.7972],[-43.2504,-0.7998],[-43.2504,-0.8024],[-43.2504,-0.805],[-43.2504,-0.8076],[-43.2504,-0.8102],[-43.2504,-0.8129],[-43.2504,-0.8155],[-43.2504,-0.8181],[-43.2504,-0.8207],[-43.2504,-0.8233],[-43.2504,-0.8259],[-43.2504,-0.8285],[-43.2504,-0.8311],[-43.2504,-0.8337],[-43.2504,-0.8363],[-43.2504,-0.8389],[-43.2504,-0.8415],[-43.2504,-0.8441],[-43.2504,-0.8467],[-43.2504,-0.8493],[-43.2504,-0.8519],[-43.2504,-0.8545],[-43.2504,-0.8571],[-43.2504,-0.8597],[-43.2504,-0.8623],[-43.2504,-0.8649],[-43.2504,-0.8675],[-43.2504,-0.8701],[-43.2504,-0.8727],[-43.2504,-0.8754],[-43.2504,-0.878],[-43.2504,-0.8806],[-43.2504,-0.8832],[-43.2504,-0.8858],[-43.2504,-0.8884],[-43.2504,-0.891],[-43.2504,-0.8936],[-43.2504,-0.8962],[-43.2504,-0.8988],[-43.2504,-0.9014],[-43.2504,-0.904],[-43.2504,-0.9066],[-43.2504,-0.9092],[-43.2504,-0.9118],[-43.2504,-0.9144],[-43.2504,-0.917],[-43.2504,-0.9196],[-43.2504,-0.9222],[-43.2504,-0.9248],[-43.2504,-0.9274],[-43.2504,-0.93],[-43.2504,-0.9326],[-43.2504,-0.9352],[-43.2504,-0.9379],[-43.2504,-0.9405],[-43.2504,-0.9431],[-43.2504,-0.9457],[-43.2504,-0.9483],[-43.2504,-0.9509],[-43.2504,-0.9535],[-43.2504,-0.9561],[-43.2504,-0.9587],[-43.2504,-0.9613],[-43.2504,-0.9639],[-43.2504,-0.9665],[-43.2504,-0.9691],[-43.2504,-0.9717],[-43.2504,-0.9743],[-43.2504,-0.9769],[-43.2504,-0.9795],[-43.2504,-0.9821],[-43.2504,-0.9847],[-43.2504,-0.9873],[-43.2504,-0.9899],[-43.2504,-0.9925],[-43.2504,-0.9951],[-43.2504,-0.9977],[-43.2504,-1.0004],[-43.2478,-1.0004],[-43.2452,-1.0004],[-43.2426,-1.0004],[-43.24,-1.0004],[-43.2374,-1.0004],[-43.2348,-1.0004],[-43.2322,-1.0004],[-43.2296,-1.0004],[-43.227,-1.0004],[-43.2243,-1.0004],[-43.2217,-1.0004],[-43.2191,-1.0004],[-43.2165,-1.0004],[-43.2139,-1.0004],[-43.2113,-1.0004],[-43.2087,-1.0004],[-43.2061,-1.0004],[-43.2035,-1.0004],[-43.2009,-1.0004],[-43.1983,-1.0004],[-43.1957,-1.0004],[-43.1931,-1.0004],[-43.1905,-1.0004],[-43.1879,-1.0004],[-43.1853,-1.0004],[-43.1827,-1.0004],[-43.1801,-1.0004],[-43.1775,-1.0004],[-43.1749,-1.0004],[-43.1723,-1.0004],[-43.1697,-1.0004],[-43.1671,-1.0004],[-43.1645,-1.0004],[-43.1618,-1.0004],[-43.1592,-1.0004],[-43.1566,-1.0004],[-43.154,-1.0004],[-43.1514,-1.0004],[-43.1488,-1.0004],[-43.1462,-1.0004],[-43.1436,-1.0004],[-43.141,-1.0004],[-43.1384,-1.0004],[-43.1358,-1.0004],[-43.1332,-1.0004],[-43.1306,-1.0004],[-43.128,-1.0004],[-43.1254,-1.0004],[-43.1228,-1.0004],[-43.1202,-1.0004],[-43.1176,-1.0004],[-43.115,-1.0004],[-43.1124,-1.0004],[-43.1098,-1.0004],[-43.1072,-1.0004],[-43.1046,-1.0004],[-43.102,-1.0004],[-43.0993,-1.0004],[-43.0967,-1.0004],[-43.0941,-1.0004],[-43.0915,-1.0004],[-43.0889,-1.0004],[-43.0863,-1.0004],[-43.0837,-1.0004],[-43.0811,-1.0004],[-43.0785,-1.0004],[-43.0759,-1.0004],[-43.0733,-1.0004],[-43.0707,-1.0004],[-43.0681,-1.0004],[-43.0655,-1.0004],[-43.0629,-1.0004],[-43.0603,-1.0004],[-43.0577,-1.0004],[-43.0551,-1.0004],[-43.0525,-1.0004],[-43.0499,-1.0004],[-43.0473,-1.0004],[-43.0447,-1.0004],[-43.0421,-1.0004],[-43.0395,-1.0004],[-43.0368,-1.0004],[-43.0342,-1.0004],[-43.0316,-1.0004],[-43.029,-1.0004],[-43.0264,-1.0004],[-43.0238,-1.0004],[-43.0212,-1.0004],[-43.0186,-1.0004],[-43.016,-1.0004],[-43.0134,-1.0004],[-43.0108,-1.0004],[-43.0082,-1.0004],[-43.0056,-1.0004],[-43.003,-1.0004],[-43.0004,-1.0004]]]]},"geometry_name":"GEOMETRY","properties":{"COD_BLOCO":"BAR-M-175","COD_FASE_C":"E","DAT_ASSINA":"24-11-2004","DAT_TERMIN":null,"NOM_BACIA":"Barreirinhas","NOM_BLOCO":"BAR-M-175","NOM_FANTAS":"BM-BAR-5","NUM_CONTRA":"486100079662004","NUM_DESCOB":0,"OPERADOR_C":"Petróleo Brasileiro S.A. - PETROBRAS","RODADA":"Rodada 6","AREA_TOTAL":769,"AMBIENTE":"M ","BLOCOS":"BAR-M-175                                         "},"bbox":[-43.2504,-1.0004,-43.0004,-0.7504]},{"type":"Feature","id":"BLOCOS_EXPLORATORIOS_SIRGAS.365","geometry":{"type":"MultiPolygon","coordinates":[[[[-43.4379,-0.9587],[-43.4353,-0.9587],[-43.4327,-0.9587],[-43.4301,-0.9587],[-43.4275,-0.9587],[-43.4249,-0.9587],[-43.4223,-0.9587],[-43.4197,-0.9587],[-43.4171,-0.9587],[-43.4145,-0.9587],[-43.4118,-0.9587],[-43.4092,-0.9587],[-43.4066,-0.9587],[-43.404,-0.9587],[-43.4014,-0.9587],[-43.3988,-0.9587],[-43.3962,-0.9587],[-43.3936,-0.9587],[-43.391,-0.9587],[-43.3884,-0.9587],[-43.3858,-0.9587],[-43.3832,-0.9587],[-43.3806,-0.9587],[-43.378,-0.9587],[-43.3754,-0.9587],[-43.3728,-0.9587],[-43.3702,-0.9587],[-43.3676,-0.9587],[-43.365,-0.9587],[-43.3624,-0.9587],[-43.3598,-0.9587],[-43.3572,-0.9587],[-43.3546,-0.9587],[-43.352,-0.9587],[-43.3493,-0.9587],[-43.3467,-0.9587],[-43.3441,-0.9587],[-43.3415,-0.9587],[-43.3389,-0.9587],[-43.3363,-0.9587],[-43.3337,-0.9587],[-43.3311,-0.9587],[-43.3285,-0.9587],[-43.3259,-0.9587],[-43.3233,-0.9587],[-43.3207,-0.9587],[-43.3181,-0.9587],[-43.3155,-0.9587],[-43.3129,-0.9587],[-43.3129,-0.9613],[-43.3129,-0.9639],[-43.3129,-0.9665],[-43.3129,-0.9691],[-43.3129,-0.9717],[-43.3129,-0.9743],[-43.3129,-0.9769],[-43.3129,-0.9795],[-43.3129,-0.9821],[-43.3129,-0.9847],[-43.3129,-0.9873],[-43.3129,-0.9899],[-43.3129,-0.9925],[-43.3129,-0.9951],[-43.3129,-0.9977],[-43.3129,-1.0004],[-43.3103,-1.0004],[-43.3077,-1.0004],[-43.3051,-1.0004],[-43.3025,-1.0004],[-43.2999,-1.0004],[-43.2973,-1.0004],[-43.2947,-1.0004],[-43.2921,-1.0004],[-43.2895,-1.0004],[-43.2868,-1.0004],[-43.2842,-1.0004],[-43.2816,-1.0004],[-43.279,-1.0004],[-43.2764,-1.0004],[-43.2738,-1.0004],[-43.2712,-1.0004],[-43.2686,-1.0004],[-43.266,-1.0004],[-43.2634,-1.0004],[-43.2608,-1.0004],[-43.2582,-1.0004],[-43.2556,-1.0004],[-43.253,-1.0004],[-43.2504,-1.0004],[-43.2504,-0.9977],[-43.2504,-0.9951],[-43.2504,-0.9925],[-43.2504,-0.9899],[-43.2504,-0.9873],[-43.2504,-0.9847],[-43.2504,-0.9821],[-43.2504,-0.9795],[-43.2504,-0.9769],[-43.2504,-0.9743],[-43.2504,-0.9717],[-43.2504,-0.9691],[-43.2504,-0.9665],[-43.2504,-0.9639],[-43.2504,-0.9613],[-43.2504,-0.9587],[-43.2504,-0.9561],[-43.2504,-0.9535],[-43.2504,-0.9509],[-43.2504,-0.9483],[-43.2504,-0.9457],[-43.2504,-0.9431],[-43.2504,-0.9405],[-43.2504,-0.9379],[-43.2504,-0.9352],[-43.2504,-0.9326],[-43.2504,-0.93],[-43.2504,-0.9274],[-43.2504,-0.9248],[-43.2504,-0.9222],[-43.2504,-0.9196],[-43.2504,-0.917],[-43.253,-0.917],[-43.2556,-0.917],[-43.2582,-0.917],[-43.2608,-0.917],[-43.2634,-0.917],[-43.266,-0.917],[-43.2686,-0.917],[-43.2712,-0.917],[-43.2738,-0.917],[-43.2764,-0.917],[-43.279,-0.917],[-43.2816,-0.917],[-43.2842,-0.917],[-43.2868,-0.917],[-43.2895,-0.917],[-43.2921,-0.917],[-43.2947,-0.917],[-43.2973,-0.917],[-43.2999,-0.917],[-43.3025,-0.917],[-43.3051,-0.917],[-43.3077,-0.917],[-43.3103,-0.917],[-43.3129,-0.917],[-43.3155,-0.917],[-43.3181,-0.917],[-43.3207,-0.917],[-43.3233,-0.917],[-43.3259,-0.917],[-43.3285,-0.917],[-43.3311,-0.917],[-43.3337,-0.917],[-43.3363,-0.917],[-43.3389,-0.917],[-43.3415,-0.917],[-43.3441,-0.917],[-43.3467,-0.917],[-43.3493,-0.917],[-43.352,-0.917],[-43.3546,-0.917],[-43.3572,-0.917],[-43.3598,-0.917],[-43.3624,-0.917],[-43.365,-0.917],[-43.3676,-0.917],[-43.3702,-0.917],[-43.3728,-0.917],[-43.3754,-0.917],[-43.378,-0.917],[-43.3806,-0.917],[-43.3832,-0.917],[-43.3858,-0.917],[-43.3884,-0.917],[-43.391,-0.917],[-43.3936,-0.917],[-43.3962,-0.917],[-43.3988,-0.917],[-43.4014,-0.917],[-43.404,-0.917],[-43.4066,-0.917],[-43.4092,-0.917],[-43.4118,-0.917],[-43.4145,-0.917],[-43.4171,-0.917],[-43.4197,-0.917],[-43.4223,-0.917],[-43.4249,-0.917],[-43.4275,-0.917],[-43.4301,-0.917],[-43.4327,-0.917],[-43.4353,-0.917],[-43.4379,-0.917],[-43.4379,-0.9196],[-43.4379,-0.9222],[-43.4379,-0.9248],[-43.4379,-0.9274],[-43.4379,-0.93],[-43.4379,-0.9326],[-43.4379,-0.9352],[-43.4379,-0.9379],[-43.4379,-0.9405],[-43.4379,-0.9431],[-43.4379,-0.9457],[-43.4379,-0.9483],[-43.4379,-0.9509],[-43.4379,-0.9535],[-43.4379,-0.9561],[-43.4379,-0.9587]]]]},"geometry_name":"GEOMETRY","properties":{"COD_BLOCO":"BM-BAR-3","COD_FASE_C":"E","DAT_ASSINA":"02-09-2002","DAT_TERMIN":null,"NOM_BACIA":"Barreirinhas","NOM_BLOCO":"BM-BAR-3","NOM_FANTAS":"BM-BAR-3","NUM_CONTRA":"486100092122002","NUM_DESCOB":1,"OPERADOR_C":"Petróleo Brasileiro S.A. - PETROBRAS","RODADA":"Rodada 4","AREA_TOTAL":128,"AMBIENTE":"M ","BLOCOS":"BM-BAR-3                                          "},"bbox":[-43.4379,-1.0004,-43.2504,-0.917]},{"type":"Feature","id":"BLOCOS_EXPLORATORIOS_SIRGAS.364","geometry":{"type":"MultiPolygon","coordinates":[[[[-42.8129,-1.667],[-42.8103,-1.667],[-42.8077,-1.667],[-42.8051,-1.667],[-42.8025,-1.667],[-42.7999,-1.667],[-42.7973,-1.667],[-42.7947,-1.667],[-42.7921,-1.667],[-42.7894,-1.667],[-42.7868,-1.667],[-42.7842,-1.667],[-42.7816,-1.667],[-42.779,-1.667],[-42.7764,-1.667],[-42.7738,-1.667],[-42.7712,-1.667],[-42.7686,-1.667],[-42.766,-1.667],[-42.7634,-1.667],[-42.7608,-1.667],[-42.7582,-1.667],[-42.7556,-1.667],[-42.753,-1.667],[-42.7504,-1.667],[-42.7504,-1.6696],[-42.7504,-1.6722],[-42.7504,-1.6748],[-42.7504,-1.6774],[-42.7504,-1.68],[-42.7504,-1.6827],[-42.7504,-1.6853],[-42.7504,-1.6879],[-42.7504,-1.6905],[-42.7504,-1.6931],[-42.7504,-1.6957],[-42.7504,-1.6983],[-42.7504,-1.7009],[-42.7504,-1.7035],[-42.7504,-1.7061],[-42.7504,-1.7087],[-42.7504,-1.7113],[-42.7504,-1.7139],[-42.7504,-1.7165],[-42.7504,-1.7191],[-42.7504,-1.7217],[-42.7504,-1.7243],[-42.7504,-1.7269],[-42.7504,-1.7295],[-42.7504,-1.7321],[-42.7504,-1.7347],[-42.7504,-1.7373],[-42.7504,-1.7399],[-42.7504,-1.7425],[-42.7504,-1.7452],[-42.7504,-1.7478],[-42.7504,-1.7504],[-42.7504,-1.753],[-42.7504,-1.7556],[-42.7504,-1.7582],[-42.7504,-1.7608],[-42.7504,-1.7634],[-42.7504,-1.766],[-42.7504,-1.7686],[-42.7504,-1.7712],[-42.7504,-1.7738],[-42.7504,-1.7764],[-42.7504,-1.779],[-42.7504,-1.7816],[-42.7504,-1.7842],[-42.7504,-1.7868],[-42.7504,-1.7894],[-42.7504,-1.792],[-42.7504,-1.7946],[-42.7504,-1.7972],[-42.7504,-1.7998],[-42.7504,-1.8024],[-42.7504,-1.805],[-42.7504,-1.8077],[-42.7504,-1.8103],[-42.7504,-1.8129],[-42.7504,-1.8155],[-42.7504,-1.8181],[-42.7504,-1.8207],[-42.7504,-1.8233],[-42.7504,-1.8259],[-42.7504,-1.8285],[-42.7504,-1.8311],[-42.7504,-1.8337],[-42.7478,-1.8337],[-42.7452,-1.8337],[-42.7426,-1.8337],[-42.74,-1.8337],[-42.7374,-1.8337],[-42.7348,-1.8337],[-42.7322,-1.8337],[-42.7296,-1.8337],[-42.7269,-1.8337],[-42.7243,-1.8337],[-42.7217,-1.8337],[-42.7191,-1.8337],[-42.7165,-1.8337],[-42.7139,-1.8337],[-42.7113,-1.8337],[-42.7087,-1.8337],[-42.7061,-1.8337],[-42.7035,-1.8337],[-42.7009,-1.8337],[-42.6983,-1.8337],[-42.6957,-1.8337],[-42.6931,-1.8337],[-42.6905,-1.8337],[-42.6879,-1.8337],[-42.6853,-1.8337],[-42.6827,-1.8337],[-42.6801,-1.8337],[-42.6775,-1.8337],[-42.6749,-1.8337],[-42.6723,-1.8337],[-42.6697,-1.8337],[-42.6671,-1.8337],[-42.6644,-1.8337],[-42.6618,-1.8337],[-42.6592,-1.8337],[-42.6566,-1.8337],[-42.654,-1.8337],[-42.6514,-1.8337],[-42.6488,-1.8337],[-42.6462,-1.8337],[-42.6436,-1.8337],[-42.641,-1.8337],[-42.6384,-1.8337],[-42.6358,-1.8337],[-42.6332,-1.8337],[-42.6306,-1.8337],[-42.628,-1.8337],[-42.6254,-1.8337],[-42.6254,-1.8311],[-42.6254,-1.8285],[-42.6254,-1.8259],[-42.6254,-1.8233],[-42.6254,-1.8207],[-42.6254,-1.8181],[-42.6254,-1.8155],[-42.6254,-1.8129],[-42.6254,-1.8103],[-42.6254,-1.8077],[-42.6254,-1.805],[-42.6254,-1.8024],[-42.6254,-1.7998],[-42.6254,-1.7972],[-42.6254,-1.7946],[-42.6254,-1.792],[-42.6228,-1.792],[-42.6202,-1.792],[-42.6176,-1.792],[-42.615,-1.792],[-42.6124,-1.792],[-42.6098,-1.792],[-42.6072,-1.792],[-42.6046,-1.792],[-42.6019,-1.792],[-42.5993,-1.792],[-42.5967,-1.792],[-42.5941,-1.792],[-42.5915,-1.792],[-42.5889,-1.792],[-42.5863,-1.792],[-42.5837,-1.792],[-42.5811,-1.792],[-42.5785,-1.792],[-42.5759,-1.792],[-42.5733,-1.792],[-42.5707,-1.792],[-42.5681,-1.792],[-42.5655,-1.792],[-42.5629,-1.792],[-42.5603,-1.792],[-42.5577,-1.792],[-42.5551,-1.792],[-42.5525,-1.792],[-42.5499,-1.792],[-42.5473,-1.792],[-42.5447,-1.792],[-42.5421,-1.792],[-42.5394,-1.792],[-42.5368,-1.792],[-42.5342,-1.792],[-42.5316,-1.792],[-42.529,-1.792],[-42.5264,-1.792],[-42.5238,-1.792],[-42.5212,-1.792],[-42.5186,-1.792],[-42.516,-1.792],[-42.5134,-1.792],[-42.5108,-1.792],[-42.5082,-1.792],[-42.5056,-1.792],[-42.503,-1.792],[-42.5004,-1.792],[-42.5004,-1.7894],[-42.5004,-1.7868],[-42.5004,-1.7842],[-42.5004,-1.7816],[-42.5004,-1.779],[-42.5004,-1.7764],[-42.5004,-1.7738],[-42.5004,-1.7712],[-42.5004,-1.7686],[-42.5004,-1.766],[-42.5004,-1.7634],[-42.5004,-1.7608],[-42.5004,-1.7582],[-42.5004,-1.7556],[-42.5004,-1.753],[-42.5004,-1.7504],[-42.5004,-1.7478],[-42.5004,-1.7452],[-42.5004,-1.7425],[-42.5004,-1.7399],[-42.5004,-1.7373],[-42.5004,-1.7347],[-42.5004,-1.7321],[-42.5004,-1.7295],[-42.5004,-1.7269],[-42.5004,-1.7243],[-42.5004,-1.7217],[-42.5004,-1.7191],[-42.5004,-1.7165],[-42.5004,-1.7139],[-42.5004,-1.7113],[-42.5004,-1.7087],[-42.503,-1.7087],[-42.5056,-1.7087],[-42.5082,-1.7087],[-42.5108,-1.7087],[-42.5134,-1.7087],[-42.516,-1.7087],[-42.5186,-1.7087],[-42.5212,-1.7087],[-42.5238,-1.7087],[-42.5264,-1.7087],[-42.529,-1.7087],[-42.5316,-1.7087],[-42.5342,-1.7087],[-42.5368,-1.7087],[-42.5394,-1.7087],[-42.5421,-1.7087],[-42.5447,-1.7087],[-42.5473,-1.7087],[-42.5499,-1.7087],[-42.5525,-1.7087],[-42.5551,-1.7087],[-42.5577,-1.7087],[-42.5603,-1.7087],[-42.5629,-1.7087],[-42.5629,-1.7061],[-42.5629,-1.7035],[-42.5629,-1.7009],[-42.5629,-1.6983],[-42.5629,-1.6957],[-42.5629,-1.6931],[-42.5629,-1.6905],[-42.5629,-1.6879],[-42.5629,-1.6853],[-42.5629,-1.6827],[-42.5629,-1.68],[-42.5629,-1.6774],[-42.5629,-1.6748],[-42.5629,-1.6722],[-42.5629,-1.6696],[-42.5629,-1.667],[-42.5655,-1.667],[-42.5681,-1.667],[-42.5707,-1.667],[-42.5733,-1.667],[-42.5759,-1.667],[-42.5785,-1.667],[-42.5811,-1.667],[-42.5837,-1.667],[-42.5863,-1.667],[-42.5889,-1.667],[-42.5915,-1.667],[-42.5941,-1.667],[-42.5967,-1.667],[-42.5993,-1.667],[-42.6019,-1.667],[-42.6046,-1.667],[-42.6072,-1.667],[-42.6098,-1.667],[-42.6124,-1.667],[-42.615,-1.667],[-42.6176,-1.667],[-42.6202,-1.667],[-42.6228,-1.667],[-42.6254,-1.667],[-42.6254,-1.6644],[-42.6254,-1.6618],[-42.6254,-1.6592],[-42.6254,-1.6566],[-42.6254,-1.654],[-42.6254,-1.6514],[-42.6254,-1.6488],[-42.6254,-1.6462],[-42.6254,-1.6436],[-42.6254,-1.641],[-42.6254,-1.6384],[-42.6254,-1.6358],[-42.6254,-1.6332],[-42.6254,-1.6306],[-42.6254,-1.628],[-42.6254,-1.6254],[-42.628,-1.6254],[-42.6306,-1.6254],[-42.6332,-1.6254],[-42.6358,-1.6254],[-42.6384,-1.6254],[-42.641,-1.6254],[-42.6436,-1.6254],[-42.6462,-1.6254],[-42.6488,-1.6254],[-42.6514,-1.6254],[-42.654,-1.6254],[-42.6566,-1.6254],[-42.6592,-1.6254],[-42.6618,-1.6254],[-42.6644,-1.6254],[-42.6671,-1.6254],[-42.6697,-1.6254],[-42.6723,-1.6254],[-42.6749,-1.6254],[-42.6775,-1.6254],[-42.6801,-1.6254],[-42.6827,-1.6254],[-42.6853,-1.6254],[-42.6879,-1.6254],[-42.6879,-1.6228],[-42.6879,-1.6202],[-42.6879,-1.6175],[-42.6879,-1.6149],[-42.6879,-1.6123],[-42.6879,-1.6097],[-42.6879,-1.6071],[-42.6879,-1.6045],[-42.6879,-1.6019],[-42.6879,-1.5993],[-42.6879,-1.5967],[-42.6879,-1.5941],[-42.6879,-1.5915],[-42.6879,-1.5889],[-42.6879,-1.5863],[-42.6879,-1.5837],[-42.6905,-1.5837],[-42.6931,-1.5837],[-42.6957,-1.5837],[-42.6983,-1.5837],[-42.7009,-1.5837],[-42.7035,-1.5837],[-42.7061,-1.5837],[-42.7087,-1.5837],[-42.7113,-1.5837],[-42.7139,-1.5837],[-42.7165,-1.5837],[-42.7191,-1.5837],[-42.7217,-1.5837],[-42.7243,-1.5837],[-42.7269,-1.5837],[-42.7296,-1.5837],[-42.7322,-1.5837],[-42.7348,-1.5837],[-42.7374,-1.5837],[-42.74,-1.5837],[-42.7426,-1.5837],[-42.7452,-1.5837],[-42.7478,-1.5837],[-42.7504,-1.5837],[-42.753,-1.5837],[-42.7556,-1.5837],[-42.7582,-1.5837],[-42.7608,-1.5837],[-42.7634,-1.5837],[-42.766,-1.5837],[-42.7686,-1.5837],[-42.7712,-1.5837],[-42.7738,-1.5837],[-42.7764,-1.5837],[-42.779,-1.5837],[-42.7816,-1.5837],[-42.7842,-1.5837],[-42.7868,-1.5837],[-42.7894,-1.5837],[-42.7921,-1.5837],[-42.7947,-1.5837],[-42.7973,-1.5837],[-42.7999,-1.5837],[-42.8025,-1.5837],[-42.8051,-1.5837],[-42.8077,-1.5837],[-42.8103,-1.5837],[-42.8129,-1.5837],[-42.8129,-1.5863],[-42.8129,-1.5889],[-42.8129,-1.5915],[-42.8129,-1.5941],[-42.8129,-1.5967],[-42.8129,-1.5993],[-42.8129,-1.6019],[-42.8129,-1.6045],[-42.8129,-1.6071],[-42.8129,-1.6097],[-42.8129,-1.6123],[-42.8129,-1.6149],[-42.8129,-1.6175],[-42.8129,-1.6202],[-42.8129,-1.6228],[-42.8129,-1.6254],[-42.8129,-1.628],[-42.8129,-1.6306],[-42.8129,-1.6332],[-42.8129,-1.6358],[-42.8129,-1.6384],[-42.8129,-1.641],[-42.8129,-1.6436],[-42.8129,-1.6462],[-42.8129,-1.6488],[-42.8129,-1.6514],[-42.8129,-1.654],[-42.8129,-1.6566],[-42.8129,-1.6592],[-42.8129,-1.6618],[-42.8129,-1.6644],[-42.8129,-1.667]]]]},"geometry_name":"GEOMETRY","properties":{"COD_BLOCO":"BM-BAR-1","COD_FASE_C":"E","DAT_ASSINA":"29-08-2001","DAT_TERMIN":null,"NOM_BACIA":"Barreirinhas","NOM_BLOCO":"BM-BAR-1","NOM_FANTAS":"BM-BAR-1","NUM_CONTRA":"486100107302001","NUM_DESCOB":2,"OPERADOR_C":"Petróleo Brasileiro S.A. - PETROBRAS","RODADA":"Rodada 3","AREA_TOTAL":577,"AMBIENTE":"M ","BLOCOS":"BM-BAR-1                                          "},"bbox":[-42.8129,-1.8337,-42.5004,-1.5837]},{"type":"Feature","id":"BLOCOS_EXPLORATORIOS_SIRGAS.917","geometry":{"type":"MultiPolygon","coordinates":[[[[-43.8385,-25.2083],[-43.7135,-25.2083],[-43.7135,-24.7969],[-43.9349,-24.7969],[-43.9349,-24.9089],[-44.0052,-24.9089],[-44.0052,-24.9766],[-43.9687,-24.9766],[-43.9687,-25.25],[-43.9089,-25.25],[-43.9089,-25.3333],[-43.8385,-25.3333],[-43.8385,-25.2083]]]]},"geometry_name":"GEOMETRY","properties":{"COD_BLOCO":"BLC_UIRAPR","COD_FASE_C":"E","DAT_ASSINA":"17-12-2018","DAT_TERMIN":null,"NOM_BACIA":"Santos","NOM_BLOCO":"BLC_UIRAPR","NOM_FANTAS":"UIRAPURU","NUM_CONTRA":"48610006637201895","NUM_DESCOB":0,"OPERADOR_C":"Petróleo Brasileiro S.A. - PETROBRAS","RODADA":"Partilha 4","AREA_TOTAL":1285,"AMBIENTE":"M ","BLOCOS":"UIRAPURU                                          "},"bbox":[-44.0052,-25.3333,-43.7135,-24.7969]},{"type":"Feature","id":"BLOCOS_EXPLORATORIOS_SIRGAS.2307","geometry":{"type":"MultiPolygon","coordinates":[[[[-44.25,-27],[-44.25,-27.5],[-43.75,-27.5],[-43.75,-27],[-44.25,-27]]]]},"geometry_name":"GEOMETRY","properties":{"COD_BLOCO":"S-M-1617","COD_FASE_C":"E","DAT_ASSINA":"24-11-2025","DAT_TERMIN":null,"NOM_BACIA":"Santos","NOM_BLOCO":"S-M-1617","NOM_FANTAS":"S-M-1617_OP5","NUM_CONTRA":"48610220746202542","NUM_DESCOB":0,"OPERADOR_C":"Equinor Brasil Energia Ltda.","RODADA":"OPC5","AREA_TOTAL":2743.43,"AMBIENTE":"M ","BLOCOS":null},"bbox":[-44.25,-27.5,-43.75,-27]},{"type":"Feature","id":"BLOCOS_EXPLORATORIOS_SIRGAS.2308","geometry":{"type":"MultiPolygon","coordinates":[[[[-45.5,-27],[-45.75,-27],[-45.75,-27.25],[-45.5,-27.25],[-45.5,-27]]]]},"geometry_name":"GEOMETRY","properties":{"COD_BLOCO":"S-M-1605","COD_FASE_C":"E","DAT_ASSINA":"24-11-2025","DAT_TERMIN":null,"NOM_BACIA":"Santos","NOM_BLOCO":"S-M-1605","NOM_FANTAS":"S-M-1605_OP5","NUM_CONTRA":"48610220741202510","NUM_DESCOB":0,"OPERADOR_C":"Karoon Petróleo e Gás Ltda.","RODADA":"OPC5","AREA_TOTAL":687,"AMBIENTE":"M ","BLOCOS":null},"bbox":[-45.75,-27.25,-45.5,-27]},{"type":"Feature","id":"BLOCOS_EXPLORATORIOS_SIRGAS.2309","geometry":{"type":"MultiPolygon","coordinates":[[[[-46.0005,-27.0005],[-46.0005,-27.2505],[-45.7505,-27.2505],[-45.7505,-27.0005],[-46.0005,-27.0005]]]]},"geometry_name":"GEOMETRY","properties":{"COD_BLOCO":"S-M-1603","COD_FASE_C":"E","DAT_ASSINA":"24-11-2025","DAT_TERMIN":null,"NOM_BACIA":"Santos","NOM_BLOCO":"S-M-1603","NOM_FANTAS":"S-M-1603_OP5","NUM_CONTRA":"48610220740202575","NUM_DESCOB":0,"OPERADOR_C":"Karoon Petróleo e Gás Ltda.","RODADA":"OPC5","AREA_TOTAL":687,"AMBIENTE":"M ","BLOCOS":null},"bbox":[-46.0005,-27.2505,-45.7505,-27.0005]},{"type":"Feature","id":"BLOCOS_EXPLORATORIOS_SIRGAS.2310","geometry":{"type":"MultiPolygon","coordinates":[[[[-45.6016,-26.7526],[-45.6016,-26.75],[-45.75,-26.75],[-45.75,-27],[-45.5,-27],[-45.5,-26.8958],[-45.5026,-26.8958],[-45.5026,-26.8984],[-45.5208,-26.8984],[-45.5208,-26.901],[-45.5365,-26.901],[-45.5365,-26.9036],[-45.5573,-26.9036],[-45.5573,-26.9062],[-45.5807,-26.9062],[-45.5807,-26.8854],[-45.5833,-26.8854],[-45.5833,-26.8672],[-45.5859,-26.8672],[-45.5859,-26.8464],[-45.5885,-26.8464],[-45.5885,-26.8281],[-45.5911,-26.8281],[-45.5911,-26.8073],[-45.5937,-26.8073],[-45.5937,-26.7917],[-45.5964,-26.7917],[-45.5964,-26.7708],[-45.599,-26.7708],[-45.599,-26.7526],[-45.6016,-26.7526]]]]},"geometry_name":"GEOMETRY","properties":{"COD_BLOCO":"S-M-1484","COD_FASE_C":"E","DAT_ASSINA":"24-11-2025","DAT_TERMIN":null,"NOM_BACIA":"Santos","NOM_BLOCO":"S-M-1484","NOM_FANTAS":"S-M-1484_OP5","NUM_CONTRA":"48610220739202541","NUM_DESCOB":0,"OPERADOR_C":"Karoon Petróleo e Gás Ltda.","RODADA":"OPC5","AREA_TOTAL":537,"AMBIENTE":"M ","BLOCOS":null},"bbox":[-45.75,-27,-45.5,-26.75]},{"type":"Feature","id":"BLOCOS_EXPLORATORIOS_SIRGAS.2311","geometry":{"type":"MultiPolygon","coordinates":[[[[-45.6276,-26.5599],[-45.6276,-26.5417],[-45.6302,-26.5417],[-45.6302,-26.5234],[-45.6328,-26.5234],[-45.6328,-26.5052],[-45.6354,-26.5052],[-45.6354,-26.5],[-45.75,-26.5],[-45.75,-26.75],[-45.6016,-26.75],[-45.6016,-26.7344],[-45.6042,-26.7344],[-45.6042,-26.7135],[-45.6068,-26.7135],[-45.6068,-26.6953],[-45.6094,-26.6953],[-45.6094,-26.6745],[-45.612,-26.6745],[-45.612,-26.6562],[-45.6146,-26.6562],[-45.6146,-26.638],[-45.6172,-26.638],[-45.6172,-26.6172],[-45.6198,-26.6172],[-45.6198,-26.599],[-45.6224,-26.599],[-45.6224,-26.5781],[-45.625,-26.5781],[-45.625,-26.5599],[-45.6276,-26.5599]]]]},"geometry_name":"GEOMETRY","properties":{"COD_BLOCO":"S-M-1358","COD_FASE_C":"E","DAT_ASSINA":"24-11-2025","DAT_TERMIN":null,"NOM_BACIA":"Santos","NOM_BLOCO":"S-M-1358","NOM_FANTAS":"S-M-1358_OP5","NUM_CONTRA":"48610220738202504","NUM_DESCOB":0,"OPERADOR_C":"Karoon Petróleo e Gás Ltda.","RODADA":"OPC5","AREA_TOTAL":365.28,"AMBIENTE":"M ","BLOCOS":null},"bbox":[-45.75,-26.75,-45.6016,-26.5]},{"type":"Feature","id":"BLOCOS_EXPLORATORIOS_SIRGAS.2313","geometry":{"type":"MultiPolygon","coordinates":[[[[-49.5,-34],[-49.5,-34],[-49.75,-34],[-49.75,-34.25],[-49.5,-34.25],[-49.5,-34]]]]},"geometry_name":"GEOMETRY","properties":{"COD_BLOCO":"P-M-1741","COD_FASE_C":"E","DAT_ASSINA":"24-11-2025","DAT_TERMIN":null,"NOM_BACIA":"Pelotas","NOM_BLOCO":"P-M-1741","NOM_FANTAS":"P-M-1741-OP5","NUM_CONTRA":"48610220732202529","NUM_DESCOB":0,"OPERADOR_C":"Petróleo Brasileiro S.A. - PETROBRAS","RODADA":"OPC5","AREA_TOTAL":640,"AMBIENTE":"M ","BLOCOS":null},"bbox":[-49.75,-34.25,-49.5,-34]},{"type":"Feature","id":"BLOCOS_EXPLORATORIOS_SIRGAS.2104","geometry":{"type":"MultiPolygon","coordinates":[[[[-38.6488,-11.4874],[-38.6488,-11.4874],[-38.6488,-11.49],[-38.6488,-11.4926],[-38.6488,-11.4952],[-38.6488,-11.4978],[-38.6488,-11.5004],[-38.6462,-11.5004],[-38.6436,-11.5004],[-38.641,-11.5004],[-38.6384,-11.5004],[-38.6358,-11.5004],[-38.6332,-11.5004],[-38.6306,-11.5004],[-38.628,-11.5004],[-38.6254,-11.5004],[-38.6254,-11.4978],[-38.6254,-11.4952],[-38.6254,-11.4926],[-38.6254,-11.49],[-38.6254,-11.4874],[-38.6254,-11.4848],[-38.6254,-11.4822],[-38.6254,-11.4796],[-38.6254,-11.477],[-38.6254,-11.4744],[-38.6254,-11.4718],[-38.6254,-11.4692],[-38.6254,-11.4666],[-38.6254,-11.464],[-38.6254,-11.4614],[-38.6254,-11.4588],[-38.6254,-11.4562],[-38.6254,-11.4536],[-38.6254,-11.451],[-38.6254,-11.4484],[-38.6254,-11.4457],[-38.6254,-11.4431],[-38.6254,-11.4405],[-38.6254,-11.4379],[-38.6254,-11.4353],[-38.6254,-11.4327],[-38.6254,-11.4301],[-38.6254,-11.4275],[-38.6254,-11.4249],[-38.6254,-11.4223],[-38.6254,-11.4197],[-38.6254,-11.4171],[-38.6254,-11.4145],[-38.6254,-11.4119],[-38.6254,-11.4093],[-38.6254,-11.4067],[-38.6254,-11.4041],[-38.6254,-11.4015],[-38.6254,-11.3989],[-38.6254,-11.3963],[-38.6254,-11.3937],[-38.6254,-11.3911],[-38.6254,-11.3885],[-38.6254,-11.3859],[-38.6254,-11.3832],[-38.6254,-11.3806],[-38.6254,-11.378],[-38.6254,-11.3754],[-38.6276,-11.3754],[-38.6302,-11.3754],[-38.6328,-11.3754],[-38.6354,-11.3754],[-38.638,-11.3754],[-38.6406,-11.3754],[-38.6432,-11.3754],[-38.6458,-11.3754],[-38.6484,-11.3754],[-38.651,-11.3754],[-38.6536,-11.3754],[-38.6562,-11.3754],[-38.6589,-11.3754],[-38.6615,-11.3754],[-38.6641,-11.3754],[-38.6667,-11.3754],[-38.6693,-11.3754],[-38.6719,-11.3754],[-38.6745,-11.3754],[-38.6771,-11.3754],[-38.6797,-11.3754],[-38.6823,-11.3754],[-38.6849,-11.3754],[-38.6875,-11.3754],[-38.6901,-11.3754],[-38.6927,-11.3754],[-38.6953,-11.3754],[-38.6953,-11.3828],[-38.7083,-11.3828],[-38.7083,-11.3754],[-38.7113,-11.3754],[-38.7139,-11.3754],[-38.7165,-11.3754],[-38.7191,-11.3754],[-38.7217,-11.3754],[-38.7243,-11.3754],[-38.7269,-11.3754],[-38.7295,-11.3754],[-38.7321,-11.3754],[-38.7347,-11.3754],[-38.7373,-11.3754],[-38.7399,-11.3754],[-38.7425,-11.3754],[-38.7452,-11.3754],[-38.7478,-11.3754],[-38.7504,-11.3754],[-38.7504,-11.378],[-38.7504,-11.3806],[-38.7504,-11.3832],[-38.7504,-11.3859],[-38.7504,-11.3885],[-38.7504,-11.3911],[-38.7504,-11.3937],[-38.7504,-11.3963],[-38.7504,-11.3989],[-38.7504,-11.4015],[-38.7504,-11.4041],[-38.7504,-11.4067],[-38.7504,-11.4093],[-38.7504,-11.4119],[-38.7504,-11.4145],[-38.7504,-11.4171],[-38.7504,-11.4197],[-38.7504,-11.4223],[-38.7504,-11.4249],[-38.7504,-11.4275],[-38.7504,-11.4301],[-38.7504,-11.4327],[-38.7504,-11.4353],[-38.7504,-11.4379],[-38.7504,-11.4405],[-38.7504,-11.4431],[-38.7504,-11.4457],[-38.7504,-11.4484],[-38.7504,-11.451],[-38.7504,-11.4536],[-38.7504,-11.4562],[-38.7504,-11.4588],[-38.7504,-11.4614],[-38.7504,-11.464],[-38.7504,-11.4666],[-38.7504,-11.4692],[-38.7504,-11.4718],[-38.7504,-11.4744],[-38.7504,-11.477],[-38.7504,-11.4796],[-38.7504,-11.4822],[-38.7504,-11.4848],[-38.7504,-11.4874],[-38.7504,-11.49],[-38.7504,-11.4926],[-38.7504,-11.4952],[-38.7504,-11.4978],[-38.7504,-11.5004],[-38.7478,-11.5004],[-38.7452,-11.5004],[-38.7425,-11.5004],[-38.7399,-11.5004],[-38.7373,-11.5004],[-38.7347,-11.5004],[-38.7321,-11.5004],[-38.7295,-11.5004],[-38.7269,-11.5004],[-38.7243,-11.5004],[-38.7217,-11.5004],[-38.7191,-11.5004],[-38.7165,-11.5004],[-38.7139,-11.5004],[-38.7113,-11.5004],[-38.7087,-11.5004],[-38.7061,-11.5004],[-38.7035,-11.5004],[-38.7009,-11.5004],[-38.6983,-11.5004],[-38.6957,-11.5004],[-38.6931,-11.5004],[-38.6905,-11.5004],[-38.6879,-11.5004],[-38.6853,-11.5004],[-38.6826,-11.5004],[-38.68,-11.5004],[-38.6774,-11.5004],[-38.6774,-11.4978],[-38.6774,-11.4952],[-38.6748,-11.4952],[-38.6748,-11.4926],[-38.6748,-11.49],[-38.6722,-11.49],[-38.6722,-11.4874],[-38.6722,-11.4848],[-38.6696,-11.4848],[-38.667,-11.4848],[-38.667,-11.4822],[-38.667,-11.4796],[-38.667,-11.477],[-38.6644,-11.477],[-38.6618,-11.477],[-38.6618,-11.4744],[-38.6618,-11.4718],[-38.6618,-11.4692],[-38.6592,-11.4692],[-38.6592,-11.4666],[-38.6592,-11.464],[-38.6592,-11.4614],[-38.6592,-11.4588],[-38.6592,-11.4562],[-38.6592,-11.4536],[-38.6592,-11.451],[-38.6566,-11.451],[-38.6566,-11.4484],[-38.6566,-11.4457],[-38.654,-11.4457],[-38.654,-11.4431],[-38.654,-11.4405],[-38.6514,-11.4405],[-38.6488,-11.4405],[-38.6462,-11.4405],[-38.6436,-11.4405],[-38.6436,-11.4431],[-38.641,-11.4431],[-38.641,-11.4457],[-38.6384,-11.4457],[-38.6384,-11.4484],[-38.6384,-11.451],[-38.6384,-11.4536],[-38.6358,-11.4536],[-38.6332,-11.4536],[-38.6332,-11.4562],[-38.6332,-11.4588],[-38.6332,-11.4614],[-38.6332,-11.464],[-38.6332,-11.4666],[-38.6332,-11.4692],[-38.6332,-11.4718],[-38.6332,-11.4744],[-38.6332,-11.477],[-38.6332,-11.4796],[-38.6332,-11.4822],[-38.6358,-11.4822],[-38.6384,-11.4822],[-38.6384,-11.4848],[-38.6384,-11.4874],[-38.641,-11.4874],[-38.6436,-11.4874],[-38.6462,-11.4874],[-38.6488,-11.4874]]]]},"geometry_name":"GEOMETRY","properties":{"COD_BLOCO":"TUC-T-147","COD_FASE_C":"E","DAT_ASSINA":"17-09-2013","DAT_TERMIN":null,"NOM_BACIA":"Tucano Sul","NOM_BLOCO":"TUC-T-147","NOM_FANTAS":"TUC-T-147_R11","NUM_CONTRA":"48610005438201355","NUM_DESCOB":0,"OPERADOR_C":"Imetame Energia S.A.","RODADA":"Rodada 11","AREA_TOTAL":169,"AMBIENTE":"T ","BLOCOS":"TUC-T-147                                         "},"bbox":[-38.7504,-11.5004,-38.6254,-11.3754]},{"type":"Feature","id":"BLOCOS_EXPLORATORIOS_SIRGAS.1071","geometry":{"type":"MultiPolygon","coordinates":[[[[-37.18,-5.3493],[-37.1823,-5.3493],[-37.1849,-5.3493],[-37.1875,-5.3493],[-37.1875,-5.375],[-37.112,-5.375],[-37.112,-5.3333],[-37.1253,-5.3333],[-37.1253,-5.3337],[-37.1279,-5.3337],[-37.1305,-5.3337],[-37.1332,-5.3337],[-37.1358,-5.3337],[-37.1384,-5.3337],[-37.141,-5.3337],[-37.1436,-5.3337],[-37.1462,-5.3337],[-37.1488,-5.3337],[-37.1514,-5.3337],[-37.1514,-5.3363],[-37.1514,-5.3389],[-37.1514,-5.3415],[-37.1514,-5.3441],[-37.154,-5.3441],[-37.1566,-5.3441],[-37.1592,-5.3441],[-37.1618,-5.3441],[-37.1618,-5.3467],[-37.1644,-5.3467],[-37.167,-5.3467],[-37.167,-5.3493],[-37.1696,-5.3493],[-37.1696,-5.352],[-37.1722,-5.352],[-37.1748,-5.352],[-37.1774,-5.352],[-37.18,-5.352],[-37.18,-5.3493]],[[-37.1462,-5.3546],[-37.1462,-5.352],[-37.1462,-5.3493],[-37.1462,-5.3467],[-37.1462,-5.3441],[-37.1436,-5.3441],[-37.141,-5.3441],[-37.1384,-5.3441],[-37.1358,-5.3441],[-37.1332,-5.3441],[-37.1305,-5.3441],[-37.1279,-5.3441],[-37.1253,-5.3441],[-37.1253,-5.3467],[-37.1253,-5.3493],[-37.1253,-5.352],[-37.1253,-5.3546],[-37.1279,-5.3546],[-37.1305,-5.3546],[-37.1332,-5.3546],[-37.1358,-5.3546],[-37.1384,-5.3546],[-37.141,-5.3546],[-37.1436,-5.3546],[-37.1462,-5.3546]]]]},"geometry_name":"GEOMETRY","properties":{"COD_BLOCO":"POT-T-610","COD_FASE_C":"E","DAT_ASSINA":"28-02-2020","DAT_TERMIN":null,"NOM_BACIA":"Potiguar","NOM_BLOCO":"POT-T-610","NOM_FANTAS":"POT-T-610_OP1","NUM_CONTRA":"48610222065201971","NUM_DESCOB":0,"OPERADOR_C":"Phoenix Óleo & Gás Natural Ltda.","RODADA":"OPC1","AREA_TOTAL":29,"AMBIENTE":"T ","BLOCOS":"POT-T-610                                         "},"bbox":[-37.1875,-5.375,-37.112,-5.3333]},{"type":"Feature","id":"BLOCOS_EXPLORATORIOS_SIRGAS.1","geometry":{"type":"MultiPolygon","coordinates":[[[[-38.4092,-12.4588],[-38.4062,-12.4588],[-38.4036,-12.4588],[-38.401,-12.4588],[-38.3984,-12.4588],[-38.3958,-12.4588],[-38.3958,-12.4167],[-38.4375,-12.4167],[-38.4375,-12.4692],[-38.4353,-12.4692],[-38.4326,-12.4692],[-38.4326,-12.4666],[-38.4326,-12.464],[-38.43,-12.464],[-38.4274,-12.464],[-38.4274,-12.4614],[-38.4248,-12.4614],[-38.4222,-12.4614],[-38.4196,-12.4614],[-38.417,-12.4614],[-38.4144,-12.4614],[-38.4118,-12.4614],[-38.4092,-12.4614],[-38.4092,-12.4588]]]]},"geometry_name":"GEOMETRY","properties":{"COD_BLOCO":"REC-T-180","COD_FASE_C":"E","DAT_ASSINA":"04-04-2016","DAT_TERMIN":null,"NOM_BACIA":"Recôncavo","NOM_BLOCO":"REC-T-180","NOM_FANTAS":"REC-T-180_R13","NUM_CONTRA":"48610010824201521","NUM_DESCOB":0,"OPERADOR_C":"Recôncavo Energia Ltda.","RODADA":"Rodada 13","AREA_TOTAL":22,"AMBIENTE":"T ","BLOCOS":"REC-T-180                                         "},"bbox":[-38.4375,-12.4692,-38.3958,-12.4167]},{"type":"Feature","id":"BLOCOS_EXPLORATORIOS_SIRGAS.2251","geometry":{"type":"MultiPolygon","coordinates":[[[[-39.9375,-18.9167],[-39.9375,-18.9583],[-39.8936,-18.9583],[-39.8936,-18.9562],[-39.8936,-18.9536],[-39.8936,-18.951],[-39.8936,-18.9484],[-39.8936,-18.9458],[-39.8936,-18.9432],[-39.8936,-18.9406],[-39.8936,-18.938],[-39.8936,-18.9354],[-39.8936,-18.9328],[-39.8936,-18.9302],[-39.8936,-18.9276],[-39.8962,-18.9276],[-39.8988,-18.9276],[-39.9014,-18.9276],[-39.904,-18.9276],[-39.904,-18.9245],[-39.904,-18.9219],[-39.904,-18.9193],[-39.904,-18.9167],[-39.9375,-18.9167]]]]},"geometry_name":"GEOMETRY","properties":{"COD_BLOCO":"ES-T-408","COD_FASE_C":"E","DAT_ASSINA":"15-07-2024","DAT_TERMIN":null,"NOM_BACIA":"Espírito Santo","NOM_BLOCO":"ES-T-408","NOM_FANTAS":"ES-T-408_OP4","NUM_CONTRA":"48610205872202496","NUM_DESCOB":0,"OPERADOR_C":"Elysian Brasil Exploração e Produção de Petróleo e Gás Natural Ltda.","RODADA":"OPC4","AREA_TOTAL":20,"AMBIENTE":"T ","BLOCOS":null},"bbox":[-39.9375,-18.9583,-39.8936,-18.9167]},{"type":"Feature","id":"BLOCOS_EXPLORATORIOS_SIRGAS.2312","geometry":{"type":"MultiPolygon","coordinates":[[[[-46.0005,-26],[-45.875,-26],[-45.875,-25.875],[-46,-25.875],[-46,-25.9432],[-46.0005,-25.9432],[-46.0005,-25.9453],[-46.0005,-25.9479],[-46.0005,-25.9505],[-46.0005,-25.9531],[-46.0005,-25.9557],[-46.0005,-25.9583],[-46.0005,-25.9609],[-46.0005,-25.9635],[-46.0005,-25.9661],[-46.0005,-25.9687],[-46.0005,-25.9714],[-46.0005,-25.974],[-46.0005,-25.9766],[-46.0005,-25.9792],[-46.0005,-25.9818],[-46.0005,-25.9844],[-46.0005,-25.987],[-46.0005,-25.9896],[-46.0005,-25.9922],[-46.0005,-25.9948],[-46.0005,-25.9974],[-46.0005,-26]]]]},"geometry_name":"GEOMETRY","properties":{"COD_BLOCO":"S-M-1038","COD_FASE_C":"E","DAT_ASSINA":"24-11-2025","DAT_TERMIN":null,"NOM_BACIA":"Santos","NOM_BLOCO":"S-M-1038","NOM_FANTAS":"S-M-1038_OP5","NUM_CONTRA":"48610220737202551","NUM_DESCOB":0,"OPERADOR_C":"Karoon Petróleo e Gás Ltda.","RODADA":"OPC5","AREA_TOTAL":174,"AMBIENTE":"M ","BLOCOS":null},"bbox":[-46.0005,-26,-45.875,-25.875]},{"type":"Feature","id":"BLOCOS_EXPLORATORIOS_SIRGAS.515","geometry":{"type":"MultiPolygon","coordinates":[[[[-46.0004,-19.0005],[-45.9978,-19.0005],[-45.9952,-19.0005],[-45.9926,-19.0005],[-45.99,-19.0005],[-45.9874,-19.0005],[-45.9848,-19.0005],[-45.9822,-19.0005],[-45.9796,-19.0005],[-45.977,-19.0005],[-45.9744,-19.0005],[-45.9718,-19.0005],[-45.9692,-19.0005],[-45.9666,-19.0005],[-45.964,-19.0005],[-45.9614,-19.0005],[-45.9588,-19.0005],[-45.9562,-19.0005],[-45.9536,-19.0005],[-45.951,-19.0005],[-45.9484,-19.0005],[-45.9457,-19.0005],[-45.9431,-19.0005],[-45.9405,-19.0005],[-45.9379,-19.0005],[-45.9353,-19.0005],[-45.9327,-19.0005],[-45.9301,-19.0005],[-45.9275,-19.0005],[-45.9249,-19.0005],[-45.9223,-19.0005],[-45.9197,-19.0005],[-45.9171,-19.0005],[-45.9145,-19.0005],[-45.9119,-19.0005],[-45.9093,-19.0005],[-45.9067,-19.0005],[-45.9041,-19.0005],[-45.9015,-19.0005],[-45.8989,-19.0005],[-45.8963,-19.0005],[-45.8937,-19.0005],[-45.8911,-19.0005],[-45.8885,-19.0005],[-45.8859,-19.0005],[-45.8832,-19.0005],[-45.8806,-19.0005],[-45.878,-19.0005],[-45.8754,-19.0005],[-45.8728,-19.0005],[-45.8702,-19.0005],[-45.8676,-19.0005],[-45.865,-19.0005],[-45.8624,-19.0005],[-45.8598,-19.0005],[-45.8572,-19.0005],[-45.8546,-19.0005],[-45.852,-19.0005],[-45.8494,-19.0005],[-45.8468,-19.0005],[-45.8442,-19.0005],[-45.8416,-19.0005],[-45.839,-19.0005],[-45.8364,-19.0005],[-45.8338,-19.0005],[-45.8312,-19.0005],[-45.8286,-19.0005],[-45.826,-19.0005],[-45.8233,-19.0005],[-45.8207,-19.0005],[-45.8181,-19.0005],[-45.8155,-19.0005],[-45.8129,-19.0005],[-45.8103,-19.0005],[-45.8077,-19.0005],[-45.8051,-19.0005],[-45.8025,-19.0005],[-45.7999,-19.0005],[-45.7973,-19.0005],[-45.7947,-19.0005],[-45.7921,-19.0005],[-45.7895,-19.0005],[-45.7869,-19.0005],[-45.7843,-19.0005],[-45.7817,-19.0005],[-45.7791,-19.0005],[-45.7765,-19.0005],[-45.7739,-19.0005],[-45.7713,-19.0005],[-45.7687,-19.0005],[-45.7661,-19.0005],[-45.7635,-19.0005],[-45.7608,-19.0005],[-45.7582,-19.0005],[-45.7556,-19.0005],[-45.753,-19.0005],[-45.7504,-19.0005],[-45.7478,-19.0005],[-45.7452,-19.0005],[-45.7426,-19.0005],[-45.74,-19.0005],[-45.7374,-19.0005],[-45.7348,-19.0005],[-45.7322,-19.0005],[-45.7296,-19.0005],[-45.727,-19.0005],[-45.7244,-19.0005],[-45.7218,-19.0005],[-45.7192,-19.0005],[-45.7166,-19.0005],[-45.714,-19.0005],[-45.7114,-19.0005],[-45.7088,-19.0005],[-45.7062,-19.0005],[-45.7036,-19.0005],[-45.701,-19.0005],[-45.6983,-19.0005],[-45.6957,-19.0005],[-45.6931,-19.0005],[-45.6905,-19.0005],[-45.6879,-19.0005],[-45.6853,-19.0005],[-45.6827,-19.0005],[-45.6801,-19.0005],[-45.6775,-19.0005],[-45.6749,-19.0005],[-45.6723,-19.0005],[-45.6697,-19.0005],[-45.6671,-19.0005],[-45.6645,-19.0005],[-45.6619,-19.0005],[-45.6593,-19.0005],[-45.6567,-19.0005],[-45.6541,-19.0005],[-45.6515,-19.0005],[-45.6489,-19.0005],[-45.6463,-19.0005],[-45.6437,-19.0005],[-45.6411,-19.0005],[-45.6385,-19.0005],[-45.6358,-19.0005],[-45.6332,-19.0005],[-45.6306,-19.0005],[-45.628,-19.0005],[-45.6254,-19.0005],[-45.6228,-19.0005],[-45.6202,-19.0005],[-45.6176,-19.0005],[-45.615,-19.0005],[-45.6124,-19.0005],[-45.6098,-19.0005],[-45.6072,-19.0005],[-45.6046,-19.0005],[-45.602,-19.0005],[-45.5994,-19.0005],[-45.5968,-19.0005],[-45.5942,-19.0005],[-45.5916,-19.0005],[-45.589,-19.0005],[-45.5864,-19.0005],[-45.5838,-19.0005],[-45.5812,-19.0005],[-45.5786,-19.0005],[-45.576,-19.0005],[-45.5733,-19.0005],[-45.5707,-19.0005],[-45.5681,-19.0005],[-45.5655,-19.0005],[-45.5629,-19.0005],[-45.5603,-19.0005],[-45.5577,-19.0005],[-45.5551,-19.0005],[-45.5525,-19.0005],[-45.5499,-19.0005],[-45.5473,-19.0005],[-45.5447,-19.0005],[-45.5421,-19.0005],[-45.5395,-19.0005],[-45.5369,-19.0005],[-45.5343,-19.0005],[-45.5317,-19.0005],[-45.5291,-19.0005],[-45.5265,-19.0005],[-45.5239,-19.0005],[-45.5213,-19.0005],[-45.5187,-19.0005],[-45.5161,-19.0005],[-45.5135,-19.0005],[-45.5108,-19.0005],[-45.5082,-19.0005],[-45.5056,-19.0005],[-45.503,-19.0005],[-45.5004,-19.0005],[-45.5004,-18.9979],[-45.5004,-18.9953],[-45.5004,-18.9927],[-45.5004,-18.9901],[-45.5004,-18.9874],[-45.5004,-18.9848],[-45.5004,-18.9822],[-45.5004,-18.9796],[-45.5004,-18.977],[-45.5004,-18.9744],[-45.5004,-18.9718],[-45.5004,-18.9692],[-45.5004,-18.9666],[-45.5004,-18.964],[-45.5004,-18.9614],[-45.5004,-18.9588],[-45.5004,-18.9562],[-45.5004,-18.9536],[-45.5004,-18.951],[-45.5004,-18.9484],[-45.5004,-18.9458],[-45.5004,-18.9432],[-45.5004,-18.9406],[-45.5004,-18.938],[-45.5004,-18.9354],[-45.5004,-18.9328],[-45.5004,-18.9302],[-45.5004,-18.9276],[-45.5004,-18.9249],[-45.5004,-18.9223],[-45.5004,-18.9197],[-45.5004,-18.9171],[-45.5004,-18.9145],[-45.5004,-18.9119],[-45.5004,-18.9093],[-45.5004,-18.9067],[-45.5004,-18.9041],[-45.5004,-18.9015],[-45.5004,-18.8989],[-45.5004,-18.8963],[-45.5004,-18.8937],[-45.5004,-18.8911],[-45.5004,-18.8885],[-45.5004,-18.8859],[-45.5004,-18.8833],[-45.5004,-18.8807],[-45.5004,-18.8781],[-45.5004,-18.8755],[-45.5004,-18.8729],[-45.5004,-18.8703],[-45.5004,-18.8677],[-45.5004,-18.8651],[-45.5004,-18.8624],[-45.5004,-18.8598],[-45.5004,-18.8572],[-45.5004,-18.8546],[-45.5004,-18.852],[-45.5004,-18.8494],[-45.5004,-18.8468],[-45.5004,-18.8442],[-45.5004,-18.8416],[-45.5004,-18.839],[-45.5004,-18.8364],[-45.5004,-18.8338],[-45.5004,-18.8312],[-45.5004,-18.8286],[-45.5004,-18.826],[-45.5004,-18.8234],[-45.5004,-18.8208],[-45.5004,-18.8182],[-45.5004,-18.8156],[-45.5004,-18.813],[-45.5004,-18.8104],[-45.5004,-18.8078],[-45.5004,-18.8052],[-45.5004,-18.8026],[-45.5004,-18.7999],[-45.5004,-18.7973],[-45.5004,-18.7947],[-45.5004,-18.7921],[-45.5004,-18.7895],[-45.5004,-18.7869],[-45.5004,-18.7843],[-45.5004,-18.7817],[-45.5004,-18.7791],[-45.5004,-18.7765],[-45.5004,-18.7739],[-45.5004,-18.7713],[-45.5004,-18.7687],[-45.5004,-18.7661],[-45.5004,-18.7635],[-45.5004,-18.7609],[-45.5004,-18.7583],[-45.5004,-18.7557],[-45.5004,-18.7531],[-45.5004,-18.7505],[-45.5004,-18.7479],[-45.5004,-18.7453],[-45.5004,-18.7427],[-45.5004,-18.7401],[-45.5004,-18.7374],[-45.5004,-18.7348],[-45.5004,-18.7322],[-45.5004,-18.7296],[-45.5004,-18.727],[-45.5004,-18.7244],[-45.5004,-18.7218],[-45.5004,-18.7192],[-45.5004,-18.7166],[-45.5004,-18.714],[-45.5004,-18.7114],[-45.5004,-18.7088],[-45.5004,-18.7062],[-45.5004,-18.7036],[-45.5004,-18.701],[-45.5004,-18.6984],[-45.5004,-18.6958],[-45.5004,-18.6932],[-45.5004,-18.6906],[-45.5004,-18.688],[-45.5004,-18.6854],[-45.5004,-18.6828],[-45.5004,-18.6802],[-45.5004,-18.6776],[-45.5004,-18.6749],[-45.5004,-18.6723],[-45.5004,-18.6697],[-45.5004,-18.6671],[-45.5004,-18.6645],[-45.5004,-18.6619],[-45.5004,-18.6593],[-45.5004,-18.6567],[-45.5004,-18.6541],[-45.5004,-18.6515],[-45.5004,-18.6489],[-45.5004,-18.6463],[-45.5004,-18.6437],[-45.5004,-18.6411],[-45.5004,-18.6385],[-45.5004,-18.6359],[-45.5004,-18.6333],[-45.5004,-18.6307],[-45.5004,-18.6281],[-45.5004,-18.6255],[-45.5004,-18.6229],[-45.5004,-18.6203],[-45.5004,-18.6177],[-45.5004,-18.6151],[-45.5004,-18.6124],[-45.5004,-18.6098],[-45.5004,-18.6072],[-45.5004,-18.6046],[-45.5004,-18.602],[-45.5004,-18.5994],[-45.5004,-18.5968],[-45.5004,-18.5942],[-45.5004,-18.5916],[-45.5004,-18.589],[-45.5004,-18.5864],[-45.5004,-18.5838],[-45.5004,-18.5812],[-45.5004,-18.5786],[-45.5004,-18.576],[-45.5004,-18.5734],[-45.5004,-18.5708],[-45.5004,-18.5682],[-45.5004,-18.5656],[-45.5004,-18.563],[-45.5004,-18.5604],[-45.5004,-18.5578],[-45.5004,-18.5552],[-45.5004,-18.5526],[-45.5004,-18.5499],[-45.5004,-18.5473],[-45.5004,-18.5447],[-45.5004,-18.5421],[-45.5004,-18.5395],[-45.5004,-18.5369],[-45.5004,-18.5343],[-45.5004,-18.5317],[-45.5004,-18.5291],[-45.5004,-18.5265],[-45.5004,-18.5239],[-45.5004,-18.5213],[-45.5004,-18.5187],[-45.5004,-18.5161],[-45.5004,-18.5135],[-45.5004,-18.5109],[-45.5004,-18.5083],[-45.5004,-18.5057],[-45.5004,-18.5031],[-45.5004,-18.5005],[-45.503,-18.5005],[-45.5056,-18.5005],[-45.5082,-18.5005],[-45.5108,-18.5005],[-45.5135,-18.5005],[-45.5161,-18.5005],[-45.5187,-18.5005],[-45.5213,-18.5005],[-45.5239,-18.5005],[-45.5265,-18.5005],[-45.5291,-18.5005],[-45.5317,-18.5005],[-45.5343,-18.5005],[-45.5369,-18.5005],[-45.5395,-18.5005],[-45.5421,-18.5005],[-45.5447,-18.5005],[-45.5473,-18.5005],[-45.5499,-18.5005],[-45.5525,-18.5005],[-45.5551,-18.5005],[-45.5577,-18.5005],[-45.5603,-18.5005],[-45.5629,-18.5005],[-45.5655,-18.5005],[-45.5681,-18.5005],[-45.5707,-18.5005],[-45.5733,-18.5005],[-45.576,-18.5005],[-45.5786,-18.5005],[-45.5812,-18.5005],[-45.5838,-18.5005],[-45.5864,-18.5005],[-45.589,-18.5005],[-45.5916,-18.5005],[-45.5942,-18.5005],[-45.5968,-18.5005],[-45.5994,-18.5005],[-45.602,-18.5005],[-45.6046,-18.5005],[-45.6072,-18.5005],[-45.6098,-18.5005],[-45.6124,-18.5005],[-45.615,-18.5005],[-45.6176,-18.5005],[-45.6202,-18.5005],[-45.6228,-18.5005],[-45.6254,-18.5005],[-45.628,-18.5005],[-45.6306,-18.5005],[-45.6332,-18.5005],[-45.6358,-18.5005],[-45.6385,-18.5005],[-45.6411,-18.5005],[-45.6437,-18.5005],[-45.6463,-18.5005],[-45.6489,-18.5005],[-45.6515,-18.5005],[-45.6541,-18.5005],[-45.6567,-18.5005],[-45.6593,-18.5005],[-45.6619,-18.5005],[-45.6645,-18.5005],[-45.6671,-18.5005],[-45.6697,-18.5005],[-45.6723,-18.5005],[-45.6749,-18.5005],[-45.6775,-18.5005],[-45.6801,-18.5005],[-45.6827,-18.5005],[-45.6853,-18.5005],[-45.6879,-18.5005],[-45.6905,-18.5005],[-45.6931,-18.5005],[-45.6957,-18.5005],[-45.6983,-18.5005],[-45.701,-18.5005],[-45.7036,-18.5005],[-45.7062,-18.5005],[-45.7088,-18.5005],[-45.7114,-18.5005],[-45.714,-18.5005],[-45.7166,-18.5005],[-45.7192,-18.5005],[-45.7218,-18.5005],[-45.7244,-18.5005],[-45.727,-18.5005],[-45.7296,-18.5005],[-45.7322,-18.5005],[-45.7348,-18.5005],[-45.7374,-18.5005],[-45.74,-18.5005],[-45.7426,-18.5005],[-45.7452,-18.5005],[-45.7478,-18.5005],[-45.7504,-18.5005],[-45.753,-18.5005],[-45.7556,-18.5005],[-45.7582,-18.5005],[-45.7608,-18.5005],[-45.7635,-18.5005],[-45.7661,-18.5005],[-45.7687,-18.5005],[-45.7713,-18.5005],[-45.7739,-18.5005],[-45.7765,-18.5005],[-45.7791,-18.5005],[-45.7817,-18.5005],[-45.7843,-18.5005],[-45.7869,-18.5005],[-45.7895,-18.5005],[-45.7921,-18.5005],[-45.7947,-18.5005],[-45.7973,-18.5005],[-45.7999,-18.5005],[-45.8025,-18.5005],[-45.8051,-18.5005],[-45.8077,-18.5005],[-45.8103,-18.5005],[-45.8129,-18.5005],[-45.8155,-18.5005],[-45.8181,-18.5005],[-45.8207,-18.5005],[-45.8233,-18.5005],[-45.826,-18.5005],[-45.8286,-18.5005],[-45.8312,-18.5005],[-45.8338,-18.5005],[-45.8364,-18.5005],[-45.839,-18.5005],[-45.8416,-18.5005],[-45.8442,-18.5005],[-45.8468,-18.5005],[-45.8494,-18.5005],[-45.852,-18.5005],[-45.8546,-18.5005],[-45.8572,-18.5005],[-45.8598,-18.5005],[-45.8624,-18.5005],[-45.865,-18.5005],[-45.8676,-18.5005],[-45.8702,-18.5005],[-45.8728,-18.5005],[-45.8754,-18.5005],[-45.878,-18.5005],[-45.8806,-18.5005],[-45.8832,-18.5005],[-45.8858,-18.5005],[-45.8885,-18.5005],[-45.8911,-18.5005],[-45.8937,-18.5005],[-45.8963,-18.5005],[-45.8989,-18.5005],[-45.9015,-18.5005],[-45.9041,-18.5005],[-45.9067,-18.5005],[-45.9093,-18.5005],[-45.9119,-18.5005],[-45.9145,-18.5005],[-45.9171,-18.5005],[-45.9197,-18.5005],[-45.9223,-18.5005],[-45.9249,-18.5005],[-45.9275,-18.5005],[-45.9301,-18.5005],[-45.9327,-18.5005],[-45.9353,-18.5005],[-45.9379,-18.5005],[-45.9405,-18.5005],[-45.9431,-18.5005],[-45.9457,-18.5005],[-45.9483,-18.5005],[-45.951,-18.5005],[-45.9536,-18.5005],[-45.9562,-18.5005],[-45.9588,-18.5005],[-45.9614,-18.5005],[-45.964,-18.5005],[-45.9666,-18.5005],[-45.9692,-18.5005],[-45.9718,-18.5005],[-45.9744,-18.5005],[-45.977,-18.5005],[-45.9796,-18.5005],[-45.9822,-18.5005],[-45.9848,-18.5005],[-45.9874,-18.5005],[-45.99,-18.5005],[-45.9926,-18.5005],[-45.9952,-18.5005],[-45.9978,-18.5005],[-46.0004,-18.5005],[-46.0004,-18.5031],[-46.0004,-18.5057],[-46.0004,-18.5083],[-46.0004,-18.5109],[-46.0004,-18.5135],[-46.0004,-18.5161],[-46.0004,-18.5187],[-46.0004,-18.5213],[-46.0004,-18.5239],[-46.0004,-18.5265],[-46.0004,-18.5291],[-46.0004,-18.5317],[-46.0004,-18.5343],[-46.0004,-18.5369],[-46.0004,-18.5395],[-46.0004,-18.5421],[-46.0004,-18.5447],[-46.0004,-18.5473],[-46.0004,-18.5499],[-46.0004,-18.5525],[-46.0004,-18.5552],[-46.0004,-18.5578],[-46.0004,-18.5604],[-46.0004,-18.563],[-46.0004,-18.5656],[-46.0004,-18.5682],[-46.0004,-18.5708],[-46.0004,-18.5734],[-46.0004,-18.576],[-46.0004,-18.5786],[-46.0004,-18.5812],[-46.0004,-18.5838],[-46.0004,-18.5864],[-46.0004,-18.589],[-46.0004,-18.5916],[-46.0004,-18.5942],[-46.0004,-18.5968],[-46.0004,-18.5994],[-46.0004,-18.602],[-46.0004,-18.6046],[-46.0004,-18.6072],[-46.0004,-18.6098],[-46.0004,-18.6124],[-46.0004,-18.6151],[-46.0004,-18.6177],[-46.0004,-18.6203],[-46.0004,-18.6229],[-46.0004,-18.6255],[-46.0004,-18.6281],[-46.0004,-18.6307],[-46.0004,-18.6333],[-46.0004,-18.6359],[-46.0004,-18.6385],[-46.0004,-18.6411],[-46.0004,-18.6437],[-46.0004,-18.6463],[-46.0004,-18.6489],[-46.0004,-18.6515],[-46.0004,-18.6541],[-46.0004,-18.6567],[-46.0004,-18.6593],[-46.0004,-18.6619],[-46.0004,-18.6645],[-46.0004,-18.6671],[-46.0004,-18.6697],[-46.0004,-18.6723],[-46.0004,-18.6749],[-46.0004,-18.6776],[-46.0004,-18.6802],[-46.0004,-18.6828],[-46.0004,-18.6854],[-46.0004,-18.688],[-46.0004,-18.6906],[-46.0004,-18.6932],[-46.0004,-18.6958],[-46.0004,-18.6984],[-46.0004,-18.701],[-46.0004,-18.7036],[-46.0004,-18.7062],[-46.0004,-18.7088],[-46.0004,-18.7114],[-46.0004,-18.714],[-46.0004,-18.7166],[-46.0004,-18.7192],[-46.0004,-18.7218],[-46.0004,-18.7244],[-46.0004,-18.727],[-46.0004,-18.7296],[-46.0004,-18.7322],[-46.0004,-18.7348],[-46.0004,-18.7374],[-46.0004,-18.7401],[-46.0004,-18.7427],[-46.0004,-18.7453],[-46.0004,-18.7479],[-46.0004,-18.7505],[-46.0004,-18.7531],[-46.0004,-18.7557],[-46.0004,-18.7583],[-46.0004,-18.7609],[-46.0004,-18.7635],[-46.0004,-18.7661],[-46.0004,-18.7687],[-46.0004,-18.7713],[-46.0004,-18.7739],[-46.0004,-18.7765],[-46.0004,-18.7791],[-46.0004,-18.7817],[-46.0004,-18.7843],[-46.0004,-18.7869],[-46.0004,-18.7895],[-46.0004,-18.7921],[-46.0004,-18.7947],[-46.0004,-18.7973],[-46.0004,-18.7999],[-46.0004,-18.8026],[-46.0004,-18.8052],[-46.0004,-18.8078],[-46.0004,-18.8104],[-46.0004,-18.813],[-46.0004,-18.8156],[-46.0004,-18.8182],[-46.0004,-18.8208],[-46.0004,-18.8234],[-46.0004,-18.826],[-46.0004,-18.8286],[-46.0004,-18.8312],[-46.0004,-18.8338],[-46.0004,-18.8364],[-46.0004,-18.839],[-46.0004,-18.8416],[-46.0004,-18.8442],[-46.0004,-18.8468],[-46.0004,-18.8494],[-46.0004,-18.852],[-46.0004,-18.8546],[-46.0004,-18.8572],[-46.0004,-18.8598],[-46.0004,-18.8624],[-46.0004,-18.8651],[-46.0004,-18.8677],[-46.0004,-18.8703],[-46.0004,-18.8729],[-46.0004,-18.8755],[-46.0004,-18.8781],[-46.0004,-18.8807],[-46.0004,-18.8833],[-46.0004,-18.8859],[-46.0004,-18.8885],[-46.0004,-18.8911],[-46.0004,-18.8937],[-46.0004,-18.8963],[-46.0004,-18.8989],[-46.0004,-18.9015],[-46.0004,-18.9041],[-46.0004,-18.9067],[-46.0004,-18.9093],[-46.0004,-18.9119],[-46.0004,-18.9145],[-46.0004,-18.9171],[-46.0004,-18.9197],[-46.0004,-18.9223],[-46.0004,-18.9249],[-46.0004,-18.9276],[-46.0004,-18.9302],[-46.0004,-18.9328],[-46.0004,-18.9354],[-46.0004,-18.938],[-46.0004,-18.9406],[-46.0004,-18.9432],[-46.0004,-18.9458],[-46.0004,-18.9484],[-46.0004,-18.951],[-46.0004,-18.9536],[-46.0004,-18.9562],[-46.0004,-18.9588],[-46.0004,-18.9614],[-46.0004,-18.964],[-46.0004,-18.9666],[-46.0004,-18.9692],[-46.0004,-18.9718],[-46.0004,-18.9744],[-46.0004,-18.977],[-46.0004,-18.9796],[-46.0004,-18.9822],[-46.0004,-18.9848],[-46.0004,-18.9874],[-46.0004,-18.9901],[-46.0004,-18.9927],[-46.0004,-18.9953],[-46.0004,-18.9979],[-46.0004,-19.0005]]]]},"geometry_name":"GEOMETRY","properties":{"COD_BLOCO":"SF-T-132","COD_FASE_C":"E","DAT_ASSINA":"12-01-2006","DAT_TERMIN":null,"NOM_BACIA":"São Francisco","NOM_BLOCO":"SF-T-132","NOM_FANTAS":"BT-SF-5","NUM_CONTRA":"48610009207200519","NUM_DESCOB":3,"OPERADOR_C":"Cemes Petróleo S.A.","RODADA":"Rodada 7","AREA_TOTAL":2918,"AMBIENTE":"T ","BLOCOS":"SF-T-132                                          "},"bbox":[-46.0004,-19.0005,-45.5004,-18.5005]},{"type":"Feature","id":"BLOCOS_EXPLORATORIOS_SIRGAS.1143","geometry":{"type":"MultiPolygon","coordinates":[[[[-57.9666,-2.4873],[-57.9692,-2.4873],[-57.9718,-2.4873],[-57.9745,-2.4873],[-57.9771,-2.4873],[-57.9797,-2.4873],[-57.9797,-2.4899],[-57.9797,-2.4925],[-57.9823,-2.4925],[-57.9849,-2.4925],[-57.9875,-2.4925],[-57.9875,-2.4948],[-57.9875,-2.4974],[-57.9875,-2.5],[-57.5,-2.5],[-57.5,-2],[-58,-2],[-58,-2.25],[-57.75,-2.25],[-57.75,-2.3333],[-57.875,-2.3333],[-57.875,-2.2917],[-57.9687,-2.2917],[-57.9687,-2.4427],[-58,-2.4427],[-58,-2.4613],[-57.9979,-2.4613],[-57.9953,-2.4613],[-57.9927,-2.4613],[-57.9901,-2.4613],[-57.9875,-2.4613],[-57.9849,-2.4613],[-57.9823,-2.4613],[-57.9797,-2.4613],[-57.9771,-2.4613],[-57.9745,-2.4613],[-57.9718,-2.4613],[-57.9692,-2.4613],[-57.9666,-2.4613],[-57.9666,-2.4639],[-57.9666,-2.4665],[-57.9666,-2.4691],[-57.9666,-2.4717],[-57.9666,-2.4743],[-57.9666,-2.4769],[-57.9666,-2.4795],[-57.9666,-2.4821],[-57.9666,-2.4847],[-57.9666,-2.4873]]]]},"geometry_name":"GEOMETRY","properties":{"COD_BLOCO":"AM-T-62","COD_FASE_C":"E","DAT_ASSINA":"28-06-2021","DAT_TERMIN":"'''","NOM_BACIA":"Amazonas","NOM_BLOCO":"AM-T-62","NOM_FANTAS":"AM-T-62-OP2","NUM_CONTRA":"48610204665202171","NUM_DESCOB":0,"OPERADOR_C":"Eneva S.A.","RODADA":"OPC2","AREA_TOTAL":2812,"AMBIENTE":"T ","BLOCOS":"AM-T-62                                           "},"bbox":[-58,-2.5,-57.5,-2]},{"type":"Feature","id":"BLOCOS_EXPLORATORIOS_SIRGAS.2314","geometry":{"type":"MultiPolygon","coordinates":[[[[-49.75,-34],[-49.5,-34],[-49.5,-33.75],[-49.75,-33.75],[-49.75,-34]]]]},"geometry_name":"GEOMETRY","properties":{"COD_BLOCO":"P-M-1672","COD_FASE_C":"E","DAT_ASSINA":"24-11-2025","DAT_TERMIN":null,"NOM_BACIA":"Pelotas","NOM_BLOCO":"P-M-1672","NOM_FANTAS":"P-M-1672_OP5","NUM_CONTRA":"48610220731202584","NUM_DESCOB":0,"OPERADOR_C":"Petróleo Brasileiro S.A. - PETROBRAS","RODADA":"OPC5","AREA_TOTAL":641.394,"AMBIENTE":"M ","BLOCOS":null},"bbox":[-49.75,-34,-49.5,-33.75]},{"type":"Feature","id":"BLOCOS_EXPLORATORIOS_SIRGAS.2102","geometry":{"type":"MultiPolygon","coordinates":[[[[-39.9926,-22.3364],[-39.9926,-22.3364],[-39.9926,-22.3338],[-39.9926,-22.3312],[-39.9926,-22.3286],[-39.9926,-22.326],[-39.9926,-22.3234],[-39.9926,-22.3208],[-39.9926,-22.3182],[-39.9926,-22.3156],[-39.9926,-22.313],[-39.9926,-22.3104],[-39.9926,-22.3078],[-39.9926,-22.3052],[-39.9926,-22.3026],[-39.9926,-22.3],[-39.9926,-22.2974],[-39.9926,-22.2948],[-39.9926,-22.2922],[-39.9926,-22.2896],[-39.99,-22.2896],[-39.9874,-22.2896],[-39.9848,-22.2896],[-39.9822,-22.2896],[-39.9796,-22.2896],[-39.977,-22.2896],[-39.9743,-22.2896],[-39.9717,-22.2896],[-39.9691,-22.2896],[-39.9665,-22.2896],[-39.9639,-22.2896],[-39.9613,-22.2896],[-39.9587,-22.2896],[-39.9561,-22.2896],[-39.9535,-22.2896],[-39.9509,-22.2896],[-39.9483,-22.2896],[-39.9457,-22.2896],[-39.9431,-22.2896],[-39.9405,-22.2896],[-39.9379,-22.2896],[-39.9353,-22.2896],[-39.9353,-22.287],[-39.9353,-22.2844],[-39.9353,-22.2818],[-39.9353,-22.2791],[-39.9353,-22.2765],[-39.9353,-22.2739],[-39.9353,-22.2713],[-39.9353,-22.2687],[-39.9353,-22.2661],[-39.9353,-22.2635],[-39.9353,-22.2609],[-39.9353,-22.2583],[-39.9353,-22.2557],[-39.9353,-22.2531],[-39.9375,-22.2531],[-39.9401,-22.2531],[-39.9427,-22.2531],[-39.9453,-22.2531],[-39.9479,-22.2531],[-39.9505,-22.2531],[-39.9531,-22.2531],[-39.9557,-22.2531],[-39.9583,-22.2531],[-39.9609,-22.2531],[-39.9635,-22.2531],[-39.9661,-22.2531],[-39.9687,-22.2531],[-39.9714,-22.2531],[-39.974,-22.2531],[-39.9766,-22.2531],[-39.9792,-22.2531],[-39.9818,-22.2531],[-39.9844,-22.2531],[-39.987,-22.2531],[-39.9896,-22.2531],[-39.9922,-22.2531],[-39.9948,-22.2531],[-39.9974,-22.2531],[-40,-22.2531],[-40.0026,-22.2531],[-40.0026,-22.2604],[-40.0599,-22.2604],[-40.0599,-22.2531],[-40.0603,-22.2531],[-40.0603,-22.2557],[-40.0603,-22.2583],[-40.0603,-22.2609],[-40.0603,-22.2635],[-40.0603,-22.2661],[-40.0603,-22.2687],[-40.0603,-22.2713],[-40.0603,-22.2739],[-40.0603,-22.2765],[-40.0603,-22.2791],[-40.0603,-22.2818],[-40.0603,-22.2844],[-40.0603,-22.287],[-40.0603,-22.2896],[-40.0603,-22.2922],[-40.0603,-22.2948],[-40.0629,-22.2948],[-40.0655,-22.2948],[-40.0681,-22.2948],[-40.0707,-22.2948],[-40.0733,-22.2948],[-40.0759,-22.2948],[-40.0785,-22.2948],[-40.0811,-22.2948],[-40.0837,-22.2948],[-40.0863,-22.2948],[-40.0889,-22.2948],[-40.0915,-22.2948],[-40.0941,-22.2948],[-40.0967,-22.2948],[-40.0994,-22.2948],[-40.102,-22.2948],[-40.1046,-22.2948],[-40.1072,-22.2948],[-40.1098,-22.2948],[-40.1124,-22.2948],[-40.115,-22.2948],[-40.1176,-22.2948],[-40.1202,-22.2948],[-40.1228,-22.2948],[-40.1254,-22.2948],[-40.128,-22.2948],[-40.1306,-22.2948],[-40.1332,-22.2948],[-40.1358,-22.2948],[-40.1384,-22.2948],[-40.141,-22.2948],[-40.1436,-22.2948],[-40.1462,-22.2948],[-40.1488,-22.2948],[-40.1514,-22.2948],[-40.154,-22.2948],[-40.1566,-22.2948],[-40.1592,-22.2948],[-40.1619,-22.2948],[-40.1645,-22.2948],[-40.1671,-22.2948],[-40.1697,-22.2948],[-40.1723,-22.2948],[-40.1749,-22.2948],[-40.1775,-22.2948],[-40.1801,-22.2948],[-40.1827,-22.2948],[-40.1853,-22.2948],[-40.1853,-22.2974],[-40.1853,-22.3],[-40.1853,-22.3026],[-40.1853,-22.3052],[-40.1853,-22.3078],[-40.1853,-22.3104],[-40.1853,-22.313],[-40.1853,-22.3156],[-40.1853,-22.3182],[-40.1853,-22.3208],[-40.1853,-22.3234],[-40.1853,-22.326],[-40.1853,-22.3286],[-40.1853,-22.3312],[-40.1853,-22.3338],[-40.1853,-22.3364],[-40.1823,-22.3364],[-40.1797,-22.3364],[-40.1771,-22.3364],[-40.1745,-22.3364],[-40.1719,-22.3364],[-40.1693,-22.3364],[-40.1667,-22.3364],[-40.1641,-22.3364],[-40.1615,-22.3364],[-40.1589,-22.3364],[-40.1562,-22.3364],[-40.1536,-22.3364],[-40.151,-22.3364],[-40.1484,-22.3364],[-40.1458,-22.3364],[-40.1432,-22.3364],[-40.1406,-22.3364],[-40.138,-22.3364],[-40.1354,-22.3364],[-40.1328,-22.3364],[-40.1302,-22.3364],[-40.1276,-22.3364],[-40.125,-22.3364],[-40.1224,-22.3364],[-40.1198,-22.3364],[-40.1172,-22.3364],[-40.1146,-22.3364],[-40.112,-22.3364],[-40.1094,-22.3364],[-40.1068,-22.3364],[-40.1042,-22.3364],[-40.1042,-22.3333],[-40.099,-22.3333],[-40.099,-22.3255],[-40.0885,-22.3255],[-40.0885,-22.3229],[-40.0781,-22.3229],[-40.0781,-22.3281],[-40.0729,-22.3281],[-40.0729,-22.3333],[-40.0625,-22.3333],[-40.0625,-22.3364],[-40.0603,-22.3364],[-40.0577,-22.3364],[-40.0551,-22.3364],[-40.0525,-22.3364],[-40.0499,-22.3364],[-40.0473,-22.3364],[-40.0447,-22.3364],[-40.0421,-22.3364],[-40.0395,-22.3364],[-40.0369,-22.3364],[-40.0342,-22.3364],[-40.0316,-22.3364],[-40.029,-22.3364],[-40.0264,-22.3364],[-40.0238,-22.3364],[-40.0212,-22.3364],[-40.0186,-22.3364],[-40.016,-22.3364],[-40.0134,-22.3364],[-40.0108,-22.3364],[-40.0082,-22.3364],[-40.0056,-22.3364],[-40.003,-22.3364],[-40.0004,-22.3364],[-39.9978,-22.3364],[-39.9952,-22.3364],[-39.9926,-22.3364]]]]},"geometry_name":"GEOMETRY","properties":{"COD_BLOCO":"N_DE_BRAVA","COD_FASE_C":"E","DAT_ASSINA":"31-05-2023","DAT_TERMIN":null,"NOM_BACIA":"Campos","NOM_BLOCO":"N_DE_BRAVA","NOM_FANTAS":"NORTE_DE_BRAVA_OPP1","NUM_CONTRA":"48610232916202299","NUM_DESCOB":0,"OPERADOR_C":"Petróleo Brasileiro S.A. - PETROBRAS","RODADA":"OPP1","AREA_TOTAL":139,"AMBIENTE":"M ","BLOCOS":null},"bbox":[-40.1853,-22.3364,-39.9353,-22.2531]},{"type":"Feature","id":"BLOCOS_EXPLORATORIOS_SIRGAS.2103","geometry":{"type":"MultiPolygon","coordinates":[[[[-38.6953,-11.3754],[-38.6953,-11.3754],[-38.6931,-11.3754],[-38.6905,-11.3754],[-38.6879,-11.3754],[-38.6853,-11.3754],[-38.6826,-11.3754],[-38.68,-11.3754],[-38.6774,-11.3754],[-38.6748,-11.3754],[-38.6722,-11.3754],[-38.6696,-11.3754],[-38.667,-11.3754],[-38.6644,-11.3754],[-38.6618,-11.3754],[-38.6592,-11.3754],[-38.6566,-11.3754],[-38.654,-11.3754],[-38.6514,-11.3754],[-38.6488,-11.3754],[-38.6462,-11.3754],[-38.6436,-11.3754],[-38.641,-11.3754],[-38.6384,-11.3754],[-38.6358,-11.3754],[-38.6332,-11.3754],[-38.6306,-11.3754],[-38.628,-11.3754],[-38.6254,-11.3754],[-38.6254,-11.3728],[-38.6254,-11.3702],[-38.6254,-11.3676],[-38.6254,-11.365],[-38.6254,-11.3624],[-38.6254,-11.3598],[-38.6254,-11.3572],[-38.6254,-11.3546],[-38.6254,-11.352],[-38.6254,-11.3494],[-38.6254,-11.3468],[-38.6254,-11.3442],[-38.6254,-11.3416],[-38.6254,-11.339],[-38.6254,-11.3364],[-38.6254,-11.3338],[-38.6254,-11.3312],[-38.6254,-11.3286],[-38.6254,-11.326],[-38.6254,-11.3234],[-38.6254,-11.3207],[-38.6254,-11.3181],[-38.6254,-11.3155],[-38.6254,-11.3129],[-38.6254,-11.3103],[-38.6254,-11.3077],[-38.6254,-11.3051],[-38.6254,-11.3025],[-38.6254,-11.2999],[-38.6254,-11.2973],[-38.6254,-11.2947],[-38.6254,-11.2921],[-38.6254,-11.2895],[-38.6254,-11.2869],[-38.6254,-11.2843],[-38.6254,-11.2817],[-38.6254,-11.2791],[-38.6254,-11.2765],[-38.6254,-11.2739],[-38.6254,-11.2713],[-38.6254,-11.2687],[-38.6254,-11.2661],[-38.6254,-11.2635],[-38.6254,-11.2609],[-38.6254,-11.2582],[-38.6254,-11.2556],[-38.6254,-11.253],[-38.6254,-11.2504],[-38.628,-11.2504],[-38.6306,-11.2504],[-38.6332,-11.2504],[-38.6358,-11.2504],[-38.6384,-11.2504],[-38.641,-11.2504],[-38.6436,-11.2504],[-38.6462,-11.2504],[-38.6488,-11.2504],[-38.6514,-11.2504],[-38.654,-11.2504],[-38.6566,-11.2504],[-38.6592,-11.2504],[-38.6618,-11.2504],[-38.6644,-11.2504],[-38.667,-11.2504],[-38.6696,-11.2504],[-38.6722,-11.2504],[-38.6748,-11.2504],[-38.6774,-11.2504],[-38.68,-11.2504],[-38.6826,-11.2504],[-38.6853,-11.2504],[-38.6879,-11.2504],[-38.6905,-11.2504],[-38.6931,-11.2504],[-38.6957,-11.2504],[-38.6983,-11.2504],[-38.7009,-11.2504],[-38.7035,-11.2504],[-38.7061,-11.2504],[-38.7087,-11.2504],[-38.7113,-11.2504],[-38.7139,-11.2504],[-38.7165,-11.2504],[-38.7191,-11.2504],[-38.7217,-11.2504],[-38.7243,-11.2504],[-38.7269,-11.2504],[-38.7295,-11.2504],[-38.7321,-11.2504],[-38.7347,-11.2504],[-38.7373,-11.2504],[-38.7399,-11.2504],[-38.7425,-11.2504],[-38.7451,-11.2504],[-38.7478,-11.2504],[-38.7504,-11.2504],[-38.7504,-11.253],[-38.7504,-11.2556],[-38.7504,-11.2582],[-38.7504,-11.2609],[-38.7504,-11.2635],[-38.7504,-11.2661],[-38.7504,-11.2687],[-38.7504,-11.2713],[-38.7504,-11.2739],[-38.7504,-11.2765],[-38.7504,-11.2791],[-38.7504,-11.2817],[-38.7504,-11.2843],[-38.7504,-11.2869],[-38.7504,-11.2895],[-38.7504,-11.2921],[-38.7504,-11.2947],[-38.7504,-11.2973],[-38.7504,-11.2999],[-38.7504,-11.3025],[-38.7504,-11.3051],[-38.7504,-11.3077],[-38.7504,-11.3103],[-38.7504,-11.3129],[-38.7504,-11.3155],[-38.7504,-11.3181],[-38.7504,-11.3207],[-38.7504,-11.3234],[-38.7504,-11.326],[-38.7504,-11.3286],[-38.7504,-11.3312],[-38.7504,-11.3338],[-38.7504,-11.3364],[-38.7504,-11.339],[-38.7504,-11.3416],[-38.7504,-11.3442],[-38.7504,-11.3468],[-38.7504,-11.3494],[-38.7504,-11.352],[-38.7504,-11.3546],[-38.7504,-11.3572],[-38.7504,-11.3598],[-38.7504,-11.3624],[-38.7504,-11.365],[-38.7504,-11.3676],[-38.7504,-11.3702],[-38.7504,-11.3728],[-38.7504,-11.3754],[-38.7474,-11.3754],[-38.7448,-11.3754],[-38.7422,-11.3754],[-38.7396,-11.3754],[-38.737,-11.3754],[-38.7344,-11.3754],[-38.7318,-11.3754],[-38.7292,-11.3754],[-38.7266,-11.3754],[-38.724,-11.3754],[-38.7214,-11.3754],[-38.7187,-11.3754],[-38.7161,-11.3754],[-38.7135,-11.3754],[-38.7109,-11.3754],[-38.7083,-11.3754],[-38.7083,-11.362],[-38.6953,-11.362],[-38.6953,-11.3754]]]]},"geometry_name":"GEOMETRY","properties":{"COD_BLOCO":"TUC-T-139","COD_FASE_C":"E","DAT_ASSINA":"17-09-2013","DAT_TERMIN":null,"NOM_BACIA":"Tucano Sul","NOM_BLOCO":"TUC-T-139","NOM_FANTAS":"TUC-T-139_R11","NUM_CONTRA":"48610005437201319","NUM_DESCOB":0,"OPERADOR_C":"Imetame Energia S.A.","RODADA":"Rodada 11","AREA_TOTAL":187,"AMBIENTE":"T ","BLOCOS":"TUC-T-139                                         "},"bbox":[-38.7504,-11.3754,-38.6254,-11.2504]},{"type":"Feature","id":"BLOCOS_EXPLORATORIOS_SIRGAS.2315","geometry":{"type":"MultiPolygon","coordinates":[[[[-50,-34],[-49.75,-34],[-49.75,-33.75],[-50,-33.75],[-50,-34]]]]},"geometry_name":"GEOMETRY","properties":{"COD_BLOCO":"P-M-1670","COD_FASE_C":"E","DAT_ASSINA":"24-11-2025","DAT_TERMIN":null,"NOM_BACIA":"Pelotas","NOM_BLOCO":"P-M-1670","NOM_FANTAS":"P-M-1670_OP5","NUM_CONTRA":"48610220730202530","NUM_DESCOB":0,"OPERADOR_C":"Petróleo Brasileiro S.A. - PETROBRAS","RODADA":"OPC5","AREA_TOTAL":641.394,"AMBIENTE":"M ","BLOCOS":null},"bbox":[-50,-34,-49.75,-33.75]},{"type":"Feature","id":"BLOCOS_EXPLORATORIOS_SIRGAS.2316","geometry":{"type":"MultiPolygon","coordinates":[[[[-47.25,3],[-47.25,3.25],[-47.5,3.25],[-47.5,3],[-47.25,3]]]]},"geometry_name":"GEOMETRY","properties":{"COD_BLOCO":"FZA-M-621","COD_FASE_C":"E","DAT_ASSINA":"24-11-2025","DAT_TERMIN":null,"NOM_BACIA":"Foz do Amazonas","NOM_BLOCO":"FZA-M-621","NOM_FANTAS":"FZA-M-621_OP5","NUM_CONTRA":"48610220724202582","NUM_DESCOB":0,"OPERADOR_C":"ExxonMobil Exploração Brasil Ltda.","RODADA":"OPC5","AREA_TOTAL":768.203,"AMBIENTE":"M ","BLOCOS":null},"bbox":[-47.5,3,-47.25,3.25]},{"type":"Feature","id":"BLOCOS_EXPLORATORIOS_SIRGAS.510","geometry":{"type":"MultiPolygon","coordinates":[[[[-38.0915,-11.964],[-38.0915,-11.9614],[-38.0915,-11.9588],[-38.0941,-11.9588],[-38.0967,-11.9588],[-38.0993,-11.9588],[-38.1019,-11.9588],[-38.1045,-11.9588],[-38.1071,-11.9588],[-38.1097,-11.9588],[-38.1123,-11.9588],[-38.1149,-11.9588],[-38.1175,-11.9588],[-38.1201,-11.9588],[-38.1227,-11.9588],[-38.1254,-11.9588],[-38.1254,-11.9614],[-38.1254,-11.964],[-38.1254,-11.9666],[-38.1254,-11.9692],[-38.1254,-11.9718],[-38.1254,-11.9744],[-38.1254,-11.977],[-38.1254,-11.9796],[-38.1254,-11.9822],[-38.1254,-11.9848],[-38.1254,-11.9874],[-38.1254,-11.99],[-38.1254,-11.9926],[-38.1254,-11.9952],[-38.1254,-11.9978],[-38.1254,-12.0004],[-38.1227,-12.0004],[-38.1201,-12.0004],[-38.1175,-12.0004],[-38.1149,-12.0004],[-38.1123,-12.0004],[-38.1097,-12.0004],[-38.1071,-12.0004],[-38.1045,-12.0004],[-38.1019,-12.0004],[-38.0993,-12.0004],[-38.0967,-12.0004],[-38.0941,-12.0004],[-38.0915,-12.0004],[-38.0889,-12.0004],[-38.0863,-12.0004],[-38.0837,-12.0004],[-38.0811,-12.0004],[-38.0785,-12.0004],[-38.0759,-12.0004],[-38.0733,-12.0004],[-38.0707,-12.0004],[-38.0681,-12.0004],[-38.0655,-12.0004],[-38.0629,-12.0004],[-38.0629,-11.9978],[-38.0629,-11.9952],[-38.0629,-11.9926],[-38.0629,-11.99],[-38.0629,-11.9874],[-38.0629,-11.9848],[-38.0629,-11.9822],[-38.0629,-11.9796],[-38.0629,-11.977],[-38.0629,-11.9744],[-38.0629,-11.9718],[-38.0629,-11.9692],[-38.0629,-11.9666],[-38.0629,-11.964],[-38.0629,-11.9614],[-38.0629,-11.9588],[-38.0655,-11.9588],[-38.0681,-11.9588],[-38.0707,-11.9588],[-38.0733,-11.9588],[-38.0759,-11.9588],[-38.0759,-11.9614],[-38.0785,-11.9614],[-38.0785,-11.964],[-38.0811,-11.964],[-38.0837,-11.964],[-38.0863,-11.964],[-38.0889,-11.964],[-38.0915,-11.964]]]]},"geometry_name":"GEOMETRY","properties":{"COD_BLOCO":"REC-T-59","COD_FASE_C":"E","DAT_ASSINA":"06-06-2014","DAT_TERMIN":null,"NOM_BACIA":"Recôncavo","NOM_BLOCO":"REC-T-59","NOM_FANTAS":"REC-T-59_R12","NUM_CONTRA":"48610000064201462","NUM_DESCOB":0,"OPERADOR_C":"Trayectoria Petróleo e Gás do Brasil Ltda.","RODADA":"Rodada 12","AREA_TOTAL":30,"AMBIENTE":"T ","BLOCOS":"REC-T-59                                          "},"bbox":[-38.1254,-12.0004,-38.0629,-11.9588]},{"type":"Feature","id":"BLOCOS_EXPLORATORIOS_SIRGAS.363","geometry":{"type":"MultiPolygon","coordinates":[[[[-42.0004,-2.1254],[-41.9978,-2.1254],[-41.9952,-2.1254],[-41.9926,-2.1254],[-41.99,-2.1254],[-41.9874,-2.1254],[-41.9848,-2.1254],[-41.9821,-2.1254],[-41.9795,-2.1254],[-41.9769,-2.1254],[-41.9743,-2.1254],[-41.9717,-2.1254],[-41.9691,-2.1254],[-41.9665,-2.1254],[-41.9639,-2.1254],[-41.9613,-2.1254],[-41.9587,-2.1254],[-41.9561,-2.1254],[-41.9535,-2.1254],[-41.9509,-2.1254],[-41.9483,-2.1254],[-41.9457,-2.1254],[-41.9431,-2.1254],[-41.9405,-2.1254],[-41.9379,-2.1254],[-41.9353,-2.1254],[-41.9327,-2.1254],[-41.9301,-2.1254],[-41.9275,-2.1254],[-41.9249,-2.1254],[-41.9223,-2.1254],[-41.9196,-2.1254],[-41.917,-2.1254],[-41.9144,-2.1254],[-41.9118,-2.1254],[-41.9092,-2.1254],[-41.9066,-2.1254],[-41.904,-2.1254],[-41.9014,-2.1254],[-41.8988,-2.1254],[-41.8962,-2.1254],[-41.8936,-2.1254],[-41.891,-2.1254],[-41.8884,-2.1254],[-41.8858,-2.1254],[-41.8832,-2.1254],[-41.8806,-2.1254],[-41.878,-2.1254],[-41.8754,-2.1254],[-41.8754,-2.1228],[-41.8754,-2.1202],[-41.8754,-2.1176],[-41.8754,-2.1149],[-41.8754,-2.1123],[-41.8754,-2.1097],[-41.8754,-2.1071],[-41.8754,-2.1045],[-41.8754,-2.1019],[-41.8754,-2.0993],[-41.8754,-2.0967],[-41.8754,-2.0941],[-41.8754,-2.0915],[-41.8754,-2.0889],[-41.8754,-2.0863],[-41.8754,-2.0837],[-41.8754,-2.0811],[-41.8754,-2.0785],[-41.8754,-2.0759],[-41.8754,-2.0733],[-41.8754,-2.0707],[-41.8754,-2.0681],[-41.8754,-2.0655],[-41.8754,-2.0629],[-41.8754,-2.0603],[-41.8754,-2.0577],[-41.8754,-2.055],[-41.8754,-2.0524],[-41.8754,-2.0498],[-41.8754,-2.0472],[-41.8754,-2.0446],[-41.8754,-2.042],[-41.8754,-2.0394],[-41.8754,-2.0368],[-41.8754,-2.0342],[-41.8754,-2.0316],[-41.8754,-2.029],[-41.8754,-2.0264],[-41.8754,-2.0238],[-41.8754,-2.0212],[-41.8754,-2.0186],[-41.8754,-2.016],[-41.8754,-2.0134],[-41.8754,-2.0108],[-41.8754,-2.0082],[-41.8754,-2.0056],[-41.8754,-2.003],[-41.8754,-2.0004],[-41.878,-2.0004],[-41.8806,-2.0004],[-41.8832,-2.0004],[-41.8858,-2.0004],[-41.8884,-2.0004],[-41.891,-2.0004],[-41.8936,-2.0004],[-41.8962,-2.0004],[-41.8988,-2.0004],[-41.9014,-2.0004],[-41.904,-2.0004],[-41.9066,-2.0004],[-41.9092,-2.0004],[-41.9118,-2.0004],[-41.9144,-2.0004],[-41.917,-2.0004],[-41.9196,-2.0004],[-41.9223,-2.0004],[-41.9249,-2.0004],[-41.9275,-2.0004],[-41.9301,-2.0004],[-41.9327,-2.0004],[-41.9353,-2.0004],[-41.9379,-2.0004],[-41.9405,-2.0004],[-41.9431,-2.0004],[-41.9457,-2.0004],[-41.9483,-2.0004],[-41.9509,-2.0004],[-41.9535,-2.0004],[-41.9561,-2.0004],[-41.9587,-2.0004],[-41.9613,-2.0004],[-41.9639,-2.0004],[-41.9665,-2.0004],[-41.9691,-2.0004],[-41.9717,-2.0004],[-41.9743,-2.0004],[-41.9769,-2.0004],[-41.9795,-2.0004],[-41.9821,-2.0004],[-41.9848,-2.0004],[-41.9874,-2.0004],[-41.99,-2.0004],[-41.9926,-2.0004],[-41.9952,-2.0004],[-41.9978,-2.0004],[-42.0004,-2.0004],[-42.0004,-2.003],[-42.0004,-2.0056],[-42.0004,-2.0082],[-42.0004,-2.0108],[-42.0004,-2.0134],[-42.0004,-2.016],[-42.0004,-2.0186],[-42.0004,-2.0212],[-42.0004,-2.0238],[-42.0004,-2.0264],[-42.0004,-2.029],[-42.0004,-2.0316],[-42.0004,-2.0342],[-42.0004,-2.0368],[-42.0004,-2.0394],[-42.0004,-2.042],[-42.0004,-2.0446],[-42.0004,-2.0472],[-42.0004,-2.0498],[-42.0004,-2.0524],[-42.0004,-2.055],[-42.0004,-2.0577],[-42.0004,-2.0603],[-42.0004,-2.0629],[-42.0004,-2.0655],[-42.0004,-2.0681],[-42.0004,-2.0707],[-42.0004,-2.0733],[-42.0004,-2.0759],[-42.0004,-2.0785],[-42.0004,-2.0811],[-42.0004,-2.0837],[-42.0004,-2.0863],[-42.0004,-2.0889],[-42.0004,-2.0915],[-42.0004,-2.0941],[-42.0004,-2.0967],[-42.0004,-2.0993],[-42.0004,-2.1019],[-42.0004,-2.1045],[-42.0004,-2.1071],[-42.0004,-2.1097],[-42.0004,-2.1123],[-42.0004,-2.1149],[-42.0004,-2.1176],[-42.0004,-2.1202],[-42.0004,-2.1228],[-42.0004,-2.1254]]]]},"geometry_name":"GEOMETRY","properties":{"COD_BLOCO":"BAR-M-388","COD_FASE_C":"E","DAT_ASSINA":"30-08-2013","DAT_TERMIN":null,"NOM_BACIA":"Barreirinhas","NOM_BLOCO":"BAR-M-388","NOM_FANTAS":"BAR-M-388_R11","NUM_CONTRA":"48610005461201340","NUM_DESCOB":0,"OPERADOR_C":"Shell Brasil Petróleo Ltda.","RODADA":"Rodada 11","AREA_TOTAL":192,"AMBIENTE":"M ","BLOCOS":"BAR-M-388                                         "},"bbox":[-42.0004,-2.1254,-41.8754,-2.0004]},{"type":"Feature","id":"BLOCOS_EXPLORATORIOS_SIRGAS.456","geometry":{"type":"MultiPolygon","coordinates":[[[[-45.0004,-17.5005],[-44.9978,-17.5005],[-44.9952,-17.5005],[-44.9926,-17.5005],[-44.99,-17.5005],[-44.9874,-17.5005],[-44.9848,-17.5005],[-44.9822,-17.5005],[-44.9796,-17.5005],[-44.977,-17.5005],[-44.9744,-17.5005],[-44.9718,-17.5005],[-44.9692,-17.5005],[-44.9666,-17.5005],[-44.964,-17.5005],[-44.9614,-17.5005],[-44.9588,-17.5005],[-44.9562,-17.5005],[-44.9535,-17.5005],[-44.9509,-17.5005],[-44.9483,-17.5005],[-44.9457,-17.5005],[-44.9431,-17.5005],[-44.9405,-17.5005],[-44.9379,-17.5005],[-44.9353,-17.5005],[-44.9327,-17.5005],[-44.9301,-17.5005],[-44.9275,-17.5005],[-44.9249,-17.5005],[-44.9223,-17.5005],[-44.9197,-17.5005],[-44.9171,-17.5005],[-44.9145,-17.5005],[-44.9119,-17.5005],[-44.9093,-17.5005],[-44.9067,-17.5005],[-44.9041,-17.5005],[-44.9015,-17.5005],[-44.8989,-17.5005],[-44.8963,-17.5005],[-44.8937,-17.5005],[-44.891,-17.5005],[-44.8884,-17.5005],[-44.8858,-17.5005],[-44.8832,-17.5005],[-44.8806,-17.5005],[-44.878,-17.5005],[-44.8754,-17.5005],[-44.8728,-17.5005],[-44.8702,-17.5005],[-44.8676,-17.5005],[-44.865,-17.5005],[-44.8624,-17.5005],[-44.8598,-17.5005],[-44.8572,-17.5005],[-44.8546,-17.5005],[-44.852,-17.5005],[-44.8494,-17.5005],[-44.8468,-17.5005],[-44.8442,-17.5005],[-44.8416,-17.5005],[-44.839,-17.5005],[-44.8364,-17.5005],[-44.8338,-17.5005],[-44.8312,-17.5005],[-44.8285,-17.5005],[-44.8259,-17.5005],[-44.8233,-17.5005],[-44.8207,-17.5005],[-44.8181,-17.5005],[-44.8155,-17.5005],[-44.8129,-17.5005],[-44.8103,-17.5005],[-44.8077,-17.5005],[-44.8051,-17.5005],[-44.8025,-17.5005],[-44.7999,-17.5005],[-44.7973,-17.5005],[-44.7947,-17.5005],[-44.7921,-17.5005],[-44.7895,-17.5005],[-44.7869,-17.5005],[-44.7843,-17.5005],[-44.7817,-17.5005],[-44.7791,-17.5005],[-44.7765,-17.5005],[-44.7739,-17.5005],[-44.7713,-17.5005],[-44.7686,-17.5005],[-44.766,-17.5005],[-44.7634,-17.5005],[-44.7608,-17.5005],[-44.7582,-17.5005],[-44.7556,-17.5005],[-44.753,-17.5005],[-44.7504,-17.5005],[-44.7478,-17.5005],[-44.7452,-17.5005],[-44.7426,-17.5005],[-44.74,-17.5005],[-44.7374,-17.5005],[-44.7348,-17.5005],[-44.7322,-17.5005],[-44.7296,-17.5005],[-44.727,-17.5005],[-44.7244,-17.5005],[-44.7218,-17.5005],[-44.7192,-17.5005],[-44.7166,-17.5005],[-44.714,-17.5005],[-44.7114,-17.5005],[-44.7088,-17.5005],[-44.7061,-17.5005],[-44.7035,-17.5005],[-44.7009,-17.5005],[-44.6983,-17.5005],[-44.6957,-17.5005],[-44.6931,-17.5005],[-44.6905,-17.5005],[-44.6879,-17.5005],[-44.6853,-17.5005],[-44.6827,-17.5005],[-44.6801,-17.5005],[-44.6775,-17.5005],[-44.6749,-17.5005],[-44.6723,-17.5005],[-44.6697,-17.5005],[-44.6671,-17.5005],[-44.6645,-17.5005],[-44.6619,-17.5005],[-44.6593,-17.5005],[-44.6567,-17.5005],[-44.6541,-17.5005],[-44.6515,-17.5005],[-44.6489,-17.5005],[-44.6463,-17.5005],[-44.6436,-17.5005],[-44.641,-17.5005],[-44.6384,-17.5005],[-44.6358,-17.5005],[-44.6332,-17.5005],[-44.6306,-17.5005],[-44.628,-17.5005],[-44.6254,-17.5005],[-44.6228,-17.5005],[-44.6202,-17.5005],[-44.6176,-17.5005],[-44.615,-17.5005],[-44.6124,-17.5005],[-44.6098,-17.5005],[-44.6072,-17.5005],[-44.6046,-17.5005],[-44.602,-17.5005],[-44.5994,-17.5005],[-44.5968,-17.5005],[-44.5942,-17.5005],[-44.5916,-17.5005],[-44.589,-17.5005],[-44.5864,-17.5005],[-44.5838,-17.5005],[-44.5811,-17.5005],[-44.5785,-17.5005],[-44.5759,-17.5005],[-44.5733,-17.5005],[-44.5707,-17.5005],[-44.5681,-17.5005],[-44.5655,-17.5005],[-44.5629,-17.5005],[-44.5603,-17.5005],[-44.5577,-17.5005],[-44.5551,-17.5005],[-44.5525,-17.5005],[-44.5499,-17.5005],[-44.5473,-17.5005],[-44.5447,-17.5005],[-44.5421,-17.5005],[-44.5395,-17.5005],[-44.5369,-17.5005],[-44.5343,-17.5005],[-44.5317,-17.5005],[-44.5291,-17.5005],[-44.5265,-17.5005],[-44.5239,-17.5005],[-44.5213,-17.5005],[-44.5186,-17.5005],[-44.516,-17.5005],[-44.5134,-17.5005],[-44.5108,-17.5005],[-44.5082,-17.5005],[-44.5056,-17.5005],[-44.503,-17.5005],[-44.5004,-17.5005],[-44.5004,-17.4979],[-44.5004,-17.4953],[-44.5004,-17.4927],[-44.5004,-17.49],[-44.5004,-17.4874],[-44.5004,-17.4848],[-44.5004,-17.4822],[-44.5004,-17.4796],[-44.5004,-17.477],[-44.5004,-17.4744],[-44.5004,-17.4718],[-44.5004,-17.4692],[-44.5004,-17.4666],[-44.5004,-17.464],[-44.5004,-17.4614],[-44.5004,-17.4588],[-44.5004,-17.4562],[-44.5004,-17.4536],[-44.5004,-17.451],[-44.5004,-17.4484],[-44.5004,-17.4458],[-44.5004,-17.4432],[-44.5004,-17.4406],[-44.5004,-17.438],[-44.5004,-17.4354],[-44.5004,-17.4328],[-44.5004,-17.4302],[-44.5004,-17.4275],[-44.5004,-17.4249],[-44.5004,-17.4223],[-44.5004,-17.4197],[-44.5004,-17.4171],[-44.5004,-17.4145],[-44.5004,-17.4119],[-44.5004,-17.4093],[-44.5004,-17.4067],[-44.5004,-17.4041],[-44.5004,-17.4015],[-44.5004,-17.3989],[-44.5004,-17.3963],[-44.5004,-17.3937],[-44.5004,-17.3911],[-44.5004,-17.3885],[-44.5004,-17.3859],[-44.5004,-17.3833],[-44.5004,-17.3807],[-44.5004,-17.3781],[-44.5004,-17.3755],[-44.5004,-17.3729],[-44.5004,-17.3703],[-44.5004,-17.3677],[-44.5004,-17.365],[-44.5004,-17.3624],[-44.5004,-17.3598],[-44.5004,-17.3572],[-44.5004,-17.3546],[-44.5004,-17.352],[-44.5004,-17.3494],[-44.5004,-17.3468],[-44.5004,-17.3442],[-44.5004,-17.3416],[-44.5004,-17.339],[-44.5004,-17.3364],[-44.5004,-17.3338],[-44.5004,-17.3312],[-44.5004,-17.3286],[-44.5004,-17.326],[-44.5004,-17.3234],[-44.5004,-17.3208],[-44.5004,-17.3182],[-44.5004,-17.3156],[-44.5004,-17.313],[-44.5004,-17.3104],[-44.5004,-17.3078],[-44.5004,-17.3052],[-44.5004,-17.3025],[-44.5004,-17.2999],[-44.5004,-17.2973],[-44.5004,-17.2947],[-44.5004,-17.2921],[-44.5004,-17.2895],[-44.5004,-17.2869],[-44.5004,-17.2843],[-44.5004,-17.2817],[-44.5004,-17.2791],[-44.5004,-17.2765],[-44.5004,-17.2739],[-44.5004,-17.2713],[-44.5004,-17.2687],[-44.5004,-17.2661],[-44.5004,-17.2635],[-44.5004,-17.2609],[-44.5004,-17.2583],[-44.5004,-17.2557],[-44.5004,-17.2531],[-44.5004,-17.2505],[-44.5004,-17.2479],[-44.5004,-17.2453],[-44.5004,-17.2427],[-44.5004,-17.24],[-44.5004,-17.2374],[-44.5004,-17.2348],[-44.5004,-17.2322],[-44.5004,-17.2296],[-44.5004,-17.227],[-44.5004,-17.2244],[-44.5004,-17.2218],[-44.5004,-17.2192],[-44.5004,-17.2166],[-44.5004,-17.214],[-44.5004,-17.2114],[-44.5004,-17.2088],[-44.5004,-17.2062],[-44.5004,-17.2036],[-44.5004,-17.201],[-44.5004,-17.1984],[-44.5004,-17.1958],[-44.5004,-17.1932],[-44.5004,-17.1906],[-44.5004,-17.188],[-44.5004,-17.1854],[-44.5004,-17.1828],[-44.5004,-17.1801],[-44.5004,-17.1775],[-44.5004,-17.1749],[-44.5004,-17.1723],[-44.5004,-17.1697],[-44.5004,-17.1671],[-44.5004,-17.1645],[-44.5004,-17.1619],[-44.5004,-17.1593],[-44.5004,-17.1567],[-44.5004,-17.1541],[-44.5004,-17.1515],[-44.5004,-17.1489],[-44.5004,-17.1463],[-44.5004,-17.1437],[-44.5004,-17.1411],[-44.5004,-17.1385],[-44.5004,-17.1359],[-44.5004,-17.1333],[-44.5004,-17.1307],[-44.5004,-17.1281],[-44.5004,-17.1255],[-44.5004,-17.1229],[-44.5004,-17.1203],[-44.5004,-17.1176],[-44.5004,-17.115],[-44.5004,-17.1124],[-44.5004,-17.1098],[-44.5004,-17.1072],[-44.5004,-17.1046],[-44.5004,-17.102],[-44.5004,-17.0994],[-44.5004,-17.0968],[-44.5004,-17.0942],[-44.5004,-17.0916],[-44.5004,-17.089],[-44.5004,-17.0864],[-44.5004,-17.0838],[-44.5004,-17.0812],[-44.5004,-17.0786],[-44.5004,-17.076],[-44.5004,-17.0734],[-44.5004,-17.0708],[-44.5004,-17.0682],[-44.5004,-17.0656],[-44.5004,-17.063],[-44.5004,-17.0604],[-44.5004,-17.0578],[-44.5004,-17.0551],[-44.5004,-17.0525],[-44.5004,-17.0499],[-44.5004,-17.0473],[-44.5004,-17.0447],[-44.5004,-17.0421],[-44.5004,-17.0395],[-44.5004,-17.0369],[-44.5004,-17.0343],[-44.5004,-17.0317],[-44.5004,-17.0291],[-44.5004,-17.0265],[-44.5004,-17.0239],[-44.5004,-17.0213],[-44.5004,-17.0187],[-44.5004,-17.0161],[-44.5004,-17.0135],[-44.5004,-17.0109],[-44.5004,-17.0083],[-44.5004,-17.0057],[-44.5004,-17.0031],[-44.5004,-17.0005],[-44.503,-17.0005],[-44.5056,-17.0005],[-44.5082,-17.0005],[-44.5108,-17.0005],[-44.5134,-17.0005],[-44.516,-17.0005],[-44.5186,-17.0005],[-44.5213,-17.0005],[-44.5239,-17.0005],[-44.5265,-17.0005],[-44.5291,-17.0005],[-44.5317,-17.0005],[-44.5343,-17.0005],[-44.5369,-17.0005],[-44.5395,-17.0005],[-44.5421,-17.0005],[-44.5447,-17.0005],[-44.5473,-17.0005],[-44.5499,-17.0005],[-44.5525,-17.0005],[-44.5551,-17.0005],[-44.5577,-17.0005],[-44.5603,-17.0005],[-44.5629,-17.0005],[-44.5655,-17.0005],[-44.5681,-17.0005],[-44.5707,-17.0005],[-44.5733,-17.0005],[-44.5759,-17.0005],[-44.5785,-17.0005],[-44.5811,-17.0005],[-44.5838,-17.0005],[-44.5864,-17.0005],[-44.589,-17.0005],[-44.5916,-17.0005],[-44.5942,-17.0005],[-44.5968,-17.0005],[-44.5994,-17.0005],[-44.602,-17.0005],[-44.6046,-17.0005],[-44.6072,-17.0005],[-44.6098,-17.0005],[-44.6124,-17.0005],[-44.615,-17.0005],[-44.6176,-17.0005],[-44.6202,-17.0005],[-44.6228,-17.0005],[-44.6254,-17.0005],[-44.628,-17.0005],[-44.6306,-17.0005],[-44.6332,-17.0005],[-44.6358,-17.0005],[-44.6384,-17.0005],[-44.641,-17.0005],[-44.6436,-17.0005],[-44.6463,-17.0005],[-44.6489,-17.0005],[-44.6515,-17.0005],[-44.6541,-17.0005],[-44.6567,-17.0005],[-44.6593,-17.0005],[-44.6619,-17.0005],[-44.6645,-17.0005],[-44.6671,-17.0005],[-44.6697,-17.0005],[-44.6723,-17.0005],[-44.6749,-17.0005],[-44.6775,-17.0005],[-44.6801,-17.0005],[-44.6827,-17.0005],[-44.6853,-17.0005],[-44.6879,-17.0005],[-44.6905,-17.0005],[-44.6931,-17.0005],[-44.6957,-17.0005],[-44.6983,-17.0005],[-44.7009,-17.0005],[-44.7035,-17.0005],[-44.7061,-17.0005],[-44.7088,-17.0005],[-44.7114,-17.0005],[-44.714,-17.0005],[-44.7166,-17.0005],[-44.7192,-17.0005],[-44.7218,-17.0005],[-44.7244,-17.0005],[-44.727,-17.0005],[-44.7296,-17.0005],[-44.7322,-17.0005],[-44.7348,-17.0005],[-44.7374,-17.0005],[-44.74,-17.0005],[-44.7426,-17.0005],[-44.7452,-17.0005],[-44.7478,-17.0005],[-44.7504,-17.0005],[-44.753,-17.0005],[-44.7556,-17.0005],[-44.7582,-17.0005],[-44.7608,-17.0005],[-44.7634,-17.0005],[-44.766,-17.0005],[-44.7686,-17.0005],[-44.7713,-17.0005],[-44.7739,-17.0005],[-44.7765,-17.0005],[-44.7791,-17.0005],[-44.7817,-17.0005],[-44.7843,-17.0005],[-44.7869,-17.0005],[-44.7895,-17.0005],[-44.7921,-17.0005],[-44.7947,-17.0005],[-44.7973,-17.0005],[-44.7999,-17.0005],[-44.8025,-17.0005],[-44.8051,-17.0005],[-44.8077,-17.0005],[-44.8103,-17.0005],[-44.8129,-17.0005],[-44.8155,-17.0005],[-44.8181,-17.0005],[-44.8207,-17.0005],[-44.8233,-17.0005],[-44.8259,-17.0005],[-44.8285,-17.0005],[-44.8311,-17.0005],[-44.8338,-17.0005],[-44.8364,-17.0005],[-44.839,-17.0005],[-44.8416,-17.0005],[-44.8442,-17.0005],[-44.8468,-17.0005],[-44.8494,-17.0005],[-44.852,-17.0005],[-44.8546,-17.0005],[-44.8572,-17.0005],[-44.8598,-17.0005],[-44.8624,-17.0005],[-44.865,-17.0005],[-44.8676,-17.0005],[-44.8702,-17.0005],[-44.8728,-17.0005],[-44.8754,-17.0005],[-44.878,-17.0005],[-44.8806,-17.0005],[-44.8832,-17.0005],[-44.8858,-17.0005],[-44.8884,-17.0005],[-44.891,-17.0005],[-44.8936,-17.0005],[-44.8963,-17.0005],[-44.8989,-17.0005],[-44.9015,-17.0005],[-44.9041,-17.0005],[-44.9067,-17.0005],[-44.9093,-17.0005],[-44.9119,-17.0005],[-44.9145,-17.0005],[-44.9171,-17.0005],[-44.9197,-17.0005],[-44.9223,-17.0005],[-44.9249,-17.0005],[-44.9275,-17.0005],[-44.9301,-17.0005],[-44.9327,-17.0005],[-44.9353,-17.0005],[-44.9379,-17.0005],[-44.9405,-17.0005],[-44.9431,-17.0005],[-44.9457,-17.0005],[-44.9483,-17.0005],[-44.9509,-17.0005],[-44.9535,-17.0005],[-44.9562,-17.0005],[-44.9588,-17.0005],[-44.9614,-17.0005],[-44.964,-17.0005],[-44.9666,-17.0005],[-44.9692,-17.0005],[-44.9718,-17.0005],[-44.9744,-17.0005],[-44.977,-17.0005],[-44.9796,-17.0005],[-44.9822,-17.0005],[-44.9848,-17.0005],[-44.9874,-17.0005],[-44.99,-17.0005],[-44.9926,-17.0005],[-44.9952,-17.0005],[-44.9978,-17.0005],[-45.0004,-17.0005],[-45.0004,-17.0031],[-45.0004,-17.0057],[-45.0004,-17.0083],[-45.0004,-17.0109],[-45.0004,-17.0135],[-45.0004,-17.0161],[-45.0004,-17.0187],[-45.0004,-17.0213],[-45.0004,-17.0239],[-45.0004,-17.0265],[-45.0004,-17.0291],[-45.0004,-17.0317],[-45.0004,-17.0343],[-45.0004,-17.0369],[-45.0004,-17.0395],[-45.0004,-17.0421],[-45.0004,-17.0447],[-45.0004,-17.0473],[-45.0004,-17.0499],[-45.0004,-17.0525],[-45.0004,-17.0551],[-45.0004,-17.0578],[-45.0004,-17.0604],[-45.0004,-17.063],[-45.0004,-17.0656],[-45.0004,-17.0682],[-45.0004,-17.0708],[-45.0004,-17.0734],[-45.0004,-17.076],[-45.0004,-17.0786],[-45.0004,-17.0812],[-45.0004,-17.0838],[-45.0004,-17.0864],[-45.0004,-17.089],[-45.0004,-17.0916],[-45.0004,-17.0942],[-45.0004,-17.0968],[-45.0004,-17.0994],[-45.0004,-17.102],[-45.0004,-17.1046],[-45.0004,-17.1072],[-45.0004,-17.1098],[-45.0004,-17.1124],[-45.0004,-17.115],[-45.0004,-17.1176],[-45.0004,-17.1203],[-45.0004,-17.1229],[-45.0004,-17.1255],[-45.0004,-17.1281],[-45.0004,-17.1307],[-45.0004,-17.1333],[-45.0004,-17.1359],[-45.0004,-17.1385],[-45.0004,-17.1411],[-45.0004,-17.1437],[-45.0004,-17.1463],[-45.0004,-17.1489],[-45.0004,-17.1515],[-45.0004,-17.1541],[-45.0004,-17.1567],[-45.0004,-17.1593],[-45.0004,-17.1619],[-45.0004,-17.1645],[-45.0004,-17.1671],[-45.0004,-17.1697],[-45.0004,-17.1723],[-45.0004,-17.1749],[-45.0004,-17.1775],[-45.0004,-17.1801],[-45.0004,-17.1828],[-45.0004,-17.1854],[-45.0004,-17.188],[-45.0004,-17.1906],[-45.0004,-17.1932],[-45.0004,-17.1958],[-45.0004,-17.1984],[-45.0004,-17.201],[-45.0004,-17.2036],[-45.0004,-17.2062],[-45.0004,-17.2088],[-45.0004,-17.2114],[-45.0004,-17.214],[-45.0004,-17.2166],[-45.0004,-17.2192],[-45.0004,-17.2218],[-45.0004,-17.2244],[-45.0004,-17.227],[-45.0004,-17.2296],[-45.0004,-17.2322],[-45.0004,-17.2348],[-45.0004,-17.2374],[-45.0004,-17.24],[-45.0004,-17.2426],[-45.0004,-17.2453],[-45.0004,-17.2479],[-45.0004,-17.2505],[-45.0004,-17.2531],[-45.0004,-17.2557],[-45.0004,-17.2583],[-45.0004,-17.2609],[-45.0004,-17.2635],[-45.0004,-17.2661],[-45.0004,-17.2687],[-45.0004,-17.2713],[-45.0004,-17.2739],[-45.0004,-17.2765],[-45.0004,-17.2791],[-45.0004,-17.2817],[-45.0004,-17.2843],[-45.0004,-17.2869],[-45.0004,-17.2895],[-45.0004,-17.2921],[-45.0004,-17.2947],[-45.0004,-17.2973],[-45.0004,-17.2999],[-45.0004,-17.3025],[-45.0004,-17.3051],[-45.0004,-17.3078],[-45.0004,-17.3104],[-45.0004,-17.313],[-45.0004,-17.3156],[-45.0004,-17.3182],[-45.0004,-17.3208],[-45.0004,-17.3234],[-45.0004,-17.326],[-45.0004,-17.3286],[-45.0004,-17.3312],[-45.0004,-17.3338],[-45.0004,-17.3364],[-45.0004,-17.339],[-45.0004,-17.3416],[-45.0004,-17.3442],[-45.0004,-17.3468],[-45.0004,-17.3494],[-45.0004,-17.352],[-45.0004,-17.3546],[-45.0004,-17.3572],[-45.0004,-17.3598],[-45.0004,-17.3624],[-45.0004,-17.365],[-45.0004,-17.3676],[-45.0004,-17.3703],[-45.0004,-17.3729],[-45.0004,-17.3755],[-45.0004,-17.3781],[-45.0004,-17.3807],[-45.0004,-17.3833],[-45.0004,-17.3859],[-45.0004,-17.3885],[-45.0004,-17.3911],[-45.0004,-17.3937],[-45.0004,-17.3963],[-45.0004,-17.3989],[-45.0004,-17.4015],[-45.0004,-17.4041],[-45.0004,-17.4067],[-45.0004,-17.4093],[-45.0004,-17.4119],[-45.0004,-17.4145],[-45.0004,-17.4171],[-45.0004,-17.4197],[-45.0004,-17.4223],[-45.0004,-17.4249],[-45.0004,-17.4275],[-45.0004,-17.4302],[-45.0004,-17.4328],[-45.0004,-17.4354],[-45.0004,-17.438],[-45.0004,-17.4406],[-45.0004,-17.4432],[-45.0004,-17.4458],[-45.0004,-17.4484],[-45.0004,-17.451],[-45.0004,-17.4536],[-45.0004,-17.4562],[-45.0004,-17.4588],[-45.0004,-17.4614],[-45.0004,-17.464],[-45.0004,-17.4666],[-45.0004,-17.4692],[-45.0004,-17.4718],[-45.0004,-17.4744],[-45.0004,-17.477],[-45.0004,-17.4796],[-45.0004,-17.4822],[-45.0004,-17.4848],[-45.0004,-17.4874],[-45.0004,-17.49],[-45.0004,-17.4927],[-45.0004,-17.4953],[-45.0004,-17.4979],[-45.0004,-17.5005]]]]},"geometry_name":"GEOMETRY","properties":{"COD_BLOCO":"SF-T-114","COD_FASE_C":"E","DAT_ASSINA":"30-06-2009","DAT_TERMIN":null,"NOM_BACIA":"São Francisco","NOM_BLOCO":"SF-T-114","NOM_FANTAS":"SF-T-114_R10","NUM_CONTRA":"48610001559200941","NUM_DESCOB":1,"OPERADOR_C":"Imetame Energia S.A.","RODADA":"Rodada 10","AREA_TOTAL":2942,"AMBIENTE":"T ","BLOCOS":"SF-T-114                                          "},"bbox":[-45.0004,-17.5005,-44.5004,-17.0005]},{"type":"Feature","id":"BLOCOS_EXPLORATORIOS_SIRGAS.454","geometry":{"type":"MultiPolygon","coordinates":[[[[-45.0004,-17.0005],[-44.9978,-17.0005],[-44.9952,-17.0005],[-44.9926,-17.0005],[-44.99,-17.0005],[-44.9874,-17.0005],[-44.9848,-17.0005],[-44.9822,-17.0005],[-44.9796,-17.0005],[-44.977,-17.0005],[-44.9744,-17.0005],[-44.9718,-17.0005],[-44.9692,-17.0005],[-44.9666,-17.0005],[-44.964,-17.0005],[-44.9614,-17.0005],[-44.9588,-17.0005],[-44.9562,-17.0005],[-44.9535,-17.0005],[-44.9509,-17.0005],[-44.9483,-17.0005],[-44.9457,-17.0005],[-44.9431,-17.0005],[-44.9405,-17.0005],[-44.9379,-17.0005],[-44.9353,-17.0005],[-44.9327,-17.0005],[-44.9301,-17.0005],[-44.9275,-17.0005],[-44.9249,-17.0005],[-44.9223,-17.0005],[-44.9197,-17.0005],[-44.9171,-17.0005],[-44.9145,-17.0005],[-44.9119,-17.0005],[-44.9093,-17.0005],[-44.9067,-17.0005],[-44.9041,-17.0005],[-44.9015,-17.0005],[-44.8989,-17.0005],[-44.8963,-17.0005],[-44.8936,-17.0005],[-44.891,-17.0005],[-44.8884,-17.0005],[-44.8858,-17.0005],[-44.8832,-17.0005],[-44.8806,-17.0005],[-44.878,-17.0005],[-44.8754,-17.0005],[-44.8728,-17.0005],[-44.8702,-17.0005],[-44.8676,-17.0005],[-44.865,-17.0005],[-44.8624,-17.0005],[-44.8598,-17.0005],[-44.8572,-17.0005],[-44.8546,-17.0005],[-44.852,-17.0005],[-44.8494,-17.0005],[-44.8468,-17.0005],[-44.8442,-17.0005],[-44.8416,-17.0005],[-44.839,-17.0005],[-44.8364,-17.0005],[-44.8338,-17.0005],[-44.8311,-17.0005],[-44.8285,-17.0005],[-44.8259,-17.0005],[-44.8233,-17.0005],[-44.8207,-17.0005],[-44.8181,-17.0005],[-44.8155,-17.0005],[-44.8129,-17.0005],[-44.8103,-17.0005],[-44.8077,-17.0005],[-44.8051,-17.0005],[-44.8025,-17.0005],[-44.7999,-17.0005],[-44.7973,-17.0005],[-44.7947,-17.0005],[-44.7921,-17.0005],[-44.7895,-17.0005],[-44.7869,-17.0005],[-44.7843,-17.0005],[-44.7817,-17.0005],[-44.7791,-17.0005],[-44.7765,-17.0005],[-44.7739,-17.0005],[-44.7713,-17.0005],[-44.7686,-17.0005],[-44.766,-17.0005],[-44.7634,-17.0005],[-44.7608,-17.0005],[-44.7582,-17.0005],[-44.7556,-17.0005],[-44.753,-17.0005],[-44.7504,-17.0005],[-44.7478,-17.0005],[-44.7452,-17.0005],[-44.7426,-17.0005],[-44.74,-17.0005],[-44.7374,-17.0005],[-44.7348,-17.0005],[-44.7322,-17.0005],[-44.7296,-17.0005],[-44.727,-17.0005],[-44.7244,-17.0005],[-44.7218,-17.0005],[-44.7192,-17.0005],[-44.7166,-17.0005],[-44.714,-17.0005],[-44.7114,-17.0005],[-44.7088,-17.0005],[-44.7061,-17.0005],[-44.7035,-17.0005],[-44.7009,-17.0005],[-44.6983,-17.0005],[-44.6957,-17.0005],[-44.6931,-17.0005],[-44.6905,-17.0005],[-44.6879,-17.0005],[-44.6853,-17.0005],[-44.6827,-17.0005],[-44.6801,-17.0005],[-44.6775,-17.0005],[-44.6749,-17.0005],[-44.6723,-17.0005],[-44.6697,-17.0005],[-44.6671,-17.0005],[-44.6645,-17.0005],[-44.6619,-17.0005],[-44.6593,-17.0005],[-44.6567,-17.0005],[-44.6541,-17.0005],[-44.6515,-17.0005],[-44.6489,-17.0005],[-44.6463,-17.0005],[-44.6436,-17.0005],[-44.641,-17.0005],[-44.6384,-17.0005],[-44.6358,-17.0005],[-44.6332,-17.0005],[-44.6306,-17.0005],[-44.628,-17.0005],[-44.6254,-17.0005],[-44.6228,-17.0005],[-44.6202,-17.0005],[-44.6176,-17.0005],[-44.615,-17.0005],[-44.6124,-17.0005],[-44.6098,-17.0005],[-44.6072,-17.0005],[-44.6046,-17.0005],[-44.602,-17.0005],[-44.5994,-17.0005],[-44.5968,-17.0005],[-44.5942,-17.0005],[-44.5916,-17.0005],[-44.589,-17.0005],[-44.5864,-17.0005],[-44.5838,-17.0005],[-44.5811,-17.0005],[-44.5785,-17.0005],[-44.5759,-17.0005],[-44.5733,-17.0005],[-44.5707,-17.0005],[-44.5681,-17.0005],[-44.5655,-17.0005],[-44.5629,-17.0005],[-44.5603,-17.0005],[-44.5577,-17.0005],[-44.5551,-17.0005],[-44.5525,-17.0005],[-44.5499,-17.0005],[-44.5473,-17.0005],[-44.5447,-17.0005],[-44.5421,-17.0005],[-44.5395,-17.0005],[-44.5369,-17.0005],[-44.5343,-17.0005],[-44.5317,-17.0005],[-44.5291,-17.0005],[-44.5265,-17.0005],[-44.5239,-17.0005],[-44.5213,-17.0005],[-44.5186,-17.0005],[-44.516,-17.0005],[-44.5134,-17.0005],[-44.5108,-17.0005],[-44.5082,-17.0005],[-44.5056,-17.0005],[-44.503,-17.0005],[-44.5004,-17.0005],[-44.5004,-16.9979],[-44.5004,-16.9953],[-44.5004,-16.9926],[-44.5004,-16.99],[-44.5004,-16.9874],[-44.5004,-16.9848],[-44.5004,-16.9822],[-44.5004,-16.9796],[-44.5004,-16.977],[-44.5004,-16.9744],[-44.5004,-16.9718],[-44.5004,-16.9692],[-44.5004,-16.9666],[-44.5004,-16.964],[-44.5004,-16.9614],[-44.5004,-16.9588],[-44.5004,-16.9562],[-44.5004,-16.9536],[-44.5004,-16.951],[-44.5004,-16.9484],[-44.5004,-16.9458],[-44.5004,-16.9432],[-44.5004,-16.9406],[-44.5004,-16.938],[-44.5004,-16.9354],[-44.5004,-16.9328],[-44.5004,-16.9301],[-44.5004,-16.9275],[-44.5004,-16.9249],[-44.5004,-16.9223],[-44.5004,-16.9197],[-44.5004,-16.9171],[-44.5004,-16.9145],[-44.5004,-16.9119],[-44.5004,-16.9093],[-44.5004,-16.9067],[-44.5004,-16.9041],[-44.5004,-16.9015],[-44.5004,-16.8989],[-44.5004,-16.8963],[-44.5004,-16.8937],[-44.5004,-16.8911],[-44.5004,-16.8885],[-44.5004,-16.8859],[-44.5004,-16.8833],[-44.5004,-16.8807],[-44.5004,-16.8781],[-44.5004,-16.8755],[-44.5004,-16.8729],[-44.5004,-16.8703],[-44.5004,-16.8676],[-44.5004,-16.865],[-44.5004,-16.8624],[-44.5004,-16.8598],[-44.5004,-16.8572],[-44.5004,-16.8546],[-44.5004,-16.852],[-44.5004,-16.8494],[-44.5004,-16.8468],[-44.5004,-16.8442],[-44.5004,-16.8416],[-44.5004,-16.839],[-44.5004,-16.8364],[-44.5004,-16.8338],[-44.5004,-16.8312],[-44.5004,-16.8286],[-44.5004,-16.826],[-44.5004,-16.8234],[-44.5004,-16.8208],[-44.5004,-16.8182],[-44.5004,-16.8156],[-44.5004,-16.813],[-44.5004,-16.8104],[-44.5004,-16.8078],[-44.5004,-16.8051],[-44.5004,-16.8025],[-44.5004,-16.7999],[-44.5004,-16.7973],[-44.5004,-16.7947],[-44.5004,-16.7921],[-44.5004,-16.7895],[-44.5004,-16.7869],[-44.5004,-16.7843],[-44.5004,-16.7817],[-44.5004,-16.7791],[-44.5004,-16.7765],[-44.5004,-16.7739],[-44.5004,-16.7713],[-44.5004,-16.7687],[-44.5004,-16.7661],[-44.5004,-16.7635],[-44.5004,-16.7609],[-44.5004,-16.7583],[-44.5004,-16.7557],[-44.5004,-16.7531],[-44.5004,-16.7505],[-44.5004,-16.7479],[-44.5004,-16.7453],[-44.5004,-16.7426],[-44.5004,-16.74],[-44.5004,-16.7374],[-44.5004,-16.7348],[-44.5004,-16.7322],[-44.5004,-16.7296],[-44.5004,-16.727],[-44.5004,-16.7244],[-44.5004,-16.7218],[-44.5004,-16.7192],[-44.5004,-16.7166],[-44.5004,-16.714],[-44.5004,-16.7114],[-44.5004,-16.7088],[-44.5004,-16.7062],[-44.5004,-16.7036],[-44.5004,-16.701],[-44.5004,-16.6984],[-44.5004,-16.6958],[-44.5004,-16.6932],[-44.5004,-16.6906],[-44.5004,-16.688],[-44.5004,-16.6854],[-44.5004,-16.6828],[-44.5004,-16.6801],[-44.5004,-16.6775],[-44.5004,-16.6749],[-44.5004,-16.6723],[-44.5004,-16.6697],[-44.5004,-16.6671],[-44.5004,-16.6645],[-44.5004,-16.6619],[-44.5004,-16.6593],[-44.5004,-16.6567],[-44.5004,-16.6541],[-44.5004,-16.6515],[-44.5004,-16.6489],[-44.5004,-16.6463],[-44.5004,-16.6437],[-44.5004,-16.6411],[-44.5004,-16.6385],[-44.5004,-16.6359],[-44.5004,-16.6333],[-44.5004,-16.6307],[-44.5004,-16.6281],[-44.5004,-16.6255],[-44.5004,-16.6229],[-44.5004,-16.6203],[-44.5004,-16.6176],[-44.5004,-16.615],[-44.5004,-16.6124],[-44.5004,-16.6098],[-44.5004,-16.6072],[-44.5004,-16.6046],[-44.5004,-16.602],[-44.5004,-16.5994],[-44.5004,-16.5968],[-44.5004,-16.5942],[-44.5004,-16.5916],[-44.5004,-16.589],[-44.5004,-16.5864],[-44.5004,-16.5838],[-44.5004,-16.5812],[-44.5004,-16.5786],[-44.5004,-16.576],[-44.5004,-16.5734],[-44.5004,-16.5708],[-44.5004,-16.5682],[-44.5004,-16.5656],[-44.5004,-16.563],[-44.5004,-16.5604],[-44.5004,-16.5578],[-44.5004,-16.5551],[-44.5004,-16.5525],[-44.5004,-16.5499],[-44.5004,-16.5473],[-44.5004,-16.5447],[-44.5004,-16.5421],[-44.5004,-16.5395],[-44.5004,-16.5369],[-44.5004,-16.5343],[-44.5004,-16.5317],[-44.5004,-16.5291],[-44.5004,-16.5265],[-44.5004,-16.5239],[-44.5004,-16.5213],[-44.5004,-16.5187],[-44.5004,-16.5161],[-44.5004,-16.5135],[-44.5004,-16.5109],[-44.5004,-16.5083],[-44.5004,-16.5057],[-44.5004,-16.5031],[-44.5004,-16.5005],[-44.503,-16.5005],[-44.5056,-16.5005],[-44.5082,-16.5005],[-44.5108,-16.5005],[-44.5134,-16.5005],[-44.516,-16.5005],[-44.5186,-16.5005],[-44.5212,-16.5005],[-44.5239,-16.5005],[-44.5265,-16.5005],[-44.5291,-16.5005],[-44.5317,-16.5005],[-44.5343,-16.5005],[-44.5369,-16.5005],[-44.5395,-16.5005],[-44.5421,-16.5005],[-44.5447,-16.5005],[-44.5473,-16.5005],[-44.5499,-16.5005],[-44.5525,-16.5005],[-44.5551,-16.5005],[-44.5577,-16.5005],[-44.5603,-16.5005],[-44.5629,-16.5005],[-44.5655,-16.5005],[-44.5681,-16.5005],[-44.5707,-16.5005],[-44.5733,-16.5005],[-44.5759,-16.5005],[-44.5785,-16.5005],[-44.5811,-16.5005],[-44.5838,-16.5005],[-44.5864,-16.5005],[-44.589,-16.5005],[-44.5916,-16.5005],[-44.5942,-16.5005],[-44.5968,-16.5005],[-44.5994,-16.5005],[-44.602,-16.5005],[-44.6046,-16.5005],[-44.6072,-16.5005],[-44.6098,-16.5005],[-44.6124,-16.5005],[-44.615,-16.5005],[-44.6176,-16.5005],[-44.6202,-16.5005],[-44.6228,-16.5005],[-44.6254,-16.5005],[-44.628,-16.5005],[-44.6306,-16.5005],[-44.6332,-16.5005],[-44.6358,-16.5005],[-44.6384,-16.5005],[-44.641,-16.5005],[-44.6436,-16.5005],[-44.6463,-16.5005],[-44.6489,-16.5005],[-44.6515,-16.5005],[-44.6541,-16.5005],[-44.6567,-16.5005],[-44.6593,-16.5005],[-44.6619,-16.5005],[-44.6645,-16.5005],[-44.6671,-16.5005],[-44.6697,-16.5005],[-44.6723,-16.5005],[-44.6749,-16.5005],[-44.6775,-16.5005],[-44.6801,-16.5005],[-44.6827,-16.5005],[-44.6853,-16.5005],[-44.6879,-16.5005],[-44.6905,-16.5005],[-44.6931,-16.5005],[-44.6957,-16.5005],[-44.6983,-16.5005],[-44.7009,-16.5005],[-44.7035,-16.5005],[-44.7061,-16.5005],[-44.7088,-16.5005],[-44.7114,-16.5005],[-44.714,-16.5005],[-44.7166,-16.5005],[-44.7192,-16.5005],[-44.7218,-16.5005],[-44.7244,-16.5005],[-44.727,-16.5005],[-44.7296,-16.5005],[-44.7322,-16.5005],[-44.7348,-16.5005],[-44.7374,-16.5005],[-44.74,-16.5005],[-44.7426,-16.5005],[-44.7452,-16.5005],[-44.7478,-16.5005],[-44.7504,-16.5005],[-44.753,-16.5005],[-44.7556,-16.5005],[-44.7582,-16.5005],[-44.7608,-16.5005],[-44.7634,-16.5005],[-44.766,-16.5005],[-44.7686,-16.5005],[-44.7713,-16.5005],[-44.7739,-16.5005],[-44.7765,-16.5005],[-44.7791,-16.5005],[-44.7817,-16.5005],[-44.7843,-16.5005],[-44.7869,-16.5005],[-44.7895,-16.5005],[-44.7921,-16.5005],[-44.7947,-16.5005],[-44.7973,-16.5005],[-44.7999,-16.5005],[-44.8025,-16.5005],[-44.8051,-16.5005],[-44.8077,-16.5005],[-44.8103,-16.5005],[-44.8129,-16.5005],[-44.8155,-16.5005],[-44.8181,-16.5005],[-44.8207,-16.5005],[-44.8233,-16.5005],[-44.8259,-16.5005],[-44.8285,-16.5005],[-44.8311,-16.5005],[-44.8338,-16.5005],[-44.8364,-16.5005],[-44.839,-16.5005],[-44.8416,-16.5005],[-44.8442,-16.5005],[-44.8468,-16.5005],[-44.8494,-16.5005],[-44.852,-16.5005],[-44.8546,-16.5005],[-44.8572,-16.5005],[-44.8598,-16.5005],[-44.8624,-16.5005],[-44.865,-16.5005],[-44.8676,-16.5005],[-44.8702,-16.5005],[-44.8728,-16.5005],[-44.8754,-16.5005],[-44.878,-16.5005],[-44.8806,-16.5005],[-44.8832,-16.5005],[-44.8858,-16.5005],[-44.8884,-16.5005],[-44.891,-16.5005],[-44.8936,-16.5005],[-44.8963,-16.5005],[-44.8989,-16.5005],[-44.9015,-16.5005],[-44.9041,-16.5005],[-44.9067,-16.5005],[-44.9093,-16.5005],[-44.9119,-16.5005],[-44.9145,-16.5005],[-44.9171,-16.5005],[-44.9197,-16.5005],[-44.9223,-16.5005],[-44.9249,-16.5005],[-44.9275,-16.5005],[-44.9301,-16.5005],[-44.9327,-16.5005],[-44.9353,-16.5005],[-44.9379,-16.5005],[-44.9405,-16.5005],[-44.9431,-16.5005],[-44.9457,-16.5005],[-44.9483,-16.5005],[-44.9509,-16.5005],[-44.9535,-16.5005],[-44.9561,-16.5005],[-44.9588,-16.5005],[-44.9614,-16.5005],[-44.964,-16.5005],[-44.9666,-16.5005],[-44.9692,-16.5005],[-44.9718,-16.5005],[-44.9744,-16.5005],[-44.977,-16.5005],[-44.9796,-16.5005],[-44.9822,-16.5005],[-44.9848,-16.5005],[-44.9874,-16.5005],[-44.99,-16.5005],[-44.9926,-16.5005],[-44.9952,-16.5005],[-44.9978,-16.5005],[-45.0004,-16.5005],[-45.0004,-16.5031],[-45.0004,-16.5057],[-45.0004,-16.5083],[-45.0004,-16.5109],[-45.0004,-16.5135],[-45.0004,-16.5161],[-45.0004,-16.5187],[-45.0004,-16.5213],[-45.0004,-16.5239],[-45.0004,-16.5265],[-45.0004,-16.5291],[-45.0004,-16.5317],[-45.0004,-16.5343],[-45.0004,-16.5369],[-45.0004,-16.5395],[-45.0004,-16.5421],[-45.0004,-16.5447],[-45.0004,-16.5473],[-45.0004,-16.5499],[-45.0004,-16.5525],[-45.0004,-16.5551],[-45.0004,-16.5577],[-45.0004,-16.5604],[-45.0004,-16.563],[-45.0004,-16.5656],[-45.0004,-16.5682],[-45.0004,-16.5708],[-45.0004,-16.5734],[-45.0004,-16.576],[-45.0004,-16.5786],[-45.0004,-16.5812],[-45.0004,-16.5838],[-45.0004,-16.5864],[-45.0004,-16.589],[-45.0004,-16.5916],[-45.0004,-16.5942],[-45.0004,-16.5968],[-45.0004,-16.5994],[-45.0004,-16.602],[-45.0004,-16.6046],[-45.0004,-16.6072],[-45.0004,-16.6098],[-45.0004,-16.6124],[-45.0004,-16.615],[-45.0004,-16.6176],[-45.0004,-16.6202],[-45.0004,-16.6229],[-45.0004,-16.6255],[-45.0004,-16.6281],[-45.0004,-16.6307],[-45.0004,-16.6333],[-45.0004,-16.6359],[-45.0004,-16.6385],[-45.0004,-16.6411],[-45.0004,-16.6437],[-45.0004,-16.6463],[-45.0004,-16.6489],[-45.0004,-16.6515],[-45.0004,-16.6541],[-45.0004,-16.6567],[-45.0004,-16.6593],[-45.0004,-16.6619],[-45.0004,-16.6645],[-45.0004,-16.6671],[-45.0004,-16.6697],[-45.0004,-16.6723],[-45.0004,-16.6749],[-45.0004,-16.6775],[-45.0004,-16.6801],[-45.0004,-16.6828],[-45.0004,-16.6854],[-45.0004,-16.688],[-45.0004,-16.6906],[-45.0004,-16.6932],[-45.0004,-16.6958],[-45.0004,-16.6984],[-45.0004,-16.701],[-45.0004,-16.7036],[-45.0004,-16.7062],[-45.0004,-16.7088],[-45.0004,-16.7114],[-45.0004,-16.714],[-45.0004,-16.7166],[-45.0004,-16.7192],[-45.0004,-16.7218],[-45.0004,-16.7244],[-45.0004,-16.727],[-45.0004,-16.7296],[-45.0004,-16.7322],[-45.0004,-16.7348],[-45.0004,-16.7374],[-45.0004,-16.74],[-45.0004,-16.7426],[-45.0004,-16.7453],[-45.0004,-16.7479],[-45.0004,-16.7505],[-45.0004,-16.7531],[-45.0004,-16.7557],[-45.0004,-16.7583],[-45.0004,-16.7609],[-45.0004,-16.7635],[-45.0004,-16.7661],[-45.0004,-16.7687],[-45.0004,-16.7713],[-45.0004,-16.7739],[-45.0004,-16.7765],[-45.0004,-16.7791],[-45.0004,-16.7817],[-45.0004,-16.7843],[-45.0004,-16.7869],[-45.0004,-16.7895],[-45.0004,-16.7921],[-45.0004,-16.7947],[-45.0004,-16.7973],[-45.0004,-16.7999],[-45.0004,-16.8025],[-45.0004,-16.8051],[-45.0004,-16.8078],[-45.0004,-16.8104],[-45.0004,-16.813],[-45.0004,-16.8156],[-45.0004,-16.8182],[-45.0004,-16.8208],[-45.0004,-16.8234],[-45.0004,-16.826],[-45.0004,-16.8286],[-45.0004,-16.8312],[-45.0004,-16.8338],[-45.0004,-16.8364],[-45.0004,-16.839],[-45.0004,-16.8416],[-45.0004,-16.8442],[-45.0004,-16.8468],[-45.0004,-16.8494],[-45.0004,-16.852],[-45.0004,-16.8546],[-45.0004,-16.8572],[-45.0004,-16.8598],[-45.0004,-16.8624],[-45.0004,-16.865],[-45.0004,-16.8676],[-45.0004,-16.8703],[-45.0004,-16.8729],[-45.0004,-16.8755],[-45.0004,-16.8781],[-45.0004,-16.8807],[-45.0004,-16.8833],[-45.0004,-16.8859],[-45.0004,-16.8885],[-45.0004,-16.8911],[-45.0004,-16.8937],[-45.0004,-16.8963],[-45.0004,-16.8989],[-45.0004,-16.9015],[-45.0004,-16.9041],[-45.0004,-16.9067],[-45.0004,-16.9093],[-45.0004,-16.9119],[-45.0004,-16.9145],[-45.0004,-16.9171],[-45.0004,-16.9197],[-45.0004,-16.9223],[-45.0004,-16.9249],[-45.0004,-16.9275],[-45.0004,-16.9301],[-45.0004,-16.9328],[-45.0004,-16.9354],[-45.0004,-16.938],[-45.0004,-16.9406],[-45.0004,-16.9432],[-45.0004,-16.9458],[-45.0004,-16.9484],[-45.0004,-16.951],[-45.0004,-16.9536],[-45.0004,-16.9562],[-45.0004,-16.9588],[-45.0004,-16.9614],[-45.0004,-16.964],[-45.0004,-16.9666],[-45.0004,-16.9692],[-45.0004,-16.9718],[-45.0004,-16.9744],[-45.0004,-16.977],[-45.0004,-16.9796],[-45.0004,-16.9822],[-45.0004,-16.9848],[-45.0004,-16.9874],[-45.0004,-16.99],[-45.0004,-16.9926],[-45.0004,-16.9953],[-45.0004,-16.9979],[-45.0004,-17.0005]]]]},"geometry_name":"GEOMETRY","properties":{"COD_BLOCO":"SF-T-104","COD_FASE_C":"E","DAT_ASSINA":"30-06-2009","DAT_TERMIN":null,"NOM_BACIA":"São Francisco","NOM_BLOCO":"SF-T-104","NOM_FANTAS":"SF-T-104_R10","NUM_CONTRA":"48610001558200905","NUM_DESCOB":2,"OPERADOR_C":"Imetame Energia S.A.","RODADA":"Rodada 10","AREA_TOTAL":2950,"AMBIENTE":"T ","BLOCOS":"SF-T-104                                          "},"bbox":[-45.0004,-17.0005,-44.5004,-16.5005]},{"type":"Feature","id":"BLOCOS_EXPLORATORIOS_SIRGAS.453","geometry":{"type":"MultiPolygon","coordinates":[[[[-44.0812,-25.0786],[-44.0838,-25.0786],[-44.0864,-25.0786],[-44.089,-25.0786],[-44.0916,-25.0786],[-44.0942,-25.0786],[-44.0968,-25.0786],[-44.0994,-25.0786],[-44.102,-25.0786],[-44.1046,-25.0786],[-44.1072,-25.0786],[-44.1098,-25.0786],[-44.1124,-25.0786],[-44.115,-25.0786],[-44.1176,-25.0786],[-44.1202,-25.0786],[-44.1228,-25.0786],[-44.1254,-25.0786],[-44.128,-25.0786],[-44.1306,-25.0786],[-44.1332,-25.0786],[-44.1359,-25.0786],[-44.1385,-25.0786],[-44.1411,-25.0786],[-44.1437,-25.0786],[-44.1463,-25.0786],[-44.1489,-25.0786],[-44.1515,-25.0786],[-44.1541,-25.0786],[-44.1567,-25.0786],[-44.1593,-25.0786],[-44.1619,-25.0786],[-44.1645,-25.0786],[-44.1671,-25.0786],[-44.1697,-25.0786],[-44.1723,-25.0786],[-44.1749,-25.0786],[-44.1775,-25.0786],[-44.1801,-25.0786],[-44.1827,-25.0786],[-44.1853,-25.0786],[-44.1879,-25.0786],[-44.1905,-25.0786],[-44.1931,-25.0786],[-44.1958,-25.0786],[-44.1984,-25.0786],[-44.201,-25.0786],[-44.2036,-25.0786],[-44.2062,-25.0786],[-44.2088,-25.0786],[-44.2114,-25.0786],[-44.214,-25.0786],[-44.2166,-25.0786],[-44.2192,-25.0786],[-44.2218,-25.0786],[-44.2244,-25.0786],[-44.227,-25.0786],[-44.2296,-25.0786],[-44.2322,-25.0786],[-44.2348,-25.0786],[-44.2374,-25.0786],[-44.24,-25.0786],[-44.2426,-25.0786],[-44.2452,-25.0786],[-44.2478,-25.0786],[-44.2504,-25.0786],[-44.2504,-25.0812],[-44.2504,-25.0838],[-44.2504,-25.0864],[-44.2504,-25.089],[-44.2504,-25.0916],[-44.2504,-25.0943],[-44.2504,-25.0969],[-44.2504,-25.0995],[-44.2504,-25.1021],[-44.2504,-25.1047],[-44.2504,-25.1073],[-44.2504,-25.1099],[-44.2504,-25.1125],[-44.2504,-25.1151],[-44.2504,-25.1177],[-44.2504,-25.1203],[-44.2504,-25.1229],[-44.2504,-25.1255],[-44.2504,-25.1281],[-44.2504,-25.1307],[-44.2504,-25.1333],[-44.2504,-25.1359],[-44.2504,-25.1385],[-44.2504,-25.1411],[-44.2504,-25.1437],[-44.2504,-25.1463],[-44.2504,-25.1489],[-44.2504,-25.1515],[-44.2504,-25.1541],[-44.2504,-25.1568],[-44.2504,-25.1594],[-44.2504,-25.162],[-44.2504,-25.1646],[-44.2504,-25.1672],[-44.2504,-25.1698],[-44.2504,-25.1724],[-44.2504,-25.175],[-44.2504,-25.1776],[-44.2504,-25.1802],[-44.2504,-25.1828],[-44.2504,-25.1854],[-44.2504,-25.188],[-44.2504,-25.1906],[-44.2504,-25.1932],[-44.2504,-25.1958],[-44.2504,-25.1984],[-44.2504,-25.201],[-44.2504,-25.2036],[-44.2504,-25.2062],[-44.2504,-25.2088],[-44.2504,-25.2114],[-44.2504,-25.214],[-44.2504,-25.2166],[-44.2504,-25.2193],[-44.2504,-25.2219],[-44.2504,-25.2245],[-44.2504,-25.2271],[-44.2504,-25.2297],[-44.2504,-25.2323],[-44.2504,-25.2349],[-44.2504,-25.2375],[-44.2504,-25.2401],[-44.2504,-25.2427],[-44.2504,-25.2453],[-44.2504,-25.2479],[-44.2504,-25.2505],[-44.2478,-25.2505],[-44.2452,-25.2505],[-44.2426,-25.2505],[-44.24,-25.2505],[-44.2374,-25.2505],[-44.2348,-25.2505],[-44.2322,-25.2505],[-44.2296,-25.2505],[-44.227,-25.2505],[-44.2244,-25.2505],[-44.2218,-25.2505],[-44.2192,-25.2505],[-44.2166,-25.2505],[-44.214,-25.2505],[-44.2114,-25.2505],[-44.2088,-25.2505],[-44.2062,-25.2505],[-44.2036,-25.2505],[-44.201,-25.2505],[-44.1984,-25.2505],[-44.1958,-25.2505],[-44.1931,-25.2505],[-44.1905,-25.2505],[-44.1879,-25.2505],[-44.1853,-25.2505],[-44.1827,-25.2505],[-44.1801,-25.2505],[-44.1775,-25.2505],[-44.1749,-25.2505],[-44.1723,-25.2505],[-44.1697,-25.2505],[-44.1671,-25.2505],[-44.1645,-25.2505],[-44.1619,-25.2505],[-44.1593,-25.2505],[-44.1567,-25.2505],[-44.1541,-25.2505],[-44.1515,-25.2505],[-44.1489,-25.2505],[-44.1463,-25.2505],[-44.1437,-25.2505],[-44.1411,-25.2505],[-44.1385,-25.2505],[-44.1359,-25.2505],[-44.1333,-25.2505],[-44.1306,-25.2505],[-44.128,-25.2505],[-44.1254,-25.2505],[-44.1228,-25.2505],[-44.1202,-25.2505],[-44.1176,-25.2505],[-44.115,-25.2505],[-44.1124,-25.2505],[-44.1098,-25.2505],[-44.1072,-25.2505],[-44.1046,-25.2505],[-44.102,-25.2505],[-44.0994,-25.2505],[-44.0968,-25.2505],[-44.0942,-25.2505],[-44.0916,-25.2505],[-44.089,-25.2505],[-44.0864,-25.2505],[-44.0838,-25.2505],[-44.0812,-25.2505],[-44.0812,-25.2479],[-44.0812,-25.2453],[-44.0812,-25.2427],[-44.0812,-25.2401],[-44.0812,-25.2375],[-44.0812,-25.2349],[-44.0812,-25.2323],[-44.0812,-25.2297],[-44.0812,-25.2271],[-44.0812,-25.2245],[-44.0812,-25.2219],[-44.0812,-25.2193],[-44.0812,-25.2167],[-44.0812,-25.214],[-44.0812,-25.2114],[-44.0812,-25.2088],[-44.0812,-25.2062],[-44.0812,-25.2036],[-44.0812,-25.201],[-44.0812,-25.1984],[-44.0812,-25.1958],[-44.0812,-25.1932],[-44.0812,-25.1906],[-44.0812,-25.188],[-44.0812,-25.1854],[-44.0812,-25.1828],[-44.0812,-25.1802],[-44.0812,-25.1776],[-44.0812,-25.175],[-44.0812,-25.1724],[-44.0812,-25.1698],[-44.0812,-25.1672],[-44.0812,-25.1646],[-44.0812,-25.162],[-44.0812,-25.1594],[-44.0812,-25.1568],[-44.0812,-25.1542],[-44.0812,-25.1515],[-44.0812,-25.1489],[-44.0812,-25.1463],[-44.0812,-25.1437],[-44.0812,-25.1411],[-44.0812,-25.1385],[-44.0812,-25.1359],[-44.0812,-25.1333],[-44.0812,-25.1307],[-44.0812,-25.1281],[-44.0812,-25.1255],[-44.0812,-25.1229],[-44.0812,-25.1203],[-44.0812,-25.1177],[-44.0812,-25.1151],[-44.0812,-25.1125],[-44.0812,-25.1099],[-44.0812,-25.1073],[-44.0812,-25.1047],[-44.0812,-25.1021],[-44.0812,-25.0995],[-44.0812,-25.0969],[-44.0812,-25.0943],[-44.0812,-25.0916],[-44.0812,-25.089],[-44.0812,-25.0864],[-44.0812,-25.0838],[-44.0812,-25.0812],[-44.0812,-25.0786]]]]},"geometry_name":"GEOMETRY","properties":{"COD_BLOCO":"S-M-623","COD_FASE_C":"E","DAT_ASSINA":"12-01-2006","DAT_TERMIN":null,"NOM_BACIA":"Santos","NOM_BLOCO":"S-M-623","NOM_FANTAS":"BM-S-50","NUM_CONTRA":"48610009180200556","NUM_DESCOB":3,"OPERADOR_C":"Petróleo Brasileiro S.A. - PETROBRAS","RODADA":"Rodada 7","AREA_TOTAL":325,"AMBIENTE":"M ","BLOCOS":"S-M-623                                           "},"bbox":[-44.2504,-25.2505,-44.0812,-25.0786]},{"type":"Feature","id":"BLOCOS_EXPLORATORIOS_SIRGAS.415","geometry":{"type":"MultiPolygon","coordinates":[[[[-50.0004,4.9997],[-49.9978,4.9997],[-49.9952,4.9997],[-49.9926,4.9997],[-49.99,4.9997],[-49.9874,4.9997],[-49.9848,4.9997],[-49.9822,4.9997],[-49.9796,4.9997],[-49.977,4.9997],[-49.9744,4.9997],[-49.9718,4.9997],[-49.9692,4.9997],[-49.9666,4.9997],[-49.964,4.9997],[-49.9614,4.9997],[-49.9588,4.9997],[-49.9562,4.9997],[-49.9536,4.9997],[-49.951,4.9997],[-49.9484,4.9997],[-49.9458,4.9997],[-49.9432,4.9997],[-49.9405,4.9997],[-49.9379,4.9997],[-49.9353,4.9997],[-49.9327,4.9997],[-49.9301,4.9997],[-49.9275,4.9997],[-49.9249,4.9997],[-49.9223,4.9997],[-49.9197,4.9997],[-49.9171,4.9997],[-49.9145,4.9997],[-49.9119,4.9997],[-49.9093,4.9997],[-49.9067,4.9997],[-49.9041,4.9997],[-49.9015,4.9997],[-49.8989,4.9997],[-49.8963,4.9997],[-49.8937,4.9997],[-49.8911,4.9997],[-49.8885,4.9997],[-49.8859,4.9997],[-49.8833,4.9997],[-49.8807,4.9997],[-49.878,4.9997],[-49.8754,4.9997],[-49.8728,4.9997],[-49.8702,4.9997],[-49.8676,4.9997],[-49.865,4.9997],[-49.8624,4.9997],[-49.8598,4.9997],[-49.8572,4.9997],[-49.8546,4.9997],[-49.852,4.9997],[-49.8494,4.9997],[-49.8468,4.9997],[-49.8442,4.9997],[-49.8416,4.9997],[-49.839,4.9997],[-49.8364,4.9997],[-49.8338,4.9997],[-49.8312,4.9997],[-49.8286,4.9997],[-49.826,4.9997],[-49.8234,4.9997],[-49.8208,4.9997],[-49.8181,4.9997],[-49.8155,4.9997],[-49.8129,4.9997],[-49.8103,4.9997],[-49.8077,4.9997],[-49.8051,4.9997],[-49.8025,4.9997],[-49.7999,4.9997],[-49.7973,4.9997],[-49.7947,4.9997],[-49.7921,4.9997],[-49.7895,4.9997],[-49.7869,4.9997],[-49.7843,4.9997],[-49.7817,4.9997],[-49.7791,4.9997],[-49.7765,4.9997],[-49.7739,4.9997],[-49.7713,4.9997],[-49.7687,4.9997],[-49.7661,4.9997],[-49.7635,4.9997],[-49.7609,4.9997],[-49.7583,4.9997],[-49.7556,4.9997],[-49.753,4.9997],[-49.7504,4.9997],[-49.7504,5.0023],[-49.7504,5.0049],[-49.7504,5.0075],[-49.7504,5.0101],[-49.7504,5.0127],[-49.7504,5.0153],[-49.7504,5.0179],[-49.7504,5.0205],[-49.7504,5.0231],[-49.7504,5.0257],[-49.7504,5.0283],[-49.7504,5.0309],[-49.7504,5.0335],[-49.7504,5.0362],[-49.7504,5.0388],[-49.7504,5.0414],[-49.7504,5.044],[-49.7504,5.0466],[-49.7504,5.0492],[-49.7504,5.0518],[-49.7504,5.0544],[-49.7504,5.057],[-49.7504,5.0596],[-49.7504,5.0622],[-49.7504,5.0648],[-49.7504,5.0674],[-49.7504,5.07],[-49.7504,5.0726],[-49.7504,5.0752],[-49.7504,5.0778],[-49.7504,5.0804],[-49.7504,5.083],[-49.7504,5.0856],[-49.7504,5.0882],[-49.7504,5.0908],[-49.7504,5.0934],[-49.7504,5.096],[-49.7504,5.0987],[-49.7504,5.1013],[-49.7504,5.1039],[-49.7504,5.1065],[-49.7504,5.1091],[-49.7504,5.1117],[-49.7504,5.1143],[-49.7504,5.1169],[-49.7504,5.1195],[-49.7504,5.1221],[-49.7504,5.1247],[-49.7504,5.1273],[-49.7504,5.1299],[-49.7504,5.1325],[-49.7504,5.1351],[-49.7504,5.1377],[-49.7504,5.1403],[-49.7504,5.1429],[-49.7504,5.1455],[-49.7504,5.1481],[-49.7504,5.1507],[-49.7504,5.1533],[-49.7504,5.1559],[-49.7504,5.1585],[-49.7504,5.1612],[-49.7504,5.1638],[-49.7504,5.1664],[-49.7504,5.169],[-49.7504,5.1716],[-49.7504,5.1742],[-49.7504,5.1768],[-49.7504,5.1794],[-49.7504,5.182],[-49.7504,5.1846],[-49.7504,5.1872],[-49.7504,5.1898],[-49.7504,5.1924],[-49.7504,5.195],[-49.7504,5.1976],[-49.7504,5.2002],[-49.7504,5.2028],[-49.7504,5.2054],[-49.7504,5.208],[-49.7504,5.2106],[-49.7504,5.2132],[-49.7504,5.2158],[-49.7504,5.2184],[-49.7504,5.221],[-49.7504,5.2237],[-49.7504,5.2263],[-49.7504,5.2289],[-49.7504,5.2315],[-49.7504,5.2341],[-49.7504,5.2367],[-49.7504,5.2393],[-49.7504,5.2419],[-49.7504,5.2445],[-49.7504,5.2471],[-49.7504,5.2497],[-49.753,5.2497],[-49.7556,5.2497],[-49.7583,5.2497],[-49.7609,5.2497],[-49.7635,5.2497],[-49.7661,5.2497],[-49.7687,5.2497],[-49.7713,5.2497],[-49.7739,5.2497],[-49.7765,5.2497],[-49.7791,5.2497],[-49.7817,5.2497],[-49.7843,5.2497],[-49.7869,5.2497],[-49.7895,5.2497],[-49.7921,5.2497],[-49.7947,5.2497],[-49.7973,5.2497],[-49.7999,5.2497],[-49.8025,5.2497],[-49.8051,5.2497],[-49.8077,5.2497],[-49.8103,5.2497],[-49.8129,5.2497],[-49.8155,5.2497],[-49.8181,5.2497],[-49.8208,5.2497],[-49.8234,5.2497],[-49.826,5.2497],[-49.8286,5.2497],[-49.8312,5.2497],[-49.8338,5.2497],[-49.8364,5.2497],[-49.839,5.2497],[-49.8416,5.2497],[-49.8442,5.2497],[-49.8468,5.2497],[-49.8494,5.2497],[-49.852,5.2497],[-49.8546,5.2497],[-49.8572,5.2497],[-49.8598,5.2497],[-49.8624,5.2497],[-49.865,5.2497],[-49.8676,5.2497],[-49.8702,5.2497],[-49.8728,5.2497],[-49.8754,5.2497],[-49.878,5.2497],[-49.8807,5.2497],[-49.8833,5.2497],[-49.8859,5.2497],[-49.8885,5.2497],[-49.8911,5.2497],[-49.8937,5.2497],[-49.8963,5.2497],[-49.8989,5.2497],[-49.9015,5.2497],[-49.9041,5.2497],[-49.9067,5.2497],[-49.9093,5.2497],[-49.9119,5.2497],[-49.9145,5.2497],[-49.9171,5.2497],[-49.9197,5.2497],[-49.9223,5.2497],[-49.9249,5.2497],[-49.9275,5.2497],[-49.9301,5.2497],[-49.9327,5.2497],[-49.9353,5.2497],[-49.9379,5.2497],[-49.9405,5.2497],[-49.9432,5.2497],[-49.9458,5.2497],[-49.9484,5.2497],[-49.951,5.2497],[-49.9536,5.2497],[-49.9562,5.2497],[-49.9588,5.2497],[-49.9614,5.2497],[-49.964,5.2497],[-49.9666,5.2497],[-49.9692,5.2497],[-49.9718,5.2497],[-49.9744,5.2497],[-49.977,5.2497],[-49.9796,5.2497],[-49.9822,5.2497],[-49.9848,5.2497],[-49.9874,5.2497],[-49.99,5.2497],[-49.9926,5.2497],[-49.9952,5.2497],[-49.9978,5.2497],[-50.0004,5.2497],[-50.0004,5.2471],[-50.0004,5.2445],[-50.0004,5.2419],[-50.0004,5.2393],[-50.0004,5.2367],[-50.0004,5.2341],[-50.0004,5.2315],[-50.0004,5.2289],[-50.0004,5.2263],[-50.0004,5.2237],[-50.0004,5.221],[-50.0004,5.2184],[-50.0004,5.2158],[-50.0004,5.2132],[-50.0004,5.2106],[-50.0004,5.208],[-50.0004,5.2054],[-50.0004,5.2028],[-50.0004,5.2002],[-50.0004,5.1976],[-50.0004,5.195],[-50.0004,5.1924],[-50.0004,5.1898],[-50.0004,5.1872],[-50.0004,5.1846],[-50.0004,5.182],[-50.0004,5.1794],[-50.0004,5.1768],[-50.0004,5.1742],[-50.0004,5.1716],[-50.0004,5.169],[-50.0004,5.1664],[-50.0004,5.1638],[-50.0004,5.1612],[-50.0004,5.1585],[-50.0004,5.1559],[-50.0004,5.1533],[-50.0004,5.1507],[-50.0004,5.1481],[-50.0004,5.1455],[-50.0004,5.1429],[-50.0004,5.1403],[-50.0004,5.1377],[-50.0004,5.1351],[-50.0004,5.1325],[-50.0004,5.1299],[-50.0004,5.1273],[-50.0004,5.1247],[-50.0004,5.1221],[-50.0004,5.1195],[-50.0004,5.1169],[-50.0004,5.1143],[-50.0004,5.1117],[-50.0004,5.1091],[-50.0004,5.1065],[-50.0004,5.1039],[-50.0004,5.1013],[-50.0004,5.0987],[-50.0004,5.096],[-50.0004,5.0934],[-50.0004,5.0908],[-50.0004,5.0882],[-50.0004,5.0856],[-50.0004,5.083],[-50.0004,5.0804],[-50.0004,5.0778],[-50.0004,5.0752],[-50.0004,5.0726],[-50.0004,5.07],[-50.0004,5.0674],[-50.0004,5.0648],[-50.0004,5.0622],[-50.0004,5.0596],[-50.0004,5.057],[-50.0004,5.0544],[-50.0004,5.0518],[-50.0004,5.0492],[-50.0004,5.0466],[-50.0004,5.044],[-50.0004,5.0414],[-50.0004,5.0388],[-50.0004,5.0361],[-50.0004,5.0335],[-50.0004,5.0309],[-50.0004,5.0283],[-50.0004,5.0257],[-50.0004,5.0231],[-50.0004,5.0205],[-50.0004,5.0179],[-50.0004,5.0153],[-50.0004,5.0127],[-50.0004,5.0101],[-50.0004,5.0075],[-50.0004,5.0049],[-50.0004,5.0023],[-50.0004,4.9997]]]]},"geometry_name":"GEOMETRY","properties":{"COD_BLOCO":"FZA-M-90","COD_FASE_C":"E","DAT_ASSINA":"30-08-2013","DAT_TERMIN":null,"NOM_BACIA":"Foz do Amazonas","NOM_BLOCO":"FZA-M-90","NOM_FANTAS":"FZA-M-90_R11","NUM_CONTRA":"48610005428201310","NUM_DESCOB":0,"OPERADOR_C":"Brava Energia S.A.","RODADA":"Rodada 11","AREA_TOTAL":766,"AMBIENTE":"M ","BLOCOS":"FZA-M-90                                          "},"bbox":[-50.0004,4.9997,-49.7504,5.2497]},{"type":"Feature","id":"BLOCOS_EXPLORATORIOS_SIRGAS.408","geometry":{"type":"MultiPolygon","coordinates":[[[[-49.7504,4.4997],[-49.753,4.4997],[-49.7556,4.4997],[-49.7583,4.4997],[-49.7609,4.4997],[-49.7635,4.4997],[-49.7661,4.4997],[-49.7687,4.4997],[-49.7713,4.4997],[-49.7739,4.4997],[-49.7765,4.4997],[-49.7791,4.4997],[-49.7817,4.4997],[-49.7843,4.4997],[-49.7869,4.4997],[-49.7895,4.4997],[-49.7921,4.4997],[-49.7947,4.4997],[-49.7973,4.4997],[-49.7999,4.4997],[-49.8025,4.4997],[-49.8051,4.4997],[-49.8077,4.4997],[-49.8103,4.4997],[-49.8129,4.4997],[-49.8155,4.4997],[-49.8181,4.4997],[-49.8208,4.4997],[-49.8234,4.4997],[-49.826,4.4997],[-49.8286,4.4997],[-49.8312,4.4997],[-49.8338,4.4997],[-49.8364,4.4997],[-49.839,4.4997],[-49.8416,4.4997],[-49.8442,4.4997],[-49.8468,4.4997],[-49.8494,4.4997],[-49.852,4.4997],[-49.8546,4.4997],[-49.8572,4.4997],[-49.8598,4.4997],[-49.8624,4.4997],[-49.865,4.4997],[-49.8676,4.4997],[-49.8702,4.4997],[-49.8728,4.4997],[-49.8754,4.4997],[-49.8754,4.4971],[-49.8754,4.4945],[-49.8754,4.4919],[-49.8754,4.4893],[-49.8754,4.4867],[-49.8754,4.4841],[-49.8754,4.4815],[-49.8754,4.4789],[-49.8754,4.4762],[-49.8754,4.4736],[-49.8754,4.471],[-49.8754,4.4684],[-49.8754,4.4658],[-49.8754,4.4632],[-49.8754,4.4606],[-49.8754,4.458],[-49.8754,4.4554],[-49.8754,4.4528],[-49.8754,4.4502],[-49.8754,4.4476],[-49.8754,4.445],[-49.8754,4.4424],[-49.8754,4.4398],[-49.8754,4.4372],[-49.8754,4.4346],[-49.8754,4.432],[-49.8754,4.4294],[-49.8754,4.4268],[-49.8754,4.4242],[-49.8754,4.4216],[-49.8754,4.419],[-49.8754,4.4164],[-49.8754,4.4137],[-49.8754,4.4111],[-49.8754,4.4085],[-49.8754,4.4059],[-49.8754,4.4033],[-49.8754,4.4007],[-49.8754,4.3981],[-49.8754,4.3955],[-49.8754,4.3929],[-49.8754,4.3903],[-49.8754,4.3877],[-49.8754,4.3851],[-49.8754,4.3825],[-49.8754,4.3799],[-49.8754,4.3773],[-49.8754,4.3747],[-49.8728,4.3747],[-49.8702,4.3747],[-49.8676,4.3747],[-49.865,4.3747],[-49.8624,4.3747],[-49.8598,4.3747],[-49.8572,4.3747],[-49.8546,4.3747],[-49.852,4.3747],[-49.8494,4.3747],[-49.8468,4.3747],[-49.8442,4.3747],[-49.8416,4.3747],[-49.839,4.3747],[-49.8364,4.3747],[-49.8338,4.3747],[-49.8312,4.3747],[-49.8286,4.3747],[-49.826,4.3747],[-49.8234,4.3747],[-49.8208,4.3747],[-49.8181,4.3747],[-49.8155,4.3747],[-49.8129,4.3747],[-49.8103,4.3747],[-49.8077,4.3747],[-49.8051,4.3747],[-49.8025,4.3747],[-49.7999,4.3747],[-49.7973,4.3747],[-49.7947,4.3747],[-49.7921,4.3747],[-49.7895,4.3747],[-49.7869,4.3747],[-49.7843,4.3747],[-49.7817,4.3747],[-49.7791,4.3747],[-49.7765,4.3747],[-49.7739,4.3747],[-49.7713,4.3747],[-49.7687,4.3747],[-49.7661,4.3747],[-49.7635,4.3747],[-49.7609,4.3747],[-49.7583,4.3747],[-49.7556,4.3747],[-49.753,4.3747],[-49.7504,4.3747],[-49.7504,4.3773],[-49.7504,4.3799],[-49.7504,4.3825],[-49.7504,4.3851],[-49.7504,4.3877],[-49.7504,4.3903],[-49.7504,4.3929],[-49.7504,4.3955],[-49.7504,4.3981],[-49.7504,4.4007],[-49.7504,4.4033],[-49.7504,4.4059],[-49.7504,4.4085],[-49.7504,4.4111],[-49.7504,4.4137],[-49.7504,4.4164],[-49.7504,4.419],[-49.7504,4.4216],[-49.7504,4.4242],[-49.7504,4.4268],[-49.7504,4.4294],[-49.7504,4.432],[-49.7504,4.4346],[-49.7504,4.4372],[-49.7504,4.4398],[-49.7504,4.4424],[-49.7504,4.445],[-49.7504,4.4476],[-49.7504,4.4502],[-49.7504,4.4528],[-49.7504,4.4554],[-49.7504,4.458],[-49.7504,4.4606],[-49.7504,4.4632],[-49.7504,4.4658],[-49.7504,4.4684],[-49.7504,4.471],[-49.7504,4.4736],[-49.7504,4.4762],[-49.7504,4.4789],[-49.7504,4.4815],[-49.7504,4.4841],[-49.7504,4.4867],[-49.7504,4.4893],[-49.7504,4.4919],[-49.7504,4.4945],[-49.7504,4.4971],[-49.7504,4.4997]]]]},"geometry_name":"GEOMETRY","properties":{"COD_BLOCO":"FZA-M-254","COD_FASE_C":"E","DAT_ASSINA":"17-09-2013","DAT_TERMIN":null,"NOM_BACIA":"Foz do Amazonas","NOM_BLOCO":"FZA-M-254","NOM_FANTAS":"FZA-M-254_R11","NUM_CONTRA":"48610005487201398","NUM_DESCOB":0,"OPERADOR_C":"Prio Forte S.A.","RODADA":"Rodada 11","AREA_TOTAL":192,"AMBIENTE":"M ","BLOCOS":"FZA-M-254                                         "},"bbox":[-49.8754,4.3747,-49.7504,4.4997]},{"type":"Feature","id":"BLOCOS_EXPLORATORIOS_SIRGAS.411","geometry":{"type":"MultiPolygon","coordinates":[[[[-37.5316,-5.4613],[-37.5316,-5.4587],[-37.5312,-5.4587],[-37.5312,-5.4583],[-37.5602,-5.4583],[-37.5602,-5.4613],[-37.5602,-5.4639],[-37.5628,-5.4639],[-37.5654,-5.4639],[-37.5654,-5.4665],[-37.5654,-5.4691],[-37.5654,-5.4717],[-37.5654,-5.4743],[-37.5654,-5.477],[-37.5654,-5.4796],[-37.5654,-5.4822],[-37.5654,-5.4848],[-37.5654,-5.4874],[-37.5677,-5.4874],[-37.5677,-5.5],[-37.5108,-5.5],[-37.5108,-5.4978],[-37.5108,-5.4952],[-37.5108,-5.4926],[-37.5108,-5.49],[-37.5078,-5.49],[-37.5052,-5.49],[-37.5026,-5.49],[-37.5,-5.49],[-37.5,-5.4583],[-37.5003,-5.4583],[-37.5003,-5.4587],[-37.5029,-5.4587],[-37.5056,-5.4587],[-37.5056,-5.4613],[-37.5082,-5.4613],[-37.5082,-5.4639],[-37.5082,-5.4665],[-37.5108,-5.4665],[-37.5134,-5.4665],[-37.5134,-5.4691],[-37.516,-5.4691],[-37.516,-5.4717],[-37.5186,-5.4717],[-37.5186,-5.4743],[-37.5212,-5.4743],[-37.5238,-5.4743],[-37.5264,-5.4743],[-37.529,-5.4743],[-37.5316,-5.4743],[-37.5342,-5.4743],[-37.5342,-5.477],[-37.5368,-5.477],[-37.5394,-5.477],[-37.542,-5.477],[-37.542,-5.4796],[-37.5446,-5.4796],[-37.5472,-5.4796],[-37.5498,-5.4796],[-37.5524,-5.4796],[-37.555,-5.4796],[-37.5576,-5.4796],[-37.5602,-5.4796],[-37.5602,-5.477],[-37.5602,-5.4743],[-37.5602,-5.4717],[-37.5602,-5.4691],[-37.5602,-5.4665],[-37.5576,-5.4665],[-37.555,-5.4665],[-37.5524,-5.4665],[-37.5524,-5.4639],[-37.5498,-5.4639],[-37.5472,-5.4639],[-37.5446,-5.4639],[-37.542,-5.4639],[-37.5394,-5.4639],[-37.5368,-5.4639],[-37.5368,-5.4613],[-37.5342,-5.4613],[-37.5316,-5.4613]]]]},"geometry_name":"GEOMETRY","properties":{"COD_BLOCO":"POT-T-741","COD_FASE_C":"E","DAT_ASSINA":"03-02-2016","DAT_TERMIN":null,"NOM_BACIA":"Potiguar","NOM_BLOCO":"POT-T-741","NOM_FANTAS":"POT-T-741","NUM_CONTRA":"48610010805201502","NUM_DESCOB":0,"OPERADOR_C":"Níon Energia S.A.","RODADA":"Rodada 13","AREA_TOTAL":23,"AMBIENTE":"T ","BLOCOS":"POT-T-741                                         "},"bbox":[-37.5677,-5.5,-37.5,-5.4583]},{"type":"Feature","id":"BLOCOS_EXPLORATORIOS_SIRGAS.1069","geometry":{"type":"MultiPolygon","coordinates":[[[[-44.5004,-25.2505],[-44.5026,-25.2505],[-44.5052,-25.2505],[-44.5078,-25.2505],[-44.5104,-25.2505],[-44.513,-25.2505],[-44.5156,-25.2505],[-44.5182,-25.2505],[-44.5208,-25.2505],[-44.5234,-25.2505],[-44.526,-25.2505],[-44.5286,-25.2505],[-44.5312,-25.2505],[-44.5339,-25.2505],[-44.5365,-25.2505],[-44.5391,-25.2505],[-44.5417,-25.2505],[-44.5443,-25.2505],[-44.5469,-25.2505],[-44.5495,-25.2505],[-44.5521,-25.2505],[-44.5547,-25.2505],[-44.5573,-25.2505],[-44.5599,-25.2505],[-44.5625,-25.2505],[-44.5651,-25.2505],[-44.5677,-25.2505],[-44.5703,-25.2505],[-44.5729,-25.2505],[-44.5755,-25.2505],[-44.5781,-25.2505],[-44.5807,-25.2505],[-44.5833,-25.2505],[-44.5859,-25.2505],[-44.5885,-25.2505],[-44.5911,-25.2505],[-44.5937,-25.2505],[-44.5964,-25.2505],[-44.599,-25.2505],[-44.6016,-25.2505],[-44.6042,-25.2505],[-44.6068,-25.2505],[-44.6094,-25.2505],[-44.612,-25.2505],[-44.6146,-25.2505],[-44.6172,-25.2505],[-44.6198,-25.2505],[-44.6224,-25.2505],[-44.625,-25.2505],[-44.6276,-25.2505],[-44.6302,-25.2505],[-44.6328,-25.2505],[-44.6354,-25.2505],[-44.638,-25.2505],[-44.6406,-25.2505],[-44.6432,-25.2505],[-44.6458,-25.2505],[-44.6484,-25.2505],[-44.651,-25.2505],[-44.6536,-25.2505],[-44.6562,-25.2505],[-44.6589,-25.2505],[-44.6615,-25.2505],[-44.6641,-25.2505],[-44.6667,-25.2505],[-44.6693,-25.2505],[-44.6719,-25.2505],[-44.6745,-25.2505],[-44.6771,-25.2505],[-44.6771,-25.3776],[-44.8125,-25.3776],[-44.8125,-25.4844],[-44.9974,-25.4844],[-44.9974,-25.5833],[-45.1224,-25.5833],[-45.1224,-25.9583],[-44.526,-25.9583],[-44.526,-25.7891],[-44.3125,-25.7891],[-44.3125,-25.7088],[-44.3129,-25.7088],[-44.3129,-25.7062],[-44.3129,-25.7036],[-44.3129,-25.701],[-44.3129,-25.6984],[-44.3129,-25.6958],[-44.3129,-25.6932],[-44.3129,-25.6906],[-44.3129,-25.688],[-44.3129,-25.6854],[-44.3129,-25.6828],[-44.3129,-25.6802],[-44.3129,-25.6776],[-44.3129,-25.675],[-44.3129,-25.6724],[-44.3129,-25.6698],[-44.3129,-25.6672],[-44.3129,-25.6646],[-44.3129,-25.662],[-44.3129,-25.6594],[-44.3129,-25.6568],[-44.3129,-25.6542],[-44.3129,-25.6515],[-44.3129,-25.6489],[-44.3129,-25.6463],[-44.3129,-25.6437],[-44.3129,-25.6411],[-44.3129,-25.6385],[-44.3129,-25.6359],[-44.3129,-25.6333],[-44.3129,-25.6307],[-44.3129,-25.6281],[-44.3129,-25.6255],[-44.3155,-25.6255],[-44.3181,-25.6255],[-44.3208,-25.6255],[-44.3234,-25.6255],[-44.326,-25.6255],[-44.3286,-25.6255],[-44.3312,-25.6255],[-44.3338,-25.6255],[-44.3364,-25.6255],[-44.339,-25.6255],[-44.3416,-25.6255],[-44.3442,-25.6255],[-44.3468,-25.6255],[-44.3494,-25.6255],[-44.352,-25.6255],[-44.3546,-25.6255],[-44.3572,-25.6255],[-44.3598,-25.6255],[-44.3624,-25.6255],[-44.365,-25.6255],[-44.3676,-25.6255],[-44.3702,-25.6255],[-44.3728,-25.6255],[-44.3754,-25.6255],[-44.3754,-25.6224],[-44.3754,-25.6198],[-44.3754,-25.6172],[-44.3754,-25.6146],[-44.3754,-25.612],[-44.3754,-25.6094],[-44.3754,-25.6068],[-44.3754,-25.6042],[-44.3754,-25.6016],[-44.3754,-25.599],[-44.3754,-25.5964],[-44.3754,-25.5937],[-44.3754,-25.5911],[-44.3754,-25.5885],[-44.3754,-25.5859],[-44.3754,-25.5833],[-44.3754,-25.5807],[-44.3754,-25.5781],[-44.3754,-25.5755],[-44.3754,-25.5729],[-44.3754,-25.5703],[-44.3754,-25.5677],[-44.3754,-25.5651],[-44.3754,-25.5625],[-44.3754,-25.5599],[-44.3754,-25.5573],[-44.3754,-25.5547],[-44.3754,-25.5521],[-44.3754,-25.5495],[-44.3754,-25.5469],[-44.3754,-25.5443],[-44.3754,-25.5417],[-44.3754,-25.5391],[-44.3754,-25.5365],[-44.3754,-25.5339],[-44.3754,-25.5312],[-44.3754,-25.5286],[-44.3754,-25.526],[-44.3754,-25.5234],[-44.3754,-25.5208],[-44.3754,-25.5182],[-44.3754,-25.5156],[-44.3754,-25.513],[-44.3754,-25.5104],[-44.3754,-25.5078],[-44.3754,-25.5052],[-44.3754,-25.5026],[-44.3754,-25.5],[-44.3754,-25.4974],[-44.3754,-25.4948],[-44.3754,-25.4922],[-44.3754,-25.4896],[-44.3754,-25.487],[-44.3754,-25.4844],[-44.3754,-25.4818],[-44.3754,-25.4792],[-44.3754,-25.4766],[-44.3754,-25.474],[-44.3754,-25.4714],[-44.3754,-25.4687],[-44.3754,-25.4661],[-44.3754,-25.4635],[-44.3754,-25.4609],[-44.3754,-25.4583],[-44.4193,-25.4583],[-44.4193,-25.25],[-44.5004,-25.25],[-44.5004,-25.2505]]]]},"geometry_name":"GEOMETRY","properties":{"COD_BLOCO":"ARAM","COD_FASE_C":"E","DAT_ASSINA":"30-03-2020","DAT_TERMIN":null,"NOM_BACIA":"Santos","NOM_BLOCO":"ARAM","NOM_FANTAS":"Aram_P6","NUM_CONTRA":"48610220938201919","NUM_DESCOB":0,"OPERADOR_C":"Petróleo Brasileiro S.A. - PETROBRAS","RODADA":"Partilha 6","AREA_TOTAL":4476,"AMBIENTE":"M ","BLOCOS":"ARAM                                              "},"bbox":[-45.1224,-25.9583,-44.3125,-25.25]},{"type":"Feature","id":"BLOCOS_EXPLORATORIOS_SIRGAS.2317","geometry":{"type":"MultiPolygon","coordinates":[[[[-47.5,3],[-47.5,3.25],[-47.75,3.25],[-47.75,3],[-47.5,3]]]]},"geometry_name":"GEOMETRY","properties":{"COD_BLOCO":"FZA-M-619","COD_FASE_C":"E","DAT_ASSINA":"24-11-2025","DAT_TERMIN":null,"NOM_BACIA":"Foz do Amazonas","NOM_BLOCO":"FZA-M-619","NOM_FANTAS":"FZA-M-619_OP5","NUM_CONTRA":"48610220723202538","NUM_DESCOB":0,"OPERADOR_C":"ExxonMobil Exploração Brasil Ltda.","RODADA":"OPC5","AREA_TOTAL":768.203,"AMBIENTE":"M ","BLOCOS":null},"bbox":[-47.75,3,-47.5,3.25]},{"type":"Feature","id":"BLOCOS_EXPLORATORIOS_SIRGAS.403","geometry":{"type":"MultiPolygon","coordinates":[[[[-50.0004,4.9997],[-50.0004,4.9971],[-50.0004,4.9945],[-50.0004,4.9919],[-50.0004,4.9893],[-50.0004,4.9867],[-50.0004,4.9841],[-50.0004,4.9815],[-50.0004,4.9789],[-50.0004,4.9763],[-50.0004,4.9736],[-50.0004,4.971],[-50.0004,4.9684],[-50.0004,4.9658],[-50.0004,4.9632],[-50.0004,4.9606],[-50.0004,4.958],[-50.0004,4.9554],[-50.0004,4.9528],[-50.0004,4.9502],[-50.0004,4.9476],[-50.0004,4.945],[-50.0004,4.9424],[-50.0004,4.9398],[-50.0004,4.9372],[-50.0004,4.9346],[-50.0004,4.932],[-50.0004,4.9294],[-50.0004,4.9268],[-50.0004,4.9242],[-50.0004,4.9216],[-50.0004,4.919],[-50.0004,4.9164],[-50.0004,4.9138],[-50.0004,4.9111],[-50.0004,4.9085],[-50.0004,4.9059],[-50.0004,4.9033],[-50.0004,4.9007],[-50.0004,4.8981],[-50.0004,4.8955],[-50.0004,4.8929],[-50.0004,4.8903],[-50.0004,4.8877],[-50.0004,4.8851],[-50.0004,4.8825],[-50.0004,4.8799],[-50.0004,4.8773],[-50.0004,4.8747],[-50.0004,4.8721],[-50.0004,4.8695],[-50.0004,4.8669],[-50.0004,4.8643],[-50.0004,4.8617],[-50.0004,4.8591],[-50.0004,4.8565],[-50.0004,4.8539],[-50.0004,4.8513],[-50.0004,4.8486],[-50.0004,4.846],[-50.0004,4.8434],[-50.0004,4.8408],[-50.0004,4.8382],[-50.0004,4.8356],[-50.0004,4.833],[-50.0004,4.8304],[-50.0004,4.8278],[-50.0004,4.8252],[-50.0004,4.8226],[-50.0004,4.82],[-50.0004,4.8174],[-50.0004,4.8148],[-50.0004,4.8122],[-50.0004,4.8096],[-50.0004,4.807],[-50.0004,4.8044],[-50.0004,4.8018],[-50.0004,4.7992],[-50.0004,4.7966],[-50.0004,4.794],[-50.0004,4.7914],[-50.0004,4.7888],[-50.0004,4.7861],[-50.0004,4.7835],[-50.0004,4.7809],[-50.0004,4.7783],[-50.0004,4.7757],[-50.0004,4.7731],[-50.0004,4.7705],[-50.0004,4.7679],[-50.0004,4.7653],[-50.0004,4.7627],[-50.0004,4.7601],[-50.0004,4.7575],[-50.0004,4.7549],[-50.0004,4.7523],[-50.0004,4.7497],[-49.9978,4.7497],[-49.9952,4.7497],[-49.9926,4.7497],[-49.99,4.7497],[-49.9874,4.7497],[-49.9848,4.7497],[-49.9822,4.7497],[-49.9796,4.7497],[-49.977,4.7497],[-49.9744,4.7497],[-49.9718,4.7497],[-49.9692,4.7497],[-49.9666,4.7497],[-49.964,4.7497],[-49.9614,4.7497],[-49.9588,4.7497],[-49.9562,4.7497],[-49.9536,4.7497],[-49.951,4.7497],[-49.9484,4.7497],[-49.9458,4.7497],[-49.9432,4.7497],[-49.9405,4.7497],[-49.9379,4.7497],[-49.9353,4.7497],[-49.9327,4.7497],[-49.9301,4.7497],[-49.9275,4.7497],[-49.9249,4.7497],[-49.9223,4.7497],[-49.9197,4.7497],[-49.9171,4.7497],[-49.9145,4.7497],[-49.9119,4.7497],[-49.9093,4.7497],[-49.9067,4.7497],[-49.9041,4.7497],[-49.9015,4.7497],[-49.8989,4.7497],[-49.8963,4.7497],[-49.8937,4.7497],[-49.8911,4.7497],[-49.8885,4.7497],[-49.8859,4.7497],[-49.8833,4.7497],[-49.8807,4.7497],[-49.878,4.7497],[-49.8754,4.7497],[-49.8728,4.7497],[-49.8702,4.7497],[-49.8676,4.7497],[-49.865,4.7497],[-49.8624,4.7497],[-49.8598,4.7497],[-49.8572,4.7497],[-49.8546,4.7497],[-49.852,4.7497],[-49.8494,4.7497],[-49.8468,4.7497],[-49.8442,4.7497],[-49.8416,4.7497],[-49.839,4.7497],[-49.8364,4.7497],[-49.8338,4.7497],[-49.8312,4.7497],[-49.8286,4.7497],[-49.826,4.7497],[-49.8234,4.7497],[-49.8208,4.7497],[-49.8181,4.7497],[-49.8155,4.7497],[-49.8129,4.7497],[-49.8103,4.7497],[-49.8077,4.7497],[-49.8051,4.7497],[-49.8025,4.7497],[-49.7999,4.7497],[-49.7973,4.7497],[-49.7947,4.7497],[-49.7921,4.7497],[-49.7895,4.7497],[-49.7869,4.7497],[-49.7843,4.7497],[-49.7817,4.7497],[-49.7791,4.7497],[-49.7765,4.7497],[-49.7739,4.7497],[-49.7713,4.7497],[-49.7687,4.7497],[-49.7661,4.7497],[-49.7635,4.7497],[-49.7609,4.7497],[-49.7583,4.7497],[-49.7556,4.7497],[-49.753,4.7497],[-49.7504,4.7497],[-49.7504,4.7523],[-49.7504,4.7549],[-49.7504,4.7575],[-49.7504,4.7601],[-49.7504,4.7627],[-49.7504,4.7653],[-49.7504,4.7679],[-49.7504,4.7705],[-49.7504,4.7731],[-49.7504,4.7757],[-49.7504,4.7783],[-49.7504,4.7809],[-49.7504,4.7835],[-49.7504,4.7861],[-49.7504,4.7888],[-49.7504,4.7914],[-49.7504,4.794],[-49.7504,4.7966],[-49.7504,4.7992],[-49.7504,4.8018],[-49.7504,4.8044],[-49.7504,4.807],[-49.7504,4.8096],[-49.7504,4.8122],[-49.7504,4.8148],[-49.7504,4.8174],[-49.7504,4.82],[-49.7504,4.8226],[-49.7504,4.8252],[-49.7504,4.8278],[-49.7504,4.8304],[-49.7504,4.833],[-49.7504,4.8356],[-49.7504,4.8382],[-49.7504,4.8408],[-49.7504,4.8434],[-49.7504,4.846],[-49.7504,4.8486],[-49.7504,4.8513],[-49.7504,4.8539],[-49.7504,4.8565],[-49.7504,4.8591],[-49.7504,4.8617],[-49.7504,4.8643],[-49.7504,4.8669],[-49.7504,4.8695],[-49.7504,4.8721],[-49.7504,4.8747],[-49.7504,4.8773],[-49.7504,4.8799],[-49.7504,4.8825],[-49.7504,4.8851],[-49.7504,4.8877],[-49.7504,4.8903],[-49.7504,4.8929],[-49.7504,4.8955],[-49.7504,4.8981],[-49.7504,4.9007],[-49.7504,4.9033],[-49.7504,4.9059],[-49.7504,4.9085],[-49.7504,4.9111],[-49.7504,4.9138],[-49.7504,4.9164],[-49.7504,4.919],[-49.7504,4.9216],[-49.7504,4.9242],[-49.7504,4.9268],[-49.7504,4.9294],[-49.7504,4.932],[-49.7504,4.9346],[-49.7504,4.9372],[-49.7504,4.9398],[-49.7504,4.9424],[-49.7504,4.945],[-49.7504,4.9476],[-49.7504,4.9502],[-49.7504,4.9528],[-49.7504,4.9554],[-49.7504,4.958],[-49.7504,4.9606],[-49.7504,4.9632],[-49.7504,4.9658],[-49.7504,4.9684],[-49.7504,4.971],[-49.7504,4.9736],[-49.7504,4.9763],[-49.7504,4.9789],[-49.7504,4.9815],[-49.7504,4.9841],[-49.7504,4.9867],[-49.7504,4.9893],[-49.7504,4.9919],[-49.7504,4.9945],[-49.7504,4.9971],[-49.7504,4.9997],[-49.753,4.9997],[-49.7556,4.9997],[-49.7583,4.9997],[-49.7609,4.9997],[-49.7635,4.9997],[-49.7661,4.9997],[-49.7687,4.9997],[-49.7713,4.9997],[-49.7739,4.9997],[-49.7765,4.9997],[-49.7791,4.9997],[-49.7817,4.9997],[-49.7843,4.9997],[-49.7869,4.9997],[-49.7895,4.9997],[-49.7921,4.9997],[-49.7947,4.9997],[-49.7973,4.9997],[-49.7999,4.9997],[-49.8025,4.9997],[-49.8051,4.9997],[-49.8077,4.9997],[-49.8103,4.9997],[-49.8129,4.9997],[-49.8155,4.9997],[-49.8181,4.9997],[-49.8208,4.9997],[-49.8234,4.9997],[-49.826,4.9997],[-49.8286,4.9997],[-49.8312,4.9997],[-49.8338,4.9997],[-49.8364,4.9997],[-49.839,4.9997],[-49.8416,4.9997],[-49.8442,4.9997],[-49.8468,4.9997],[-49.8494,4.9997],[-49.852,4.9997],[-49.8546,4.9997],[-49.8572,4.9997],[-49.8598,4.9997],[-49.8624,4.9997],[-49.865,4.9997],[-49.8676,4.9997],[-49.8702,4.9997],[-49.8728,4.9997],[-49.8754,4.9997],[-49.878,4.9997],[-49.8807,4.9997],[-49.8833,4.9997],[-49.8859,4.9997],[-49.8885,4.9997],[-49.8911,4.9997],[-49.8937,4.9997],[-49.8963,4.9997],[-49.8989,4.9997],[-49.9015,4.9997],[-49.9041,4.9997],[-49.9067,4.9997],[-49.9093,4.9997],[-49.9119,4.9997],[-49.9145,4.9997],[-49.9171,4.9997],[-49.9197,4.9997],[-49.9223,4.9997],[-49.9249,4.9997],[-49.9275,4.9997],[-49.9301,4.9997],[-49.9327,4.9997],[-49.9353,4.9997],[-49.9379,4.9997],[-49.9405,4.9997],[-49.9432,4.9997],[-49.9458,4.9997],[-49.9484,4.9997],[-49.951,4.9997],[-49.9536,4.9997],[-49.9562,4.9997],[-49.9588,4.9997],[-49.9614,4.9997],[-49.964,4.9997],[-49.9666,4.9997],[-49.9692,4.9997],[-49.9718,4.9997],[-49.9744,4.9997],[-49.977,4.9997],[-49.9796,4.9997],[-49.9822,4.9997],[-49.9848,4.9997],[-49.9874,4.9997],[-49.99,4.9997],[-49.9926,4.9997],[-49.9952,4.9997],[-49.9978,4.9997],[-50.0004,4.9997]]]]},"geometry_name":"GEOMETRY","properties":{"COD_BLOCO":"FZA-M-127","COD_FASE_C":"E","DAT_ASSINA":"06-08-2013","DAT_TERMIN":null,"NOM_BACIA":"Foz do Amazonas","NOM_BLOCO":"FZA-M-127","NOM_FANTAS":"FZA-M-127_R11","NUM_CONTRA":"48610005504201397","NUM_DESCOB":0,"OPERADOR_C":"Petróleo Brasileiro S.A. - PETROBRAS","RODADA":"Rodada 11","AREA_TOTAL":767,"AMBIENTE":"M ","BLOCOS":"FZA-M-127                                         "},"bbox":[-50.0004,4.7497,-49.7504,4.9997]},{"type":"Feature","id":"BLOCOS_EXPLORATORIOS_SIRGAS.406","geometry":{"type":"MultiPolygon","coordinates":[[[[-39.8754,-19.3755],[-39.8728,-19.3755],[-39.8702,-19.3755],[-39.8676,-19.3755],[-39.865,-19.3755],[-39.8624,-19.3755],[-39.8598,-19.3755],[-39.8572,-19.3755],[-39.8545,-19.3755],[-39.8519,-19.3755],[-39.8493,-19.3755],[-39.8467,-19.3755],[-39.8441,-19.3755],[-39.8415,-19.3755],[-39.8389,-19.3755],[-39.8363,-19.3755],[-39.8337,-19.3755],[-39.8311,-19.3755],[-39.8285,-19.3755],[-39.8259,-19.3755],[-39.8233,-19.3755],[-39.8207,-19.3755],[-39.8181,-19.3755],[-39.8155,-19.3755],[-39.8129,-19.3755],[-39.8129,-19.3729],[-39.8129,-19.3703],[-39.8129,-19.3677],[-39.8129,-19.3651],[-39.8129,-19.3625],[-39.8129,-19.3599],[-39.8129,-19.3573],[-39.8129,-19.3547],[-39.8129,-19.352],[-39.8129,-19.3494],[-39.8129,-19.3468],[-39.8129,-19.3442],[-39.8129,-19.3416],[-39.8129,-19.339],[-39.8129,-19.3364],[-39.8129,-19.3338],[-39.8155,-19.3338],[-39.8181,-19.3338],[-39.8207,-19.3338],[-39.8233,-19.3338],[-39.8259,-19.3338],[-39.8285,-19.3338],[-39.8311,-19.3338],[-39.8337,-19.3338],[-39.8363,-19.3338],[-39.8389,-19.3338],[-39.8415,-19.3338],[-39.8441,-19.3338],[-39.8467,-19.3338],[-39.8493,-19.3338],[-39.8519,-19.3338],[-39.8545,-19.3338],[-39.8572,-19.3338],[-39.8598,-19.3338],[-39.8624,-19.3338],[-39.865,-19.3338],[-39.8676,-19.3338],[-39.8702,-19.3338],[-39.8728,-19.3338],[-39.8754,-19.3338],[-39.8754,-19.3364],[-39.8754,-19.339],[-39.8754,-19.3416],[-39.8754,-19.3442],[-39.8754,-19.3468],[-39.8754,-19.3494],[-39.8754,-19.352],[-39.8754,-19.3547],[-39.8754,-19.3573],[-39.8754,-19.3599],[-39.8754,-19.3625],[-39.8754,-19.3651],[-39.8754,-19.3677],[-39.8754,-19.3703],[-39.8754,-19.3729],[-39.8754,-19.3755]]]]},"geometry_name":"GEOMETRY","properties":{"COD_BLOCO":"ES-T-516","COD_FASE_C":"E","DAT_ASSINA":"30-08-2013","DAT_TERMIN":null,"NOM_BACIA":"Espírito Santo","NOM_BLOCO":"ES-T-516","NOM_FANTAS":"ES-T-516_R11","NUM_CONTRA":"48610005456201337","NUM_DESCOB":3,"OPERADOR_C":"BGM Petróleo e Gás Ltda.","RODADA":"Rodada 11","AREA_TOTAL":30,"AMBIENTE":"T ","BLOCOS":"ES-T-516                                          "},"bbox":[-39.8754,-19.3755,-39.8129,-19.3338]},{"type":"Feature","id":"BLOCOS_EXPLORATORIOS_SIRGAS.434","geometry":{"type":"MultiPolygon","coordinates":[[[[-38.7504,-20.7505],[-38.7478,-20.7505],[-38.7452,-20.7505],[-38.7426,-20.7505],[-38.74,-20.7505],[-38.7374,-20.7505],[-38.7348,-20.7505],[-38.7321,-20.7505],[-38.7295,-20.7505],[-38.7269,-20.7505],[-38.7243,-20.7505],[-38.7217,-20.7505],[-38.7191,-20.7505],[-38.7165,-20.7505],[-38.7139,-20.7505],[-38.7113,-20.7505],[-38.7087,-20.7505],[-38.7061,-20.7505],[-38.7035,-20.7505],[-38.7009,-20.7505],[-38.6983,-20.7505],[-38.6957,-20.7505],[-38.6931,-20.7505],[-38.6905,-20.7505],[-38.6879,-20.7505],[-38.6853,-20.7505],[-38.6827,-20.7505],[-38.6801,-20.7505],[-38.6775,-20.7505],[-38.6749,-20.7505],[-38.6723,-20.7505],[-38.6696,-20.7505],[-38.667,-20.7505],[-38.6644,-20.7505],[-38.6618,-20.7505],[-38.6592,-20.7505],[-38.6566,-20.7505],[-38.654,-20.7505],[-38.6514,-20.7505],[-38.6488,-20.7505],[-38.6462,-20.7505],[-38.6436,-20.7505],[-38.641,-20.7505],[-38.6384,-20.7505],[-38.6358,-20.7505],[-38.6332,-20.7505],[-38.6306,-20.7505],[-38.628,-20.7505],[-38.6254,-20.7505],[-38.6228,-20.7505],[-38.6202,-20.7505],[-38.6176,-20.7505],[-38.615,-20.7505],[-38.6124,-20.7505],[-38.6097,-20.7505],[-38.6071,-20.7505],[-38.6045,-20.7505],[-38.6019,-20.7505],[-38.5993,-20.7505],[-38.5967,-20.7505],[-38.5941,-20.7505],[-38.5915,-20.7505],[-38.5889,-20.7505],[-38.5863,-20.7505],[-38.5837,-20.7505],[-38.5811,-20.7505],[-38.5785,-20.7505],[-38.5759,-20.7505],[-38.5733,-20.7505],[-38.5707,-20.7505],[-38.5681,-20.7505],[-38.5655,-20.7505],[-38.5629,-20.7505],[-38.5603,-20.7505],[-38.5577,-20.7505],[-38.5551,-20.7505],[-38.5525,-20.7505],[-38.5499,-20.7505],[-38.5472,-20.7505],[-38.5446,-20.7505],[-38.542,-20.7505],[-38.5394,-20.7505],[-38.5368,-20.7505],[-38.5342,-20.7505],[-38.5316,-20.7505],[-38.529,-20.7505],[-38.5264,-20.7505],[-38.5238,-20.7505],[-38.5212,-20.7505],[-38.5186,-20.7505],[-38.516,-20.7505],[-38.5134,-20.7505],[-38.5108,-20.7505],[-38.5082,-20.7505],[-38.5056,-20.7505],[-38.503,-20.7505],[-38.5004,-20.7505],[-38.5004,-20.7479],[-38.5004,-20.7453],[-38.5004,-20.7427],[-38.5004,-20.7401],[-38.5004,-20.7375],[-38.5004,-20.7349],[-38.5004,-20.7323],[-38.5004,-20.7297],[-38.5004,-20.7271],[-38.5004,-20.7245],[-38.5004,-20.7218],[-38.5004,-20.7192],[-38.5004,-20.7166],[-38.5004,-20.714],[-38.5004,-20.7114],[-38.5004,-20.7088],[-38.5004,-20.7062],[-38.5004,-20.7036],[-38.5004,-20.701],[-38.5004,-20.6984],[-38.5004,-20.6958],[-38.5004,-20.6932],[-38.5004,-20.6906],[-38.5004,-20.688],[-38.5004,-20.6854],[-38.5004,-20.6828],[-38.5004,-20.6802],[-38.5004,-20.6776],[-38.5004,-20.675],[-38.5004,-20.6724],[-38.5004,-20.6698],[-38.5004,-20.6672],[-38.5004,-20.6646],[-38.5004,-20.662],[-38.5004,-20.6593],[-38.5004,-20.6567],[-38.5004,-20.6541],[-38.5004,-20.6515],[-38.5004,-20.6489],[-38.5004,-20.6463],[-38.5004,-20.6437],[-38.5004,-20.6411],[-38.5004,-20.6385],[-38.5004,-20.6359],[-38.5004,-20.6333],[-38.5004,-20.6307],[-38.5004,-20.6281],[-38.5004,-20.6255],[-38.5004,-20.6229],[-38.5004,-20.6203],[-38.5004,-20.6177],[-38.5004,-20.6151],[-38.5004,-20.6125],[-38.5004,-20.6099],[-38.5004,-20.6073],[-38.5004,-20.6047],[-38.5004,-20.6021],[-38.5004,-20.5995],[-38.5004,-20.5968],[-38.5004,-20.5942],[-38.5004,-20.5916],[-38.5004,-20.589],[-38.5004,-20.5864],[-38.5004,-20.5838],[-38.5004,-20.5812],[-38.5004,-20.5786],[-38.5004,-20.576],[-38.5004,-20.5734],[-38.5004,-20.5708],[-38.5004,-20.5682],[-38.5004,-20.5656],[-38.5004,-20.563],[-38.5004,-20.5604],[-38.5004,-20.5578],[-38.5004,-20.5552],[-38.5004,-20.5526],[-38.5004,-20.55],[-38.5004,-20.5474],[-38.5004,-20.5448],[-38.5004,-20.5422],[-38.5004,-20.5396],[-38.5004,-20.537],[-38.5004,-20.5343],[-38.5004,-20.5317],[-38.5004,-20.5291],[-38.5004,-20.5265],[-38.5004,-20.5239],[-38.5004,-20.5213],[-38.5004,-20.5187],[-38.5004,-20.5161],[-38.5004,-20.5135],[-38.5004,-20.5109],[-38.5004,-20.5083],[-38.5004,-20.5057],[-38.5004,-20.5031],[-38.5004,-20.5005],[-38.503,-20.5005],[-38.5056,-20.5005],[-38.5082,-20.5005],[-38.5108,-20.5005],[-38.5134,-20.5005],[-38.516,-20.5005],[-38.5186,-20.5005],[-38.5212,-20.5005],[-38.5238,-20.5005],[-38.5264,-20.5005],[-38.529,-20.5005],[-38.5316,-20.5005],[-38.5342,-20.5005],[-38.5368,-20.5005],[-38.5394,-20.5005],[-38.542,-20.5005],[-38.5446,-20.5005],[-38.5472,-20.5005],[-38.5499,-20.5005],[-38.5525,-20.5005],[-38.5551,-20.5005],[-38.5577,-20.5005],[-38.5603,-20.5005],[-38.5629,-20.5005],[-38.5655,-20.5005],[-38.5681,-20.5005],[-38.5707,-20.5005],[-38.5733,-20.5005],[-38.5759,-20.5005],[-38.5785,-20.5005],[-38.5811,-20.5005],[-38.5837,-20.5005],[-38.5863,-20.5005],[-38.5889,-20.5005],[-38.5915,-20.5005],[-38.5941,-20.5005],[-38.5967,-20.5005],[-38.5993,-20.5005],[-38.6019,-20.5005],[-38.6045,-20.5005],[-38.6071,-20.5005],[-38.6097,-20.5005],[-38.6124,-20.5005],[-38.615,-20.5005],[-38.6176,-20.5005],[-38.6202,-20.5005],[-38.6228,-20.5005],[-38.6254,-20.5005],[-38.628,-20.5005],[-38.6306,-20.5005],[-38.6332,-20.5005],[-38.6358,-20.5005],[-38.6384,-20.5005],[-38.641,-20.5005],[-38.6436,-20.5005],[-38.6462,-20.5005],[-38.6488,-20.5005],[-38.6514,-20.5005],[-38.654,-20.5005],[-38.6566,-20.5005],[-38.6592,-20.5005],[-38.6618,-20.5005],[-38.6644,-20.5005],[-38.667,-20.5005],[-38.6696,-20.5005],[-38.6722,-20.5005],[-38.6749,-20.5005],[-38.6775,-20.5005],[-38.6801,-20.5005],[-38.6827,-20.5005],[-38.6853,-20.5005],[-38.6879,-20.5005],[-38.6905,-20.5005],[-38.6931,-20.5005],[-38.6957,-20.5005],[-38.6983,-20.5005],[-38.7009,-20.5005],[-38.7035,-20.5005],[-38.7061,-20.5005],[-38.7087,-20.5005],[-38.7113,-20.5005],[-38.7139,-20.5005],[-38.7165,-20.5005],[-38.7191,-20.5005],[-38.7217,-20.5005],[-38.7243,-20.5005],[-38.7269,-20.5005],[-38.7295,-20.5005],[-38.7321,-20.5005],[-38.7347,-20.5005],[-38.7374,-20.5005],[-38.74,-20.5005],[-38.7426,-20.5005],[-38.7452,-20.5005],[-38.7478,-20.5005],[-38.7504,-20.5005],[-38.7504,-20.5031],[-38.7504,-20.5057],[-38.7504,-20.5083],[-38.7504,-20.5109],[-38.7504,-20.5135],[-38.7504,-20.5161],[-38.7504,-20.5187],[-38.7504,-20.5213],[-38.7504,-20.5239],[-38.7504,-20.5265],[-38.7504,-20.5291],[-38.7504,-20.5317],[-38.7504,-20.5343],[-38.7504,-20.537],[-38.7504,-20.5396],[-38.7504,-20.5422],[-38.7504,-20.5448],[-38.7504,-20.5474],[-38.7504,-20.55],[-38.7504,-20.5526],[-38.7504,-20.5552],[-38.7504,-20.5578],[-38.7504,-20.5604],[-38.7504,-20.563],[-38.7504,-20.5656],[-38.7504,-20.5682],[-38.7504,-20.5708],[-38.7504,-20.5734],[-38.7504,-20.576],[-38.7504,-20.5786],[-38.7504,-20.5812],[-38.7504,-20.5838],[-38.7504,-20.5864],[-38.7504,-20.589],[-38.7504,-20.5916],[-38.7504,-20.5942],[-38.7504,-20.5968],[-38.7504,-20.5995],[-38.7504,-20.6021],[-38.7504,-20.6047],[-38.7504,-20.6073],[-38.7504,-20.6099],[-38.7504,-20.6125],[-38.7504,-20.6151],[-38.7504,-20.6177],[-38.7504,-20.6203],[-38.7504,-20.6229],[-38.7504,-20.6255],[-38.7504,-20.6281],[-38.7504,-20.6307],[-38.7504,-20.6333],[-38.7504,-20.6359],[-38.7504,-20.6385],[-38.7504,-20.6411],[-38.7504,-20.6437],[-38.7504,-20.6463],[-38.7504,-20.6489],[-38.7504,-20.6515],[-38.7504,-20.6541],[-38.7504,-20.6567],[-38.7504,-20.6593],[-38.7504,-20.662],[-38.7504,-20.6646],[-38.7504,-20.6672],[-38.7504,-20.6698],[-38.7504,-20.6724],[-38.7504,-20.675],[-38.7504,-20.6776],[-38.7504,-20.6802],[-38.7504,-20.6828],[-38.7504,-20.6854],[-38.7504,-20.688],[-38.7504,-20.6906],[-38.7504,-20.6932],[-38.7504,-20.6958],[-38.7504,-20.6984],[-38.7504,-20.701],[-38.7504,-20.7036],[-38.7504,-20.7062],[-38.7504,-20.7088],[-38.7504,-20.7114],[-38.7504,-20.714],[-38.7504,-20.7166],[-38.7504,-20.7192],[-38.7504,-20.7218],[-38.7504,-20.7245],[-38.7504,-20.7271],[-38.7504,-20.7297],[-38.7504,-20.7323],[-38.7504,-20.7349],[-38.7504,-20.7375],[-38.7504,-20.7401],[-38.7504,-20.7427],[-38.7504,-20.7453],[-38.7504,-20.7479],[-38.7504,-20.7505]]]]},"geometry_name":"GEOMETRY","properties":{"COD_BLOCO":"ES-M-671","COD_FASE_C":"E","DAT_ASSINA":"30-08-2013","DAT_TERMIN":null,"NOM_BACIA":"Espírito Santo","NOM_BLOCO":"ES-M-671","NOM_FANTAS":"ES-M-671_R11","NUM_CONTRA":"48610005485201307","NUM_DESCOB":0,"OPERADOR_C":"Petróleo Brasileiro S.A. - PETROBRAS","RODADA":"Rodada 11","AREA_TOTAL":721,"AMBIENTE":"M ","BLOCOS":"ES-M-671                                          "},"bbox":[-38.7504,-20.7505,-38.5004,-20.5005]},{"type":"Feature","id":"BLOCOS_EXPLORATORIOS_SIRGAS.436","geometry":{"type":"MultiPolygon","coordinates":[[[[-38.7504,-21.0005],[-38.7478,-21.0005],[-38.7452,-21.0005],[-38.7426,-21.0005],[-38.74,-21.0005],[-38.7374,-21.0005],[-38.7348,-21.0005],[-38.7321,-21.0005],[-38.7295,-21.0005],[-38.7269,-21.0005],[-38.7243,-21.0005],[-38.7217,-21.0005],[-38.7191,-21.0005],[-38.7165,-21.0005],[-38.7139,-21.0005],[-38.7113,-21.0005],[-38.7087,-21.0005],[-38.7061,-21.0005],[-38.7035,-21.0005],[-38.7009,-21.0005],[-38.6983,-21.0005],[-38.6957,-21.0005],[-38.6931,-21.0005],[-38.6905,-21.0005],[-38.6879,-21.0005],[-38.6853,-21.0005],[-38.6827,-21.0005],[-38.6801,-21.0005],[-38.6775,-21.0005],[-38.6749,-21.0005],[-38.6723,-21.0005],[-38.6696,-21.0005],[-38.667,-21.0005],[-38.6644,-21.0005],[-38.6618,-21.0005],[-38.6592,-21.0005],[-38.6566,-21.0005],[-38.654,-21.0005],[-38.6514,-21.0005],[-38.6488,-21.0005],[-38.6462,-21.0005],[-38.6436,-21.0005],[-38.641,-21.0005],[-38.6384,-21.0005],[-38.6358,-21.0005],[-38.6332,-21.0005],[-38.6306,-21.0005],[-38.628,-21.0005],[-38.6254,-21.0005],[-38.6228,-21.0005],[-38.6202,-21.0005],[-38.6176,-21.0005],[-38.615,-21.0005],[-38.6124,-21.0005],[-38.6098,-21.0005],[-38.6071,-21.0005],[-38.6045,-21.0005],[-38.6019,-21.0005],[-38.5993,-21.0005],[-38.5967,-21.0005],[-38.5941,-21.0005],[-38.5915,-21.0005],[-38.5889,-21.0005],[-38.5863,-21.0005],[-38.5837,-21.0005],[-38.5811,-21.0005],[-38.5785,-21.0005],[-38.5759,-21.0005],[-38.5733,-21.0005],[-38.5707,-21.0005],[-38.5681,-21.0005],[-38.5655,-21.0005],[-38.5629,-21.0005],[-38.5603,-21.0005],[-38.5577,-21.0005],[-38.5551,-21.0005],[-38.5525,-21.0005],[-38.5499,-21.0005],[-38.5472,-21.0005],[-38.5446,-21.0005],[-38.542,-21.0005],[-38.5394,-21.0005],[-38.5368,-21.0005],[-38.5342,-21.0005],[-38.5316,-21.0005],[-38.529,-21.0005],[-38.5264,-21.0005],[-38.5238,-21.0005],[-38.5212,-21.0005],[-38.5186,-21.0005],[-38.516,-21.0005],[-38.5134,-21.0005],[-38.5108,-21.0005],[-38.5082,-21.0005],[-38.5056,-21.0005],[-38.503,-21.0005],[-38.5004,-21.0005],[-38.5004,-20.9979],[-38.5004,-20.9953],[-38.5004,-20.9927],[-38.5004,-20.9901],[-38.5004,-20.9875],[-38.5004,-20.9849],[-38.5004,-20.9823],[-38.5004,-20.9797],[-38.5004,-20.9771],[-38.5004,-20.9745],[-38.5004,-20.9719],[-38.5004,-20.9692],[-38.5004,-20.9666],[-38.5004,-20.964],[-38.5004,-20.9614],[-38.5004,-20.9588],[-38.5004,-20.9562],[-38.5004,-20.9536],[-38.5004,-20.951],[-38.5004,-20.9484],[-38.5004,-20.9458],[-38.5004,-20.9432],[-38.5004,-20.9406],[-38.5004,-20.938],[-38.5004,-20.9354],[-38.5004,-20.9328],[-38.5004,-20.9302],[-38.5004,-20.9276],[-38.5004,-20.925],[-38.5004,-20.9224],[-38.5004,-20.9198],[-38.5004,-20.9172],[-38.5004,-20.9146],[-38.5004,-20.912],[-38.5004,-20.9094],[-38.5004,-20.9067],[-38.5004,-20.9041],[-38.5004,-20.9015],[-38.5004,-20.8989],[-38.5004,-20.8963],[-38.5004,-20.8937],[-38.5004,-20.8911],[-38.5004,-20.8885],[-38.5004,-20.8859],[-38.5004,-20.8833],[-38.5004,-20.8807],[-38.5004,-20.8781],[-38.5004,-20.8755],[-38.5004,-20.8729],[-38.5004,-20.8703],[-38.5004,-20.8677],[-38.5004,-20.8651],[-38.5004,-20.8625],[-38.5004,-20.8599],[-38.5004,-20.8573],[-38.5004,-20.8547],[-38.5004,-20.8521],[-38.5004,-20.8495],[-38.5004,-20.8469],[-38.5004,-20.8442],[-38.5004,-20.8416],[-38.5004,-20.839],[-38.5004,-20.8364],[-38.5004,-20.8338],[-38.5004,-20.8312],[-38.5004,-20.8286],[-38.5004,-20.826],[-38.5004,-20.8234],[-38.5004,-20.8208],[-38.5004,-20.8182],[-38.5004,-20.8156],[-38.5004,-20.813],[-38.5004,-20.8104],[-38.5004,-20.8078],[-38.5004,-20.8052],[-38.5004,-20.8026],[-38.5004,-20.8],[-38.5004,-20.7974],[-38.5004,-20.7948],[-38.5004,-20.7922],[-38.5004,-20.7896],[-38.5004,-20.787],[-38.5004,-20.7844],[-38.5004,-20.7817],[-38.5004,-20.7791],[-38.5004,-20.7765],[-38.5004,-20.7739],[-38.5004,-20.7713],[-38.5004,-20.7687],[-38.5004,-20.7661],[-38.5004,-20.7635],[-38.5004,-20.7609],[-38.5004,-20.7583],[-38.5004,-20.7557],[-38.5004,-20.7531],[-38.5004,-20.7505],[-38.503,-20.7505],[-38.5056,-20.7505],[-38.5082,-20.7505],[-38.5108,-20.7505],[-38.5134,-20.7505],[-38.516,-20.7505],[-38.5186,-20.7505],[-38.5212,-20.7505],[-38.5238,-20.7505],[-38.5264,-20.7505],[-38.529,-20.7505],[-38.5316,-20.7505],[-38.5342,-20.7505],[-38.5368,-20.7505],[-38.5394,-20.7505],[-38.542,-20.7505],[-38.5446,-20.7505],[-38.5472,-20.7505],[-38.5499,-20.7505],[-38.5525,-20.7505],[-38.5551,-20.7505],[-38.5577,-20.7505],[-38.5603,-20.7505],[-38.5629,-20.7505],[-38.5655,-20.7505],[-38.5681,-20.7505],[-38.5707,-20.7505],[-38.5733,-20.7505],[-38.5759,-20.7505],[-38.5785,-20.7505],[-38.5811,-20.7505],[-38.5837,-20.7505],[-38.5863,-20.7505],[-38.5889,-20.7505],[-38.5915,-20.7505],[-38.5941,-20.7505],[-38.5967,-20.7505],[-38.5993,-20.7505],[-38.6019,-20.7505],[-38.6045,-20.7505],[-38.6071,-20.7505],[-38.6097,-20.7505],[-38.6124,-20.7505],[-38.615,-20.7505],[-38.6176,-20.7505],[-38.6202,-20.7505],[-38.6228,-20.7505],[-38.6254,-20.7505],[-38.628,-20.7505],[-38.6306,-20.7505],[-38.6332,-20.7505],[-38.6358,-20.7505],[-38.6384,-20.7505],[-38.641,-20.7505],[-38.6436,-20.7505],[-38.6462,-20.7505],[-38.6488,-20.7505],[-38.6514,-20.7505],[-38.654,-20.7505],[-38.6566,-20.7505],[-38.6592,-20.7505],[-38.6618,-20.7505],[-38.6644,-20.7505],[-38.667,-20.7505],[-38.6696,-20.7505],[-38.6723,-20.7505],[-38.6749,-20.7505],[-38.6775,-20.7505],[-38.6801,-20.7505],[-38.6827,-20.7505],[-38.6853,-20.7505],[-38.6879,-20.7505],[-38.6905,-20.7505],[-38.6931,-20.7505],[-38.6957,-20.7505],[-38.6983,-20.7505],[-38.7009,-20.7505],[-38.7035,-20.7505],[-38.7061,-20.7505],[-38.7087,-20.7505],[-38.7113,-20.7505],[-38.7139,-20.7505],[-38.7165,-20.7505],[-38.7191,-20.7505],[-38.7217,-20.7505],[-38.7243,-20.7505],[-38.7269,-20.7505],[-38.7295,-20.7505],[-38.7321,-20.7505],[-38.7348,-20.7505],[-38.7374,-20.7505],[-38.74,-20.7505],[-38.7426,-20.7505],[-38.7452,-20.7505],[-38.7478,-20.7505],[-38.7504,-20.7505],[-38.7504,-20.7531],[-38.7504,-20.7557],[-38.7504,-20.7583],[-38.7504,-20.7609],[-38.7504,-20.7635],[-38.7504,-20.7661],[-38.7504,-20.7687],[-38.7504,-20.7713],[-38.7504,-20.7739],[-38.7504,-20.7765],[-38.7504,-20.7791],[-38.7504,-20.7817],[-38.7504,-20.7843],[-38.7504,-20.787],[-38.7504,-20.7896],[-38.7504,-20.7922],[-38.7504,-20.7948],[-38.7504,-20.7974],[-38.7504,-20.8],[-38.7504,-20.8026],[-38.7504,-20.8052],[-38.7504,-20.8078],[-38.7504,-20.8104],[-38.7504,-20.813],[-38.7504,-20.8156],[-38.7504,-20.8182],[-38.7504,-20.8208],[-38.7504,-20.8234],[-38.7504,-20.826],[-38.7504,-20.8286],[-38.7504,-20.8312],[-38.7504,-20.8338],[-38.7504,-20.8364],[-38.7504,-20.839],[-38.7504,-20.8416],[-38.7504,-20.8442],[-38.7504,-20.8468],[-38.7504,-20.8495],[-38.7504,-20.8521],[-38.7504,-20.8547],[-38.7504,-20.8573],[-38.7504,-20.8599],[-38.7504,-20.8625],[-38.7504,-20.8651],[-38.7504,-20.8677],[-38.7504,-20.8703],[-38.7504,-20.8729],[-38.7504,-20.8755],[-38.7504,-20.8781],[-38.7504,-20.8807],[-38.7504,-20.8833],[-38.7504,-20.8859],[-38.7504,-20.8885],[-38.7504,-20.8911],[-38.7504,-20.8937],[-38.7504,-20.8963],[-38.7504,-20.8989],[-38.7504,-20.9015],[-38.7504,-20.9041],[-38.7504,-20.9067],[-38.7504,-20.9094],[-38.7504,-20.912],[-38.7504,-20.9146],[-38.7504,-20.9172],[-38.7504,-20.9198],[-38.7504,-20.9224],[-38.7504,-20.925],[-38.7504,-20.9276],[-38.7504,-20.9302],[-38.7504,-20.9328],[-38.7504,-20.9354],[-38.7504,-20.938],[-38.7504,-20.9406],[-38.7504,-20.9432],[-38.7504,-20.9458],[-38.7504,-20.9484],[-38.7504,-20.951],[-38.7504,-20.9536],[-38.7504,-20.9562],[-38.7504,-20.9588],[-38.7504,-20.9614],[-38.7504,-20.964],[-38.7504,-20.9666],[-38.7504,-20.9692],[-38.7504,-20.9719],[-38.7504,-20.9745],[-38.7504,-20.9771],[-38.7504,-20.9797],[-38.7504,-20.9823],[-38.7504,-20.9849],[-38.7504,-20.9875],[-38.7504,-20.9901],[-38.7504,-20.9927],[-38.7504,-20.9953],[-38.7504,-20.9979],[-38.7504,-21.0005]]]]},"geometry_name":"GEOMETRY","properties":{"COD_BLOCO":"ES-M-743","COD_FASE_C":"E","DAT_ASSINA":"30-08-2013","DAT_TERMIN":null,"NOM_BACIA":"Espírito Santo","NOM_BLOCO":"ES-M-743","NOM_FANTAS":"ES-M-743_R11","NUM_CONTRA":"48610005459201371","NUM_DESCOB":0,"OPERADOR_C":"Petróleo Brasileiro S.A. - PETROBRAS","RODADA":"Rodada 11","AREA_TOTAL":720,"AMBIENTE":"M ","BLOCOS":"ES-M-743                                          "},"bbox":[-38.7504,-21.0005,-38.5004,-20.7505]},{"type":"Feature","id":"BLOCOS_EXPLORATORIOS_SIRGAS.402","geometry":{"type":"MultiPolygon","coordinates":[[[[-50.2504,4.9997],[-50.2504,4.9971],[-50.2504,4.9945],[-50.2504,4.9919],[-50.2504,4.9893],[-50.2504,4.9867],[-50.2504,4.9841],[-50.2504,4.9815],[-50.2504,4.9789],[-50.2504,4.9763],[-50.2504,4.9736],[-50.2504,4.971],[-50.2504,4.9684],[-50.2504,4.9658],[-50.2504,4.9632],[-50.2504,4.9606],[-50.2504,4.958],[-50.2504,4.9554],[-50.2504,4.9528],[-50.2504,4.9502],[-50.2504,4.9476],[-50.2504,4.945],[-50.2504,4.9424],[-50.2504,4.9398],[-50.2504,4.9372],[-50.2504,4.9346],[-50.2504,4.932],[-50.2504,4.9294],[-50.2504,4.9268],[-50.2504,4.9242],[-50.2504,4.9216],[-50.2504,4.919],[-50.2504,4.9164],[-50.2504,4.9138],[-50.2504,4.9111],[-50.2504,4.9085],[-50.2504,4.9059],[-50.2504,4.9033],[-50.2504,4.9007],[-50.2504,4.8981],[-50.2504,4.8955],[-50.2504,4.8929],[-50.2504,4.8903],[-50.2504,4.8877],[-50.2504,4.8851],[-50.2504,4.8825],[-50.2504,4.8799],[-50.2504,4.8773],[-50.2504,4.8747],[-50.2504,4.8721],[-50.2504,4.8695],[-50.2504,4.8669],[-50.2504,4.8643],[-50.2504,4.8617],[-50.2504,4.8591],[-50.2504,4.8565],[-50.2504,4.8539],[-50.2504,4.8513],[-50.2504,4.8486],[-50.2504,4.846],[-50.2504,4.8434],[-50.2504,4.8408],[-50.2504,4.8382],[-50.2504,4.8356],[-50.2504,4.833],[-50.2504,4.8304],[-50.2504,4.8278],[-50.2504,4.8252],[-50.2504,4.8226],[-50.2504,4.82],[-50.2504,4.8174],[-50.2504,4.8148],[-50.2504,4.8122],[-50.2504,4.8096],[-50.2504,4.807],[-50.2504,4.8044],[-50.2504,4.8018],[-50.2504,4.7992],[-50.2504,4.7966],[-50.2504,4.794],[-50.2504,4.7914],[-50.2504,4.7888],[-50.2504,4.7861],[-50.2504,4.7835],[-50.2504,4.7809],[-50.2504,4.7783],[-50.2504,4.7757],[-50.2504,4.7731],[-50.2504,4.7705],[-50.2504,4.7679],[-50.2504,4.7653],[-50.2504,4.7627],[-50.2504,4.7601],[-50.2504,4.7575],[-50.2504,4.7549],[-50.2504,4.7523],[-50.2504,4.7497],[-50.2478,4.7497],[-50.2452,4.7497],[-50.2426,4.7497],[-50.24,4.7497],[-50.2374,4.7497],[-50.2348,4.7497],[-50.2322,4.7497],[-50.2296,4.7497],[-50.227,4.7497],[-50.2244,4.7497],[-50.2218,4.7497],[-50.2192,4.7497],[-50.2166,4.7497],[-50.214,4.7497],[-50.2114,4.7497],[-50.2088,4.7497],[-50.2062,4.7497],[-50.2036,4.7497],[-50.201,4.7497],[-50.1984,4.7497],[-50.1958,4.7497],[-50.1932,4.7497],[-50.1905,4.7497],[-50.1879,4.7497],[-50.1853,4.7497],[-50.1827,4.7497],[-50.1801,4.7497],[-50.1775,4.7497],[-50.1749,4.7497],[-50.1723,4.7497],[-50.1697,4.7497],[-50.1671,4.7497],[-50.1645,4.7497],[-50.1619,4.7497],[-50.1593,4.7497],[-50.1567,4.7497],[-50.1541,4.7497],[-50.1515,4.7497],[-50.1489,4.7497],[-50.1463,4.7497],[-50.1437,4.7497],[-50.1411,4.7497],[-50.1385,4.7497],[-50.1359,4.7497],[-50.1333,4.7497],[-50.1307,4.7497],[-50.128,4.7497],[-50.1254,4.7497],[-50.1228,4.7497],[-50.1202,4.7497],[-50.1176,4.7497],[-50.115,4.7497],[-50.1124,4.7497],[-50.1098,4.7497],[-50.1072,4.7497],[-50.1046,4.7497],[-50.102,4.7497],[-50.0994,4.7497],[-50.0968,4.7497],[-50.0942,4.7497],[-50.0916,4.7497],[-50.089,4.7497],[-50.0864,4.7497],[-50.0838,4.7497],[-50.0812,4.7497],[-50.0786,4.7497],[-50.076,4.7497],[-50.0734,4.7497],[-50.0708,4.7497],[-50.0682,4.7497],[-50.0655,4.7497],[-50.0629,4.7497],[-50.0603,4.7497],[-50.0577,4.7497],[-50.0551,4.7497],[-50.0525,4.7497],[-50.0499,4.7497],[-50.0473,4.7497],[-50.0447,4.7497],[-50.0421,4.7497],[-50.0395,4.7497],[-50.0369,4.7497],[-50.0343,4.7497],[-50.0317,4.7497],[-50.0291,4.7497],[-50.0265,4.7497],[-50.0239,4.7497],[-50.0213,4.7497],[-50.0187,4.7497],[-50.0161,4.7497],[-50.0135,4.7497],[-50.0109,4.7497],[-50.0083,4.7497],[-50.0057,4.7497],[-50.003,4.7497],[-50.0004,4.7497],[-50.0004,4.7523],[-50.0004,4.7549],[-50.0004,4.7575],[-50.0004,4.7601],[-50.0004,4.7627],[-50.0004,4.7653],[-50.0004,4.7679],[-50.0004,4.7705],[-50.0004,4.7731],[-50.0004,4.7757],[-50.0004,4.7783],[-50.0004,4.7809],[-50.0004,4.7835],[-50.0004,4.7861],[-50.0004,4.7888],[-50.0004,4.7914],[-50.0004,4.794],[-50.0004,4.7966],[-50.0004,4.7992],[-50.0004,4.8018],[-50.0004,4.8044],[-50.0004,4.807],[-50.0004,4.8096],[-50.0004,4.8122],[-50.0004,4.8148],[-50.0004,4.8174],[-50.0004,4.82],[-50.0004,4.8226],[-50.0004,4.8252],[-50.0004,4.8278],[-50.0004,4.8304],[-50.0004,4.833],[-50.0004,4.8356],[-50.0004,4.8382],[-50.0004,4.8408],[-50.0004,4.8434],[-50.0004,4.846],[-50.0004,4.8486],[-50.0004,4.8513],[-50.0004,4.8539],[-50.0004,4.8565],[-50.0004,4.8591],[-50.0004,4.8617],[-50.0004,4.8643],[-50.0004,4.8669],[-50.0004,4.8695],[-50.0004,4.8721],[-50.0004,4.8747],[-50.0004,4.8773],[-50.0004,4.8799],[-50.0004,4.8825],[-50.0004,4.8851],[-50.0004,4.8877],[-50.0004,4.8903],[-50.0004,4.8929],[-50.0004,4.8955],[-50.0004,4.8981],[-50.0004,4.9007],[-50.0004,4.9033],[-50.0004,4.9059],[-50.0004,4.9085],[-50.0004,4.9111],[-50.0004,4.9138],[-50.0004,4.9164],[-50.0004,4.919],[-50.0004,4.9216],[-50.0004,4.9242],[-50.0004,4.9268],[-50.0004,4.9294],[-50.0004,4.932],[-50.0004,4.9346],[-50.0004,4.9372],[-50.0004,4.9398],[-50.0004,4.9424],[-50.0004,4.945],[-50.0004,4.9476],[-50.0004,4.9502],[-50.0004,4.9528],[-50.0004,4.9554],[-50.0004,4.958],[-50.0004,4.9606],[-50.0004,4.9632],[-50.0004,4.9658],[-50.0004,4.9684],[-50.0004,4.971],[-50.0004,4.9736],[-50.0004,4.9763],[-50.0004,4.9789],[-50.0004,4.9815],[-50.0004,4.9841],[-50.0004,4.9867],[-50.0004,4.9893],[-50.0004,4.9919],[-50.0004,4.9945],[-50.0004,4.9971],[-50.0004,4.9997],[-50.003,4.9997],[-50.0057,4.9997],[-50.0083,4.9997],[-50.0109,4.9997],[-50.0135,4.9997],[-50.0161,4.9997],[-50.0187,4.9997],[-50.0213,4.9997],[-50.0239,4.9997],[-50.0265,4.9997],[-50.0291,4.9997],[-50.0317,4.9997],[-50.0343,4.9997],[-50.0369,4.9997],[-50.0395,4.9997],[-50.0421,4.9997],[-50.0447,4.9997],[-50.0473,4.9997],[-50.0499,4.9997],[-50.0525,4.9997],[-50.0551,4.9997],[-50.0577,4.9997],[-50.0603,4.9997],[-50.0629,4.9997],[-50.0655,4.9997],[-50.0682,4.9997],[-50.0708,4.9997],[-50.0734,4.9997],[-50.076,4.9997],[-50.0786,4.9997],[-50.0812,4.9997],[-50.0838,4.9997],[-50.0864,4.9997],[-50.089,4.9997],[-50.0916,4.9997],[-50.0942,4.9997],[-50.0968,4.9997],[-50.0994,4.9997],[-50.102,4.9997],[-50.1046,4.9997],[-50.1072,4.9997],[-50.1098,4.9997],[-50.1124,4.9997],[-50.115,4.9997],[-50.1176,4.9997],[-50.1202,4.9997],[-50.1228,4.9997],[-50.1254,4.9997],[-50.128,4.9997],[-50.1307,4.9997],[-50.1333,4.9997],[-50.1359,4.9997],[-50.1385,4.9997],[-50.1411,4.9997],[-50.1437,4.9997],[-50.1463,4.9997],[-50.1489,4.9997],[-50.1515,4.9997],[-50.1541,4.9997],[-50.1567,4.9997],[-50.1593,4.9997],[-50.1619,4.9997],[-50.1645,4.9997],[-50.1671,4.9997],[-50.1697,4.9997],[-50.1723,4.9997],[-50.1749,4.9997],[-50.1775,4.9997],[-50.1801,4.9997],[-50.1827,4.9997],[-50.1853,4.9997],[-50.1879,4.9997],[-50.1905,4.9997],[-50.1932,4.9997],[-50.1958,4.9997],[-50.1984,4.9997],[-50.201,4.9997],[-50.2036,4.9997],[-50.2062,4.9997],[-50.2088,4.9997],[-50.2114,4.9997],[-50.214,4.9997],[-50.2166,4.9997],[-50.2192,4.9997],[-50.2218,4.9997],[-50.2244,4.9997],[-50.227,4.9997],[-50.2296,4.9997],[-50.2322,4.9997],[-50.2348,4.9997],[-50.2374,4.9997],[-50.24,4.9997],[-50.2426,4.9997],[-50.2452,4.9997],[-50.2478,4.9997],[-50.2504,4.9997]]]]},"geometry_name":"GEOMETRY","properties":{"COD_BLOCO":"FZA-M-125","COD_FASE_C":"E","DAT_ASSINA":"06-08-2013","DAT_TERMIN":null,"NOM_BACIA":"Foz do Amazonas","NOM_BLOCO":"FZA-M-125","NOM_FANTAS":"FZA-M-125_R11","NUM_CONTRA":"48610005518201319","NUM_DESCOB":0,"OPERADOR_C":"Petróleo Brasileiro S.A. - PETROBRAS","RODADA":"Rodada 11","AREA_TOTAL":767,"AMBIENTE":"M ","BLOCOS":"FZA-M-125                                         "},"bbox":[-50.2504,4.7497,-50.0004,4.9997]},{"type":"Feature","id":"BLOCOS_EXPLORATORIOS_SIRGAS.2318","geometry":{"type":"MultiPolygon","coordinates":[[[[-47.25,3.25],[-47.25,3.5],[-47.5,3.5],[-47.5,3.25],[-47.25,3.25]]]]},"geometry_name":"GEOMETRY","properties":{"COD_BLOCO":"FZA-M-549","COD_FASE_C":"E","DAT_ASSINA":"24-11-2025","DAT_TERMIN":null,"NOM_BACIA":"Foz do Amazonas","NOM_BLOCO":"FZA-M-549","NOM_FANTAS":"FZA-M-549_OP5","NUM_CONTRA":"48610220722202593","NUM_DESCOB":0,"OPERADOR_C":"ExxonMobil Exploração Brasil Ltda.","RODADA":"OPC5","AREA_TOTAL":768.018,"AMBIENTE":"M ","BLOCOS":null},"bbox":[-47.5,3.25,-47.25,3.5]},{"type":"Feature","id":"BLOCOS_EXPLORATORIOS_SIRGAS.433","geometry":{"type":"MultiPolygon","coordinates":[[[[-38.7504,-20.5005],[-38.753,-20.5005],[-38.7556,-20.5005],[-38.7582,-20.5005],[-38.7608,-20.5005],[-38.7634,-20.5005],[-38.766,-20.5005],[-38.7686,-20.5005],[-38.7712,-20.5005],[-38.7738,-20.5005],[-38.7764,-20.5005],[-38.779,-20.5005],[-38.7816,-20.5005],[-38.7842,-20.5005],[-38.7868,-20.5005],[-38.7894,-20.5005],[-38.792,-20.5005],[-38.7946,-20.5005],[-38.7973,-20.5005],[-38.7999,-20.5005],[-38.8025,-20.5005],[-38.8051,-20.5005],[-38.8077,-20.5005],[-38.8103,-20.5005],[-38.8129,-20.5005],[-38.8155,-20.5005],[-38.8181,-20.5005],[-38.8207,-20.5005],[-38.8233,-20.5005],[-38.8259,-20.5005],[-38.8285,-20.5005],[-38.8311,-20.5005],[-38.8337,-20.5005],[-38.8363,-20.5005],[-38.8389,-20.5005],[-38.8415,-20.5005],[-38.8441,-20.5005],[-38.8467,-20.5005],[-38.8493,-20.5005],[-38.8519,-20.5005],[-38.8545,-20.5005],[-38.8571,-20.5005],[-38.8598,-20.5005],[-38.8624,-20.5005],[-38.865,-20.5005],[-38.8676,-20.5005],[-38.8702,-20.5005],[-38.8728,-20.5005],[-38.8754,-20.5005],[-38.878,-20.5005],[-38.8806,-20.5005],[-38.8832,-20.5005],[-38.8858,-20.5005],[-38.8884,-20.5005],[-38.891,-20.5005],[-38.8936,-20.5005],[-38.8962,-20.5005],[-38.8988,-20.5005],[-38.9014,-20.5005],[-38.904,-20.5005],[-38.9066,-20.5005],[-38.9092,-20.5005],[-38.9118,-20.5005],[-38.9144,-20.5005],[-38.917,-20.5005],[-38.9196,-20.5005],[-38.9223,-20.5005],[-38.9249,-20.5005],[-38.9275,-20.5005],[-38.9301,-20.5005],[-38.9327,-20.5005],[-38.9353,-20.5005],[-38.9379,-20.5005],[-38.9405,-20.5005],[-38.9431,-20.5005],[-38.9457,-20.5005],[-38.9483,-20.5005],[-38.9509,-20.5005],[-38.9535,-20.5005],[-38.9561,-20.5005],[-38.9587,-20.5005],[-38.9613,-20.5005],[-38.9639,-20.5005],[-38.9665,-20.5005],[-38.9691,-20.5005],[-38.9717,-20.5005],[-38.9743,-20.5005],[-38.9769,-20.5005],[-38.9795,-20.5005],[-38.9821,-20.5005],[-38.9848,-20.5005],[-38.9874,-20.5005],[-38.99,-20.5005],[-38.9926,-20.5005],[-38.9952,-20.5005],[-38.9978,-20.5005],[-39.0004,-20.5005],[-39.0004,-20.5031],[-39.0004,-20.5057],[-39.0004,-20.5083],[-39.0004,-20.5109],[-39.0004,-20.5135],[-39.0004,-20.5161],[-39.0004,-20.5187],[-39.0004,-20.5213],[-39.0004,-20.5239],[-39.0004,-20.5265],[-39.0004,-20.5291],[-39.0004,-20.5317],[-39.0004,-20.5343],[-39.0004,-20.537],[-39.0004,-20.5396],[-39.0004,-20.5422],[-39.0004,-20.5448],[-39.0004,-20.5474],[-39.0004,-20.55],[-39.0004,-20.5526],[-39.0004,-20.5552],[-39.0004,-20.5578],[-39.0004,-20.5604],[-39.0004,-20.563],[-39.0004,-20.5656],[-39.0004,-20.5682],[-39.0004,-20.5708],[-39.0004,-20.5734],[-39.0004,-20.576],[-39.0004,-20.5786],[-39.0004,-20.5812],[-39.0004,-20.5838],[-39.0004,-20.5864],[-39.0004,-20.589],[-39.0004,-20.5916],[-39.0004,-20.5942],[-39.0004,-20.5968],[-39.0004,-20.5995],[-39.0004,-20.6021],[-39.0004,-20.6047],[-39.0004,-20.6073],[-39.0004,-20.6099],[-39.0004,-20.6125],[-39.0004,-20.6151],[-39.0004,-20.6177],[-39.0004,-20.6203],[-39.0004,-20.6229],[-39.0004,-20.6255],[-39.0004,-20.6281],[-39.0004,-20.6307],[-39.0004,-20.6333],[-39.0004,-20.6359],[-39.0004,-20.6385],[-39.0004,-20.6411],[-39.0004,-20.6437],[-39.0004,-20.6463],[-39.0004,-20.6489],[-39.0004,-20.6515],[-39.0004,-20.6541],[-39.0004,-20.6567],[-39.0004,-20.6593],[-39.0004,-20.662],[-39.0004,-20.6646],[-39.0004,-20.6672],[-39.0004,-20.6698],[-39.0004,-20.6724],[-39.0004,-20.675],[-39.0004,-20.6776],[-39.0004,-20.6802],[-39.0004,-20.6828],[-39.0004,-20.6854],[-39.0004,-20.688],[-39.0004,-20.6906],[-39.0004,-20.6932],[-39.0004,-20.6958],[-39.0004,-20.6984],[-39.0004,-20.701],[-39.0004,-20.7036],[-39.0004,-20.7062],[-39.0004,-20.7088],[-39.0004,-20.7114],[-39.0004,-20.714],[-39.0004,-20.7166],[-39.0004,-20.7192],[-39.0004,-20.7218],[-39.0004,-20.7245],[-39.0004,-20.7271],[-39.0004,-20.7297],[-39.0004,-20.7323],[-39.0004,-20.7349],[-39.0004,-20.7375],[-39.0004,-20.7401],[-39.0004,-20.7427],[-39.0004,-20.7453],[-39.0004,-20.7479],[-39.0004,-20.7505],[-38.9978,-20.7505],[-38.9952,-20.7505],[-38.9926,-20.7505],[-38.99,-20.7505],[-38.9874,-20.7505],[-38.9848,-20.7505],[-38.9821,-20.7505],[-38.9795,-20.7505],[-38.9769,-20.7505],[-38.9743,-20.7505],[-38.9717,-20.7505],[-38.9691,-20.7505],[-38.9665,-20.7505],[-38.9639,-20.7505],[-38.9613,-20.7505],[-38.9587,-20.7505],[-38.9561,-20.7505],[-38.9535,-20.7505],[-38.9509,-20.7505],[-38.9483,-20.7505],[-38.9457,-20.7505],[-38.9431,-20.7505],[-38.9405,-20.7505],[-38.9379,-20.7505],[-38.9353,-20.7505],[-38.9327,-20.7505],[-38.9301,-20.7505],[-38.9275,-20.7505],[-38.9249,-20.7505],[-38.9223,-20.7505],[-38.9196,-20.7505],[-38.917,-20.7505],[-38.9144,-20.7505],[-38.9118,-20.7505],[-38.9092,-20.7505],[-38.9066,-20.7505],[-38.904,-20.7505],[-38.9014,-20.7505],[-38.8988,-20.7505],[-38.8962,-20.7505],[-38.8936,-20.7505],[-38.891,-20.7505],[-38.8884,-20.7505],[-38.8858,-20.7505],[-38.8832,-20.7505],[-38.8806,-20.7505],[-38.878,-20.7505],[-38.8754,-20.7505],[-38.8728,-20.7505],[-38.8702,-20.7505],[-38.8676,-20.7505],[-38.865,-20.7505],[-38.8624,-20.7505],[-38.8598,-20.7505],[-38.8571,-20.7505],[-38.8545,-20.7505],[-38.8519,-20.7505],[-38.8493,-20.7505],[-38.8467,-20.7505],[-38.8441,-20.7505],[-38.8415,-20.7505],[-38.8389,-20.7505],[-38.8363,-20.7505],[-38.8337,-20.7505],[-38.8311,-20.7505],[-38.8285,-20.7505],[-38.8259,-20.7505],[-38.8233,-20.7505],[-38.8207,-20.7505],[-38.8181,-20.7505],[-38.8155,-20.7505],[-38.8129,-20.7505],[-38.8103,-20.7505],[-38.8077,-20.7505],[-38.8051,-20.7505],[-38.8025,-20.7505],[-38.7999,-20.7505],[-38.7973,-20.7505],[-38.7946,-20.7505],[-38.792,-20.7505],[-38.7894,-20.7505],[-38.7868,-20.7505],[-38.7842,-20.7505],[-38.7816,-20.7505],[-38.779,-20.7505],[-38.7764,-20.7505],[-38.7738,-20.7505],[-38.7712,-20.7505],[-38.7686,-20.7505],[-38.766,-20.7505],[-38.7634,-20.7505],[-38.7608,-20.7505],[-38.7582,-20.7505],[-38.7556,-20.7505],[-38.753,-20.7505],[-38.7504,-20.7505],[-38.7504,-20.7479],[-38.7504,-20.7453],[-38.7504,-20.7427],[-38.7504,-20.7401],[-38.7504,-20.7375],[-38.7504,-20.7349],[-38.7504,-20.7323],[-38.7504,-20.7297],[-38.7504,-20.7271],[-38.7504,-20.7245],[-38.7504,-20.7218],[-38.7504,-20.7192],[-38.7504,-20.7166],[-38.7504,-20.714],[-38.7504,-20.7114],[-38.7504,-20.7088],[-38.7504,-20.7062],[-38.7504,-20.7036],[-38.7504,-20.701],[-38.7504,-20.6984],[-38.7504,-20.6958],[-38.7504,-20.6932],[-38.7504,-20.6906],[-38.7504,-20.688],[-38.7504,-20.6854],[-38.7504,-20.6828],[-38.7504,-20.6802],[-38.7504,-20.6776],[-38.7504,-20.675],[-38.7504,-20.6724],[-38.7504,-20.6698],[-38.7504,-20.6672],[-38.7504,-20.6646],[-38.7504,-20.662],[-38.7504,-20.6593],[-38.7504,-20.6567],[-38.7504,-20.6541],[-38.7504,-20.6515],[-38.7504,-20.6489],[-38.7504,-20.6463],[-38.7504,-20.6437],[-38.7504,-20.6411],[-38.7504,-20.6385],[-38.7504,-20.6359],[-38.7504,-20.6333],[-38.7504,-20.6307],[-38.7504,-20.6281],[-38.7504,-20.6255],[-38.7504,-20.6229],[-38.7504,-20.6203],[-38.7504,-20.6177],[-38.7504,-20.6151],[-38.7504,-20.6125],[-38.7504,-20.6099],[-38.7504,-20.6073],[-38.7504,-20.6047],[-38.7504,-20.6021],[-38.7504,-20.5995],[-38.7504,-20.5968],[-38.7504,-20.5942],[-38.7504,-20.5916],[-38.7504,-20.589],[-38.7504,-20.5864],[-38.7504,-20.5838],[-38.7504,-20.5812],[-38.7504,-20.5786],[-38.7504,-20.576],[-38.7504,-20.5734],[-38.7504,-20.5708],[-38.7504,-20.5682],[-38.7504,-20.5656],[-38.7504,-20.563],[-38.7504,-20.5604],[-38.7504,-20.5578],[-38.7504,-20.5552],[-38.7504,-20.5526],[-38.7504,-20.55],[-38.7504,-20.5474],[-38.7504,-20.5448],[-38.7504,-20.5422],[-38.7504,-20.5396],[-38.7504,-20.537],[-38.7504,-20.5343],[-38.7504,-20.5317],[-38.7504,-20.5291],[-38.7504,-20.5265],[-38.7504,-20.5239],[-38.7504,-20.5213],[-38.7504,-20.5187],[-38.7504,-20.5161],[-38.7504,-20.5135],[-38.7504,-20.5109],[-38.7504,-20.5083],[-38.7504,-20.5057],[-38.7504,-20.5031],[-38.7504,-20.5005]]]]},"geometry_name":"GEOMETRY","properties":{"COD_BLOCO":"ES-M-669","COD_FASE_C":"E","DAT_ASSINA":"30-08-2013","DAT_TERMIN":null,"NOM_BACIA":"Espírito Santo","NOM_BLOCO":"ES-M-669","NOM_FANTAS":"ES-M-669_R11","NUM_CONTRA":"48610005472201320","NUM_DESCOB":0,"OPERADOR_C":"Petróleo Brasileiro S.A. - PETROBRAS","RODADA":"Rodada 11","AREA_TOTAL":721,"AMBIENTE":"M ","BLOCOS":"ES-M-669                                          "},"bbox":[-39.0004,-20.7505,-38.7504,-20.5005]},{"type":"Feature","id":"BLOCOS_EXPLORATORIOS_SIRGAS.2319","geometry":{"type":"MultiPolygon","coordinates":[[[[-47.5,3.25],[-47.5,3.5],[-47.75,3.5],[-47.75,3.25],[-47.5,3.25]]]]},"geometry_name":"GEOMETRY","properties":{"COD_BLOCO":"FZA-M-547","COD_FASE_C":"E","DAT_ASSINA":"24-11-2025","DAT_TERMIN":null,"NOM_BACIA":"Foz do Amazonas","NOM_BLOCO":"FZA-M-547","NOM_FANTAS":"FZA-M-547_OP5","NUM_CONTRA":"48610220721202549","NUM_DESCOB":0,"OPERADOR_C":"ExxonMobil Exploração Brasil Ltda.","RODADA":"OPC5","AREA_TOTAL":768.018,"AMBIENTE":"M ","BLOCOS":null},"bbox":[-47.75,3.25,-47.5,3.5]},{"type":"Feature","id":"BLOCOS_EXPLORATORIOS_SIRGAS.2320","geometry":{"type":"MultiPolygon","coordinates":[[[[-47.3125,3.7083],[-47.3125,3.75],[-47.5,3.75],[-47.5,3.5],[-47.25,3.5],[-47.25,3.7083],[-47.3125,3.7083]]]]},"geometry_name":"GEOMETRY","properties":{"COD_BLOCO":"FZA-M-477","COD_FASE_C":"E","DAT_ASSINA":"24-11-2025","DAT_TERMIN":null,"NOM_BACIA":"Foz do Amazonas","NOM_BLOCO":"FZA-M-477","NOM_FANTAS":"FZA-M-477_OP5","NUM_CONTRA":"48610220720202502","NUM_DESCOB":0,"OPERADOR_C":"ExxonMobil Exploração Brasil Ltda.","RODADA":"OPC5","AREA_TOTAL":736,"AMBIENTE":"M ","BLOCOS":null},"bbox":[-47.5,3.5,-47.25,3.75]},{"type":"Feature","id":"BLOCOS_EXPLORATORIOS_SIRGAS.475","geometry":{"type":"MultiPolygon","coordinates":[[[[-50.5004,5.2497],[-50.5004,5.2471],[-50.5004,5.2445],[-50.5004,5.2419],[-50.5004,5.2393],[-50.5004,5.2367],[-50.5004,5.2341],[-50.5004,5.2315],[-50.5004,5.2289],[-50.5004,5.2263],[-50.5004,5.2237],[-50.5004,5.221],[-50.5004,5.2184],[-50.5004,5.2158],[-50.5004,5.2132],[-50.5004,5.2106],[-50.5004,5.208],[-50.5004,5.2054],[-50.5004,5.2028],[-50.5004,5.2002],[-50.5004,5.1976],[-50.5004,5.195],[-50.5004,5.1924],[-50.5004,5.1898],[-50.5004,5.1872],[-50.5004,5.1846],[-50.5004,5.182],[-50.5004,5.1794],[-50.5004,5.1768],[-50.5004,5.1742],[-50.5004,5.1716],[-50.5004,5.169],[-50.5004,5.1664],[-50.5004,5.1638],[-50.5004,5.1612],[-50.5004,5.1585],[-50.5004,5.1559],[-50.5004,5.1533],[-50.5004,5.1507],[-50.5004,5.1481],[-50.5004,5.1455],[-50.5004,5.1429],[-50.5004,5.1403],[-50.5004,5.1377],[-50.5004,5.1351],[-50.5004,5.1325],[-50.5004,5.1299],[-50.5004,5.1273],[-50.5004,5.1247],[-50.5004,5.1221],[-50.5004,5.1195],[-50.5004,5.1169],[-50.5004,5.1143],[-50.5004,5.1117],[-50.5004,5.1091],[-50.5004,5.1065],[-50.5004,5.1039],[-50.5004,5.1013],[-50.5004,5.0986],[-50.5004,5.096],[-50.5004,5.0934],[-50.5004,5.0908],[-50.5004,5.0882],[-50.5004,5.0856],[-50.5004,5.083],[-50.5004,5.0804],[-50.5004,5.0778],[-50.5004,5.0752],[-50.5004,5.0726],[-50.5004,5.07],[-50.5004,5.0674],[-50.5004,5.0648],[-50.5004,5.0622],[-50.5004,5.0596],[-50.5004,5.057],[-50.5004,5.0544],[-50.5004,5.0518],[-50.5004,5.0492],[-50.5004,5.0466],[-50.5004,5.044],[-50.5004,5.0414],[-50.5004,5.0388],[-50.5004,5.0361],[-50.5004,5.0335],[-50.5004,5.0309],[-50.5004,5.0283],[-50.5004,5.0257],[-50.5004,5.0231],[-50.5004,5.0205],[-50.5004,5.0179],[-50.5004,5.0153],[-50.5004,5.0127],[-50.5004,5.0101],[-50.5004,5.0075],[-50.5004,5.0049],[-50.5004,5.0023],[-50.5004,4.9997],[-50.4978,4.9997],[-50.4952,4.9997],[-50.4926,4.9997],[-50.49,4.9997],[-50.4874,4.9997],[-50.4848,4.9997],[-50.4822,4.9997],[-50.4796,4.9997],[-50.477,4.9997],[-50.4744,4.9997],[-50.4718,4.9997],[-50.4692,4.9997],[-50.4666,4.9997],[-50.464,4.9997],[-50.4614,4.9997],[-50.4588,4.9997],[-50.4562,4.9997],[-50.4536,4.9997],[-50.451,4.9997],[-50.4484,4.9997],[-50.4458,4.9997],[-50.4432,4.9997],[-50.4406,4.9997],[-50.4379,4.9997],[-50.4353,4.9997],[-50.4327,4.9997],[-50.4301,4.9997],[-50.4275,4.9997],[-50.4249,4.9997],[-50.4223,4.9997],[-50.4197,4.9997],[-50.4171,4.9997],[-50.4145,4.9997],[-50.4119,4.9997],[-50.4093,4.9997],[-50.4067,4.9997],[-50.4041,4.9997],[-50.4015,4.9997],[-50.3989,4.9997],[-50.3963,4.9997],[-50.3937,4.9997],[-50.3911,4.9997],[-50.3885,4.9997],[-50.3859,4.9997],[-50.3833,4.9997],[-50.3807,4.9997],[-50.378,4.9997],[-50.3754,4.9997],[-50.3728,4.9997],[-50.3702,4.9997],[-50.3676,4.9997],[-50.365,4.9997],[-50.3624,4.9997],[-50.3598,4.9997],[-50.3572,4.9997],[-50.3546,4.9997],[-50.352,4.9997],[-50.3494,4.9997],[-50.3468,4.9997],[-50.3442,4.9997],[-50.3416,4.9997],[-50.339,4.9997],[-50.3364,4.9997],[-50.3338,4.9997],[-50.3312,4.9997],[-50.3286,4.9997],[-50.326,4.9997],[-50.3234,4.9997],[-50.3208,4.9997],[-50.3182,4.9997],[-50.3155,4.9997],[-50.3129,4.9997],[-50.3103,4.9997],[-50.3077,4.9997],[-50.3051,4.9997],[-50.3025,4.9997],[-50.2999,4.9997],[-50.2973,4.9997],[-50.2947,4.9997],[-50.2921,4.9997],[-50.2895,4.9997],[-50.2869,4.9997],[-50.2843,4.9997],[-50.2817,4.9997],[-50.2791,4.9997],[-50.2765,4.9997],[-50.2739,4.9997],[-50.2713,4.9997],[-50.2687,4.9997],[-50.2661,4.9997],[-50.2635,4.9997],[-50.2609,4.9997],[-50.2583,4.9997],[-50.2557,4.9997],[-50.253,4.9997],[-50.2504,4.9997],[-50.2504,5.0023],[-50.2504,5.0049],[-50.2504,5.0075],[-50.2504,5.0101],[-50.2504,5.0127],[-50.2504,5.0153],[-50.2504,5.0179],[-50.2504,5.0205],[-50.2504,5.0231],[-50.2504,5.0257],[-50.2504,5.0283],[-50.2504,5.0309],[-50.2504,5.0335],[-50.2504,5.0361],[-50.2504,5.0388],[-50.2504,5.0414],[-50.2504,5.044],[-50.2504,5.0466],[-50.2504,5.0492],[-50.2504,5.0518],[-50.2504,5.0544],[-50.2504,5.057],[-50.2504,5.0596],[-50.2504,5.0622],[-50.2504,5.0648],[-50.2504,5.0674],[-50.2504,5.07],[-50.2504,5.0726],[-50.2504,5.0752],[-50.2504,5.0778],[-50.2504,5.0804],[-50.2504,5.083],[-50.2504,5.0856],[-50.2504,5.0882],[-50.2504,5.0908],[-50.2504,5.0934],[-50.2504,5.096],[-50.2504,5.0987],[-50.2504,5.1013],[-50.2504,5.1039],[-50.2504,5.1065],[-50.2504,5.1091],[-50.2504,5.1117],[-50.2504,5.1143],[-50.2504,5.1169],[-50.2504,5.1195],[-50.2504,5.1221],[-50.2504,5.1247],[-50.2504,5.1273],[-50.2504,5.1299],[-50.2504,5.1325],[-50.2504,5.1351],[-50.2504,5.1377],[-50.2504,5.1403],[-50.2504,5.1429],[-50.2504,5.1455],[-50.2504,5.1481],[-50.2504,5.1507],[-50.2504,5.1533],[-50.2504,5.1559],[-50.2504,5.1585],[-50.2504,5.1612],[-50.2504,5.1638],[-50.2504,5.1664],[-50.2504,5.169],[-50.2504,5.1716],[-50.2504,5.1742],[-50.2504,5.1768],[-50.2504,5.1794],[-50.2504,5.182],[-50.2504,5.1846],[-50.2504,5.1872],[-50.2504,5.1898],[-50.2504,5.1924],[-50.2504,5.195],[-50.2504,5.1976],[-50.2504,5.2002],[-50.2504,5.2028],[-50.2504,5.2054],[-50.2504,5.208],[-50.2504,5.2106],[-50.2504,5.2132],[-50.2504,5.2158],[-50.2504,5.2184],[-50.2504,5.221],[-50.2504,5.2237],[-50.2504,5.2263],[-50.2504,5.2289],[-50.2504,5.2315],[-50.2504,5.2341],[-50.2504,5.2367],[-50.2504,5.2393],[-50.2504,5.2419],[-50.2504,5.2445],[-50.2504,5.2471],[-50.2504,5.2497],[-50.253,5.2497],[-50.2557,5.2497],[-50.2583,5.2497],[-50.2609,5.2497],[-50.2635,5.2497],[-50.2661,5.2497],[-50.2687,5.2497],[-50.2713,5.2497],[-50.2739,5.2497],[-50.2765,5.2497],[-50.2791,5.2497],[-50.2817,5.2497],[-50.2843,5.2497],[-50.2869,5.2497],[-50.2895,5.2497],[-50.2921,5.2497],[-50.2947,5.2497],[-50.2973,5.2497],[-50.2999,5.2497],[-50.3025,5.2497],[-50.3051,5.2497],[-50.3077,5.2497],[-50.3103,5.2497],[-50.3129,5.2497],[-50.3155,5.2497],[-50.3182,5.2497],[-50.3208,5.2497],[-50.3234,5.2497],[-50.326,5.2497],[-50.3286,5.2497],[-50.3312,5.2497],[-50.3338,5.2497],[-50.3364,5.2497],[-50.339,5.2497],[-50.3416,5.2497],[-50.3442,5.2497],[-50.3468,5.2497],[-50.3494,5.2497],[-50.352,5.2497],[-50.3546,5.2497],[-50.3572,5.2497],[-50.3598,5.2497],[-50.3624,5.2497],[-50.365,5.2497],[-50.3676,5.2497],[-50.3702,5.2497],[-50.3728,5.2497],[-50.3754,5.2497],[-50.378,5.2497],[-50.3807,5.2497],[-50.3833,5.2497],[-50.3859,5.2497],[-50.3885,5.2497],[-50.3911,5.2497],[-50.3937,5.2497],[-50.3963,5.2497],[-50.3989,5.2497],[-50.4015,5.2497],[-50.4041,5.2497],[-50.4067,5.2497],[-50.4093,5.2497],[-50.4119,5.2497],[-50.4145,5.2497],[-50.4171,5.2497],[-50.4197,5.2497],[-50.4223,5.2497],[-50.4249,5.2497],[-50.4275,5.2497],[-50.4301,5.2497],[-50.4327,5.2497],[-50.4353,5.2497],[-50.4379,5.2497],[-50.4406,5.2497],[-50.4432,5.2497],[-50.4458,5.2497],[-50.4484,5.2497],[-50.451,5.2497],[-50.4536,5.2497],[-50.4562,5.2497],[-50.4588,5.2497],[-50.4614,5.2497],[-50.464,5.2497],[-50.4666,5.2497],[-50.4692,5.2497],[-50.4718,5.2497],[-50.4744,5.2497],[-50.477,5.2497],[-50.4796,5.2497],[-50.4822,5.2497],[-50.4848,5.2497],[-50.4874,5.2497],[-50.49,5.2497],[-50.4926,5.2497],[-50.4952,5.2497],[-50.4978,5.2497],[-50.5004,5.2497]]]]},"geometry_name":"GEOMETRY","properties":{"COD_BLOCO":"FZA-M-86","COD_FASE_C":"E","DAT_ASSINA":"06-08-2013","DAT_TERMIN":null,"NOM_BACIA":"Foz do Amazonas","NOM_BLOCO":"FZA-M-86","NOM_FANTAS":"FZA-M-86_R11","NUM_CONTRA":"48610005510201344","NUM_DESCOB":0,"OPERADOR_C":"Petróleo Brasileiro S.A. - PETROBRAS","RODADA":"Rodada 11","AREA_TOTAL":766,"AMBIENTE":"M ","BLOCOS":"FZA-M-86                                          "},"bbox":[-50.5004,4.9997,-50.2504,5.2497]},{"type":"Feature","id":"BLOCOS_EXPLORATORIOS_SIRGAS.474","geometry":{"type":"MultiPolygon","coordinates":[[[[-50.2504,5.2497],[-50.2478,5.2497],[-50.2452,5.2497],[-50.2426,5.2497],[-50.24,5.2497],[-50.2374,5.2497],[-50.2348,5.2497],[-50.2322,5.2497],[-50.2296,5.2497],[-50.227,5.2497],[-50.2244,5.2497],[-50.2218,5.2497],[-50.2192,5.2497],[-50.2166,5.2497],[-50.214,5.2497],[-50.2114,5.2497],[-50.2088,5.2497],[-50.2062,5.2497],[-50.2036,5.2497],[-50.201,5.2497],[-50.1984,5.2497],[-50.1958,5.2497],[-50.1932,5.2497],[-50.1905,5.2497],[-50.1879,5.2497],[-50.1853,5.2497],[-50.1827,5.2497],[-50.1801,5.2497],[-50.1775,5.2497],[-50.1749,5.2497],[-50.1723,5.2497],[-50.1697,5.2497],[-50.1671,5.2497],[-50.1645,5.2497],[-50.1619,5.2497],[-50.1593,5.2497],[-50.1567,5.2497],[-50.1541,5.2497],[-50.1515,5.2497],[-50.1489,5.2497],[-50.1463,5.2497],[-50.1437,5.2497],[-50.1411,5.2497],[-50.1385,5.2497],[-50.1359,5.2497],[-50.1333,5.2497],[-50.1307,5.2497],[-50.128,5.2497],[-50.1254,5.2497],[-50.1228,5.2497],[-50.1202,5.2497],[-50.1176,5.2497],[-50.115,5.2497],[-50.1124,5.2497],[-50.1098,5.2497],[-50.1072,5.2497],[-50.1046,5.2497],[-50.102,5.2497],[-50.0994,5.2497],[-50.0968,5.2497],[-50.0942,5.2497],[-50.0916,5.2497],[-50.089,5.2497],[-50.0864,5.2497],[-50.0838,5.2497],[-50.0812,5.2497],[-50.0786,5.2497],[-50.076,5.2497],[-50.0734,5.2497],[-50.0708,5.2497],[-50.0682,5.2497],[-50.0655,5.2497],[-50.0629,5.2497],[-50.0603,5.2497],[-50.0577,5.2497],[-50.0551,5.2497],[-50.0525,5.2497],[-50.0499,5.2497],[-50.0473,5.2497],[-50.0447,5.2497],[-50.0421,5.2497],[-50.0395,5.2497],[-50.0369,5.2497],[-50.0343,5.2497],[-50.0317,5.2497],[-50.0291,5.2497],[-50.0265,5.2497],[-50.0239,5.2497],[-50.0213,5.2497],[-50.0187,5.2497],[-50.0161,5.2497],[-50.0135,5.2497],[-50.0109,5.2497],[-50.0083,5.2497],[-50.0057,5.2497],[-50.003,5.2497],[-50.0004,5.2497],[-50.0004,5.2523],[-50.0004,5.2549],[-50.0004,5.2575],[-50.0004,5.2601],[-50.0004,5.2627],[-50.0004,5.2653],[-50.0004,5.2679],[-50.0004,5.2705],[-50.0004,5.2731],[-50.0004,5.2757],[-50.0004,5.2783],[-50.0004,5.2809],[-50.0004,5.2835],[-50.0004,5.2862],[-50.0004,5.2888],[-50.0004,5.2914],[-50.0004,5.294],[-50.0004,5.2966],[-50.0004,5.2992],[-50.0004,5.3018],[-50.0004,5.3044],[-50.0004,5.307],[-50.0004,5.3096],[-50.0004,5.3122],[-50.0004,5.3148],[-50.0004,5.3174],[-50.0004,5.32],[-50.0004,5.3226],[-50.0004,5.3252],[-50.0004,5.3278],[-50.0004,5.3304],[-50.0004,5.333],[-50.0004,5.3356],[-50.0004,5.3382],[-50.0004,5.3408],[-50.0004,5.3434],[-50.0004,5.346],[-50.0004,5.3487],[-50.0004,5.3513],[-50.0004,5.3539],[-50.0004,5.3565],[-50.0004,5.3591],[-50.0004,5.3617],[-50.0004,5.3643],[-50.0004,5.3669],[-50.0004,5.3695],[-50.0004,5.3721],[-50.0004,5.3747],[-50.0004,5.3773],[-50.0004,5.3799],[-50.0004,5.3825],[-50.0004,5.3851],[-50.0004,5.3877],[-50.0004,5.3903],[-50.0004,5.3929],[-50.0004,5.3955],[-50.0004,5.3981],[-50.0004,5.4007],[-50.0004,5.4033],[-50.0004,5.4059],[-50.0004,5.4085],[-50.0004,5.4112],[-50.0004,5.4138],[-50.0004,5.4164],[-50.0004,5.419],[-50.0004,5.4216],[-50.0004,5.4242],[-50.0004,5.4268],[-50.0004,5.4294],[-50.0004,5.432],[-50.0004,5.4346],[-50.0004,5.4372],[-50.0004,5.4398],[-50.0004,5.4424],[-50.0004,5.445],[-50.0004,5.4476],[-50.0004,5.4502],[-50.0004,5.4528],[-50.0004,5.4554],[-50.0004,5.458],[-50.0004,5.4606],[-50.0004,5.4632],[-50.0004,5.4658],[-50.0004,5.4684],[-50.0004,5.471],[-50.0004,5.4737],[-50.0004,5.4763],[-50.0004,5.4789],[-50.0004,5.4815],[-50.0004,5.4841],[-50.0004,5.4867],[-50.0004,5.4893],[-50.0004,5.4919],[-50.0004,5.4945],[-50.0004,5.4971],[-50.0004,5.4997],[-50.003,5.4997],[-50.0057,5.4997],[-50.0083,5.4997],[-50.0109,5.4997],[-50.0135,5.4997],[-50.0161,5.4997],[-50.0187,5.4997],[-50.0213,5.4997],[-50.0239,5.4997],[-50.0265,5.4997],[-50.0291,5.4997],[-50.0317,5.4997],[-50.0343,5.4997],[-50.0369,5.4997],[-50.0395,5.4997],[-50.0421,5.4997],[-50.0447,5.4997],[-50.0473,5.4997],[-50.0499,5.4997],[-50.0525,5.4997],[-50.0551,5.4997],[-50.0577,5.4997],[-50.0603,5.4997],[-50.0629,5.4997],[-50.0655,5.4997],[-50.0682,5.4997],[-50.0708,5.4997],[-50.0734,5.4997],[-50.076,5.4997],[-50.0786,5.4997],[-50.0812,5.4997],[-50.0838,5.4997],[-50.0864,5.4997],[-50.089,5.4997],[-50.0916,5.4997],[-50.0942,5.4997],[-50.0968,5.4997],[-50.0994,5.4997],[-50.102,5.4997],[-50.1046,5.4997],[-50.1072,5.4997],[-50.1098,5.4997],[-50.1124,5.4997],[-50.115,5.4997],[-50.1176,5.4997],[-50.1202,5.4997],[-50.1228,5.4997],[-50.1254,5.4997],[-50.128,5.4997],[-50.1307,5.4997],[-50.1333,5.4997],[-50.1359,5.4997],[-50.1385,5.4997],[-50.1411,5.4997],[-50.1437,5.4997],[-50.1463,5.4997],[-50.1489,5.4997],[-50.1515,5.4997],[-50.1541,5.4997],[-50.1567,5.4997],[-50.1593,5.4997],[-50.1619,5.4997],[-50.1645,5.4997],[-50.1671,5.4997],[-50.1697,5.4997],[-50.1723,5.4997],[-50.1749,5.4997],[-50.1775,5.4997],[-50.1801,5.4997],[-50.1827,5.4997],[-50.1853,5.4997],[-50.1879,5.4997],[-50.1905,5.4997],[-50.1932,5.4997],[-50.1958,5.4997],[-50.1984,5.4997],[-50.201,5.4997],[-50.2036,5.4997],[-50.2062,5.4997],[-50.2088,5.4997],[-50.2114,5.4997],[-50.214,5.4997],[-50.2166,5.4997],[-50.2192,5.4997],[-50.2218,5.4997],[-50.2244,5.4997],[-50.227,5.4997],[-50.2296,5.4997],[-50.2322,5.4997],[-50.2348,5.4997],[-50.2374,5.4997],[-50.24,5.4997],[-50.2426,5.4997],[-50.2452,5.4997],[-50.2478,5.4997],[-50.2504,5.4997],[-50.2504,5.4971],[-50.2504,5.4945],[-50.2504,5.4919],[-50.2504,5.4893],[-50.2504,5.4867],[-50.2504,5.4841],[-50.2504,5.4815],[-50.2504,5.4789],[-50.2504,5.4763],[-50.2504,5.4737],[-50.2504,5.471],[-50.2504,5.4684],[-50.2504,5.4658],[-50.2504,5.4632],[-50.2504,5.4606],[-50.2504,5.458],[-50.2504,5.4554],[-50.2504,5.4528],[-50.2504,5.4502],[-50.2504,5.4476],[-50.2504,5.445],[-50.2504,5.4424],[-50.2504,5.4398],[-50.2504,5.4372],[-50.2504,5.4346],[-50.2504,5.432],[-50.2504,5.4294],[-50.2504,5.4268],[-50.2504,5.4242],[-50.2504,5.4216],[-50.2504,5.419],[-50.2504,5.4164],[-50.2504,5.4138],[-50.2504,5.4112],[-50.2504,5.4085],[-50.2504,5.4059],[-50.2504,5.4033],[-50.2504,5.4007],[-50.2504,5.3981],[-50.2504,5.3955],[-50.2504,5.3929],[-50.2504,5.3903],[-50.2504,5.3877],[-50.2504,5.3851],[-50.2504,5.3825],[-50.2504,5.3799],[-50.2504,5.3773],[-50.2504,5.3747],[-50.2504,5.3721],[-50.2504,5.3695],[-50.2504,5.3669],[-50.2504,5.3643],[-50.2504,5.3617],[-50.2504,5.3591],[-50.2504,5.3565],[-50.2504,5.3539],[-50.2504,5.3513],[-50.2504,5.3487],[-50.2504,5.346],[-50.2504,5.3434],[-50.2504,5.3408],[-50.2504,5.3382],[-50.2504,5.3356],[-50.2504,5.333],[-50.2504,5.3304],[-50.2504,5.3278],[-50.2504,5.3252],[-50.2504,5.3226],[-50.2504,5.32],[-50.2504,5.3174],[-50.2504,5.3148],[-50.2504,5.3122],[-50.2504,5.3096],[-50.2504,5.307],[-50.2504,5.3044],[-50.2504,5.3018],[-50.2504,5.2992],[-50.2504,5.2966],[-50.2504,5.294],[-50.2504,5.2914],[-50.2504,5.2888],[-50.2504,5.2862],[-50.2504,5.2835],[-50.2504,5.2809],[-50.2504,5.2783],[-50.2504,5.2757],[-50.2504,5.2731],[-50.2504,5.2705],[-50.2504,5.2679],[-50.2504,5.2653],[-50.2504,5.2627],[-50.2504,5.2601],[-50.2504,5.2575],[-50.2504,5.2549],[-50.2504,5.2523],[-50.2504,5.2497]]]]},"geometry_name":"GEOMETRY","properties":{"COD_BLOCO":"FZA-M-59","COD_FASE_C":"E","DAT_ASSINA":"06-08-2013","DAT_TERMIN":null,"NOM_BACIA":"Foz do Amazonas","NOM_BLOCO":"FZA-M-59","NOM_FANTAS":"FZA-M-59_R11","NUM_CONTRA":"48610005507201321","NUM_DESCOB":0,"OPERADOR_C":"Petróleo Brasileiro S.A. - PETROBRAS","RODADA":"Rodada 11","AREA_TOTAL":766,"AMBIENTE":"M ","BLOCOS":"FZA-M-59                                          "},"bbox":[-50.2504,5.2497,-50.0004,5.4997]},{"type":"Feature","id":"BLOCOS_EXPLORATORIOS_SIRGAS.2321","geometry":{"type":"MultiPolygon","coordinates":[[[[-47.5,3.5],[-47.5,3.75],[-47.75,3.75],[-47.75,3.5],[-47.5,3.5]]]]},"geometry_name":"GEOMETRY","properties":{"COD_BLOCO":"FZA-M-475","COD_FASE_C":"E","DAT_ASSINA":"24-11-2025","DAT_TERMIN":null,"NOM_BACIA":"Foz do Amazonas","NOM_BLOCO":"FZA-M-475","NOM_FANTAS":"FZA-M-475_OP5","NUM_CONTRA":"48610220665202542","NUM_DESCOB":0,"OPERADOR_C":"Chevron Brasil Óleo e Gás Ltda.","RODADA":"OPC5","AREA_TOTAL":768,"AMBIENTE":"M ","BLOCOS":null},"bbox":[-47.75,3.5,-47.5,3.75]},{"type":"Feature","id":"BLOCOS_EXPLORATORIOS_SIRGAS.2322","geometry":{"type":"MultiPolygon","coordinates":[[[[-47.75,3.5],[-47.75,3.75],[-48,3.75],[-48,3.5],[-47.75,3.5]]]]},"geometry_name":"GEOMETRY","properties":{"COD_BLOCO":"FZA-M-473","COD_FASE_C":"E","DAT_ASSINA":"24-11-2025","DAT_TERMIN":null,"NOM_BACIA":"Foz do Amazonas","NOM_BLOCO":"FZA-M-473","NOM_FANTAS":"FZA-M-473_OP5","NUM_CONTRA":"48610220664202506","NUM_DESCOB":0,"OPERADOR_C":"Chevron Brasil Óleo e Gás Ltda.","RODADA":"OPC5","AREA_TOTAL":768,"AMBIENTE":"M ","BLOCOS":null},"bbox":[-48,3.5,-47.75,3.75]},{"type":"Feature","id":"BLOCOS_EXPLORATORIOS_SIRGAS.2323","geometry":{"type":"MultiPolygon","coordinates":[[[[-47.75,3.75],[-47.75,4],[-48,4],[-48,3.75],[-47.75,3.75]]]]},"geometry_name":"GEOMETRY","properties":{"COD_BLOCO":"FZA-M-405","COD_FASE_C":"E","DAT_ASSINA":"24-11-2025","DAT_TERMIN":null,"NOM_BACIA":"Foz do Amazonas","NOM_BLOCO":"FZA-M-405","NOM_FANTAS":"FZA-M-405_OP5","NUM_CONTRA":"48610220663202553","NUM_DESCOB":0,"OPERADOR_C":"Chevron Brasil Óleo e Gás Ltda.","RODADA":"OPC5","AREA_TOTAL":768,"AMBIENTE":"M ","BLOCOS":null},"bbox":[-48,3.75,-47.75,4]},{"type":"Feature","id":"BLOCOS_EXPLORATORIOS_SIRGAS.2324","geometry":{"type":"MultiPolygon","coordinates":[[[[-48,3.75],[-48,4],[-48.25,4],[-48.25,3.75],[-48,3.75]]]]},"geometry_name":"GEOMETRY","properties":{"COD_BLOCO":"FZA-M-403","COD_FASE_C":"E","DAT_ASSINA":"24-11-2025","DAT_TERMIN":null,"NOM_BACIA":"Foz do Amazonas","NOM_BLOCO":"FZA-M-403","NOM_FANTAS":"FZA-M-403_OP5","NUM_CONTRA":"48610220727202516","NUM_DESCOB":0,"OPERADOR_C":"Petróleo Brasileiro S.A. - PETROBRAS","RODADA":"OPC5","AREA_TOTAL":768,"AMBIENTE":"M ","BLOCOS":null},"bbox":[-48.25,3.75,-48,4]},{"type":"Feature","id":"BLOCOS_EXPLORATORIOS_SIRGAS.2325","geometry":{"type":"MultiPolygon","coordinates":[[[[-47.9375,4.1667],[-47.9375,4.25],[-48,4.25],[-48,4],[-47.75,4],[-47.75,4.25],[-47.8125,4.25],[-47.8125,4.1667],[-47.9375,4.1667]]]]},"geometry_name":"GEOMETRY","properties":{"COD_BLOCO":"FZA-M-336","COD_FASE_C":"E","DAT_ASSINA":"24-11-2025","DAT_TERMIN":null,"NOM_BACIA":"Foz do Amazonas","NOM_BLOCO":"FZA-M-336","NOM_FANTAS":"FZA-M-336_OP5","NUM_CONTRA":"48610220662202517","NUM_DESCOB":0,"OPERADOR_C":"Chevron Brasil Óleo e Gás Ltda.","RODADA":"OPC5","AREA_TOTAL":639.494,"AMBIENTE":"M ","BLOCOS":null},"bbox":[-48,4,-47.75,4.25]},{"type":"Feature","id":"BLOCOS_EXPLORATORIOS_SIRGAS.2326","geometry":{"type":"MultiPolygon","coordinates":[[[[-48,4],[-48,4.25],[-48.25,4.25],[-48.25,4],[-48,4]]]]},"geometry_name":"GEOMETRY","properties":{"COD_BLOCO":"FZA-M-334","COD_FASE_C":"E","DAT_ASSINA":"24-11-2025","DAT_TERMIN":null,"NOM_BACIA":"Foz do Amazonas","NOM_BLOCO":"FZA-M-334","NOM_FANTAS":"FZA-M-334_OP5","NUM_CONTRA":"48610220661202564","NUM_DESCOB":0,"OPERADOR_C":"Chevron Brasil Óleo e Gás Ltda.","RODADA":"OPC5","AREA_TOTAL":767.377,"AMBIENTE":"M ","BLOCOS":null},"bbox":[-48.25,4,-48,4.25]},{"type":"Feature","id":"BLOCOS_EXPLORATORIOS_SIRGAS.2327","geometry":{"type":"MultiPolygon","coordinates":[[[[-48,4.25],[-48,4.5],[-48.25,4.5],[-48.25,4.25],[-48,4.25]]]]},"geometry_name":"GEOMETRY","properties":{"COD_BLOCO":"FZA-M-267","COD_FASE_C":"E","DAT_ASSINA":"24-11-2025","DAT_TERMIN":null,"NOM_BACIA":"Foz do Amazonas","NOM_BLOCO":"FZA-M-267","NOM_FANTAS":"FZA-M-267_OP5","NUM_CONTRA":"48610220660202510","NUM_DESCOB":0,"OPERADOR_C":"Chevron Brasil Óleo e Gás Ltda.","RODADA":"OPC5","AREA_TOTAL":767.134,"AMBIENTE":"M ","BLOCOS":null},"bbox":[-48.25,4.25,-48,4.5]},{"type":"Feature","id":"BLOCOS_EXPLORATORIOS_SIRGAS.922","geometry":{"type":"MultiPolygon","coordinates":[[[[-40.7917,-22.9687],[-40.7995,-22.9687],[-40.7995,-22.987],[-40.8099,-22.987],[-40.8099,-23.0078],[-40.8203,-23.0078],[-40.8203,-23.013],[-40.8307,-23.013],[-40.8307,-23.0208],[-40.8411,-23.0208],[-40.8411,-23.0755],[-40.7578,-23.0755],[-40.7578,-23.0677],[-40.7474,-23.0677],[-40.7474,-23.0573],[-40.737,-23.0573],[-40.737,-23.0521],[-40.7292,-23.0521],[-40.7292,-23.0443],[-40.7214,-23.0443],[-40.7214,-23.0365],[-40.7109,-23.0365],[-40.7109,-23.0339],[-40.7005,-23.0339],[-40.7005,-23.026],[-40.6927,-23.026],[-40.6927,-23.013],[-40.6875,-23.013],[-40.6875,-23.0005],[-40.6905,-23.0005],[-40.6931,-23.0005],[-40.6957,-23.0005],[-40.6983,-23.0005],[-40.7009,-23.0005],[-40.7035,-23.0005],[-40.7061,-23.0005],[-40.7087,-23.0005],[-40.7113,-23.0005],[-40.7139,-23.0005],[-40.7165,-23.0005],[-40.7191,-23.0005],[-40.7218,-23.0005],[-40.7244,-23.0005],[-40.727,-23.0005],[-40.7296,-23.0005],[-40.7322,-23.0005],[-40.7348,-23.0005],[-40.7374,-23.0005],[-40.74,-23.0005],[-40.7426,-23.0005],[-40.7452,-23.0005],[-40.7452,-23.0031],[-40.7478,-23.0031],[-40.7504,-23.0031],[-40.7504,-23.0057],[-40.753,-23.0057],[-40.753,-23.0083],[-40.7556,-23.0083],[-40.7556,-23.0109],[-40.7582,-23.0109],[-40.7608,-23.0109],[-40.7634,-23.0109],[-40.766,-23.0109],[-40.766,-23.0083],[-40.7686,-23.0083],[-40.7712,-23.0083],[-40.7738,-23.0083],[-40.7738,-23.0057],[-40.7738,-23.0031],[-40.7712,-23.0031],[-40.7712,-23.0005],[-40.7686,-23.0005],[-40.7686,-22.9979],[-40.766,-22.9979],[-40.766,-22.9953],[-40.7634,-22.9953],[-40.7634,-22.9927],[-40.7608,-22.9927],[-40.7608,-22.9901],[-40.7582,-22.9901],[-40.7556,-22.9901],[-40.7556,-22.9875],[-40.753,-22.9875],[-40.753,-22.9849],[-40.7504,-22.9849],[-40.7504,-22.9818],[-40.7504,-22.9792],[-40.7504,-22.9766],[-40.7504,-22.974],[-40.7504,-22.9714],[-40.7504,-22.9687],[-40.7504,-22.9661],[-40.7504,-22.9635],[-40.7504,-22.9609],[-40.7504,-22.9583],[-40.7504,-22.9557],[-40.7504,-22.9531],[-40.7917,-22.9531],[-40.7917,-22.9687]]]]},"geometry_name":"GEOMETRY","properties":{"COD_BLOCO":"SO_TRTG_VD","COD_FASE_C":"E","DAT_ASSINA":"17-12-2018","DAT_TERMIN":null,"NOM_BACIA":"Campos","NOM_BLOCO":"SO_TRTG_VD","NOM_FANTAS":"SUDOESTE DE TARTARUGA VERDE","NUM_CONTRA":"48610011230201880","NUM_DESCOB":0,"OPERADOR_C":"Petróleo Brasileiro S.A. - PETROBRAS","RODADA":"Partilha 5","AREA_TOTAL":123,"AMBIENTE":"M ","BLOCOS":"SUDOESTE DE TARTARUGA VERDE                       "},"bbox":[-40.8411,-23.0755,-40.6875,-22.9531]},{"type":"Feature","id":"BLOCOS_EXPLORATORIOS_SIRGAS.2247","geometry":{"type":"MultiPolygon","coordinates":[[[[-37.6875,-4.75],[-37.6875,-4.7917],[-37.6462,-4.7917],[-37.6462,-4.7894],[-37.6462,-4.7868],[-37.6462,-4.7842],[-37.6462,-4.7816],[-37.6488,-4.7816],[-37.6514,-4.7816],[-37.654,-4.7816],[-37.6566,-4.7816],[-37.6566,-4.7786],[-37.6566,-4.776],[-37.6566,-4.7734],[-37.6566,-4.7708],[-37.6566,-4.7682],[-37.6566,-4.7656],[-37.6566,-4.763],[-37.6566,-4.7604],[-37.6566,-4.7578],[-37.6566,-4.7552],[-37.6566,-4.7526],[-37.6566,-4.75],[-37.6875,-4.75]]]]},"geometry_name":"GEOMETRY","properties":{"COD_BLOCO":"POT-T-192","COD_FASE_C":"E","DAT_ASSINA":"15-07-2024","DAT_TERMIN":null,"NOM_BACIA":"Potiguar","NOM_BLOCO":"POT-T-192","NOM_FANTAS":"POT-T-192_OP4","NUM_CONTRA":"48610205887202454","NUM_DESCOB":0,"OPERADOR_C":"Elysian Brasil Exploração e Produção de Petróleo e Gás Natural Ltda.","RODADA":"OPC4","AREA_TOTAL":17.08,"AMBIENTE":"T ","BLOCOS":null},"bbox":[-37.6875,-4.7917,-37.6462,-4.75]},{"type":"Feature","id":"BLOCOS_EXPLORATORIOS_SIRGAS.842","geometry":{"type":"MultiPolygon","coordinates":[[[[-35.2995,-4.75],[-35.25,-4.75],[-35.25,-4.5],[-35.5,-4.5],[-35.5,-4.6667],[-35.375,-4.6667],[-35.375,-4.7083],[-35.3125,-4.7083],[-35.3125,-4.7396],[-35.2995,-4.7396],[-35.2995,-4.75]]]]},"geometry_name":"GEOMETRY","properties":{"COD_BLOCO":"POT-M-952","COD_FASE_C":"E","DAT_ASSINA":"11-09-2018","DAT_TERMIN":null,"NOM_BACIA":"Potiguar","NOM_BLOCO":"POT-M-952","NOM_FANTAS":"POT-M-952_R15","NUM_CONTRA":"48610005771201879","NUM_DESCOB":0,"OPERADOR_C":"Petróleo Brasileiro S.A. - PETROBRAS","RODADA":"Rodada 15","AREA_TOTAL":605,"AMBIENTE":"M ","BLOCOS":"POT-M-952                                         "},"bbox":[-35.5,-4.75,-35.25,-4.5]},{"type":"Feature","id":"BLOCOS_EXPLORATORIOS_SIRGAS.2250","geometry":{"type":"MultiPolygon","coordinates":[[[[-39.9375,-19.2917],[-39.9375,-19.2917],[-40,-19.2917],[-40,-19.3333],[-39.9375,-19.3333],[-39.9375,-19.2917]]]]},"geometry_name":"GEOMETRY","properties":{"COD_BLOCO":"ES-T-504","COD_FASE_C":"E","DAT_ASSINA":"15-07-2024","DAT_TERMIN":null,"NOM_BACIA":"Espírito Santo","NOM_BLOCO":"ES-T-504","NOM_FANTAS":"ES-T-504_OP4","NUM_CONTRA":"48610205873202431","NUM_DESCOB":0,"OPERADOR_C":"Elysian Brasil Exploração e Produção de Petróleo e Gás Natural Ltda.","RODADA":"OPC4","AREA_TOTAL":30.3,"AMBIENTE":"T ","BLOCOS":null},"bbox":[-40,-19.3333,-39.9375,-19.2917]},{"type":"Feature","id":"BLOCOS_EXPLORATORIOS_SIRGAS.2249","geometry":{"type":"MultiPolygon","coordinates":[[[[-39.9375,-19.375],[-39.9375,-19.3333],[-40,-19.3333],[-40,-19.375],[-39.9375,-19.375]]]]},"geometry_name":"GEOMETRY","properties":{"COD_BLOCO":"ES-T-514","COD_FASE_C":"E","DAT_ASSINA":"15-07-2024","DAT_TERMIN":null,"NOM_BACIA":"Espírito Santo","NOM_BLOCO":"ES-T-514","NOM_FANTAS":"ES-T-514_OP4","NUM_CONTRA":"48610205874202485","NUM_DESCOB":0,"OPERADOR_C":"Elysian Brasil Exploração e Produção de Petróleo e Gás Natural Ltda.","RODADA":"OPC4","AREA_TOTAL":30.29,"AMBIENTE":"T ","BLOCOS":null},"bbox":[-40,-19.375,-39.9375,-19.3333]},{"type":"Feature","id":"BLOCOS_EXPLORATORIOS_SIRGAS.2248","geometry":{"type":"MultiPolygon","coordinates":[[[[-39.9375,-19.4167],[-39.9375,-19.375],[-40,-19.375],[-40,-19.4167],[-39.9375,-19.4167]]]]},"geometry_name":"GEOMETRY","properties":{"COD_BLOCO":"ES-T-525","COD_FASE_C":"E","DAT_ASSINA":"15-07-2024","DAT_TERMIN":null,"NOM_BACIA":"Espírito Santo","NOM_BLOCO":"ES-T-525","NOM_FANTAS":"ES-T-525_OP4","NUM_CONTRA":"48610205886202418","NUM_DESCOB":0,"OPERADOR_C":"Elysian Brasil Exploração e Produção de Petróleo e Gás Natural Ltda.","RODADA":"OPC4","AREA_TOTAL":30.28,"AMBIENTE":"T ","BLOCOS":null},"bbox":[-40,-19.4167,-39.9375,-19.375]},{"type":"Feature","id":"BLOCOS_EXPLORATORIOS_SIRGAS.2246","geometry":{"type":"MultiPolygon","coordinates":[[[[-37.5316,-4.7608],[-37.5316,-4.7608],[-37.5342,-4.7608],[-37.5368,-4.7608],[-37.5394,-4.7608],[-37.542,-4.7608],[-37.542,-4.7634],[-37.542,-4.766],[-37.542,-4.7686],[-37.542,-4.7712],[-37.5446,-4.7712],[-37.5472,-4.7712],[-37.5498,-4.7712],[-37.5524,-4.7712],[-37.5524,-4.7738],[-37.5524,-4.7764],[-37.5524,-4.779],[-37.5524,-4.7816],[-37.555,-4.7816],[-37.5576,-4.7816],[-37.5602,-4.7816],[-37.5628,-4.7816],[-37.5628,-4.7839],[-37.5628,-4.7865],[-37.5628,-4.7891],[-37.5628,-4.7917],[-37.5,-4.7917],[-37.5,-4.7191],[-37.5029,-4.7191],[-37.5056,-4.7191],[-37.5082,-4.7191],[-37.5108,-4.7191],[-37.5134,-4.7191],[-37.516,-4.7191],[-37.5186,-4.7191],[-37.5212,-4.7191],[-37.5212,-4.7217],[-37.5212,-4.7243],[-37.5212,-4.7269],[-37.5212,-4.7296],[-37.5212,-4.7322],[-37.5212,-4.7348],[-37.5212,-4.7374],[-37.5212,-4.74],[-37.5212,-4.7426],[-37.5212,-4.7452],[-37.5212,-4.7478],[-37.5212,-4.7504],[-37.5238,-4.7504],[-37.5264,-4.7504],[-37.529,-4.7504],[-37.5316,-4.7504],[-37.5316,-4.753],[-37.5316,-4.7556],[-37.5316,-4.7582],[-37.5316,-4.7608]]]]},"geometry_name":"GEOMETRY","properties":{"COD_BLOCO":"POT-T-194","COD_FASE_C":"E","DAT_ASSINA":"15-07-2024","DAT_TERMIN":null,"NOM_BACIA":"Potiguar","NOM_BLOCO":"POT-T-194","NOM_FANTAS":"POT-T-194_OP4","NUM_CONTRA":"48610205889202443","NUM_DESCOB":0,"OPERADOR_C":"Elysian Brasil Exploração e Produção de Petróleo e Gás Natural Ltda.","RODADA":"OPC4","AREA_TOTAL":32,"AMBIENTE":"T ","BLOCOS":null},"bbox":[-37.5628,-4.7917,-37.5,-4.7191]},{"type":"Feature","id":"BLOCOS_EXPLORATORIOS_SIRGAS.2245","geometry":{"type":"MultiPolygon","coordinates":[[[[-37.474,-4.7552],[-37.474,-4.7504],[-37.4769,-4.7504],[-37.4795,-4.7504],[-37.4821,-4.7504],[-37.4847,-4.7504],[-37.4873,-4.7504],[-37.4899,-4.7504],[-37.4899,-4.7474],[-37.4899,-4.7448],[-37.4899,-4.7422],[-37.4899,-4.7396],[-37.4899,-4.737],[-37.4899,-4.7344],[-37.4899,-4.7318],[-37.4899,-4.7292],[-37.4899,-4.7266],[-37.4899,-4.724],[-37.4948,-4.724],[-37.4948,-4.7191],[-37.4974,-4.7191],[-37.5,-4.7191],[-37.5,-4.7917],[-37.4505,-4.7917],[-37.4505,-4.7812],[-37.4531,-4.7812],[-37.4531,-4.776],[-37.4583,-4.776],[-37.4583,-4.7682],[-37.4635,-4.7682],[-37.4635,-4.7604],[-37.4714,-4.7604],[-37.4714,-4.7552],[-37.474,-4.7552]]]]},"geometry_name":"GEOMETRY","properties":{"COD_BLOCO":"POT-T-195","COD_FASE_C":"E","DAT_ASSINA":"15-07-2024","DAT_TERMIN":null,"NOM_BACIA":"Potiguar","NOM_BLOCO":"POT-T-195","NOM_FANTAS":"POT-T-195_OP4","NUM_CONTRA":"48610205890202478","NUM_DESCOB":0,"OPERADOR_C":"Elysian Brasil Exploração e Produção de Petróleo e Gás Natural Ltda.","RODADA":"OPC4","AREA_TOTAL":24,"AMBIENTE":"T ","BLOCOS":null},"bbox":[-37.5,-4.7917,-37.4505,-4.7191]},{"type":"Feature","id":"BLOCOS_EXPLORATORIOS_SIRGAS.1451","geometry":{"type":"MultiPolygon","coordinates":[[[[-37.8337,-11.7947],[-37.8337,-11.7921],[-37.8333,-11.7921],[-37.8333,-11.7917],[-37.875,-11.7917],[-37.875,-11.8338],[-37.8754,-11.8338],[-37.8754,-11.8359],[-37.8754,-11.8385],[-37.8754,-11.8411],[-37.8754,-11.8437],[-37.8754,-11.8464],[-37.8754,-11.849],[-37.8754,-11.8516],[-37.8754,-11.8542],[-37.8754,-11.8568],[-37.8754,-11.8594],[-37.8754,-11.862],[-37.8754,-11.8646],[-37.8754,-11.8672],[-37.8754,-11.8698],[-37.8754,-11.8724],[-37.8754,-11.875],[-37.875,-11.875],[-37.875,-11.9015],[-37.8727,-11.9015],[-37.8727,-11.8989],[-37.8701,-11.8989],[-37.8701,-11.8963],[-37.8675,-11.8963],[-37.8675,-11.8937],[-37.8649,-11.8937],[-37.8649,-11.8911],[-37.8623,-11.8911],[-37.8623,-11.8885],[-37.8623,-11.8859],[-37.8649,-11.8859],[-37.8675,-11.8859],[-37.8675,-11.8833],[-37.8675,-11.8806],[-37.8675,-11.878],[-37.8675,-11.8754],[-37.8675,-11.8728],[-37.8649,-11.8728],[-37.8649,-11.8702],[-37.8623,-11.8702],[-37.8623,-11.8676],[-37.8597,-11.8676],[-37.8597,-11.865],[-37.8571,-11.865],[-37.8571,-11.8624],[-37.8571,-11.8598],[-37.8545,-11.8598],[-37.8519,-11.8598],[-37.8493,-11.8598],[-37.8467,-11.8598],[-37.8467,-11.8572],[-37.8467,-11.8546],[-37.8467,-11.852],[-37.8467,-11.8494],[-37.8467,-11.8468],[-37.8467,-11.8442],[-37.8467,-11.8416],[-37.8467,-11.839],[-37.8441,-11.839],[-37.8415,-11.839],[-37.8389,-11.839],[-37.8363,-11.839],[-37.8337,-11.839],[-37.8311,-11.839],[-37.8285,-11.839],[-37.8259,-11.839],[-37.8259,-11.8364],[-37.8259,-11.8338],[-37.8259,-11.8312],[-37.8259,-11.8286],[-37.8233,-11.8286],[-37.8207,-11.8286],[-37.8207,-11.826],[-37.8181,-11.826],[-37.8181,-11.8234],[-37.8155,-11.8234],[-37.8155,-11.8208],[-37.8125,-11.8208],[-37.8125,-11.7917],[-37.8229,-11.7917],[-37.8229,-11.7921],[-37.8233,-11.7921],[-37.8233,-11.7947],[-37.8207,-11.7947],[-37.8207,-11.7973],[-37.8207,-11.7999],[-37.8207,-11.8025],[-37.8233,-11.8025],[-37.8233,-11.8051],[-37.8259,-11.8051],[-37.8259,-11.8077],[-37.8259,-11.8103],[-37.8285,-11.8103],[-37.8311,-11.8103],[-37.8337,-11.8103],[-37.8363,-11.8103],[-37.8389,-11.8103],[-37.8389,-11.8129],[-37.8389,-11.8155],[-37.8415,-11.8155],[-37.8415,-11.8181],[-37.8441,-11.8181],[-37.8467,-11.8181],[-37.8493,-11.8181],[-37.8519,-11.8181],[-37.8519,-11.8208],[-37.8519,-11.8234],[-37.8519,-11.826],[-37.8545,-11.826],[-37.8545,-11.8286],[-37.8571,-11.8286],[-37.8597,-11.8286],[-37.8623,-11.8286],[-37.8649,-11.8286],[-37.8649,-11.826],[-37.8675,-11.826],[-37.8701,-11.826],[-37.8701,-11.8234],[-37.8727,-11.8234],[-37.8727,-11.8208],[-37.8727,-11.8181],[-37.8727,-11.8155],[-37.8727,-11.8129],[-37.8701,-11.8129],[-37.8701,-11.8103],[-37.8675,-11.8103],[-37.8649,-11.8103],[-37.8623,-11.8103],[-37.8597,-11.8103],[-37.8571,-11.8103],[-37.8545,-11.8103],[-37.8519,-11.8103],[-37.8519,-11.8077],[-37.8519,-11.8051],[-37.8519,-11.8025],[-37.8493,-11.8025],[-37.8467,-11.8025],[-37.8467,-11.7999],[-37.8467,-11.7973],[-37.8441,-11.7973],[-37.8415,-11.7973],[-37.8389,-11.7973],[-37.8363,-11.7973],[-37.8363,-11.7947],[-37.8337,-11.7947]]]]},"geometry_name":"GEOMETRY","properties":{"COD_BLOCO":"REC-T-24","COD_FASE_C":"E","DAT_ASSINA":"10-11-2022","DAT_TERMIN":null,"NOM_BACIA":"Recôncavo","NOM_BLOCO":"REC-T-24","NOM_FANTAS":null,"NUM_CONTRA":"48610215457202289","NUM_DESCOB":0,"OPERADOR_C":"NTF Óleo e Gás S.A.","RODADA":"OPC3","AREA_TOTAL":36,"AMBIENTE":"T ","BLOCOS":null},"bbox":[-37.8754,-11.9015,-37.8125,-11.7917]},{"type":"Feature","id":"BLOCOS_EXPLORATORIOS_SIRGAS.1452","geometry":{"type":"MultiPolygon","coordinates":[[[[-38.4561,-12.49],[-38.4587,-12.49],[-38.4587,-12.4926],[-38.4587,-12.4952],[-38.4587,-12.4978],[-38.4587,-12.5004],[-38.4561,-12.5004],[-38.4535,-12.5004],[-38.4509,-12.5004],[-38.4483,-12.5004],[-38.4457,-12.5004],[-38.4431,-12.5004],[-38.4405,-12.5004],[-38.4379,-12.5004],[-38.4379,-12.4978],[-38.4379,-12.4952],[-38.4379,-12.4926],[-38.4379,-12.49],[-38.4379,-12.4874],[-38.4379,-12.4848],[-38.4379,-12.4822],[-38.4379,-12.4796],[-38.4379,-12.477],[-38.4379,-12.4744],[-38.4379,-12.4718],[-38.4379,-12.4692],[-38.4375,-12.4692],[-38.4375,-12.3776],[-38.4978,-12.3776],[-38.4978,-12.3807],[-38.4978,-12.3833],[-38.4978,-12.3859],[-38.4951,-12.3859],[-38.4951,-12.3885],[-38.4951,-12.3911],[-38.4925,-12.3911],[-38.4925,-12.3937],[-38.4925,-12.3963],[-38.4899,-12.3963],[-38.4899,-12.3984],[-38.4899,-12.401],[-38.4899,-12.4036],[-38.487,-12.4036],[-38.487,-12.4067],[-38.4847,-12.4067],[-38.4847,-12.4041],[-38.4821,-12.4041],[-38.4821,-12.4015],[-38.4821,-12.3989],[-38.4795,-12.3989],[-38.4769,-12.3989],[-38.4743,-12.3989],[-38.4717,-12.3989],[-38.4691,-12.3989],[-38.4665,-12.3989],[-38.4639,-12.3989],[-38.4613,-12.3989],[-38.4587,-12.3989],[-38.4561,-12.3989],[-38.4535,-12.3989],[-38.4535,-12.4015],[-38.4509,-12.4015],[-38.4483,-12.4015],[-38.4483,-12.4041],[-38.4483,-12.4067],[-38.4483,-12.4093],[-38.4483,-12.4119],[-38.4483,-12.4145],[-38.4483,-12.4171],[-38.4483,-12.4197],[-38.4483,-12.4223],[-38.4483,-12.4249],[-38.4483,-12.4275],[-38.4483,-12.4301],[-38.4509,-12.4301],[-38.4509,-12.4327],[-38.4535,-12.4327],[-38.4535,-12.4353],[-38.4535,-12.4379],[-38.4561,-12.4379],[-38.4561,-12.4405],[-38.4561,-12.4432],[-38.4561,-12.4458],[-38.4561,-12.4484],[-38.4561,-12.451],[-38.4561,-12.4536],[-38.4561,-12.4562],[-38.4561,-12.4588],[-38.4535,-12.4588],[-38.4535,-12.4614],[-38.4535,-12.464],[-38.4535,-12.4666],[-38.4535,-12.4692],[-38.4535,-12.4718],[-38.4535,-12.4744],[-38.4535,-12.477],[-38.4535,-12.4796],[-38.4561,-12.4796],[-38.4561,-12.4822],[-38.4561,-12.4848],[-38.4561,-12.4874],[-38.4561,-12.49]]]]},"geometry_name":"GEOMETRY","properties":{"COD_BLOCO":"REC-T-165","COD_FASE_C":"E","DAT_ASSINA":"10-11-2022","DAT_TERMIN":null,"NOM_BACIA":"Recôncavo","NOM_BLOCO":"REC-T-165","NOM_FANTAS":null,"NUM_CONTRA":"48610215458202223","NUM_DESCOB":0,"OPERADOR_C":"Petroborn Óleo e Gás S.A.","RODADA":"OPC3","AREA_TOTAL":34,"AMBIENTE":"T ","BLOCOS":null},"bbox":[-38.4978,-12.5004,-38.4375,-12.3776]},{"type":"Feature","id":"BLOCOS_EXPLORATORIOS_SIRGAS.1060","geometry":{"type":"MultiPolygon","coordinates":[[[[-37.5625,-5.5447],[-37.5654,-5.5447],[-37.5681,-5.5447],[-37.5707,-5.5447],[-37.5733,-5.5447],[-37.5759,-5.5447],[-37.5785,-5.5447],[-37.5811,-5.5447],[-37.5837,-5.5447],[-37.5863,-5.5447],[-37.5889,-5.5447],[-37.5915,-5.5447],[-37.5941,-5.5447],[-37.5967,-5.5447],[-37.5993,-5.5447],[-37.6019,-5.5447],[-37.6019,-5.5417],[-37.6149,-5.5417],[-37.6149,-5.5421],[-37.6172,-5.5421],[-37.6198,-5.5421],[-37.6224,-5.5421],[-37.625,-5.5421],[-37.625,-5.5525],[-37.6253,-5.5525],[-37.6253,-5.5547],[-37.6253,-5.5573],[-37.6253,-5.5599],[-37.6253,-5.5625],[-37.625,-5.5625],[-37.625,-5.5833],[-37.5625,-5.5833],[-37.5625,-5.5447]]]]},"geometry_name":"GEOMETRY","properties":{"COD_BLOCO":"POT-T-834","COD_FASE_C":"E","DAT_ASSINA":"14-02-2020","DAT_TERMIN":null,"NOM_BACIA":"Potiguar","NOM_BLOCO":"POT-T-834","NOM_FANTAS":"POT-T-834_OP1","NUM_CONTRA":"48610222070201983","NUM_DESCOB":0,"OPERADOR_C":"Geopark Brasil Exploração e Produção de Petróleo e Gás Ltda.","RODADA":"OPC1","AREA_TOTAL":30,"AMBIENTE":"T ","BLOCOS":"POT-T-834                                         "},"bbox":[-37.6253,-5.5833,-37.5625,-5.5417]},{"type":"Feature","id":"BLOCOS_EXPLORATORIOS_SIRGAS.681","geometry":{"type":"MultiPolygon","coordinates":[[[[-42.3125,-25.2922],[-42.3129,-25.2922],[-42.3129,-25.2896],[-42.3129,-25.287],[-42.3129,-25.2844],[-42.3129,-25.2818],[-42.3129,-25.2792],[-42.3129,-25.2766],[-42.3129,-25.2739],[-42.3129,-25.2713],[-42.3129,-25.2687],[-42.3129,-25.2661],[-42.3129,-25.2635],[-42.3129,-25.2609],[-42.3129,-25.2583],[-42.3129,-25.2557],[-42.3129,-25.2531],[-42.3129,-25.2505],[-42.3129,-25.2479],[-42.3129,-25.2453],[-42.3129,-25.2427],[-42.3129,-25.2401],[-42.3129,-25.2375],[-42.3129,-25.2349],[-42.3129,-25.2323],[-42.3129,-25.2297],[-42.3129,-25.2271],[-42.3129,-25.2245],[-42.3129,-25.2219],[-42.3129,-25.2193],[-42.3129,-25.2167],[-42.3129,-25.2141],[-42.3129,-25.2114],[-42.3129,-25.2088],[-42.3129,-25.2062],[-42.3129,-25.2036],[-42.3129,-25.201],[-42.3129,-25.1984],[-42.3129,-25.1958],[-42.3129,-25.1932],[-42.3129,-25.1906],[-42.3129,-25.188],[-42.3129,-25.1854],[-42.3129,-25.1828],[-42.3129,-25.1802],[-42.3129,-25.1776],[-42.3129,-25.175],[-42.3129,-25.1724],[-42.3129,-25.1698],[-42.3129,-25.1672],[-42.3151,-25.1672],[-42.3177,-25.1672],[-42.3203,-25.1672],[-42.3229,-25.1672],[-42.3255,-25.1672],[-42.3281,-25.1672],[-42.3307,-25.1672],[-42.3333,-25.1672],[-42.3359,-25.1672],[-42.3385,-25.1672],[-42.3411,-25.1672],[-42.3437,-25.1672],[-42.3464,-25.1672],[-42.349,-25.1672],[-42.3516,-25.1672],[-42.3542,-25.1672],[-42.3542,-25.2187],[-42.3646,-25.2187],[-42.3646,-25.2604],[-42.3754,-25.2604],[-42.3754,-25.2635],[-42.3754,-25.2661],[-42.3754,-25.2687],[-42.3754,-25.2713],[-42.3754,-25.2739],[-42.3754,-25.2766],[-42.3754,-25.2792],[-42.3754,-25.2818],[-42.3754,-25.2844],[-42.3754,-25.287],[-42.3754,-25.2896],[-42.3754,-25.2922],[-42.378,-25.2922],[-42.3806,-25.2922],[-42.3832,-25.2922],[-42.3858,-25.2922],[-42.3884,-25.2922],[-42.391,-25.2922],[-42.3937,-25.2922],[-42.3963,-25.2922],[-42.3989,-25.2922],[-42.4015,-25.2922],[-42.4041,-25.2922],[-42.4067,-25.2922],[-42.4093,-25.2922],[-42.4119,-25.2922],[-42.4145,-25.2922],[-42.4171,-25.2922],[-42.4197,-25.2922],[-42.4223,-25.2922],[-42.4249,-25.2922],[-42.4275,-25.2922],[-42.4301,-25.2922],[-42.4327,-25.2922],[-42.4353,-25.2922],[-42.4379,-25.2922],[-42.4379,-25.2891],[-42.4379,-25.2865],[-42.4379,-25.2839],[-42.4379,-25.2812],[-42.474,-25.2812],[-42.474,-25.3203],[-42.4297,-25.3203],[-42.4297,-25.375],[-42.4531,-25.375],[-42.4531,-25.388],[-42.474,-25.388],[-42.474,-25.401],[-42.5004,-25.401],[-42.5004,-25.4042],[-42.5004,-25.4068],[-42.5004,-25.4094],[-42.5004,-25.412],[-42.5004,-25.4146],[-42.5004,-25.4172],[-42.5004,-25.4198],[-42.5004,-25.4224],[-42.5004,-25.425],[-42.5004,-25.4276],[-42.5004,-25.4302],[-42.5004,-25.4328],[-42.5004,-25.4354],[-42.5004,-25.438],[-42.5004,-25.4406],[-42.5004,-25.4432],[-42.5004,-25.4458],[-42.5004,-25.4484],[-42.5004,-25.451],[-42.5004,-25.4536],[-42.5004,-25.4562],[-42.5004,-25.4588],[-42.5004,-25.4614],[-42.5004,-25.4641],[-42.5004,-25.4667],[-42.5004,-25.4693],[-42.5004,-25.4719],[-42.5004,-25.4745],[-42.5004,-25.4771],[-42.5004,-25.4797],[-42.5004,-25.4823],[-42.5004,-25.4849],[-42.5004,-25.4875],[-42.5004,-25.4901],[-42.5004,-25.4927],[-42.5004,-25.4953],[-42.5004,-25.4979],[-42.5004,-25.5005],[-42.5004,-25.5031],[-42.5004,-25.5057],[-42.5004,-25.5083],[-42.5004,-25.5109],[-42.5004,-25.5135],[-42.5004,-25.5161],[-42.5004,-25.5187],[-42.5004,-25.5213],[-42.5004,-25.5239],[-42.5004,-25.5266],[-42.5004,-25.5292],[-42.5004,-25.5318],[-42.5004,-25.5344],[-42.5004,-25.537],[-42.5004,-25.5396],[-42.5004,-25.5422],[-42.5004,-25.5448],[-42.5004,-25.5474],[-42.5004,-25.55],[-42.5004,-25.5526],[-42.5004,-25.5552],[-42.5004,-25.5578],[-42.5004,-25.5604],[-42.5004,-25.563],[-42.5004,-25.5656],[-42.5004,-25.5682],[-42.5004,-25.5708],[-42.5004,-25.5734],[-42.5004,-25.576],[-42.5004,-25.5786],[-42.5004,-25.5812],[-42.5004,-25.5838],[-42.5004,-25.5864],[-42.5004,-25.5891],[-42.5004,-25.5917],[-42.5004,-25.5943],[-42.5004,-25.5969],[-42.5004,-25.5995],[-42.5004,-25.6021],[-42.5004,-25.6047],[-42.5004,-25.6073],[-42.5004,-25.6099],[-42.5004,-25.6125],[-42.5004,-25.6151],[-42.5004,-25.6177],[-42.5004,-25.6203],[-42.5004,-25.6229],[-42.5004,-25.6255],[-42.4974,-25.6255],[-42.4948,-25.6255],[-42.4922,-25.6255],[-42.4896,-25.6255],[-42.487,-25.6255],[-42.4844,-25.6255],[-42.4818,-25.6255],[-42.4792,-25.6255],[-42.4766,-25.6255],[-42.474,-25.6255],[-42.4714,-25.6255],[-42.4687,-25.6255],[-42.4661,-25.6255],[-42.4635,-25.6255],[-42.4609,-25.6255],[-42.4583,-25.6255],[-42.4557,-25.6255],[-42.4531,-25.6255],[-42.4505,-25.6255],[-42.4479,-25.6255],[-42.4453,-25.6255],[-42.4427,-25.6255],[-42.4401,-25.6255],[-42.4375,-25.6255],[-42.4349,-25.6255],[-42.4323,-25.6255],[-42.4297,-25.6255],[-42.4271,-25.6255],[-42.4245,-25.6255],[-42.4219,-25.6255],[-42.4193,-25.6255],[-42.4167,-25.6255],[-42.4141,-25.6255],[-42.4115,-25.6255],[-42.4089,-25.6255],[-42.4062,-25.6255],[-42.4036,-25.6255],[-42.401,-25.6255],[-42.3984,-25.6255],[-42.3958,-25.6255],[-42.3932,-25.6255],[-42.3906,-25.6255],[-42.388,-25.6255],[-42.3854,-25.6255],[-42.3828,-25.6255],[-42.3802,-25.6255],[-42.3776,-25.6255],[-42.375,-25.6255],[-42.3724,-25.6255],[-42.3698,-25.6255],[-42.3672,-25.6255],[-42.3646,-25.6255],[-42.362,-25.6255],[-42.3594,-25.6255],[-42.3568,-25.6255],[-42.3542,-25.6255],[-42.3516,-25.6255],[-42.349,-25.6255],[-42.3464,-25.6255],[-42.3437,-25.6255],[-42.3411,-25.6255],[-42.3385,-25.6255],[-42.3359,-25.6255],[-42.3359,-25.5417],[-42.3203,-25.5417],[-42.3203,-25.5208],[-42.3129,-25.5208],[-42.3129,-25.5187],[-42.3129,-25.5161],[-42.3129,-25.5135],[-42.3129,-25.5109],[-42.3129,-25.5083],[-42.3129,-25.5057],[-42.3129,-25.5031],[-42.3129,-25.5005],[-42.3099,-25.5005],[-42.3073,-25.5005],[-42.3047,-25.5005],[-42.3021,-25.5005],[-42.2995,-25.5005],[-42.2969,-25.5005],[-42.2969,-25.4844],[-42.276,-25.4844],[-42.276,-25.4661],[-42.2604,-25.4661],[-42.2604,-25.4479],[-42.2422,-25.4479],[-42.2422,-25.4323],[-42.2292,-25.4323],[-42.2292,-25.4141],[-42.2109,-25.4141],[-42.2109,-25.401],[-42.2005,-25.401],[-42.2005,-25.3854],[-42.1879,-25.3854],[-42.1879,-25.3833],[-42.1879,-25.3807],[-42.1879,-25.3781],[-42.1879,-25.3755],[-42.1879,-25.3729],[-42.1879,-25.3703],[-42.1879,-25.3677],[-42.1879,-25.3651],[-42.1879,-25.3625],[-42.1879,-25.3599],[-42.1879,-25.3573],[-42.1879,-25.3547],[-42.1879,-25.3521],[-42.1879,-25.3495],[-42.1879,-25.3469],[-42.1879,-25.3443],[-42.1879,-25.3417],[-42.1879,-25.3391],[-42.1879,-25.3364],[-42.1879,-25.3338],[-42.1849,-25.3338],[-42.1823,-25.3338],[-42.1797,-25.3338],[-42.1771,-25.3338],[-42.1745,-25.3338],[-42.1719,-25.3338],[-42.1719,-25.3255],[-42.1562,-25.3255],[-42.1562,-25.3125],[-42.1406,-25.3125],[-42.1406,-25.3047],[-42.1254,-25.3047],[-42.1254,-25.3026],[-42.1254,-25.3],[-42.1254,-25.2974],[-42.1254,-25.2948],[-42.1254,-25.2922],[-42.1254,-25.2896],[-42.1254,-25.287],[-42.1254,-25.2844],[-42.1254,-25.2818],[-42.1254,-25.2792],[-42.1254,-25.2766],[-42.1254,-25.2739],[-42.1254,-25.2713],[-42.1254,-25.2687],[-42.1254,-25.2661],[-42.1254,-25.2635],[-42.1254,-25.2609],[-42.1254,-25.2583],[-42.1254,-25.2557],[-42.1254,-25.2531],[-42.1254,-25.2505],[-42.1254,-25.2479],[-42.1254,-25.2453],[-42.1254,-25.2427],[-42.1254,-25.2401],[-42.1254,-25.2375],[-42.1254,-25.2349],[-42.1254,-25.2323],[-42.1254,-25.2297],[-42.1254,-25.2271],[-42.1254,-25.2245],[-42.1254,-25.2219],[-42.1254,-25.2193],[-42.1254,-25.2167],[-42.1254,-25.2141],[-42.1254,-25.2114],[-42.1254,-25.2088],[-42.1254,-25.2062],[-42.1254,-25.2036],[-42.1254,-25.201],[-42.1254,-25.1984],[-42.1254,-25.1958],[-42.1254,-25.1932],[-42.1254,-25.1906],[-42.1254,-25.188],[-42.1254,-25.1854],[-42.1254,-25.1828],[-42.1254,-25.1802],[-42.1254,-25.1776],[-42.1254,-25.175],[-42.1254,-25.1724],[-42.1254,-25.1698],[-42.1254,-25.1672],[-42.1276,-25.1672],[-42.1302,-25.1672],[-42.1328,-25.1672],[-42.1354,-25.1672],[-42.138,-25.1672],[-42.1406,-25.1672],[-42.1432,-25.1672],[-42.1458,-25.1672],[-42.1484,-25.1672],[-42.151,-25.1672],[-42.1536,-25.1672],[-42.1562,-25.1672],[-42.1589,-25.1672],[-42.1615,-25.1672],[-42.1641,-25.1672],[-42.1641,-25.1953],[-42.1771,-25.1953],[-42.1771,-25.2214],[-42.1979,-25.2214],[-42.1979,-25.237],[-42.2135,-25.237],[-42.2135,-25.2604],[-42.2292,-25.2604],[-42.2292,-25.2839],[-42.2396,-25.2839],[-42.2396,-25.3021],[-42.25,-25.3021],[-42.25,-25.3125],[-42.2656,-25.3125],[-42.2656,-25.3229],[-42.2812,-25.3229],[-42.2812,-25.3411],[-42.2891,-25.3411],[-42.2891,-25.3568],[-42.3021,-25.3568],[-42.3021,-25.3672],[-42.3203,-25.3672],[-42.3203,-25.3802],[-42.3333,-25.3802],[-42.3333,-25.4036],[-42.3724,-25.4036],[-42.3724,-25.3854],[-42.362,-25.3854],[-42.362,-25.3542],[-42.3437,-25.3542],[-42.3437,-25.3359],[-42.3281,-25.3359],[-42.3281,-25.3177],[-42.3125,-25.3177],[-42.3125,-25.2922]]]]},"geometry_name":"GEOMETRY","properties":{"COD_BLOCO":"BM-S-24","COD_FASE_C":"E","DAT_ASSINA":"29-08-2001","DAT_TERMIN":null,"NOM_BACIA":"Santos","NOM_BLOCO":"BM-S-24","NOM_FANTAS":"BM-S-24","NUM_CONTRA":"486100107332001","NUM_DESCOB":7,"OPERADOR_C":"Petróleo Brasileiro S.A. - PETROBRAS","RODADA":"Rodada 3","AREA_TOTAL":955,"AMBIENTE":"M ","BLOCOS":"BM-S-24                                           "},"bbox":[-42.5004,-25.6255,-42.1254,-25.1672]},{"type":"Feature","id":"BLOCOS_EXPLORATORIOS_SIRGAS.2329","geometry":{"type":"MultiPolygon","coordinates":[[[[-48.4375,4.625],[-48.4375,4.75],[-48.5,4.75],[-48.5,4.5],[-48.25,4.5],[-48.25,4.5417],[-48.375,4.5417],[-48.375,4.625],[-48.4375,4.625]]]]},"geometry_name":"GEOMETRY","properties":{"COD_BLOCO":"FZA-M-196","COD_FASE_C":"E","DAT_ASSINA":"24-11-2025","DAT_TERMIN":null,"NOM_BACIA":"Foz do Amazonas","NOM_BLOCO":"FZA-M-196","NOM_FANTAS":"FZA-M-196_OP5","NUM_CONTRA":"48610220658202541","NUM_DESCOB":0,"OPERADOR_C":"Chevron Brasil Óleo e Gás Ltda.","RODADA":"OPC5","AREA_TOTAL":352,"AMBIENTE":"M ","BLOCOS":null},"bbox":[-48.5,4.5,-48.25,4.75]},{"type":"Feature","id":"BLOCOS_EXPLORATORIOS_SIRGAS.2244","geometry":{"type":"MultiPolygon","coordinates":[[[[-37.4375,-4.7865],[-37.4375,-4.7917],[-37.375,-4.7917],[-37.375,-4.7504],[-37.3779,-4.7504],[-37.3805,-4.7504],[-37.3832,-4.7504],[-37.3858,-4.7504],[-37.3884,-4.7504],[-37.391,-4.7504],[-37.3936,-4.7504],[-37.3962,-4.7504],[-37.3988,-4.7504],[-37.4014,-4.7504],[-37.404,-4.7504],[-37.4066,-4.7504],[-37.4092,-4.7504],[-37.4118,-4.7504],[-37.4144,-4.7504],[-37.417,-4.7504],[-37.417,-4.75],[-37.4271,-4.75],[-37.4271,-4.7552],[-37.4219,-4.7552],[-37.4219,-4.763],[-37.4167,-4.763],[-37.4167,-4.776],[-37.4219,-4.776],[-37.4219,-4.7812],[-37.4271,-4.7812],[-37.4271,-4.7839],[-37.4323,-4.7839],[-37.4323,-4.7865],[-37.4375,-4.7865]]]]},"geometry_name":"GEOMETRY","properties":{"COD_BLOCO":"POT-T-196","COD_FASE_C":"E","DAT_ASSINA":"15-07-2024","DAT_TERMIN":null,"NOM_BACIA":"Potiguar","NOM_BLOCO":"POT-T-196","NOM_FANTAS":"POT-T-196_OP4","NUM_CONTRA":"48610205900202475","NUM_DESCOB":0,"OPERADOR_C":"Elysian Brasil Exploração e Produção de Petróleo e Gás Natural Ltda.","RODADA":"OPC4","AREA_TOTAL":25,"AMBIENTE":"T ","BLOCOS":null},"bbox":[-37.4375,-4.7917,-37.375,-4.75]},{"type":"Feature","id":"BLOCOS_EXPLORATORIOS_SIRGAS.2243","geometry":{"type":"MultiPolygon","coordinates":[[[[-37.3649,-4.75],[-37.3649,-4.7504],[-37.3672,-4.7504],[-37.3698,-4.7504],[-37.3724,-4.7504],[-37.375,-4.7504],[-37.375,-4.7917],[-37.3125,-4.7917],[-37.3125,-4.75],[-37.3649,-4.75]]]]},"geometry_name":"GEOMETRY","properties":{"COD_BLOCO":"POT-T-197","COD_FASE_C":"E","DAT_ASSINA":"15-07-2024","DAT_TERMIN":null,"NOM_BACIA":"Potiguar","NOM_BLOCO":"POT-T-197","NOM_FANTAS":"POT-T-197_OP4","NUM_CONTRA":"48610205901202410","NUM_DESCOB":0,"OPERADOR_C":"Elysian Brasil Exploração e Produção de Petróleo e Gás Natural Ltda.","RODADA":"OPC4","AREA_TOTAL":32,"AMBIENTE":"T ","BLOCOS":null},"bbox":[-37.375,-4.7917,-37.3125,-4.75]},{"type":"Feature","id":"BLOCOS_EXPLORATORIOS_SIRGAS.2328","geometry":{"type":"MultiPolygon","coordinates":[[[[-48.5,4.5],[-48.5,4.25],[-48.25,4.25],[-48.25,4.5],[-48.5,4.5]]]]},"geometry_name":"GEOMETRY","properties":{"COD_BLOCO":"FZA-M-265","COD_FASE_C":"E","DAT_ASSINA":"24-11-2025","DAT_TERMIN":null,"NOM_BACIA":"Foz do Amazonas","NOM_BLOCO":"FZA-M-265","NOM_FANTAS":"FZA-M-265_OP5","NUM_CONTRA":"48610220659202595","NUM_DESCOB":0,"OPERADOR_C":"Chevron Brasil Óleo e Gás Ltda.","RODADA":"OPC5","AREA_TOTAL":767.13,"AMBIENTE":"M ","BLOCOS":null},"bbox":[-48.5,4.25,-48.25,4.5]},{"type":"Feature","id":"BLOCOS_EXPLORATORIOS_SIRGAS.2242","geometry":{"type":"MultiPolygon","coordinates":[[[[-37.6875,-4.8333],[-37.6875,-4.7917],[-37.75,-4.7917],[-37.75,-4.8333],[-37.6875,-4.8333]]]]},"geometry_name":"GEOMETRY","properties":{"COD_BLOCO":"POT-T-204","COD_FASE_C":"E","DAT_ASSINA":"15-07-2024","DAT_TERMIN":null,"NOM_BACIA":"Potiguar","NOM_BLOCO":"POT-T-204","NOM_FANTAS":"POT-T-204_OP4","NUM_CONTRA":"48610205891202412","NUM_DESCOB":0,"OPERADOR_C":"Elysian Brasil Exploração e Produção de Petróleo e Gás Natural Ltda.","RODADA":"OPC4","AREA_TOTAL":32,"AMBIENTE":"T ","BLOCOS":null},"bbox":[-37.75,-4.8333,-37.6875,-4.7917]},{"type":"Feature","id":"BLOCOS_EXPLORATORIOS_SIRGAS.2241","geometry":{"type":"MultiPolygon","coordinates":[[[[-37.5,-4.8333],[-37.5,-4.7917],[-37.5625,-4.7917],[-37.5625,-4.8333],[-37.5,-4.8333]]]]},"geometry_name":"GEOMETRY","properties":{"COD_BLOCO":"POT-T-207","COD_FASE_C":"E","DAT_ASSINA":"15-07-2024","DAT_TERMIN":null,"NOM_BACIA":"Potiguar","NOM_BLOCO":"POT-T-207","NOM_FANTAS":"POT-T-207_OP4","NUM_CONTRA":"48610205892202467","NUM_DESCOB":0,"OPERADOR_C":"Elysian Brasil Exploração e Produção de Petróleo e Gás Natural Ltda.","RODADA":"OPC4","AREA_TOTAL":32,"AMBIENTE":"T ","BLOCOS":null},"bbox":[-37.5625,-4.8333,-37.5,-4.7917]},{"type":"Feature","id":"BLOCOS_EXPLORATORIOS_SIRGAS.2240","geometry":{"type":"MultiPolygon","coordinates":[[[[-37.4375,-4.8333],[-37.4375,-4.7917],[-37.5,-4.7917],[-37.5,-4.8333],[-37.4375,-4.8333]]]]},"geometry_name":"GEOMETRY","properties":{"COD_BLOCO":"POT-T-208","COD_FASE_C":"E","DAT_ASSINA":"15-07-2024","DAT_TERMIN":null,"NOM_BACIA":"Potiguar","NOM_BLOCO":"POT-T-208","NOM_FANTAS":"POT-T-208_OP4","NUM_CONTRA":"48610205893202410","NUM_DESCOB":0,"OPERADOR_C":"Elysian Brasil Exploração e Produção de Petróleo e Gás Natural Ltda.","RODADA":"OPC4","AREA_TOTAL":32,"AMBIENTE":"T ","BLOCOS":null},"bbox":[-37.5,-4.8333,-37.4375,-4.7917]},{"type":"Feature","id":"BLOCOS_EXPLORATORIOS_SIRGAS.2239","geometry":{"type":"MultiPolygon","coordinates":[[[[-37.375,-4.8333],[-37.375,-4.7917],[-37.4375,-4.7917],[-37.4375,-4.8333],[-37.375,-4.8333]]]]},"geometry_name":"GEOMETRY","properties":{"COD_BLOCO":"POT-T-209","COD_FASE_C":"E","DAT_ASSINA":"15-07-2024","DAT_TERMIN":null,"NOM_BACIA":"Potiguar","NOM_BLOCO":"POT-T-209","NOM_FANTAS":"POT-T-209_OP4","NUM_CONTRA":"48610205902202464","NUM_DESCOB":0,"OPERADOR_C":"Elysian Brasil Exploração e Produção de Petróleo e Gás Natural Ltda.","RODADA":"OPC4","AREA_TOTAL":32,"AMBIENTE":"T ","BLOCOS":null},"bbox":[-37.4375,-4.8333,-37.375,-4.7917]},{"type":"Feature","id":"BLOCOS_EXPLORATORIOS_SIRGAS.2238","geometry":{"type":"MultiPolygon","coordinates":[[[[-37.3125,-4.8333],[-37.3125,-4.7917],[-37.375,-4.7917],[-37.375,-4.8333],[-37.3125,-4.8333]]]]},"geometry_name":"GEOMETRY","properties":{"COD_BLOCO":"POT-T-210","COD_FASE_C":"E","DAT_ASSINA":"15-07-2024","DAT_TERMIN":null,"NOM_BACIA":"Potiguar","NOM_BLOCO":"POT-T-210","NOM_FANTAS":"POT-T-210_OP4","NUM_CONTRA":"48610205903202417","NUM_DESCOB":0,"OPERADOR_C":"Elysian Brasil Exploração e Produção de Petróleo e Gás Natural Ltda.","RODADA":"OPC4","AREA_TOTAL":32,"AMBIENTE":"T ","BLOCOS":null},"bbox":[-37.375,-4.8333,-37.3125,-4.7917]},{"type":"Feature","id":"BLOCOS_EXPLORATORIOS_SIRGAS.2330","geometry":{"type":"MultiPolygon","coordinates":[[[[-48.5,4.5],[-48.5,4.75],[-48.75,4.75],[-48.75,4.5],[-48.5,4.5]]]]},"geometry_name":"GEOMETRY","properties":{"COD_BLOCO":"FZA-M-194","COD_FASE_C":"E","DAT_ASSINA":"24-11-2025","DAT_TERMIN":null,"NOM_BACIA":"Foz do Amazonas","NOM_BLOCO":"FZA-M-194","NOM_FANTAS":"FZA-M-194_OP5","NUM_CONTRA":"48610220657202504","NUM_DESCOB":0,"OPERADOR_C":"Chevron Brasil Óleo e Gás Ltda.","RODADA":"OPC5","AREA_TOTAL":767,"AMBIENTE":"M ","BLOCOS":null},"bbox":[-48.75,4.5,-48.5,4.75]},{"type":"Feature","id":"BLOCOS_EXPLORATORIOS_SIRGAS.2331","geometry":{"type":"MultiPolygon","coordinates":[[[[-49,4.5],[-49,4.75],[-49.25,4.75],[-49.25,4.5],[-49,4.5]]]]},"geometry_name":"GEOMETRY","properties":{"COD_BLOCO":"FZA-M-190","COD_FASE_C":"E","DAT_ASSINA":"24-11-2025","DAT_TERMIN":null,"NOM_BACIA":"Foz do Amazonas","NOM_BLOCO":"FZA-M-190","NOM_FANTAS":"FZA-M-190_OP5","NUM_CONTRA":"48610220726202571","NUM_DESCOB":0,"OPERADOR_C":"Petróleo Brasileiro S.A. - PETROBRAS","RODADA":"OPC5","AREA_TOTAL":767,"AMBIENTE":"M ","BLOCOS":null},"bbox":[-49.25,4.5,-49,4.75]},{"type":"Feature","id":"BLOCOS_EXPLORATORIOS_SIRGAS.2332","geometry":{"type":"MultiPolygon","coordinates":[[[[-49.25,4.75],[-49.5,4.75],[-49.5,4.5],[-49.25,4.5],[-49.25,4.75]]]]},"geometry_name":"GEOMETRY","properties":{"COD_BLOCO":"FZA-M-188","COD_FASE_C":"E","DAT_ASSINA":"24-11-2025","DAT_TERMIN":null,"NOM_BACIA":"Foz do Amazonas","NOM_BLOCO":"FZA-M-188","NOM_FANTAS":"FZA-M-188_OP5","NUM_CONTRA":"48610220725202527","NUM_DESCOB":0,"OPERADOR_C":"Petróleo Brasileiro S.A. - PETROBRAS","RODADA":"OPC5","AREA_TOTAL":767,"AMBIENTE":"M ","BLOCOS":null},"bbox":[-49.5,4.5,-49.25,4.75]},{"type":"Feature","id":"BLOCOS_EXPLORATORIOS_SIRGAS.2333","geometry":{"type":"MultiPolygon","coordinates":[[[[-46,1.5],[-46,1.75],[-46.25,1.75],[-46.25,1.5],[-46,1.5]]]]},"geometry_name":"GEOMETRY","properties":{"COD_BLOCO":"FZA-M-1042","COD_FASE_C":"E","DAT_ASSINA":"24-11-2025","DAT_TERMIN":null,"NOM_BACIA":"Foz do Amazonas","NOM_BLOCO":"FZA-M-1042","NOM_FANTAS":"FZA-M-1042_OP5","NUM_CONTRA":"48610220729202513","NUM_DESCOB":0,"OPERADOR_C":"Petróleo Brasileiro S.A. - PETROBRAS","RODADA":"OPC5","AREA_TOTAL":769.015,"AMBIENTE":"M ","BLOCOS":null},"bbox":[-46.25,1.5,-46,1.75]},{"type":"Feature","id":"BLOCOS_EXPLORATORIOS_SIRGAS.2334","geometry":{"type":"MultiPolygon","coordinates":[[[[-46.25,1.75],[-46.5,1.75],[-46.5,1.5],[-46.25,1.5],[-46.25,1.75]]]]},"geometry_name":"GEOMETRY","properties":{"COD_BLOCO":"FZA-M-1040","COD_FASE_C":"E","DAT_ASSINA":"24-11-2025","DAT_TERMIN":null,"NOM_BACIA":"Foz do Amazonas","NOM_BLOCO":"FZA-M-1040","NOM_FANTAS":"FZA-M-1040_OP5","NUM_CONTRA":"48610220728202561","NUM_DESCOB":0,"OPERADOR_C":"Petróleo Brasileiro S.A. - PETROBRAS","RODADA":"OPC5","AREA_TOTAL":769.015,"AMBIENTE":"M ","BLOCOS":null},"bbox":[-46.5,1.5,-46.25,1.75]},{"type":"Feature","id":"BLOCOS_EXPLORATORIOS_SIRGAS.1150","geometry":{"type":"MultiPolygon","coordinates":[[[[-52,-19],[-52,-18.5],[-52.5,-18.5],[-52.5,-19],[-52,-19]]]]},"geometry_name":"GEOMETRY","properties":{"COD_BLOCO":"PAR-T-86","COD_FASE_C":"E","DAT_ASSINA":"28-06-2021","DAT_TERMIN":"'''","NOM_BACIA":"Paraná","NOM_BLOCO":"PAR-T-86","NOM_FANTAS":"PAR-T-86-OP2","NUM_CONTRA":"48610204678202141","NUM_DESCOB":0,"OPERADOR_C":"Eneva S.A.","RODADA":"OPC2","AREA_TOTAL":2918,"AMBIENTE":"T ","BLOCOS":"PAR-T-86                                          "},"bbox":[-52.5,-19,-52,-18.5]},{"type":"Feature","id":"BLOCOS_EXPLORATORIOS_SIRGAS.1149","geometry":{"type":"MultiPolygon","coordinates":[[[[-53.5,-19.5],[-53.5,-19],[-54,-19],[-54,-19.5],[-53.5,-19.5]]]]},"geometry_name":"GEOMETRY","properties":{"COD_BLOCO":"PAR-T-99","COD_FASE_C":"E","DAT_ASSINA":"28-06-2021","DAT_TERMIN":"'''","NOM_BACIA":"Paraná","NOM_BLOCO":"PAR-T-99","NOM_FANTAS":"PAR-T-99-OP2","NUM_CONTRA":"48610204679202195","NUM_DESCOB":0,"OPERADOR_C":"Eneva S.A.","RODADA":"OPC2","AREA_TOTAL":2909,"AMBIENTE":"T ","BLOCOS":"PAR-T-99                                          "},"bbox":[-54,-19.5,-53.5,-19]},{"type":"Feature","id":"BLOCOS_EXPLORATORIOS_SIRGAS.1470","geometry":{"type":"MultiPolygon","coordinates":[[[[-36.0625,-9.8546],[-36.0625,-9.8281],[-36.0547,-9.8281],[-36.0547,-9.8047],[-36.0625,-9.8047],[-36.0625,-9.7921],[-36.0628,-9.7921],[-36.0628,-9.7917],[-36.0993,-9.7917],[-36.0993,-9.7947],[-36.0993,-9.7973],[-36.0993,-9.7999],[-36.1019,-9.7999],[-36.1045,-9.7999],[-36.1045,-9.8025],[-36.1045,-9.8051],[-36.1045,-9.8077],[-36.1045,-9.8103],[-36.1045,-9.8129],[-36.1045,-9.8155],[-36.1045,-9.8181],[-36.1045,-9.8207],[-36.1045,-9.8233],[-36.1045,-9.8259],[-36.1019,-9.8259],[-36.0993,-9.8259],[-36.0967,-9.8259],[-36.0941,-9.8259],[-36.0915,-9.8259],[-36.0889,-9.8259],[-36.0863,-9.8259],[-36.0837,-9.8259],[-36.0837,-9.8286],[-36.0837,-9.8312],[-36.0837,-9.8338],[-36.0837,-9.8364],[-36.0837,-9.839],[-36.0863,-9.839],[-36.0863,-9.8416],[-36.0863,-9.8442],[-36.0889,-9.8442],[-36.0915,-9.8442],[-36.0915,-9.8468],[-36.0915,-9.8494],[-36.0915,-9.852],[-36.0941,-9.852],[-36.0967,-9.852],[-36.0967,-9.8546],[-36.0937,-9.8546],[-36.0911,-9.8546],[-36.0885,-9.8546],[-36.0859,-9.8546],[-36.0833,-9.8546],[-36.0807,-9.8546],[-36.0781,-9.8546],[-36.0755,-9.8546],[-36.0729,-9.8546],[-36.0703,-9.8546],[-36.0677,-9.8546],[-36.0651,-9.8546],[-36.0625,-9.8546]]]]},"geometry_name":"GEOMETRY","properties":{"COD_BLOCO":"SEAL-T-166","COD_FASE_C":"E","DAT_ASSINA":"24-11-2022","DAT_TERMIN":null,"NOM_BACIA":"Alagoas","NOM_BLOCO":"SEAL-T-166","NOM_FANTAS":null,"NUM_CONTRA":"48610215478202202","NUM_DESCOB":0,"OPERADOR_C":"Origem Energia S.A.","RODADA":"OPC3","AREA_TOTAL":28,"AMBIENTE":"T ","BLOCOS":null},"bbox":[-36.1045,-9.8546,-36.0547,-9.7917]},{"type":"Feature","id":"BLOCOS_EXPLORATORIOS_SIRGAS.1471","geometry":{"type":"MultiPolygon","coordinates":[[[[-36.1875,-9.9167],[-36.1875,-9.8754],[-36.1878,-9.8754],[-36.1878,-9.875],[-36.25,-9.875],[-36.25,-9.9167],[-36.1875,-9.9167]]]]},"geometry_name":"GEOMETRY","properties":{"COD_BLOCO":"SEAL-T-187","COD_FASE_C":"E","DAT_ASSINA":"24-11-2022","DAT_TERMIN":null,"NOM_BACIA":"Alagoas","NOM_BLOCO":"SEAL-T-187","NOM_FANTAS":null,"NUM_CONTRA":"48610215481202218","NUM_DESCOB":0,"OPERADOR_C":"Origem Energia S.A.","RODADA":"OPC3","AREA_TOTAL":32,"AMBIENTE":"T ","BLOCOS":null},"bbox":[-36.25,-9.9167,-36.1875,-9.875]},{"type":"Feature","id":"BLOCOS_EXPLORATORIOS_SIRGAS.1472","geometry":{"type":"MultiPolygon","coordinates":[[[[-36.1878,-10.125],[-36.1878,-10.1254],[-36.1904,-10.1254],[-36.193,-10.1254],[-36.1956,-10.1254],[-36.1983,-10.1254],[-36.2009,-10.1254],[-36.2035,-10.1254],[-36.2061,-10.1254],[-36.2087,-10.1254],[-36.2113,-10.1254],[-36.2139,-10.1254],[-36.2165,-10.1254],[-36.2165,-10.125],[-36.25,-10.125],[-36.25,-10.1667],[-36.1875,-10.1667],[-36.1875,-10.125],[-36.1878,-10.125]]]]},"geometry_name":"GEOMETRY","properties":{"COD_BLOCO":"SEAL-T-252","COD_FASE_C":"E","DAT_ASSINA":"24-11-2022","DAT_TERMIN":null,"NOM_BACIA":"Alagoas","NOM_BLOCO":"SEAL-T-252","NOM_FANTAS":null,"NUM_CONTRA":"48610215482202262","NUM_DESCOB":0,"OPERADOR_C":"Origem Energia S.A.","RODADA":"OPC3","AREA_TOTAL":31,"AMBIENTE":"T ","BLOCOS":null},"bbox":[-36.25,-10.1667,-36.1875,-10.125]},{"type":"Feature","id":"BLOCOS_EXPLORATORIOS_SIRGAS.1473","geometry":{"type":"MultiPolygon","coordinates":[[[[-36.1328,-10.1484],[-36.1328,-10.138],[-36.125,-10.138],[-36.125,-10.125],[-36.1875,-10.125],[-36.1875,-10.1667],[-36.1667,-10.1667],[-36.1667,-10.1641],[-36.1641,-10.1641],[-36.1641,-10.1615],[-36.1615,-10.1615],[-36.1615,-10.1589],[-36.1589,-10.1589],[-36.1589,-10.1562],[-36.1536,-10.1562],[-36.1536,-10.1536],[-36.151,-10.1536],[-36.151,-10.1484],[-36.1328,-10.1484]]]]},"geometry_name":"GEOMETRY","properties":{"COD_BLOCO":"SEAL-T-253","COD_FASE_C":"E","DAT_ASSINA":"24-11-2022","DAT_TERMIN":null,"NOM_BACIA":"Alagoas","NOM_BLOCO":"SEAL-T-253","NOM_FANTAS":null,"NUM_CONTRA":"48610215483202215","NUM_DESCOB":0,"OPERADOR_C":"Origem Energia S.A.","RODADA":"OPC3","AREA_TOTAL":23,"AMBIENTE":"T ","BLOCOS":null},"bbox":[-36.1875,-10.1667,-36.125,-10.125]},{"type":"Feature","id":"BLOCOS_EXPLORATORIOS_SIRGAS.1474","geometry":{"type":"MultiPolygon","coordinates":[[[[-36.9378,-5.3203],[-36.9378,-5.3181],[-36.9378,-5.3155],[-36.9378,-5.3129],[-36.9378,-5.3103],[-36.9378,-5.3077],[-36.9378,-5.3051],[-36.9378,-5.3025],[-36.9378,-5.2999],[-36.9378,-5.2973],[-36.9378,-5.2947],[-36.9378,-5.2921],[-36.9375,-5.2921],[-36.9375,-5.2917],[-36.9977,-5.2917],[-36.9977,-5.2947],[-37.0003,-5.2947],[-37.0003,-5.2973],[-37.0003,-5.2999],[-37.0003,-5.3025],[-37.0003,-5.3051],[-37.0003,-5.3077],[-37,-5.3077],[-37,-5.3337],[-36.9974,-5.3337],[-36.9948,-5.3337],[-36.9922,-5.3337],[-36.9896,-5.3337],[-36.987,-5.3337],[-36.9844,-5.3337],[-36.9818,-5.3337],[-36.9792,-5.3337],[-36.9766,-5.3337],[-36.974,-5.3337],[-36.9714,-5.3337],[-36.9687,-5.3337],[-36.9661,-5.3337],[-36.9635,-5.3337],[-36.9609,-5.3337],[-36.9583,-5.3337],[-36.9557,-5.3337],[-36.9531,-5.3337],[-36.9505,-5.3337],[-36.9479,-5.3337],[-36.9453,-5.3337],[-36.9427,-5.3337],[-36.9401,-5.3337],[-36.9375,-5.3337],[-36.9375,-5.3203],[-36.9378,-5.3203]]]]},"geometry_name":"GEOMETRY","properties":{"COD_BLOCO":"POT-T-568","COD_FASE_C":"E","DAT_ASSINA":"28-11-2022","DAT_TERMIN":null,"NOM_BACIA":"Potiguar","NOM_BLOCO":"POT-T-568","NOM_FANTAS":null,"NUM_CONTRA":"48610215455202290","NUM_DESCOB":0,"OPERADOR_C":"3R Potiguar S.A.","RODADA":"OPC3","AREA_TOTAL":32,"AMBIENTE":"T ","BLOCOS":null},"bbox":[-37.0003,-5.3337,-36.9375,-5.2917]},{"type":"Feature","id":"BLOCOS_EXPLORATORIOS_SIRGAS.1476","geometry":{"type":"MultiPolygon","coordinates":[[[[-36.8962,-5.0417],[-36.8962,-5.0447],[-36.8962,-5.0473],[-36.8962,-5.0499],[-36.8962,-5.0525],[-36.8962,-5.0551],[-36.8962,-5.0577],[-36.8962,-5.0603],[-36.8962,-5.0629],[-36.8988,-5.0629],[-36.9014,-5.0629],[-36.904,-5.0629],[-36.9066,-5.0629],[-36.9092,-5.0629],[-36.9118,-5.0629],[-36.9144,-5.0629],[-36.917,-5.0629],[-36.917,-5.0599],[-36.917,-5.0573],[-36.917,-5.0547],[-36.917,-5.0521],[-36.917,-5.0495],[-36.917,-5.0469],[-36.917,-5.0443],[-36.917,-5.0417],[-36.9375,-5.0417],[-36.9375,-5.0833],[-36.875,-5.0833],[-36.875,-5.0525],[-36.8779,-5.0525],[-36.8805,-5.0525],[-36.8831,-5.0525],[-36.8858,-5.0525],[-36.8858,-5.0495],[-36.8858,-5.0469],[-36.8858,-5.0443],[-36.8858,-5.0417],[-36.8962,-5.0417]]]]},"geometry_name":"GEOMETRY","properties":{"COD_BLOCO":"POT-T-327","COD_FASE_C":"E","DAT_ASSINA":"21-11-2022","DAT_TERMIN":null,"NOM_BACIA":"Potiguar","NOM_BLOCO":"POT-T-327","NOM_FANTAS":null,"NUM_CONTRA":"48610215437202216","NUM_DESCOB":0,"OPERADOR_C":"Petro-Victory Energia Ltda.","RODADA":"OPC3","AREA_TOTAL":25,"AMBIENTE":"T ","BLOCOS":null},"bbox":[-36.9375,-5.0833,-36.875,-5.0417]},{"type":"Feature","id":"BLOCOS_EXPLORATORIOS_SIRGAS.1477","geometry":{"type":"MultiPolygon","coordinates":[[[[-37.1589,-5.2917],[-37.1589,-5.2921],[-37.1562,-5.2921],[-37.1536,-5.2921],[-37.151,-5.2921],[-37.1484,-5.2921],[-37.1458,-5.2921],[-37.1432,-5.2921],[-37.1406,-5.2921],[-37.138,-5.2921],[-37.1354,-5.2921],[-37.1328,-5.2921],[-37.1302,-5.2921],[-37.1276,-5.2921],[-37.125,-5.2921],[-37.125,-5.25],[-37.154,-5.25],[-37.154,-5.2526],[-37.154,-5.2552],[-37.154,-5.2578],[-37.154,-5.2604],[-37.154,-5.263],[-37.154,-5.2656],[-37.154,-5.2682],[-37.154,-5.2708],[-37.154,-5.2734],[-37.154,-5.276],[-37.154,-5.2786],[-37.154,-5.2812],[-37.154,-5.2839],[-37.154,-5.2865],[-37.1875,-5.2865],[-37.1875,-5.2917],[-37.1589,-5.2917]]]]},"geometry_name":"GEOMETRY","properties":{"COD_BLOCO":"POT-T-520","COD_FASE_C":"E","DAT_ASSINA":"21-11-2022","DAT_TERMIN":null,"NOM_BACIA":"Potiguar","NOM_BLOCO":"POT-T-520","NOM_FANTAS":null,"NUM_CONTRA":"48610215445202254","NUM_DESCOB":0,"OPERADOR_C":"Petro-Victory Energia Ltda.","RODADA":"OPC3","AREA_TOTAL":17,"AMBIENTE":"T ","BLOCOS":null},"bbox":[-37.1875,-5.2921,-37.125,-5.25]},{"type":"Feature","id":"BLOCOS_EXPLORATORIOS_SIRGAS.1475","geometry":{"type":"MultiPolygon","coordinates":[[[[-36.875,-5.0108],[-36.875,-5],[-36.8962,-5],[-36.8962,-5.0004],[-36.8984,-5.0004],[-36.901,-5.0004],[-36.9036,-5.0004],[-36.9062,-5.0004],[-36.9089,-5.0004],[-36.9115,-5.0004],[-36.9141,-5.0004],[-36.9167,-5.0004],[-36.9193,-5.0004],[-36.9219,-5.0004],[-36.9245,-5.0004],[-36.9271,-5.0004],[-36.9297,-5.0004],[-36.9323,-5.0004],[-36.9349,-5.0004],[-36.9375,-5.0004],[-36.9375,-5.0417],[-36.917,-5.0417],[-36.917,-5.0421],[-36.9144,-5.0421],[-36.9118,-5.0421],[-36.9092,-5.0421],[-36.9066,-5.0421],[-36.904,-5.0421],[-36.9014,-5.0421],[-36.8988,-5.0421],[-36.8962,-5.0421],[-36.8962,-5.0417],[-36.8858,-5.0417],[-36.8858,-5.0395],[-36.8858,-5.0368],[-36.8858,-5.0342],[-36.8858,-5.0316],[-36.8858,-5.029],[-36.8858,-5.0264],[-36.8858,-5.0238],[-36.8858,-5.0212],[-36.8831,-5.0212],[-36.8805,-5.0212],[-36.8779,-5.0212],[-36.8753,-5.0212],[-36.8753,-5.0186],[-36.8753,-5.016],[-36.8753,-5.0134],[-36.8753,-5.0108],[-36.875,-5.0108]]]]},"geometry_name":"GEOMETRY","properties":{"COD_BLOCO":"POT-T-304","COD_FASE_C":"E","DAT_ASSINA":"21-11-2022","DAT_TERMIN":null,"NOM_BACIA":"Potiguar","NOM_BLOCO":"POT-T-304","NOM_FANTAS":null,"NUM_CONTRA":"48610215435202219","NUM_DESCOB":0,"OPERADOR_C":"Petro-Victory Energia Ltda.","RODADA":"OPC3","AREA_TOTAL":29,"AMBIENTE":"T ","BLOCOS":null},"bbox":[-36.9375,-5.0421,-36.875,-5]},{"type":"Feature","id":"BLOCOS_EXPLORATORIOS_SIRGAS.1478","geometry":{"type":"MultiPolygon","coordinates":[[[[-36.901,-5.2921],[-36.901,-5.2917],[-36.875,-5.2917],[-36.875,-5.25],[-36.8753,-5.25],[-36.8753,-5.2504],[-36.8776,-5.2504],[-36.8802,-5.2504],[-36.8828,-5.2504],[-36.8854,-5.2504],[-36.888,-5.2504],[-36.8906,-5.2504],[-36.8932,-5.2504],[-36.8958,-5.2504],[-36.8984,-5.2504],[-36.901,-5.2504],[-36.9036,-5.2504],[-36.9062,-5.2504],[-36.9089,-5.2504],[-36.9115,-5.2504],[-36.9141,-5.2504],[-36.9167,-5.2504],[-36.9193,-5.2504],[-36.9219,-5.2504],[-36.9245,-5.2504],[-36.9271,-5.2504],[-36.9297,-5.2504],[-36.9323,-5.2504],[-36.9349,-5.2504],[-36.9375,-5.2504],[-36.9375,-5.2921],[-36.9349,-5.2921],[-36.9323,-5.2921],[-36.9297,-5.2921],[-36.9271,-5.2921],[-36.9245,-5.2921],[-36.9219,-5.2921],[-36.9193,-5.2921],[-36.9167,-5.2921],[-36.9141,-5.2921],[-36.9115,-5.2921],[-36.9089,-5.2921],[-36.9062,-5.2921],[-36.9036,-5.2921],[-36.901,-5.2921]]]]},"geometry_name":"GEOMETRY","properties":{"COD_BLOCO":"POT-T-524","COD_FASE_C":"E","DAT_ASSINA":"28-11-2022","DAT_TERMIN":null,"NOM_BACIA":"Potiguar","NOM_BLOCO":"POT-T-524","NOM_FANTAS":null,"NUM_CONTRA":"48610215453202209","NUM_DESCOB":0,"OPERADOR_C":"3R Potiguar S.A.","RODADA":"OPC3","AREA_TOTAL":32,"AMBIENTE":"T ","BLOCOS":null},"bbox":[-36.9375,-5.2921,-36.875,-5.25]},{"type":"Feature","id":"BLOCOS_EXPLORATORIOS_SIRGAS.1481","geometry":{"type":"MultiPolygon","coordinates":[[[[-36.8411,-5.2187],[-36.8411,-5.224],[-36.8125,-5.224],[-36.8125,-5.1667],[-36.875,-5.1667],[-36.875,-5.1827],[-36.8753,-5.1827],[-36.8753,-5.1849],[-36.8753,-5.1875],[-36.8753,-5.1901],[-36.8753,-5.1927],[-36.8753,-5.1953],[-36.8753,-5.1979],[-36.8753,-5.2005],[-36.8753,-5.2031],[-36.8753,-5.2057],[-36.8753,-5.2083],[-36.862,-5.2083],[-36.862,-5.2135],[-36.8516,-5.2135],[-36.8516,-5.2187],[-36.8411,-5.2187]]]]},"geometry_name":"GEOMETRY","properties":{"COD_BLOCO":"POT-T-437","COD_FASE_C":"E","DAT_ASSINA":"28-11-2022","DAT_TERMIN":null,"NOM_BACIA":"Potiguar","NOM_BLOCO":"POT-T-437","NOM_FANTAS":null,"NUM_CONTRA":"48610215444202218","NUM_DESCOB":0,"OPERADOR_C":"3R Potiguar S.A.","RODADA":"OPC3","AREA_TOTAL":40,"AMBIENTE":"T ","BLOCOS":null},"bbox":[-36.8753,-5.224,-36.8125,-5.1667]},{"type":"Feature","id":"BLOCOS_EXPLORATORIOS_SIRGAS.1484","geometry":{"type":"MultiPolygon","coordinates":[[[[-37.4378,-5.3542],[-37.4378,-5.3546],[-37.4404,-5.3546],[-37.443,-5.3546],[-37.4457,-5.3546],[-37.4483,-5.3546],[-37.4509,-5.3546],[-37.4535,-5.3546],[-37.4561,-5.3546],[-37.4587,-5.3546],[-37.4613,-5.3546],[-37.4639,-5.3546],[-37.4665,-5.3546],[-37.4691,-5.3546],[-37.4691,-5.3516],[-37.4691,-5.349],[-37.4691,-5.3464],[-37.4691,-5.3437],[-37.4691,-5.3411],[-37.4691,-5.3385],[-37.4691,-5.3359],[-37.4691,-5.3333],[-37.5,-5.3333],[-37.5,-5.375],[-37.4375,-5.375],[-37.4375,-5.3542],[-37.4378,-5.3542]]]]},"geometry_name":"GEOMETRY","properties":{"COD_BLOCO":"POT-T-605","COD_FASE_C":"E","DAT_ASSINA":"21-11-2022","DAT_TERMIN":null,"NOM_BACIA":"Potiguar","NOM_BLOCO":"POT-T-605","NOM_FANTAS":null,"NUM_CONTRA":"48610215446202207","NUM_DESCOB":0,"OPERADOR_C":"Petro-Victory Energia Ltda.","RODADA":"OPC3","AREA_TOTAL":24,"AMBIENTE":"T ","BLOCOS":null},"bbox":[-37.5,-5.375,-37.4375,-5.3333]},{"type":"Feature","id":"BLOCOS_EXPLORATORIOS_SIRGAS.1485","geometry":{"type":"MultiPolygon","coordinates":[[[[-37.3125,-5.3333],[-37.3125,-5.375],[-37.25,-5.375],[-37.25,-5.3333],[-37.3125,-5.3333]]]]},"geometry_name":"GEOMETRY","properties":{"COD_BLOCO":"POT-T-608","COD_FASE_C":"E","DAT_ASSINA":"21-11-2022","DAT_TERMIN":null,"NOM_BACIA":"Potiguar","NOM_BLOCO":"POT-T-608","NOM_FANTAS":null,"NUM_CONTRA":"48610215447202243","NUM_DESCOB":0,"OPERADOR_C":"Petro-Victory Energia Ltda.","RODADA":"OPC3","AREA_TOTAL":32,"AMBIENTE":"T ","BLOCOS":null},"bbox":[-37.3125,-5.375,-37.25,-5.3333]},{"type":"Feature","id":"BLOCOS_EXPLORATORIOS_SIRGAS.1486","geometry":{"type":"MultiPolygon","coordinates":[[[[-37.4375,-5.4167],[-37.4375,-5.4583],[-37.375,-5.4583],[-37.375,-5.4167],[-37.4375,-5.4167]]]]},"geometry_name":"GEOMETRY","properties":{"COD_BLOCO":"POT-T-697","COD_FASE_C":"E","DAT_ASSINA":"21-11-2022","DAT_TERMIN":null,"NOM_BACIA":"Potiguar","NOM_BLOCO":"POT-T-697","NOM_FANTAS":null,"NUM_CONTRA":"48610215452202256","NUM_DESCOB":0,"OPERADOR_C":"Petro-Victory Energia Ltda.","RODADA":"OPC3","AREA_TOTAL":32,"AMBIENTE":"T ","BLOCOS":null},"bbox":[-37.4375,-5.4583,-37.375,-5.4167]},{"type":"Feature","id":"BLOCOS_EXPLORATORIOS_SIRGAS.1488","geometry":{"type":"MultiPolygon","coordinates":[[[[-37.1875,-5.375],[-37.1875,-5.4167],[-37.125,-5.4167],[-37.125,-5.375],[-37.1875,-5.375]]]]},"geometry_name":"GEOMETRY","properties":{"COD_BLOCO":"POT-T-655","COD_FASE_C":"E","DAT_ASSINA":"21-11-2022","DAT_TERMIN":null,"NOM_BACIA":"Potiguar","NOM_BLOCO":"POT-T-655","NOM_FANTAS":null,"NUM_CONTRA":"48610215450202267","NUM_DESCOB":0,"OPERADOR_C":"Petro-Victory Energia Ltda.","RODADA":"OPC3","AREA_TOTAL":32,"AMBIENTE":"T ","BLOCOS":null},"bbox":[-37.1875,-5.4167,-37.125,-5.375]},{"type":"Feature","id":"BLOCOS_EXPLORATORIOS_SIRGAS.1489","geometry":{"type":"MultiPolygon","coordinates":[[[[-37,-5.0417],[-37,-5.0833],[-36.9375,-5.0833],[-36.9375,-5.0417],[-37,-5.0417]]]]},"geometry_name":"GEOMETRY","properties":{"COD_BLOCO":"POT-T-326","COD_FASE_C":"E","DAT_ASSINA":"28-11-2022","DAT_TERMIN":null,"NOM_BACIA":"Potiguar","NOM_BLOCO":"POT-T-326","NOM_FANTAS":null,"NUM_CONTRA":"48610215436202263","NUM_DESCOB":0,"OPERADOR_C":"3R Potiguar S.A.","RODADA":"OPC3","AREA_TOTAL":32,"AMBIENTE":"T ","BLOCOS":null},"bbox":[-37,-5.0833,-36.9375,-5.0417]},{"type":"Feature","id":"BLOCOS_EXPLORATORIOS_SIRGAS.1491","geometry":{"type":"MultiPolygon","coordinates":[[[[-36.9375,-5.0833],[-36.9375,-5.125],[-36.875,-5.125],[-36.875,-5.0833],[-36.9375,-5.0833]]]]},"geometry_name":"GEOMETRY","properties":{"COD_BLOCO":"POT-T-354","COD_FASE_C":"E","DAT_ASSINA":"21-11-2022","DAT_TERMIN":null,"NOM_BACIA":"Potiguar","NOM_BLOCO":"POT-T-354","NOM_FANTAS":null,"NUM_CONTRA":"48610215439202205","NUM_DESCOB":0,"OPERADOR_C":"Petro-Victory Energia Ltda.","RODADA":"OPC3","AREA_TOTAL":32,"AMBIENTE":"T ","BLOCOS":null},"bbox":[-36.9375,-5.125,-36.875,-5.0833]},{"type":"Feature","id":"BLOCOS_EXPLORATORIOS_SIRGAS.1492","geometry":{"type":"MultiPolygon","coordinates":[[[[-36.8128,-5.125],[-36.8128,-5.1228],[-36.8128,-5.1202],[-36.8128,-5.1176],[-36.8128,-5.115],[-36.8128,-5.1124],[-36.8128,-5.1098],[-36.8128,-5.1072],[-36.8128,-5.1046],[-36.8128,-5.102],[-36.8128,-5.0993],[-36.8128,-5.0967],[-36.8125,-5.0967],[-36.8125,-5.0833],[-36.875,-5.0833],[-36.875,-5.125],[-36.8128,-5.125]]]]},"geometry_name":"GEOMETRY","properties":{"COD_BLOCO":"POT-T-355","COD_FASE_C":"E","DAT_ASSINA":"21-11-2022","DAT_TERMIN":null,"NOM_BACIA":"Potiguar","NOM_BLOCO":"POT-T-355","NOM_FANTAS":null,"NUM_CONTRA":"48610215440202221","NUM_DESCOB":0,"OPERADOR_C":"Petro-Victory Energia Ltda.","RODADA":"OPC3","AREA_TOTAL":32,"AMBIENTE":"T ","BLOCOS":null},"bbox":[-36.875,-5.125,-36.8125,-5.0833]},{"type":"Feature","id":"BLOCOS_EXPLORATORIOS_SIRGAS.1490","geometry":{"type":"MultiPolygon","coordinates":[[[[-37,-5.0833],[-37,-5.125],[-36.9375,-5.125],[-36.9375,-5.0833],[-37,-5.0833]]]]},"geometry_name":"GEOMETRY","properties":{"COD_BLOCO":"POT-T-353","COD_FASE_C":"E","DAT_ASSINA":"28-11-2022","DAT_TERMIN":null,"NOM_BACIA":"Potiguar","NOM_BLOCO":"POT-T-353","NOM_FANTAS":null,"NUM_CONTRA":"48610215438202252","NUM_DESCOB":0,"OPERADOR_C":"3R Potiguar S.A.","RODADA":"OPC3","AREA_TOTAL":32,"AMBIENTE":"T ","BLOCOS":null},"bbox":[-37,-5.125,-36.9375,-5.0833]},{"type":"Feature","id":"BLOCOS_EXPLORATORIOS_SIRGAS.1493","geometry":{"type":"MultiPolygon","coordinates":[[[[-37,-5.125],[-37,-5.1667],[-36.9375,-5.1667],[-36.9375,-5.125],[-37,-5.125]]]]},"geometry_name":"GEOMETRY","properties":{"COD_BLOCO":"POT-T-393","COD_FASE_C":"E","DAT_ASSINA":"21-11-2022","DAT_TERMIN":null,"NOM_BACIA":"Potiguar","NOM_BLOCO":"POT-T-393","NOM_FANTAS":null,"NUM_CONTRA":"48610215441202276","NUM_DESCOB":0,"OPERADOR_C":"Petro-Victory Energia Ltda.","RODADA":"OPC3","AREA_TOTAL":32,"AMBIENTE":"T ","BLOCOS":null},"bbox":[-37,-5.1667,-36.9375,-5.125]},{"type":"Feature","id":"BLOCOS_EXPLORATORIOS_SIRGAS.1441","geometry":{"type":"MultiPolygon","coordinates":[[[[-46.25,-27.25],[-46.25,-27.5],[-46,-27.5],[-46,-27.25],[-46.25,-27.25]]]]},"geometry_name":"GEOMETRY","properties":{"COD_BLOCO":"S-M-1713","COD_FASE_C":"E","DAT_ASSINA":"07-11-2022","DAT_TERMIN":null,"NOM_BACIA":"Santos","NOM_BLOCO":"S-M-1713","NOM_FANTAS":null,"NUM_CONTRA":"48610215463202236","NUM_DESCOB":0,"OPERADOR_C":"Shell Brasil Petróleo Ltda.","RODADA":"OPC3","AREA_TOTAL":685,"AMBIENTE":"M ","BLOCOS":null},"bbox":[-46.25,-27.5,-46,-27.25]},{"type":"Feature","id":"BLOCOS_EXPLORATORIOS_SIRGAS.1442","geometry":{"type":"MultiPolygon","coordinates":[[[[-46.75,-27.5],[-46.75,-27.75],[-46.5,-27.75],[-46.5,-27.5],[-46.75,-27.5]]]]},"geometry_name":"GEOMETRY","properties":{"COD_BLOCO":"S-M-1815","COD_FASE_C":"E","DAT_ASSINA":"07-11-2022","DAT_TERMIN":null,"NOM_BACIA":"Santos","NOM_BLOCO":"S-M-1815","NOM_FANTAS":null,"NUM_CONTRA":"48610215464202281","NUM_DESCOB":0,"OPERADOR_C":"TotalEnergies EP Brasil Ltda.","RODADA":"OPC3","AREA_TOTAL":684,"AMBIENTE":"M ","BLOCOS":null},"bbox":[-46.75,-27.75,-46.5,-27.5]},{"type":"Feature","id":"BLOCOS_EXPLORATORIOS_SIRGAS.1443","geometry":{"type":"MultiPolygon","coordinates":[[[[-46.75,-27.75],[-46.75,-28],[-46.5,-28],[-46.5,-27.75],[-46.75,-27.75]]]]},"geometry_name":"GEOMETRY","properties":{"COD_BLOCO":"S-M-1910","COD_FASE_C":"E","DAT_ASSINA":"08-11-2022","DAT_TERMIN":null,"NOM_BACIA":"Santos","NOM_BLOCO":"S-M-1910","NOM_FANTAS":null,"NUM_CONTRA":"48610215467202214","NUM_DESCOB":0,"OPERADOR_C":"Shell Brasil Petróleo Ltda.","RODADA":"OPC3","AREA_TOTAL":682,"AMBIENTE":"M ","BLOCOS":null},"bbox":[-46.75,-28,-46.5,-27.75]},{"type":"Feature","id":"BLOCOS_EXPLORATORIOS_SIRGAS.1444","geometry":{"type":"MultiPolygon","coordinates":[[[[-46.5,-27.25],[-46.5,-27.5],[-46.25,-27.5],[-46.25,-27.25],[-46.5,-27.25]]]]},"geometry_name":"GEOMETRY","properties":{"COD_BLOCO":"S-M-1711","COD_FASE_C":"E","DAT_ASSINA":"08-11-2022","DAT_TERMIN":null,"NOM_BACIA":"Santos","NOM_BLOCO":"S-M-1711","NOM_FANTAS":null,"NUM_CONTRA":"48610215462202291","NUM_DESCOB":0,"OPERADOR_C":"TotalEnergies EP Brasil Ltda.","RODADA":"OPC3","AREA_TOTAL":685,"AMBIENTE":"M ","BLOCOS":null},"bbox":[-46.5,-27.5,-46.25,-27.25]},{"type":"Feature","id":"BLOCOS_EXPLORATORIOS_SIRGAS.1445","geometry":{"type":"MultiPolygon","coordinates":[[[[-46.5,-27.5],[-46.5,-27.75],[-46.25,-27.75],[-46.25,-27.5],[-46.5,-27.5]]]]},"geometry_name":"GEOMETRY","properties":{"COD_BLOCO":"S-M-1817","COD_FASE_C":"E","DAT_ASSINA":"08-11-2022","DAT_TERMIN":null,"NOM_BACIA":"Santos","NOM_BLOCO":"S-M-1817","NOM_FANTAS":null,"NUM_CONTRA":"48610215465202225","NUM_DESCOB":0,"OPERADOR_C":"Shell Brasil Petróleo Ltda.","RODADA":"OPC3","AREA_TOTAL":684,"AMBIENTE":"M ","BLOCOS":null},"bbox":[-46.5,-27.75,-46.25,-27.5]},{"type":"Feature","id":"BLOCOS_EXPLORATORIOS_SIRGAS.1446","geometry":{"type":"MultiPolygon","coordinates":[[[[-46.25,-27.25],[-46.25,-27],[-46.5,-27],[-46.5,-27.25],[-46.25,-27.25]]]]},"geometry_name":"GEOMETRY","properties":{"COD_BLOCO":"S-M-1599","COD_FASE_C":"E","DAT_ASSINA":"07-11-2022","DAT_TERMIN":null,"NOM_BACIA":"Santos","NOM_BLOCO":"S-M-1599","NOM_FANTAS":null,"NUM_CONTRA":"48610215460202201","NUM_DESCOB":0,"OPERADOR_C":"Shell Brasil Petróleo Ltda.","RODADA":"OPC3","AREA_TOTAL":687,"AMBIENTE":"M ","BLOCOS":null},"bbox":[-46.5,-27.25,-46.25,-27]},{"type":"Feature","id":"BLOCOS_EXPLORATORIOS_SIRGAS.1447","geometry":{"type":"MultiPolygon","coordinates":[[[[-46,-27.25],[-46,-27],[-46.25,-27],[-46.25,-27.25],[-46,-27.25]]]]},"geometry_name":"GEOMETRY","properties":{"COD_BLOCO":"S-M-1601","COD_FASE_C":"E","DAT_ASSINA":"07-11-2022","DAT_TERMIN":null,"NOM_BACIA":"Santos","NOM_BLOCO":"S-M-1601","NOM_FANTAS":null,"NUM_CONTRA":"48610215461202247","NUM_DESCOB":0,"OPERADOR_C":"Shell Brasil Petróleo Ltda.","RODADA":"OPC3","AREA_TOTAL":687,"AMBIENTE":"M ","BLOCOS":null},"bbox":[-46.25,-27.25,-46,-27]},{"type":"Feature","id":"BLOCOS_EXPLORATORIOS_SIRGAS.1448","geometry":{"type":"MultiPolygon","coordinates":[[[[-47,-27.75],[-47,-28],[-46.75,-28],[-46.75,-27.75],[-47,-27.75]]]]},"geometry_name":"GEOMETRY","properties":{"COD_BLOCO":"S-M-1908","COD_FASE_C":"E","DAT_ASSINA":"08-11-2022","DAT_TERMIN":null,"NOM_BACIA":"Santos","NOM_BLOCO":"S-M-1908","NOM_FANTAS":null,"NUM_CONTRA":"48610215466202270","NUM_DESCOB":0,"OPERADOR_C":"Shell Brasil Petróleo Ltda.","RODADA":"OPC3","AREA_TOTAL":682,"AMBIENTE":"M ","BLOCOS":null},"bbox":[-47,-28,-46.75,-27.75]},{"type":"Feature","id":"BLOCOS_EXPLORATORIOS_SIRGAS.1450","geometry":{"type":"MultiPolygon","coordinates":[[[[-38.625,-12.4583],[-38.625,-12.5],[-38.5625,-12.5],[-38.5625,-12.4583],[-38.625,-12.4583]]]]},"geometry_name":"GEOMETRY","properties":{"COD_BLOCO":"REC-T-191","COD_FASE_C":"E","DAT_ASSINA":"10-11-2022","DAT_TERMIN":null,"NOM_BACIA":"Recôncavo","NOM_BLOCO":"REC-T-191","NOM_FANTAS":null,"NUM_CONTRA":"48610215459202278","NUM_DESCOB":0,"OPERADOR_C":"NTF Óleo e Gás S.A.","RODADA":"OPC3","AREA_TOTAL":31,"AMBIENTE":"T ","BLOCOS":null},"bbox":[-38.625,-12.5,-38.5625,-12.4583]},{"type":"Feature","id":"BLOCOS_EXPLORATORIOS_SIRGAS.1453","geometry":{"type":"MultiPolygon","coordinates":[[[[-38.875,-11.5],[-38.875,-11.625],[-38.7504,-11.625],[-38.7504,-11.6224],[-38.7504,-11.6198],[-38.7504,-11.6172],[-38.7504,-11.6146],[-38.7504,-11.612],[-38.7504,-11.6094],[-38.7504,-11.6068],[-38.7504,-11.6042],[-38.7504,-11.6016],[-38.7504,-11.599],[-38.7504,-11.5964],[-38.7504,-11.5937],[-38.7504,-11.5911],[-38.7504,-11.5885],[-38.7504,-11.5859],[-38.7504,-11.5833],[-38.7504,-11.5807],[-38.7504,-11.5781],[-38.7504,-11.5755],[-38.7504,-11.5729],[-38.7504,-11.5703],[-38.7504,-11.5677],[-38.7504,-11.5651],[-38.7504,-11.5625],[-38.7504,-11.5599],[-38.7504,-11.5573],[-38.7504,-11.5547],[-38.7504,-11.5521],[-38.7504,-11.5495],[-38.7504,-11.5469],[-38.7504,-11.5443],[-38.7504,-11.5417],[-38.7504,-11.5391],[-38.7504,-11.5365],[-38.7504,-11.5339],[-38.7504,-11.5312],[-38.7504,-11.5286],[-38.7504,-11.526],[-38.7504,-11.5234],[-38.7504,-11.5208],[-38.7504,-11.5182],[-38.7504,-11.5156],[-38.7504,-11.513],[-38.7504,-11.5104],[-38.7504,-11.5078],[-38.7504,-11.5052],[-38.7504,-11.5026],[-38.7504,-11.5],[-38.875,-11.5]]]]},"geometry_name":"GEOMETRY","properties":{"COD_BLOCO":"TUC-T-154","COD_FASE_C":"E","DAT_ASSINA":"24-11-2022","DAT_TERMIN":null,"NOM_BACIA":"Tucano Sul","NOM_BLOCO":"TUC-T-154","NOM_FANTAS":null,"NUM_CONTRA":"48610215486202241","NUM_DESCOB":0,"OPERADOR_C":"Origem Energia S.A.","RODADA":"OPC3","AREA_TOTAL":188,"AMBIENTE":"T ","BLOCOS":null},"bbox":[-38.875,-11.625,-38.7504,-11.5]},{"type":"Feature","id":"BLOCOS_EXPLORATORIOS_SIRGAS.1454","geometry":{"type":"MultiPolygon","coordinates":[[[[-38.75,-11.75],[-38.75,-11.6254],[-38.7504,-11.6254],[-38.7504,-11.625],[-38.875,-11.625],[-38.875,-11.75],[-38.75,-11.75]]]]},"geometry_name":"GEOMETRY","properties":{"COD_BLOCO":"TUC-T-161","COD_FASE_C":"E","DAT_ASSINA":"10-11-2022","DAT_TERMIN":null,"NOM_BACIA":"Tucano Sul","NOM_BLOCO":"TUC-T-161","NOM_FANTAS":null,"NUM_CONTRA":"48610215487202295","NUM_DESCOB":0,"OPERADOR_C":"Imetame Energia S.A.","RODADA":"OPC3","AREA_TOTAL":188,"AMBIENTE":"T ","BLOCOS":null},"bbox":[-38.875,-11.75,-38.75,-11.625]},{"type":"Feature","id":"BLOCOS_EXPLORATORIOS_SIRGAS.1455","geometry":{"type":"MultiPolygon","coordinates":[[[[-38.75,-11.75],[-38.75,-11.875],[-38.6254,-11.875],[-38.6254,-11.8724],[-38.6254,-11.8698],[-38.6254,-11.8672],[-38.6254,-11.8646],[-38.6254,-11.862],[-38.6254,-11.8594],[-38.6254,-11.8568],[-38.6254,-11.8542],[-38.6254,-11.8516],[-38.6254,-11.849],[-38.6254,-11.8464],[-38.6254,-11.8437],[-38.6254,-11.8411],[-38.6254,-11.8385],[-38.6254,-11.8359],[-38.6254,-11.8333],[-38.6254,-11.8307],[-38.6254,-11.8281],[-38.6254,-11.8255],[-38.6254,-11.8229],[-38.6254,-11.8203],[-38.6254,-11.8177],[-38.6254,-11.8151],[-38.6254,-11.8125],[-38.6254,-11.8099],[-38.6254,-11.8073],[-38.6254,-11.8047],[-38.6254,-11.8021],[-38.6254,-11.7995],[-38.6254,-11.7969],[-38.6254,-11.7943],[-38.6254,-11.7917],[-38.6254,-11.7891],[-38.6254,-11.7865],[-38.6254,-11.7839],[-38.6254,-11.7812],[-38.6254,-11.7786],[-38.6254,-11.776],[-38.6254,-11.7734],[-38.6254,-11.7708],[-38.6254,-11.7682],[-38.6254,-11.7656],[-38.6254,-11.763],[-38.6254,-11.7604],[-38.6254,-11.7578],[-38.6254,-11.7552],[-38.6254,-11.7526],[-38.6254,-11.75],[-38.75,-11.75]]]]},"geometry_name":"GEOMETRY","properties":{"COD_BLOCO":"TUC-T-167","COD_FASE_C":"E","DAT_ASSINA":"24-11-2022","DAT_TERMIN":null,"NOM_BACIA":"Tucano Sul","NOM_BLOCO":"TUC-T-167","NOM_FANTAS":null,"NUM_CONTRA":"48610215488202230","NUM_DESCOB":0,"OPERADOR_C":"Origem Energia S.A.","RODADA":"OPC3","AREA_TOTAL":188,"AMBIENTE":"T ","BLOCOS":null},"bbox":[-38.75,-11.875,-38.6254,-11.75]},{"type":"Feature","id":"BLOCOS_EXPLORATORIOS_SIRGAS.1457","geometry":{"type":"MultiPolygon","coordinates":[[[[-38.875,-11.375],[-38.875,-11.5],[-38.7504,-11.5],[-38.7504,-11.4974],[-38.7504,-11.4948],[-38.7504,-11.4922],[-38.7504,-11.4896],[-38.7504,-11.487],[-38.7504,-11.4844],[-38.7504,-11.4818],[-38.7504,-11.4792],[-38.7504,-11.4766],[-38.7504,-11.474],[-38.7504,-11.4714],[-38.7504,-11.4687],[-38.7504,-11.4661],[-38.7504,-11.4635],[-38.7504,-11.4609],[-38.7504,-11.4583],[-38.7504,-11.4557],[-38.7504,-11.4531],[-38.7504,-11.4505],[-38.7504,-11.4479],[-38.7504,-11.4453],[-38.7504,-11.4427],[-38.7504,-11.4401],[-38.7504,-11.4375],[-38.7504,-11.4349],[-38.7504,-11.4323],[-38.7504,-11.4297],[-38.7504,-11.4271],[-38.7504,-11.4245],[-38.7504,-11.4219],[-38.7504,-11.4193],[-38.7504,-11.4167],[-38.7504,-11.4141],[-38.7504,-11.4115],[-38.7504,-11.4089],[-38.7504,-11.4062],[-38.7504,-11.4036],[-38.7504,-11.401],[-38.7504,-11.3984],[-38.7504,-11.3958],[-38.7504,-11.3932],[-38.7504,-11.3906],[-38.7504,-11.388],[-38.7504,-11.3854],[-38.7504,-11.3828],[-38.7504,-11.3802],[-38.7504,-11.3776],[-38.7504,-11.375],[-38.875,-11.375]]]]},"geometry_name":"GEOMETRY","properties":{"COD_BLOCO":"TUC-T-146","COD_FASE_C":"E","DAT_ASSINA":"24-11-2022","DAT_TERMIN":null,"NOM_BACIA":"Tucano Sul","NOM_BLOCO":"TUC-T-146","NOM_FANTAS":null,"NUM_CONTRA":"48610215485202204","NUM_DESCOB":0,"OPERADOR_C":"Origem Energia S.A.","RODADA":"OPC3","AREA_TOTAL":188,"AMBIENTE":"T ","BLOCOS":null},"bbox":[-38.875,-11.5,-38.7504,-11.375]},{"type":"Feature","id":"BLOCOS_EXPLORATORIOS_SIRGAS.1462","geometry":{"type":"MultiPolygon","coordinates":[[[[-36.0759,-9.75],[-36.0759,-9.7504],[-36.0785,-9.7504],[-36.0811,-9.7504],[-36.0837,-9.7504],[-36.0863,-9.7504],[-36.0889,-9.7504],[-36.0915,-9.7504],[-36.0915,-9.75],[-36.1175,-9.75],[-36.1175,-9.7504],[-36.1149,-9.7504],[-36.1149,-9.753],[-36.1149,-9.7556],[-36.1149,-9.7582],[-36.1149,-9.7608],[-36.1149,-9.7634],[-36.1149,-9.7661],[-36.1149,-9.7687],[-36.1149,-9.7713],[-36.1149,-9.7739],[-36.1149,-9.7765],[-36.1175,-9.7765],[-36.1175,-9.7791],[-36.1175,-9.7817],[-36.1175,-9.7843],[-36.1149,-9.7843],[-36.1123,-9.7843],[-36.1123,-9.7869],[-36.1097,-9.7869],[-36.1071,-9.7869],[-36.1045,-9.7869],[-36.1019,-9.7869],[-36.0993,-9.7869],[-36.0993,-9.7891],[-36.0993,-9.7917],[-36.0628,-9.7917],[-36.0628,-9.7895],[-36.0628,-9.7869],[-36.0628,-9.7843],[-36.0628,-9.7817],[-36.0628,-9.7791],[-36.0628,-9.7765],[-36.0628,-9.7739],[-36.0628,-9.7713],[-36.0628,-9.7687],[-36.0628,-9.7661],[-36.0628,-9.7634],[-36.0628,-9.7608],[-36.0654,-9.7608],[-36.068,-9.7608],[-36.0706,-9.7608],[-36.0706,-9.7582],[-36.0706,-9.7556],[-36.0706,-9.753],[-36.0706,-9.7504],[-36.0732,-9.7504],[-36.0732,-9.75],[-36.0759,-9.75]]]]},"geometry_name":"GEOMETRY","properties":{"COD_BLOCO":"SEAL-T-153","COD_FASE_C":"E","DAT_ASSINA":"24-11-2022","DAT_TERMIN":null,"NOM_BACIA":"Alagoas","NOM_BLOCO":"SEAL-T-153","NOM_FANTAS":null,"NUM_CONTRA":"48610215477202250","NUM_DESCOB":0,"OPERADOR_C":"Origem Energia S.A.","RODADA":"OPC3","AREA_TOTAL":24,"AMBIENTE":"T ","BLOCOS":null},"bbox":[-36.1175,-9.7917,-36.0628,-9.75]},{"type":"Feature","id":"BLOCOS_EXPLORATORIOS_SIRGAS.1460","geometry":{"type":"MultiPolygon","coordinates":[[[[-36.0003,-9.6667],[-36.0003,-9.6645],[-36.0003,-9.6619],[-36.0003,-9.6593],[-36.0003,-9.6567],[-36.0003,-9.6541],[-36.0003,-9.6515],[-36.0003,-9.6489],[-36.0003,-9.6463],[-36.0003,-9.6437],[-36.0003,-9.641],[-36.0003,-9.6384],[-36.0003,-9.6358],[-36.0003,-9.6332],[-36.0003,-9.6306],[-36.0003,-9.628],[-36.0003,-9.6254],[-36,-9.6254],[-36,-9.625],[-36.0625,-9.625],[-36.0625,-9.6667],[-36.0003,-9.6667]]]]},"geometry_name":"GEOMETRY","properties":{"COD_BLOCO":"SEAL-T-117","COD_FASE_C":"E","DAT_ASSINA":"24-11-2022","DAT_TERMIN":null,"NOM_BACIA":"Alagoas","NOM_BLOCO":"SEAL-T-117","NOM_FANTAS":null,"NUM_CONTRA":"48610215473202271","NUM_DESCOB":0,"OPERADOR_C":"Origem Energia S.A.","RODADA":"OPC3","AREA_TOTAL":31,"AMBIENTE":"T ","BLOCOS":null},"bbox":[-36.0625,-9.6667,-36,-9.625]},{"type":"Feature","id":"BLOCOS_EXPLORATORIOS_SIRGAS.1464","geometry":{"type":"MultiPolygon","coordinates":[[[[-36.0316,-9.8333],[-36.0316,-9.8338],[-36.0342,-9.8338],[-36.0368,-9.8338],[-36.0394,-9.8338],[-36.042,-9.8338],[-36.0446,-9.8338],[-36.0472,-9.8338],[-36.0472,-9.8333],[-36.0625,-9.8333],[-36.0625,-9.8546],[-36.0602,-9.8546],[-36.0576,-9.8546],[-36.055,-9.8546],[-36.055,-9.8568],[-36.055,-9.8594],[-36.055,-9.862],[-36.055,-9.8646],[-36.055,-9.8672],[-36.055,-9.8698],[-36.055,-9.8724],[-36.055,-9.875],[-36,-9.875],[-36,-9.8333],[-36.0316,-9.8333]]]]},"geometry_name":"GEOMETRY","properties":{"COD_BLOCO":"SEAL-T-179","COD_FASE_C":"E","DAT_ASSINA":"24-11-2022","DAT_TERMIN":null,"NOM_BACIA":"Alagoas","NOM_BLOCO":"SEAL-T-179","NOM_FANTAS":null,"NUM_CONTRA":"48610215480202273","NUM_DESCOB":0,"OPERADOR_C":"Origem Energia S.A.","RODADA":"OPC3","AREA_TOTAL":30,"AMBIENTE":"T ","BLOCOS":null},"bbox":[-36.0625,-9.875,-36,-9.8333]},{"type":"Feature","id":"BLOCOS_EXPLORATORIOS_SIRGAS.1467","geometry":{"type":"MultiPolygon","coordinates":[[[[-35.8125,-9.5729],[-35.8125,-9.5651],[-35.8255,-9.5651],[-35.8255,-9.5417],[-35.875,-9.5417],[-35.875,-9.5733],[-35.8727,-9.5733],[-35.8701,-9.5733],[-35.8675,-9.5733],[-35.8649,-9.5733],[-35.8623,-9.5733],[-35.8597,-9.5733],[-35.8571,-9.5733],[-35.8571,-9.5759],[-35.8571,-9.5785],[-35.8571,-9.5812],[-35.8571,-9.5838],[-35.8542,-9.5838],[-35.8516,-9.5838],[-35.849,-9.5838],[-35.8464,-9.5838],[-35.8437,-9.5838],[-35.8411,-9.5838],[-35.8385,-9.5838],[-35.8359,-9.5838],[-35.8333,-9.5838],[-35.8307,-9.5838],[-35.8281,-9.5838],[-35.8255,-9.5838],[-35.8229,-9.5838],[-35.8203,-9.5838],[-35.8177,-9.5838],[-35.8151,-9.5838],[-35.8151,-9.5729],[-35.8125,-9.5729]]]]},"geometry_name":"GEOMETRY","properties":{"COD_BLOCO":"SEAL-T-103","COD_FASE_C":"E","DAT_ASSINA":"24-11-2022","DAT_TERMIN":null,"NOM_BACIA":"Alagoas","NOM_BLOCO":"SEAL-T-103","NOM_FANTAS":null,"NUM_CONTRA":"48610215471202282","NUM_DESCOB":0,"OPERADOR_C":"Origem Energia S.A.","RODADA":"OPC3","AREA_TOTAL":26,"AMBIENTE":"T ","BLOCOS":null},"bbox":[-35.875,-9.5838,-35.8125,-9.5417]},{"type":"Feature","id":"BLOCOS_EXPLORATORIOS_SIRGAS.782","geometry":{"type":"MultiPolygon","coordinates":[[[[-36,-11.25],[-36,-11.5],[-35.75,-11.5],[-35.75,-11.25],[-36,-11.25]]]]},"geometry_name":"GEOMETRY","properties":{"COD_BLOCO":"SEAL-M-503","COD_FASE_C":"E","DAT_ASSINA":"29-01-2018","DAT_TERMIN":null,"NOM_BACIA":"Sergipe","NOM_BLOCO":"SEAL-M-503","NOM_FANTAS":"SEAL-M-503_R14","NUM_CONTRA":"48610012625201719","NUM_DESCOB":0,"OPERADOR_C":"Brava Energia S.A.","RODADA":"Rodada 14","AREA_TOTAL":755,"AMBIENTE":"M ","BLOCOS":"SEAL-M-503                                        "},"bbox":[-36,-11.5,-35.75,-11.25]},{"type":"Feature","id":"BLOCOS_EXPLORATORIOS_SIRGAS.781","geometry":{"type":"MultiPolygon","coordinates":[[[[-36.25,-11.4015],[-36.25,-11.5],[-36,-11.5],[-36,-11.25],[-36.0003,-11.25],[-36.0003,-11.2504],[-36.0026,-11.2504],[-36.0052,-11.2504],[-36.0078,-11.2504],[-36.0104,-11.2504],[-36.013,-11.2504],[-36.0156,-11.2504],[-36.0182,-11.2504],[-36.0208,-11.2504],[-36.0234,-11.2504],[-36.026,-11.2504],[-36.0286,-11.2504],[-36.0312,-11.2504],[-36.0339,-11.2504],[-36.0365,-11.2504],[-36.0391,-11.2504],[-36.0417,-11.2504],[-36.0443,-11.2504],[-36.0469,-11.2504],[-36.0495,-11.2504],[-36.0521,-11.2504],[-36.0547,-11.2504],[-36.0573,-11.2504],[-36.0599,-11.2504],[-36.0625,-11.2504],[-36.0651,-11.2504],[-36.0677,-11.2504],[-36.0703,-11.2504],[-36.0729,-11.2504],[-36.0755,-11.2504],[-36.0781,-11.2504],[-36.0807,-11.2504],[-36.0833,-11.2504],[-36.0859,-11.2504],[-36.0885,-11.2504],[-36.0911,-11.2504],[-36.0937,-11.2504],[-36.0964,-11.2504],[-36.099,-11.2504],[-36.1016,-11.2504],[-36.1042,-11.2504],[-36.1068,-11.2504],[-36.1094,-11.2504],[-36.112,-11.2504],[-36.1146,-11.2504],[-36.1172,-11.2504],[-36.1198,-11.2504],[-36.1224,-11.2504],[-36.125,-11.2504],[-36.1276,-11.2504],[-36.1302,-11.2504],[-36.1328,-11.2504],[-36.1354,-11.2504],[-36.138,-11.2504],[-36.1406,-11.2504],[-36.1432,-11.2504],[-36.1458,-11.2504],[-36.1484,-11.2504],[-36.151,-11.2504],[-36.1536,-11.2504],[-36.1562,-11.2504],[-36.1589,-11.2504],[-36.1615,-11.2504],[-36.1641,-11.2504],[-36.1667,-11.2504],[-36.1693,-11.2504],[-36.1719,-11.2504],[-36.1745,-11.2504],[-36.1771,-11.2504],[-36.1797,-11.2504],[-36.1823,-11.2504],[-36.1849,-11.2504],[-36.1875,-11.2504],[-36.1901,-11.2504],[-36.1927,-11.2504],[-36.1953,-11.2504],[-36.1979,-11.2504],[-36.2005,-11.2504],[-36.2031,-11.2504],[-36.2057,-11.2504],[-36.2083,-11.2504],[-36.2109,-11.2504],[-36.2135,-11.2504],[-36.2161,-11.2504],[-36.2187,-11.2504],[-36.2214,-11.2504],[-36.224,-11.2504],[-36.2266,-11.2504],[-36.2292,-11.2504],[-36.2318,-11.2504],[-36.2344,-11.2504],[-36.237,-11.2504],[-36.2396,-11.2504],[-36.2422,-11.2504],[-36.2448,-11.2504],[-36.2474,-11.2504],[-36.25,-11.2504],[-36.25,-11.2739],[-36.2503,-11.2739],[-36.2503,-11.2765],[-36.2503,-11.2791],[-36.2503,-11.2817],[-36.2503,-11.2843],[-36.2503,-11.2869],[-36.2503,-11.2895],[-36.2503,-11.2921],[-36.2503,-11.2947],[-36.2503,-11.2973],[-36.2503,-11.2999],[-36.2503,-11.3025],[-36.2503,-11.3051],[-36.2503,-11.3077],[-36.2503,-11.3103],[-36.2503,-11.3129],[-36.2503,-11.3155],[-36.2503,-11.3181],[-36.2503,-11.3207],[-36.2503,-11.3234],[-36.2503,-11.326],[-36.2503,-11.3286],[-36.2503,-11.3312],[-36.2503,-11.3338],[-36.2503,-11.3364],[-36.2503,-11.339],[-36.2503,-11.3416],[-36.2503,-11.3442],[-36.2503,-11.3468],[-36.2503,-11.3494],[-36.2503,-11.352],[-36.2503,-11.3546],[-36.2503,-11.3572],[-36.2503,-11.3598],[-36.2503,-11.3624],[-36.2503,-11.365],[-36.2503,-11.3676],[-36.2503,-11.3702],[-36.2503,-11.3728],[-36.2503,-11.3754],[-36.2503,-11.378],[-36.2503,-11.3806],[-36.2503,-11.3833],[-36.2503,-11.3859],[-36.2503,-11.3885],[-36.2503,-11.3911],[-36.2503,-11.3937],[-36.2503,-11.3963],[-36.2503,-11.3989],[-36.2503,-11.4015],[-36.25,-11.4015]]]]},"geometry_name":"GEOMETRY","properties":{"COD_BLOCO":"SEAL-M-501","COD_FASE_C":"E","DAT_ASSINA":"29-01-2018","DAT_TERMIN":null,"NOM_BACIA":"Sergipe","NOM_BLOCO":"SEAL-M-501","NOM_FANTAS":"SEAL-M-501_R14","NUM_CONTRA":"48610012640201767","NUM_DESCOB":0,"OPERADOR_C":"Brava Energia S.A.","RODADA":"Rodada 14","AREA_TOTAL":754,"AMBIENTE":"M ","BLOCOS":"SEAL-M-501                                        "},"bbox":[-36.2503,-11.5,-36,-11.25]},{"type":"Feature","id":"BLOCOS_EXPLORATORIOS_SIRGAS.2111","geometry":{"type":"MultiPolygon","coordinates":[[[[-49.5005,-32.5005],[-49.5005,-32.7505],[-49.2505,-32.7505],[-49.2505,-32.5005],[-49.5005,-32.5005]]]]},"geometry_name":"GEOMETRY","properties":{"COD_BLOCO":"P-M-1275","COD_FASE_C":"E","DAT_ASSINA":"25-06-2024","DAT_TERMIN":null,"NOM_BACIA":"Pelotas","NOM_BLOCO":"P-M-1275","NOM_FANTAS":"P-M-1275_OP4","NUM_CONTRA":"48610206079202412","NUM_DESCOB":0,"OPERADOR_C":"Chevron Brasil Óleo e Gás Ltda.","RODADA":"OPC4","AREA_TOTAL":650.4651,"AMBIENTE":"M ","BLOCOS":null},"bbox":[-49.5005,-32.7505,-49.2505,-32.5005]},{"type":"Feature","id":"BLOCOS_EXPLORATORIOS_SIRGAS.792","geometry":{"type":"MultiPolygon","coordinates":[[[[-39.0004,-20.75],[-39.0004,-20.7479],[-39.0004,-20.7453],[-39.0004,-20.7427],[-39.0004,-20.7401],[-39.0004,-20.7375],[-39.0004,-20.7349],[-39.0004,-20.7323],[-39.0004,-20.7297],[-39.0004,-20.7271],[-39.0004,-20.7245],[-39.0004,-20.7218],[-39.0004,-20.7192],[-39.0004,-20.7166],[-39.0004,-20.714],[-39.0004,-20.7114],[-39.0004,-20.7088],[-39.0004,-20.7062],[-39.0004,-20.7036],[-39.0004,-20.701],[-39.0004,-20.6984],[-39.0004,-20.6958],[-39.0004,-20.6932],[-39.0004,-20.6906],[-39.0004,-20.688],[-39.0004,-20.6854],[-39.0004,-20.6828],[-39.0004,-20.6802],[-39.0004,-20.6776],[-39.0004,-20.675],[-39.0004,-20.6724],[-39.0004,-20.6698],[-39.0004,-20.6672],[-39.0004,-20.6646],[-39.0004,-20.662],[-39.0004,-20.6593],[-39.0004,-20.6567],[-39.0004,-20.6541],[-39.0004,-20.6515],[-39.0004,-20.6489],[-39.0004,-20.6463],[-39.0004,-20.6437],[-39.0004,-20.6411],[-39.0004,-20.6385],[-39.0004,-20.6359],[-39.0004,-20.6333],[-39.0004,-20.6307],[-39.0004,-20.6281],[-39.0004,-20.6255],[-39.0004,-20.6229],[-39.0004,-20.6203],[-39.0004,-20.6177],[-39.0004,-20.6151],[-39.0004,-20.6125],[-39.0004,-20.6099],[-39.0004,-20.6073],[-39.0004,-20.6047],[-39.0004,-20.6021],[-39.0004,-20.5995],[-39.0004,-20.5968],[-39.0004,-20.5942],[-39.0004,-20.5916],[-39.0004,-20.589],[-39.0004,-20.5864],[-39.0004,-20.5838],[-39.0004,-20.5812],[-39.0004,-20.5786],[-39.0004,-20.576],[-39.0004,-20.5734],[-39.0004,-20.5708],[-39.0004,-20.5682],[-39.0004,-20.5656],[-39.0004,-20.563],[-39.0004,-20.5604],[-39.0004,-20.5578],[-39.0004,-20.5552],[-39.0004,-20.5526],[-39.0004,-20.55],[-39.0004,-20.5474],[-39.0004,-20.5448],[-39.0004,-20.5422],[-39.0004,-20.5396],[-39.0004,-20.537],[-39.0004,-20.5343],[-39.0004,-20.5317],[-39.0004,-20.5291],[-39.0004,-20.5265],[-39.0004,-20.5239],[-39.0004,-20.5213],[-39.0004,-20.5187],[-39.0004,-20.5161],[-39.0004,-20.5135],[-39.0004,-20.5109],[-39.0004,-20.5083],[-39.0004,-20.5057],[-39.0004,-20.5031],[-39.0004,-20.5005],[-39,-20.5005],[-39,-20.5],[-39.25,-20.5],[-39.25,-20.75],[-39.0004,-20.75]]]]},"geometry_name":"GEOMETRY","properties":{"COD_BLOCO":"ES-M-667","COD_FASE_C":"E","DAT_ASSINA":"29-01-2018","DAT_TERMIN":null,"NOM_BACIA":"Espírito Santo","NOM_BLOCO":"ES-M-667","NOM_FANTAS":"ES-M-667_R14","NUM_CONTRA":"48610012646201734","NUM_DESCOB":0,"OPERADOR_C":"Repsol Exploração Brasil Ltda.","RODADA":"Rodada 14","AREA_TOTAL":720,"AMBIENTE":"M ","BLOCOS":"ES-M-667                                          "},"bbox":[-39.25,-20.75,-39,-20.5]},{"type":"Feature","id":"BLOCOS_EXPLORATORIOS_SIRGAS.2110","geometry":{"type":"MultiPolygon","coordinates":[[[[-43.4557,-26.4531],[-43.4557,-26.1797],[-44,-26.1797],[-44,-26.7604],[-43.6068,-26.7604],[-43.6068,-26.5521],[-43.5885,-26.5521],[-43.5885,-26.526],[-43.5547,-26.526],[-43.5547,-26.5026],[-43.5339,-26.5026],[-43.5339,-26.4974],[-43.5234,-26.4974],[-43.5234,-26.4922],[-43.5182,-26.4922],[-43.5182,-26.4844],[-43.513,-26.4844],[-43.513,-26.4792],[-43.5078,-26.4792],[-43.5078,-26.474],[-43.487,-26.474],[-43.487,-26.4687],[-43.4792,-26.4687],[-43.4792,-26.4635],[-43.474,-26.4635],[-43.474,-26.4583],[-43.4635,-26.4583],[-43.4635,-26.4531],[-43.4557,-26.4531]]]]},"geometry_name":"GEOMETRY","properties":{"COD_BLOCO":"TUPINAMBÁ","COD_FASE_C":"E","DAT_ASSINA":"27-05-2024","DAT_TERMIN":null,"NOM_BACIA":"Santos","NOM_BLOCO":"TUPINAMBÁ","NOM_FANTAS":"TUPINAMBA_OPP2","NUM_CONTRA":"48610239990202317","NUM_DESCOB":0,"OPERADOR_C":"BP Energy do Brasil Ltda.","RODADA":"OPP2","AREA_TOTAL":3056,"AMBIENTE":"M ","BLOCOS":null},"bbox":[-44,-26.7604,-43.4557,-26.1797]},{"type":"Feature","id":"BLOCOS_EXPLORATORIOS_SIRGAS.2112","geometry":{"type":"MultiPolygon","coordinates":[[[[-47,-28.5],[-47.25,-28.5],[-47.25,-28.75],[-47,-28.75],[-47,-28.5]]]]},"geometry_name":"GEOMETRY","properties":{"COD_BLOCO":"P-M-132","COD_FASE_C":"E","DAT_ASSINA":"25-06-2024","DAT_TERMIN":null,"NOM_BACIA":"Pelotas","NOM_BLOCO":"P-M-132","NOM_FANTAS":"P-M-132_OP4","NUM_CONTRA":"48610206074202481","NUM_DESCOB":0,"OPERADOR_C":"Chevron Brasil Óleo e Gás Ltda.","RODADA":"OPC4","AREA_TOTAL":677.37,"AMBIENTE":"M ","BLOCOS":null},"bbox":[-47.25,-28.75,-47,-28.5]},{"type":"Feature","id":"BLOCOS_EXPLORATORIOS_SIRGAS.1188","geometry":{"type":"MultiPolygon","coordinates":[[[[-39.9193,-21.5339],[-39.9193,-21.5182],[-39.901,-21.5182],[-39.901,-21.5005],[-39.904,-21.5005],[-39.9066,-21.5005],[-39.9092,-21.5005],[-39.9118,-21.5005],[-39.9145,-21.5005],[-39.9171,-21.5005],[-39.9197,-21.5005],[-39.9223,-21.5005],[-39.9249,-21.5005],[-39.9275,-21.5005],[-39.9301,-21.5005],[-39.9327,-21.5005],[-39.9353,-21.5005],[-39.9379,-21.5005],[-39.9405,-21.5005],[-39.9431,-21.5005],[-39.9457,-21.5005],[-39.9483,-21.5005],[-39.9509,-21.5005],[-39.9535,-21.5005],[-39.9561,-21.5005],[-39.9587,-21.5005],[-39.9613,-21.5005],[-39.9639,-21.5005],[-39.9665,-21.5005],[-39.9691,-21.5005],[-39.9717,-21.5005],[-39.9743,-21.5005],[-39.977,-21.5005],[-39.9796,-21.5005],[-39.9822,-21.5005],[-39.9848,-21.5005],[-39.9874,-21.5005],[-39.99,-21.5005],[-39.9926,-21.5005],[-39.9952,-21.5005],[-39.9978,-21.5005],[-40.0004,-21.5005],[-40.0004,-21.5026],[-40.0004,-21.5052],[-40.0004,-21.5078],[-40.0004,-21.5104],[-40.0004,-21.513],[-40.0004,-21.5156],[-40.0004,-21.5182],[-40.0004,-21.5208],[-40.0004,-21.5234],[-40.0004,-21.526],[-40.0004,-21.5286],[-40.0004,-21.5312],[-40.0004,-21.5339],[-40.0004,-21.5365],[-40.0004,-21.5391],[-40.0004,-21.5417],[-40.0004,-21.5443],[-40.0004,-21.5469],[-40.0004,-21.5495],[-40.0004,-21.5521],[-40.0004,-21.5547],[-40.0004,-21.5573],[-40.0004,-21.5599],[-40.0004,-21.5625],[-40.0004,-21.5651],[-40.0004,-21.5677],[-40.0004,-21.5703],[-40.0004,-21.5729],[-40.0004,-21.5755],[-40.0004,-21.5781],[-40.0004,-21.5807],[-40.0004,-21.5833],[-40.0004,-21.5859],[-39.9687,-21.5859],[-39.9687,-21.5677],[-39.9505,-21.5677],[-39.9505,-21.5521],[-39.9349,-21.5521],[-39.9349,-21.5339],[-39.9193,-21.5339]]]]},"geometry_name":"GEOMETRY","properties":{"COD_BLOCO":"C-M-101","COD_FASE_C":"E","DAT_ASSINA":"24-11-2004","DAT_TERMIN":null,"NOM_BACIA":"Campos","NOM_BLOCO":"C-M-101","NOM_FANTAS":null,"NUM_CONTRA":"486100079742004","NUM_DESCOB":0,"OPERADOR_C":"Prio Forte S.A.","RODADA":"Rodada 6","AREA_TOTAL":64,"AMBIENTE":"M ","BLOCOS":"C-M-101                                           "},"bbox":[-40.0004,-21.5859,-39.901,-21.5005]},{"type":"Feature","id":"BLOCOS_EXPLORATORIOS_SIRGAS.2340","geometry":{"type":"MultiPolygon","coordinates":[[[[-44.4171,-5.7113],[-44.4171,-5.7113],[-44.4193,-5.7113],[-44.4219,-5.7113],[-44.4245,-5.7113],[-44.4271,-5.7113],[-44.4297,-5.7113],[-44.4323,-5.7113],[-44.4349,-5.7113],[-44.4375,-5.7113],[-44.4401,-5.7113],[-44.4427,-5.7113],[-44.4453,-5.7113],[-44.4479,-5.7113],[-44.4505,-5.7113],[-44.4531,-5.7113],[-44.4557,-5.7113],[-44.4583,-5.7113],[-44.4609,-5.7113],[-44.4635,-5.7113],[-44.4661,-5.7113],[-44.4687,-5.7113],[-44.4714,-5.7113],[-44.474,-5.7113],[-44.4766,-5.7113],[-44.4792,-5.7113],[-44.4818,-5.7113],[-44.4844,-5.7113],[-44.487,-5.7113],[-44.4896,-5.7113],[-44.4922,-5.7113],[-44.4948,-5.7113],[-44.4974,-5.7113],[-44.5,-5.7113],[-44.5,-6],[-44.4692,-6],[-44.4692,-5.9978],[-44.4692,-5.9952],[-44.4692,-5.9926],[-44.4692,-5.99],[-44.4692,-5.9874],[-44.4692,-5.9848],[-44.4692,-5.9822],[-44.4692,-5.9796],[-44.4692,-5.977],[-44.4692,-5.9743],[-44.4692,-5.9717],[-44.4692,-5.9691],[-44.4692,-5.9665],[-44.4692,-5.9639],[-44.4692,-5.9613],[-44.4692,-5.9587],[-44.4692,-5.9561],[-44.4692,-5.9535],[-44.4692,-5.9509],[-44.4692,-5.9483],[-44.4692,-5.9457],[-44.4692,-5.9431],[-44.4692,-5.9405],[-44.4692,-5.9379],[-44.4692,-5.9353],[-44.4692,-5.9327],[-44.4692,-5.9301],[-44.4692,-5.9275],[-44.4692,-5.9249],[-44.4692,-5.9223],[-44.4692,-5.9197],[-44.4692,-5.9171],[-44.4692,-5.9145],[-44.4692,-5.9118],[-44.4692,-5.9092],[-44.4692,-5.9066],[-44.4692,-5.904],[-44.4692,-5.9014],[-44.4692,-5.8988],[-44.4692,-5.8962],[-44.4692,-5.8936],[-44.4692,-5.891],[-44.4692,-5.8884],[-44.4692,-5.8858],[-44.4692,-5.8832],[-44.4692,-5.8806],[-44.4692,-5.878],[-44.4692,-5.8754],[-44.4692,-5.8728],[-44.4692,-5.8702],[-44.4692,-5.8676],[-44.4692,-5.865],[-44.4692,-5.8624],[-44.4692,-5.8598],[-44.4692,-5.8572],[-44.4692,-5.8546],[-44.4692,-5.852],[-44.4692,-5.8493],[-44.4692,-5.8467],[-44.4692,-5.8441],[-44.4692,-5.8415],[-44.4692,-5.8389],[-44.4692,-5.8363],[-44.4692,-5.8337],[-44.4692,-5.8311],[-44.4692,-5.8285],[-44.4692,-5.8259],[-44.4692,-5.8233],[-44.4692,-5.8207],[-44.4692,-5.8181],[-44.4692,-5.8155],[-44.4692,-5.8129],[-44.4692,-5.8103],[-44.4692,-5.8077],[-44.4692,-5.8051],[-44.4665,-5.8051],[-44.4639,-5.8051],[-44.4613,-5.8051],[-44.4587,-5.8051],[-44.4561,-5.8051],[-44.4535,-5.8051],[-44.4509,-5.8051],[-44.4483,-5.8051],[-44.4457,-5.8051],[-44.4431,-5.8051],[-44.4405,-5.8051],[-44.4379,-5.8051],[-44.4353,-5.8051],[-44.4327,-5.8051],[-44.4301,-5.8051],[-44.4275,-5.8051],[-44.4249,-5.8051],[-44.4223,-5.8051],[-44.4197,-5.8051],[-44.4171,-5.8051],[-44.4171,-5.8025],[-44.4171,-5.7999],[-44.4171,-5.7973],[-44.4171,-5.7947],[-44.4171,-5.7921],[-44.4171,-5.7895],[-44.4171,-5.7868],[-44.4171,-5.7842],[-44.4171,-5.7816],[-44.4171,-5.779],[-44.4171,-5.7764],[-44.4171,-5.7738],[-44.4171,-5.7712],[-44.4171,-5.7686],[-44.4171,-5.766],[-44.4171,-5.7634],[-44.4171,-5.7608],[-44.4171,-5.7582],[-44.4171,-5.7556],[-44.4171,-5.753],[-44.4171,-5.7504],[-44.4171,-5.7478],[-44.4171,-5.7452],[-44.4171,-5.7426],[-44.4171,-5.74],[-44.4171,-5.7374],[-44.4171,-5.7348],[-44.4171,-5.7322],[-44.4171,-5.7296],[-44.4171,-5.727],[-44.4171,-5.7243],[-44.4171,-5.7217],[-44.4171,-5.7191],[-44.4171,-5.7165],[-44.4171,-5.7139],[-44.4171,-5.7113]]],[[[-44.2738,-5.8598],[-44.2738,-5.8598],[-44.2764,-5.8598],[-44.279,-5.8598],[-44.2816,-5.8598],[-44.2843,-5.8598],[-44.2869,-5.8598],[-44.2895,-5.8598],[-44.2921,-5.8598],[-44.2947,-5.8598],[-44.2973,-5.8598],[-44.2973,-5.8624],[-44.2973,-5.865],[-44.2973,-5.8676],[-44.2973,-5.8702],[-44.2973,-5.8728],[-44.2973,-5.8754],[-44.2973,-5.878],[-44.2973,-5.8806],[-44.2973,-5.8832],[-44.2973,-5.8858],[-44.2973,-5.8884],[-44.2973,-5.891],[-44.2973,-5.8936],[-44.2973,-5.8962],[-44.2999,-5.8962],[-44.3025,-5.8962],[-44.3051,-5.8962],[-44.3077,-5.8962],[-44.3103,-5.8962],[-44.3129,-5.8962],[-44.3155,-5.8962],[-44.3181,-5.8962],[-44.3207,-5.8962],[-44.3233,-5.8962],[-44.3259,-5.8962],[-44.3259,-5.8988],[-44.3259,-5.9014],[-44.3259,-5.904],[-44.3259,-5.9066],[-44.3259,-5.9092],[-44.3259,-5.9118],[-44.3259,-5.9145],[-44.3259,-5.9171],[-44.3259,-5.9197],[-44.3259,-5.9223],[-44.3259,-5.9249],[-44.3259,-5.9275],[-44.3259,-5.9301],[-44.3259,-5.9327],[-44.3233,-5.9327],[-44.3207,-5.9327],[-44.3181,-5.9327],[-44.3155,-5.9327],[-44.3129,-5.9327],[-44.3103,-5.9327],[-44.3077,-5.9327],[-44.3051,-5.9327],[-44.3025,-5.9327],[-44.2999,-5.9327],[-44.2973,-5.9327],[-44.2947,-5.9327],[-44.2921,-5.9327],[-44.2895,-5.9327],[-44.2869,-5.9327],[-44.2843,-5.9327],[-44.2816,-5.9327],[-44.279,-5.9327],[-44.2764,-5.9327],[-44.2738,-5.9327],[-44.2712,-5.9327],[-44.2686,-5.9327],[-44.266,-5.9327],[-44.2634,-5.9327],[-44.2608,-5.9327],[-44.2582,-5.9327],[-44.2556,-5.9327],[-44.253,-5.9327],[-44.2504,-5.9327],[-44.2478,-5.9327],[-44.2478,-5.9349],[-44.2478,-5.9375],[-44.2478,-5.9401],[-44.2478,-5.9427],[-44.2478,-5.9453],[-44.2478,-5.9479],[-44.2478,-5.9505],[-44.2478,-5.9531],[-44.2478,-5.9557],[-44.2478,-5.9583],[-44.2478,-5.9609],[-44.2478,-5.9635],[-44.2478,-5.9661],[-44.2478,-5.9687],[-44.2478,-5.9714],[-44.2478,-5.974],[-44.2478,-5.9766],[-44.2478,-5.9792],[-44.2478,-5.9818],[-44.2478,-5.9844],[-44.2478,-5.987],[-44.2478,-5.9896],[-44.2478,-5.9922],[-44.2478,-5.9948],[-44.2478,-5.9974],[-44.2478,-6],[-44,-6],[-44,-5.5],[-44.0004,-5.5],[-44.0004,-5.5004],[-44.003,-5.5004],[-44.0056,-5.5004],[-44.0082,-5.5004],[-44.0108,-5.5004],[-44.0134,-5.5004],[-44.016,-5.5004],[-44.0186,-5.5004],[-44.0212,-5.5004],[-44.0238,-5.5004],[-44.0264,-5.5004],[-44.029,-5.5004],[-44.0316,-5.5004],[-44.0343,-5.5004],[-44.0369,-5.5004],[-44.0395,-5.5004],[-44.0421,-5.5004],[-44.0447,-5.5004],[-44.0473,-5.5004],[-44.0499,-5.5004],[-44.0525,-5.5004],[-44.0551,-5.5004],[-44.0577,-5.5004],[-44.0603,-5.5004],[-44.0629,-5.5004],[-44.0655,-5.5004],[-44.0681,-5.5004],[-44.0707,-5.5004],[-44.0733,-5.5004],[-44.0759,-5.5004],[-44.0785,-5.5004],[-44.0811,-5.5004],[-44.0837,-5.5004],[-44.0863,-5.5004],[-44.0889,-5.5004],[-44.0915,-5.5004],[-44.0941,-5.5004],[-44.0968,-5.5004],[-44.0994,-5.5004],[-44.102,-5.5004],[-44.1046,-5.5004],[-44.1072,-5.5004],[-44.1098,-5.5004],[-44.1124,-5.5004],[-44.115,-5.5004],[-44.1176,-5.5004],[-44.1202,-5.5004],[-44.1228,-5.5004],[-44.1254,-5.5004],[-44.128,-5.5004],[-44.1306,-5.5004],[-44.1332,-5.5004],[-44.1358,-5.5004],[-44.1384,-5.5004],[-44.141,-5.5004],[-44.1436,-5.5004],[-44.1462,-5.5004],[-44.1488,-5.5004],[-44.1514,-5.5004],[-44.154,-5.5004],[-44.1566,-5.5004],[-44.1593,-5.5004],[-44.1619,-5.5004],[-44.1645,-5.5004],[-44.1671,-5.5004],[-44.1697,-5.5004],[-44.1723,-5.5004],[-44.1749,-5.5004],[-44.1775,-5.5004],[-44.1801,-5.5004],[-44.1827,-5.5004],[-44.1853,-5.5004],[-44.1879,-5.5004],[-44.1905,-5.5004],[-44.1931,-5.5004],[-44.1957,-5.5004],[-44.1983,-5.5004],[-44.2009,-5.5004],[-44.2035,-5.5004],[-44.2061,-5.5004],[-44.2087,-5.5004],[-44.2113,-5.5004],[-44.2139,-5.5004],[-44.2165,-5.5004],[-44.2191,-5.5004],[-44.2218,-5.5004],[-44.2244,-5.5004],[-44.227,-5.5004],[-44.2296,-5.5004],[-44.2322,-5.5004],[-44.2348,-5.5004],[-44.2374,-5.5004],[-44.24,-5.5004],[-44.2426,-5.5004],[-44.2452,-5.5004],[-44.2478,-5.5004],[-44.2504,-5.5004],[-44.253,-5.5004],[-44.2556,-5.5004],[-44.2582,-5.5004],[-44.2608,-5.5004],[-44.2634,-5.5004],[-44.266,-5.5004],[-44.2686,-5.5004],[-44.2712,-5.5004],[-44.2738,-5.5004],[-44.2764,-5.5004],[-44.279,-5.5004],[-44.2816,-5.5004],[-44.2843,-5.5004],[-44.2869,-5.5004],[-44.2895,-5.5004],[-44.2921,-5.5004],[-44.2947,-5.5004],[-44.2973,-5.5004],[-44.2999,-5.5004],[-44.3025,-5.5004],[-44.3051,-5.5004],[-44.3077,-5.5004],[-44.3103,-5.5004],[-44.3129,-5.5004],[-44.3155,-5.5004],[-44.3181,-5.5004],[-44.3207,-5.5004],[-44.3233,-5.5004],[-44.3259,-5.5004],[-44.3285,-5.5004],[-44.3311,-5.5004],[-44.3337,-5.5004],[-44.3363,-5.5004],[-44.3389,-5.5004],[-44.3415,-5.5004],[-44.3441,-5.5004],[-44.3468,-5.5004],[-44.3494,-5.5004],[-44.352,-5.5004],[-44.3546,-5.5004],[-44.3572,-5.5004],[-44.3598,-5.5004],[-44.3624,-5.5004],[-44.365,-5.5004],[-44.3676,-5.5004],[-44.3702,-5.5004],[-44.3728,-5.5004],[-44.3754,-5.5004],[-44.378,-5.5004],[-44.3806,-5.5004],[-44.3832,-5.5004],[-44.3858,-5.5004],[-44.3884,-5.5004],[-44.391,-5.5004],[-44.3936,-5.5004],[-44.3962,-5.5004],[-44.3988,-5.5004],[-44.4014,-5.5004],[-44.404,-5.5004],[-44.4067,-5.5004],[-44.4093,-5.5004],[-44.4093,-5.503],[-44.4093,-5.5056],[-44.4093,-5.5082],[-44.4093,-5.5108],[-44.4093,-5.5134],[-44.4093,-5.516],[-44.4093,-5.5186],[-44.4093,-5.5212],[-44.4093,-5.5238],[-44.4093,-5.5264],[-44.4093,-5.529],[-44.4093,-5.5316],[-44.4093,-5.5342],[-44.4093,-5.5368],[-44.4093,-5.5394],[-44.4093,-5.5421],[-44.4093,-5.5447],[-44.4093,-5.5473],[-44.4093,-5.5499],[-44.4093,-5.5525],[-44.4093,-5.5551],[-44.4093,-5.5577],[-44.4093,-5.5603],[-44.4093,-5.5629],[-44.4093,-5.5655],[-44.4093,-5.5681],[-44.4093,-5.5707],[-44.4093,-5.5733],[-44.4093,-5.5759],[-44.4093,-5.5785],[-44.4093,-5.5811],[-44.4093,-5.5837],[-44.4093,-5.5863],[-44.4093,-5.5889],[-44.4093,-5.5915],[-44.4093,-5.5941],[-44.4093,-5.5967],[-44.4093,-5.5993],[-44.4093,-5.602],[-44.4093,-5.6046],[-44.4093,-5.6072],[-44.4093,-5.6098],[-44.4093,-5.6124],[-44.4093,-5.615],[-44.4093,-5.6176],[-44.4093,-5.6202],[-44.4093,-5.6228],[-44.4093,-5.6254],[-44.4093,-5.628],[-44.4093,-5.6306],[-44.4093,-5.6332],[-44.4062,-5.6332],[-44.4036,-5.6332],[-44.401,-5.6332],[-44.3984,-5.6332],[-44.3958,-5.6332],[-44.3932,-5.6332],[-44.3906,-5.6332],[-44.388,-5.6332],[-44.3854,-5.6332],[-44.3828,-5.6332],[-44.3802,-5.6332],[-44.3776,-5.6332],[-44.375,-5.6332],[-44.3724,-5.6332],[-44.3698,-5.6332],[-44.3672,-5.6332],[-44.3646,-5.6332],[-44.362,-5.6332],[-44.3594,-5.6332],[-44.3594,-5.5937],[-44.1823,-5.5937],[-44.1823,-5.7135],[-44.2843,-5.7135],[-44.2843,-5.7165],[-44.2843,-5.7191],[-44.2843,-5.7217],[-44.2843,-5.7243],[-44.2816,-5.7243],[-44.279,-5.7243],[-44.2764,-5.7243],[-44.2738,-5.7243],[-44.2712,-5.7243],[-44.2686,-5.7243],[-44.266,-5.7243],[-44.2634,-5.7243],[-44.2608,-5.7243],[-44.2582,-5.7243],[-44.2556,-5.7243],[-44.253,-5.7243],[-44.253,-5.7266],[-44.253,-5.7292],[-44.253,-5.7318],[-44.1693,-5.7318],[-44.1693,-5.7396],[-44.1589,-5.7396],[-44.1589,-5.75],[-44.151,-5.75],[-44.151,-5.7682],[-44.1328,-5.7682],[-44.1328,-5.7786],[-44.0937,-5.7786],[-44.0937,-5.7865],[-44.0807,-5.7865],[-44.0807,-5.7943],[-44.0625,-5.7943],[-44.0625,-5.776],[-44.0729,-5.776],[-44.0729,-5.7682],[-44.0833,-5.7682],[-44.0833,-5.7552],[-44.1094,-5.7552],[-44.1094,-5.7266],[-44.1276,-5.7266],[-44.1276,-5.7187],[-44.1458,-5.7187],[-44.1458,-5.6771],[-44.1406,-5.6771],[-44.1406,-5.6589],[-44.1094,-5.6589],[-44.1094,-5.6719],[-44.1042,-5.6719],[-44.1042,-5.6823],[-44.0964,-5.6823],[-44.0964,-5.6953],[-44.0911,-5.6953],[-44.0911,-5.7161],[-44.0521,-5.7161],[-44.0521,-5.7448],[-44.0365,-5.7448],[-44.0365,-5.7708],[-44.0052,-5.7708],[-44.0052,-5.8464],[-44.0208,-5.8464],[-44.0208,-5.8802],[-44.0391,-5.8802],[-44.0391,-5.8906],[-44.0469,-5.8906],[-44.0469,-5.901],[-44.0807,-5.901],[-44.0807,-5.8906],[-44.0964,-5.8906],[-44.0964,-5.8724],[-44.1068,-5.8724],[-44.1068,-5.8568],[-44.125,-5.8568],[-44.125,-5.8333],[-44.1328,-5.8333],[-44.1328,-5.8281],[-44.1432,-5.8281],[-44.1432,-5.8203],[-44.1536,-5.8203],[-44.1536,-5.8151],[-44.2005,-5.8151],[-44.2005,-5.7708],[-44.253,-5.7708],[-44.253,-5.7738],[-44.253,-5.7764],[-44.253,-5.779],[-44.253,-5.7816],[-44.253,-5.7842],[-44.253,-5.7868],[-44.253,-5.7895],[-44.253,-5.7921],[-44.253,-5.7947],[-44.253,-5.7973],[-44.2556,-5.7973],[-44.2582,-5.7973],[-44.2608,-5.7973],[-44.2634,-5.7973],[-44.266,-5.7973],[-44.2686,-5.7973],[-44.2712,-5.7973],[-44.2738,-5.7973],[-44.2738,-5.7999],[-44.2738,-5.8025],[-44.2738,-5.8051],[-44.2738,-5.8077],[-44.2738,-5.8103],[-44.2738,-5.8129],[-44.2738,-5.8155],[-44.2738,-5.8181],[-44.2738,-5.8207],[-44.2738,-5.8233],[-44.2738,-5.8259],[-44.2738,-5.8285],[-44.2738,-5.8311],[-44.2738,-5.8337],[-44.2738,-5.8363],[-44.2738,-5.8389],[-44.2738,-5.8415],[-44.2738,-5.8441],[-44.2738,-5.8467],[-44.2738,-5.8493],[-44.2738,-5.852],[-44.2738,-5.8546],[-44.2738,-5.8572],[-44.2738,-5.8598]]],[[[-44.3077,-5.6957],[-44.3077,-5.6957],[-44.3051,-5.6957],[-44.3025,-5.6957],[-44.2999,-5.6957],[-44.2973,-5.6957],[-44.2947,-5.6957],[-44.2921,-5.6957],[-44.2895,-5.6957],[-44.2869,-5.6957],[-44.2843,-5.6957],[-44.2843,-5.6927],[-44.2843,-5.6901],[-44.2843,-5.6875],[-44.2843,-5.6849],[-44.2843,-5.6823],[-44.3077,-5.6823],[-44.3077,-5.6853],[-44.3077,-5.6879],[-44.3077,-5.6905],[-44.3077,-5.6931],[-44.3077,-5.6957]]]]},"geometry_name":"GEOMETRY","properties":{"COD_BLOCO":"PN-T-102A","COD_FASE_C":"E","DAT_ASSINA":"14-02-2020","DAT_TERMIN":null,"NOM_BACIA":"Parnaíba","NOM_BLOCO":"PN-T-102A","NOM_FANTAS":"PN-T-102A_OP1","NUM_CONTRA":"48610222046201944","NUM_DESCOB":0,"OPERADOR_C":"Eneva S.A.","RODADA":"OPC1","AREA_TOTAL":1575,"AMBIENTE":"T ","BLOCOS":null},"bbox":[-44.5,-6,-44,-5.5]},{"type":"Feature","id":"BLOCOS_EXPLORATORIOS_SIRGAS.1189","geometry":{"type":"MultiPolygon","coordinates":[[[[-46.75,-27.5],[-46.75,-27.25],[-47,-27.25],[-47,-27.5],[-46.75,-27.5]]]]},"geometry_name":"GEOMETRY","properties":{"COD_BLOCO":"S-M-1707","COD_FASE_C":"E","DAT_ASSINA":"28-03-2022","DAT_TERMIN":null,"NOM_BACIA":"Santos","NOM_BLOCO":"S-M-1707","NOM_FANTAS":null,"NUM_CONTRA":"48610224690202171","NUM_DESCOB":0,"OPERADOR_C":"Shell Brasil Petróleo Ltda.","RODADA":"Rodada 17","AREA_TOTAL":685,"AMBIENTE":"M ","BLOCOS":"S-M-1707                                          "},"bbox":[-47,-27.5,-46.75,-27.25]},{"type":"Feature","id":"BLOCOS_EXPLORATORIOS_SIRGAS.912","geometry":{"type":"MultiPolygon","coordinates":[[[[-36.375,-4.5833],[-36.375,-4.625],[-36.25,-4.625],[-36.25,-4.25],[-36.5003,-4.25],[-36.5003,-4.253],[-36.5003,-4.2556],[-36.5003,-4.2582],[-36.5003,-4.2608],[-36.5003,-4.2634],[-36.5003,-4.266],[-36.5003,-4.2686],[-36.5003,-4.2712],[-36.5003,-4.2738],[-36.5003,-4.2764],[-36.5003,-4.279],[-36.5003,-4.2816],[-36.5003,-4.2842],[-36.5003,-4.2868],[-36.5003,-4.2894],[-36.5003,-4.292],[-36.5003,-4.2947],[-36.5003,-4.2973],[-36.5003,-4.2999],[-36.5003,-4.3025],[-36.5003,-4.3051],[-36.5003,-4.3077],[-36.5003,-4.3103],[-36.5003,-4.3129],[-36.5003,-4.3155],[-36.5003,-4.3181],[-36.5003,-4.3207],[-36.5003,-4.3233],[-36.5003,-4.3259],[-36.5003,-4.3285],[-36.5003,-4.3311],[-36.5003,-4.3337],[-36.5003,-4.3363],[-36.5003,-4.3389],[-36.5003,-4.3415],[-36.5003,-4.3441],[-36.5003,-4.3467],[-36.5003,-4.3493],[-36.5003,-4.3519],[-36.5003,-4.3545],[-36.5003,-4.3572],[-36.5003,-4.3598],[-36.5003,-4.3624],[-36.5003,-4.365],[-36.5003,-4.3676],[-36.5003,-4.3702],[-36.5003,-4.3728],[-36.5003,-4.3754],[-36.5003,-4.378],[-36.5003,-4.3806],[-36.5003,-4.3832],[-36.5003,-4.3858],[-36.5003,-4.3884],[-36.5003,-4.391],[-36.5003,-4.3936],[-36.5003,-4.3962],[-36.5003,-4.3988],[-36.5003,-4.4014],[-36.5003,-4.404],[-36.5003,-4.4066],[-36.5003,-4.4092],[-36.5003,-4.4118],[-36.5003,-4.4144],[-36.5003,-4.417],[-36.5003,-4.4197],[-36.5003,-4.4223],[-36.5003,-4.4249],[-36.5003,-4.4275],[-36.5003,-4.4301],[-36.5003,-4.4327],[-36.5003,-4.4353],[-36.5003,-4.4379],[-36.5003,-4.4405],[-36.5003,-4.4431],[-36.5003,-4.4457],[-36.5003,-4.4483],[-36.5003,-4.4509],[-36.5003,-4.4535],[-36.5003,-4.4561],[-36.5003,-4.4587],[-36.5003,-4.4613],[-36.5003,-4.4639],[-36.5003,-4.4665],[-36.5003,-4.4691],[-36.5003,-4.4717],[-36.5003,-4.4743],[-36.5003,-4.4769],[-36.5003,-4.4796],[-36.5003,-4.4822],[-36.5003,-4.4848],[-36.5003,-4.4874],[-36.5003,-4.49],[-36.5003,-4.4926],[-36.5003,-4.4952],[-36.5003,-4.4978],[-36.5003,-4.5004],[-36.5026,-4.5004],[-36.5052,-4.5004],[-36.5078,-4.5004],[-36.5104,-4.5004],[-36.513,-4.5004],[-36.5156,-4.5004],[-36.5182,-4.5004],[-36.5208,-4.5004],[-36.5234,-4.5004],[-36.526,-4.5004],[-36.5286,-4.5004],[-36.5312,-4.5004],[-36.5339,-4.5004],[-36.5365,-4.5004],[-36.5391,-4.5004],[-36.5417,-4.5004],[-36.5443,-4.5004],[-36.5469,-4.5004],[-36.5495,-4.5004],[-36.5521,-4.5004],[-36.5547,-4.5004],[-36.5573,-4.5004],[-36.5599,-4.5004],[-36.5625,-4.5004],[-36.5651,-4.5004],[-36.5677,-4.5004],[-36.5703,-4.5004],[-36.5729,-4.5004],[-36.5755,-4.5004],[-36.5781,-4.5004],[-36.5807,-4.5004],[-36.5833,-4.5004],[-36.5859,-4.5004],[-36.5885,-4.5004],[-36.5911,-4.5004],[-36.5937,-4.5004],[-36.5964,-4.5004],[-36.599,-4.5004],[-36.6016,-4.5004],[-36.6042,-4.5004],[-36.6068,-4.5004],[-36.6094,-4.5004],[-36.612,-4.5004],[-36.6146,-4.5004],[-36.6172,-4.5004],[-36.6198,-4.5004],[-36.6224,-4.5004],[-36.625,-4.5004],[-36.625,-4.5833],[-36.375,-4.5833]]]]},"geometry_name":"GEOMETRY","properties":{"COD_BLOCO":"POT-M-857","COD_FASE_C":"E","DAT_ASSINA":"07-11-2018","DAT_TERMIN":null,"NOM_BACIA":"Potiguar","NOM_BLOCO":"POT-M-857","NOM_FANTAS":null,"NUM_CONTRA":"48610005780201860","NUM_DESCOB":0,"OPERADOR_C":"Murphy Brasil Exploração e Produção de Petróleo e Gás Ltda.","RODADA":"Rodada 15","AREA_TOTAL":1215,"AMBIENTE":"M ","BLOCOS":"POT-M-857                                         "},"bbox":[-36.625,-4.625,-36.25,-4.25]},{"type":"Feature","id":"BLOCOS_EXPLORATORIOS_SIRGAS.1055","geometry":{"type":"MultiPolygon","coordinates":[[[[-45.1849,-4.0004],[-45.1849,-4],[-45.2943,-4],[-45.2943,-4.0004],[-45.2947,-4.0004],[-45.2947,-4.0026],[-45.2947,-4.0052],[-45.2947,-4.0078],[-45.2947,-4.0104],[-45.2947,-4.013],[-45.2947,-4.0156],[-45.2947,-4.0182],[-45.2947,-4.0208],[-45.2947,-4.0234],[-45.2947,-4.026],[-45.2947,-4.0286],[-45.2947,-4.0312],[-45.2947,-4.0339],[-45.2947,-4.0365],[-45.2947,-4.0391],[-45.2947,-4.0417],[-45.2947,-4.0443],[-45.2947,-4.0469],[-45.2947,-4.0495],[-45.2947,-4.0521],[-45.2947,-4.0547],[-45.2947,-4.0573],[-45.2947,-4.0599],[-45.2947,-4.0625],[-45.2947,-4.0651],[-45.2947,-4.0677],[-45.2947,-4.0703],[-45.2947,-4.0729],[-45.2947,-4.0755],[-45.2947,-4.0781],[-45.2947,-4.0807],[-45.2947,-4.0833],[-45.2947,-4.0859],[-45.2947,-4.0885],[-45.2947,-4.0911],[-45.2947,-4.0937],[-45.2947,-4.0964],[-45.2947,-4.099],[-45.2947,-4.1016],[-45.2947,-4.1042],[-45.2947,-4.1068],[-45.2947,-4.1094],[-45.2947,-4.112],[-45.2947,-4.1146],[-45.2947,-4.1172],[-45.2947,-4.1198],[-45.2947,-4.1224],[-45.2947,-4.125],[-45.2947,-4.1276],[-45.2947,-4.1302],[-45.2947,-4.1328],[-45.2947,-4.1354],[-45.2947,-4.138],[-45.2947,-4.1406],[-45.2947,-4.1432],[-45.2947,-4.1458],[-45.2947,-4.1484],[-45.2947,-4.151],[-45.2947,-4.1536],[-45.2947,-4.1562],[-45.2947,-4.1589],[-45.2947,-4.1615],[-45.2947,-4.1641],[-45.2947,-4.1667],[-45.2947,-4.1693],[-45.2947,-4.1719],[-45.2947,-4.1745],[-45.2947,-4.1771],[-45.2947,-4.1797],[-45.2947,-4.1823],[-45.2947,-4.1849],[-45.2947,-4.1875],[-45.2947,-4.1901],[-45.2947,-4.1927],[-45.2947,-4.1953],[-45.2947,-4.1979],[-45.2947,-4.2005],[-45.2947,-4.2031],[-45.2947,-4.2057],[-45.2947,-4.2083],[-45.2947,-4.2109],[-45.2947,-4.2135],[-45.2947,-4.2161],[-45.2947,-4.2187],[-45.2947,-4.2214],[-45.2947,-4.224],[-45.2947,-4.2266],[-45.2947,-4.2292],[-45.2947,-4.2318],[-45.2947,-4.2344],[-45.2947,-4.237],[-45.2947,-4.2396],[-45.2947,-4.2422],[-45.2947,-4.2448],[-45.2947,-4.2474],[-45.2947,-4.25],[-45.2947,-4.2526],[-45.2947,-4.2552],[-45.2947,-4.2578],[-45.2947,-4.2604],[-45.2947,-4.263],[-45.2947,-4.2656],[-45.2947,-4.2682],[-45.2947,-4.2708],[-45.2947,-4.2734],[-45.2947,-4.276],[-45.2947,-4.2786],[-45.2947,-4.2812],[-45.2947,-4.2839],[-45.2947,-4.2865],[-45.2947,-4.2891],[-45.2947,-4.2917],[-45.2947,-4.2943],[-45.2947,-4.2969],[-45.2947,-4.2995],[-45.2947,-4.3021],[-45.2947,-4.3047],[-45.2947,-4.3073],[-45.2947,-4.3099],[-45.2947,-4.3125],[-45.2947,-4.3151],[-45.2947,-4.3177],[-45.2947,-4.3203],[-45.2947,-4.3229],[-45.2947,-4.3255],[-45.2947,-4.3281],[-45.2947,-4.3307],[-45.2947,-4.3333],[-45.2947,-4.3359],[-45.2947,-4.3385],[-45.2947,-4.3411],[-45.2947,-4.3437],[-45.2947,-4.3464],[-45.2947,-4.349],[-45.2947,-4.3516],[-45.2947,-4.3542],[-45.2947,-4.3568],[-45.2947,-4.3594],[-45.2947,-4.362],[-45.2947,-4.3646],[-45.2947,-4.3672],[-45.2947,-4.3698],[-45.2947,-4.3724],[-45.2947,-4.375],[-45.2947,-4.3776],[-45.2947,-4.3802],[-45.2947,-4.3828],[-45.2947,-4.3854],[-45.2947,-4.388],[-45.2947,-4.3906],[-45.2947,-4.3932],[-45.2947,-4.3958],[-45.2947,-4.3984],[-45.2947,-4.401],[-45.2947,-4.4036],[-45.2947,-4.4062],[-45.2947,-4.4089],[-45.2947,-4.4115],[-45.2947,-4.4141],[-45.2947,-4.4167],[-45.2947,-4.4193],[-45.2947,-4.4219],[-45.2947,-4.4245],[-45.2947,-4.4271],[-45.2947,-4.4297],[-45.2947,-4.4323],[-45.2947,-4.4349],[-45.2947,-4.4375],[-45.2947,-4.4401],[-45.2947,-4.4427],[-45.2947,-4.4453],[-45.2947,-4.4479],[-45.2947,-4.4505],[-45.2947,-4.4531],[-45.2947,-4.4557],[-45.2947,-4.4583],[-45.2947,-4.4609],[-45.2947,-4.4635],[-45.2947,-4.4661],[-45.2947,-4.4687],[-45.2947,-4.4714],[-45.2947,-4.474],[-45.2947,-4.4766],[-45.2947,-4.4792],[-45.2947,-4.4818],[-45.2947,-4.4844],[-45.2947,-4.487],[-45.2947,-4.4896],[-45.2947,-4.4922],[-45.2947,-4.4948],[-45.2947,-4.4974],[-45.2947,-4.5],[-45,-4.5],[-45,-4.2712],[-45.003,-4.2712],[-45.0056,-4.2712],[-45.0082,-4.2712],[-45.0108,-4.2712],[-45.0134,-4.2712],[-45.016,-4.2712],[-45.0186,-4.2712],[-45.0212,-4.2712],[-45.0238,-4.2712],[-45.0264,-4.2712],[-45.0291,-4.2712],[-45.0317,-4.2712],[-45.0343,-4.2712],[-45.0369,-4.2712],[-45.0395,-4.2712],[-45.0421,-4.2712],[-45.0447,-4.2712],[-45.0473,-4.2712],[-45.0499,-4.2712],[-45.0525,-4.2712],[-45.0551,-4.2712],[-45.0577,-4.2712],[-45.0603,-4.2712],[-45.0629,-4.2712],[-45.0655,-4.2712],[-45.0681,-4.2712],[-45.0707,-4.2712],[-45.0733,-4.2712],[-45.0759,-4.2712],[-45.0785,-4.2712],[-45.0811,-4.2712],[-45.0837,-4.2712],[-45.0863,-4.2712],[-45.0889,-4.2712],[-45.0916,-4.2712],[-45.0942,-4.2712],[-45.0942,-4.2686],[-45.0942,-4.266],[-45.0942,-4.2634],[-45.0942,-4.2608],[-45.0942,-4.2582],[-45.0942,-4.2556],[-45.0942,-4.253],[-45.0942,-4.2504],[-45.0942,-4.2478],[-45.0942,-4.2452],[-45.0942,-4.2426],[-45.0942,-4.24],[-45.0942,-4.2374],[-45.0942,-4.2348],[-45.0942,-4.2321],[-45.0942,-4.2295],[-45.0942,-4.2269],[-45.0942,-4.2243],[-45.0942,-4.2217],[-45.0942,-4.2191],[-45.0942,-4.2165],[-45.0942,-4.2139],[-45.0942,-4.2113],[-45.0942,-4.2087],[-45.0942,-4.2061],[-45.0942,-4.2035],[-45.0942,-4.2009],[-45.0942,-4.1983],[-45.0942,-4.1957],[-45.0942,-4.1931],[-45.0942,-4.1905],[-45.0942,-4.1879],[-45.0942,-4.1853],[-45.0942,-4.1827],[-45.0942,-4.1801],[-45.0942,-4.1775],[-45.0942,-4.1749],[-45.0942,-4.1723],[-45.0942,-4.1696],[-45.0942,-4.167],[-45.0942,-4.1644],[-45.0942,-4.1618],[-45.0942,-4.1592],[-45.0942,-4.1566],[-45.0942,-4.154],[-45.0942,-4.1514],[-45.0942,-4.1488],[-45.0942,-4.1462],[-45.0942,-4.1436],[-45.0942,-4.141],[-45.0942,-4.1384],[-45.0942,-4.1358],[-45.0942,-4.1332],[-45.0942,-4.1306],[-45.0942,-4.128],[-45.0942,-4.1254],[-45.0942,-4.1228],[-45.0942,-4.1202],[-45.0942,-4.1176],[-45.0942,-4.115],[-45.0942,-4.1124],[-45.0942,-4.1098],[-45.0942,-4.1071],[-45.0942,-4.1045],[-45.0942,-4.1019],[-45.0942,-4.0993],[-45.0942,-4.0967],[-45.0942,-4.0941],[-45.0968,-4.0941],[-45.0994,-4.0941],[-45.102,-4.0941],[-45.1046,-4.0941],[-45.1072,-4.0941],[-45.1098,-4.0941],[-45.1124,-4.0941],[-45.115,-4.0941],[-45.1176,-4.0941],[-45.1202,-4.0941],[-45.1228,-4.0941],[-45.1254,-4.0941],[-45.128,-4.0941],[-45.1306,-4.0941],[-45.1332,-4.0941],[-45.1358,-4.0941],[-45.1384,-4.0941],[-45.141,-4.0941],[-45.1436,-4.0941],[-45.1462,-4.0941],[-45.1488,-4.0941],[-45.1488,-4.0915],[-45.1488,-4.0889],[-45.1488,-4.0863],[-45.1488,-4.0837],[-45.1488,-4.0811],[-45.1488,-4.0785],[-45.1488,-4.0759],[-45.1488,-4.0733],[-45.1488,-4.0707],[-45.1488,-4.0681],[-45.1488,-4.0655],[-45.1488,-4.0629],[-45.1488,-4.0603],[-45.1488,-4.0577],[-45.1488,-4.0551],[-45.1488,-4.0525],[-45.1514,-4.0525],[-45.1541,-4.0525],[-45.1567,-4.0525],[-45.1593,-4.0525],[-45.1619,-4.0525],[-45.1645,-4.0525],[-45.1671,-4.0525],[-45.1697,-4.0525],[-45.1723,-4.0525],[-45.1749,-4.0525],[-45.1775,-4.0525],[-45.1801,-4.0525],[-45.1827,-4.0525],[-45.1853,-4.0525],[-45.1853,-4.0499],[-45.1853,-4.0473],[-45.1853,-4.0446],[-45.1853,-4.042],[-45.1853,-4.0394],[-45.1853,-4.0368],[-45.1853,-4.0342],[-45.1853,-4.0316],[-45.1853,-4.029],[-45.1853,-4.0264],[-45.1853,-4.0238],[-45.1853,-4.0212],[-45.1853,-4.0186],[-45.1853,-4.016],[-45.1853,-4.0134],[-45.1853,-4.0108],[-45.1853,-4.0082],[-45.1853,-4.0056],[-45.1853,-4.003],[-45.1853,-4.0004],[-45.1849,-4.0004]]],[[[-45.4327,-4.253],[-45.4349,-4.253],[-45.4375,-4.253],[-45.4401,-4.253],[-45.4427,-4.253],[-45.4453,-4.253],[-45.4479,-4.253],[-45.4505,-4.253],[-45.4531,-4.253],[-45.4557,-4.253],[-45.4583,-4.253],[-45.4609,-4.253],[-45.4635,-4.253],[-45.4661,-4.253],[-45.4687,-4.253],[-45.4714,-4.253],[-45.474,-4.253],[-45.4766,-4.253],[-45.4792,-4.253],[-45.4818,-4.253],[-45.4844,-4.253],[-45.487,-4.253],[-45.4896,-4.253],[-45.4922,-4.253],[-45.4948,-4.253],[-45.4974,-4.253],[-45.5,-4.253],[-45.5,-4.5],[-45.4327,-4.5],[-45.4327,-4.4978],[-45.4327,-4.4952],[-45.4327,-4.4926],[-45.4327,-4.49],[-45.4327,-4.4874],[-45.4327,-4.4848],[-45.4327,-4.4821],[-45.4327,-4.4795],[-45.4327,-4.4769],[-45.4327,-4.4743],[-45.4327,-4.4717],[-45.4327,-4.4691],[-45.4327,-4.4665],[-45.4327,-4.4639],[-45.4327,-4.4613],[-45.4327,-4.4587],[-45.4327,-4.4561],[-45.4327,-4.4535],[-45.4327,-4.4509],[-45.4327,-4.4483],[-45.4327,-4.4457],[-45.4327,-4.4431],[-45.4327,-4.4405],[-45.4327,-4.4379],[-45.4327,-4.4353],[-45.4327,-4.4327],[-45.4327,-4.4301],[-45.4327,-4.4275],[-45.4327,-4.4249],[-45.4327,-4.4223],[-45.4327,-4.4196],[-45.4327,-4.417],[-45.4327,-4.4144],[-45.4327,-4.4118],[-45.4327,-4.4092],[-45.4327,-4.4066],[-45.4327,-4.404],[-45.4327,-4.4014],[-45.4327,-4.3988],[-45.4327,-4.3962],[-45.4327,-4.3936],[-45.4327,-4.391],[-45.4327,-4.3884],[-45.4327,-4.3858],[-45.4327,-4.3832],[-45.4327,-4.3806],[-45.4327,-4.378],[-45.4327,-4.3754],[-45.4327,-4.3728],[-45.4327,-4.3702],[-45.4327,-4.3676],[-45.4327,-4.365],[-45.4327,-4.3624],[-45.4327,-4.3598],[-45.4327,-4.3571],[-45.4327,-4.3545],[-45.4327,-4.3519],[-45.4327,-4.3493],[-45.4327,-4.3467],[-45.4327,-4.3441],[-45.4327,-4.3415],[-45.4327,-4.3389],[-45.4327,-4.3363],[-45.4327,-4.3337],[-45.4327,-4.3311],[-45.4327,-4.3285],[-45.4327,-4.3259],[-45.4327,-4.3233],[-45.4327,-4.3207],[-45.4327,-4.3181],[-45.4327,-4.3155],[-45.4327,-4.3129],[-45.4327,-4.3103],[-45.4327,-4.3077],[-45.4327,-4.3051],[-45.4327,-4.3025],[-45.4327,-4.2999],[-45.4327,-4.2973],[-45.4327,-4.2946],[-45.4327,-4.292],[-45.4327,-4.2894],[-45.4327,-4.2868],[-45.4327,-4.2842],[-45.4327,-4.2816],[-45.4327,-4.279],[-45.4327,-4.2764],[-45.4327,-4.2738],[-45.4327,-4.2712],[-45.4327,-4.2686],[-45.4327,-4.266],[-45.4327,-4.2634],[-45.4327,-4.2608],[-45.4327,-4.2582],[-45.4327,-4.2556],[-45.4327,-4.253]]]]},"geometry_name":"GEOMETRY","properties":{"COD_BLOCO":"PN-T-48A","COD_FASE_C":"E","DAT_ASSINA":"14-02-2020","DAT_TERMIN":null,"NOM_BACIA":"Parnaí­ba","NOM_BLOCO":"PN-T-48A","NOM_FANTAS":"PN-T-48A_OP1","NUM_CONTRA":"48610222048201933","NUM_DESCOB":0,"OPERADOR_C":"Eneva S.A.","RODADA":"OPC1","AREA_TOTAL":1613,"AMBIENTE":"T ","BLOCOS":"PN-T-48A                                          "},"bbox":[-45.5,-4.5,-45,-4]},{"type":"Feature","id":"BLOCOS_EXPLORATORIOS_SIRGAS.910","geometry":{"type":"MultiPolygon","coordinates":[[[[-35.25,-4.5],[-35.25,-4.25],[-35.5,-4.25],[-35.5,-4.5],[-35.25,-4.5]]]]},"geometry_name":"GEOMETRY","properties":{"COD_BLOCO":"POT-M-865","COD_FASE_C":"E","DAT_ASSINA":"07-11-2018","DAT_TERMIN":null,"NOM_BACIA":"Potiguar","NOM_BLOCO":"POT-M-865","NOM_FANTAS":null,"NUM_CONTRA":"48610005697201891","NUM_DESCOB":0,"OPERADOR_C":"Murphy Brasil Exploração e Produção de Petróleo e Gás Ltda.","RODADA":"Rodada 15","AREA_TOTAL":767,"AMBIENTE":"M ","BLOCOS":"POT-M-865                                         "},"bbox":[-35.5,-4.5,-35.25,-4.25]},{"type":"Feature","id":"BLOCOS_EXPLORATORIOS_SIRGAS.909","geometry":{"type":"MultiPolygon","coordinates":[[[[-35.5,-4.625],[-35.5,-4.25],[-35.75,-4.25],[-35.75,-4.625],[-35.5,-4.625]]]]},"geometry_name":"GEOMETRY","properties":{"COD_BLOCO":"POT-M-863","COD_FASE_C":"E","DAT_ASSINA":"07-11-2018","DAT_TERMIN":null,"NOM_BACIA":"Potiguar","NOM_BLOCO":"POT-M-863","NOM_FANTAS":null,"NUM_CONTRA":"48610005699201880","NUM_DESCOB":0,"OPERADOR_C":"Murphy Brasil Exploração e Produção de Petróleo e Gás Ltda.","RODADA":"Rodada 15","AREA_TOTAL":1151,"AMBIENTE":"M ","BLOCOS":"POT-M-863                                         "},"bbox":[-35.75,-4.625,-35.5,-4.25]},{"type":"Feature","id":"BLOCOS_EXPLORATORIOS_SIRGAS.908","geometry":{"type":"MultiPolygon","coordinates":[[[[-36,-11.75],[-36,-11.5],[-36.25,-11.5],[-36.25,-11.75],[-36,-11.75]]]]},"geometry_name":"GEOMETRY","properties":{"COD_BLOCO":"SEAL-M-573","COD_FASE_C":"E","DAT_ASSINA":"07-11-2018","DAT_TERMIN":null,"NOM_BACIA":"Sergipe","NOM_BLOCO":"SEAL-M-573","NOM_FANTAS":null,"NUM_CONTRA":"48610005774201811","NUM_DESCOB":0,"OPERADOR_C":"Brava Energia S.A.","RODADA":"Rodada 15","AREA_TOTAL":754,"AMBIENTE":"M ","BLOCOS":"SEAL-M-573                                        "},"bbox":[-36.25,-11.75,-36,-11.5]},{"type":"Feature","id":"BLOCOS_EXPLORATORIOS_SIRGAS.907","geometry":{"type":"MultiPolygon","coordinates":[[[[-35.5,-11.25],[-35.5,-11],[-35.75,-11],[-35.75,-11.25],[-35.5,-11.25]]]]},"geometry_name":"GEOMETRY","properties":{"COD_BLOCO":"SEAL-M-430","COD_FASE_C":"E","DAT_ASSINA":"07-11-2018","DAT_TERMIN":null,"NOM_BACIA":"Alagoas","NOM_BLOCO":"SEAL-M-430","NOM_FANTAS":null,"NUM_CONTRA":"48610005773201868","NUM_DESCOB":0,"OPERADOR_C":"Brava Energia S.A.","RODADA":"Rodada 15","AREA_TOTAL":755,"AMBIENTE":"M ","BLOCOS":"SEAL-M-430                                        "},"bbox":[-35.75,-11.25,-35.5,-11]},{"type":"Feature","id":"BLOCOS_EXPLORATORIOS_SIRGAS.566","geometry":{"type":"MultiPolygon","coordinates":[[[[-38.2868,-12.3416],[-38.2842,-12.3416],[-38.2816,-12.3416],[-38.2816,-12.339],[-38.2816,-12.3364],[-38.2816,-12.3338],[-38.2842,-12.3338],[-38.2868,-12.3338],[-38.2894,-12.3338],[-38.292,-12.3338],[-38.2946,-12.3338],[-38.2972,-12.3338],[-38.2998,-12.3338],[-38.3024,-12.3338],[-38.305,-12.3338],[-38.305,-12.3364],[-38.305,-12.339],[-38.305,-12.3416],[-38.305,-12.3442],[-38.305,-12.3468],[-38.305,-12.3494],[-38.3076,-12.3494],[-38.3076,-12.352],[-38.3076,-12.3546],[-38.3076,-12.3572],[-38.3076,-12.3598],[-38.3076,-12.3624],[-38.3103,-12.3624],[-38.3103,-12.365],[-38.3103,-12.3676],[-38.3103,-12.3702],[-38.3129,-12.3702],[-38.3155,-12.3702],[-38.3155,-12.3728],[-38.3155,-12.3754],[-38.3129,-12.3754],[-38.3103,-12.3754],[-38.3076,-12.3754],[-38.305,-12.3754],[-38.3024,-12.3754],[-38.2998,-12.3754],[-38.2972,-12.3754],[-38.2946,-12.3754],[-38.292,-12.3754],[-38.292,-12.3728],[-38.292,-12.3702],[-38.292,-12.3676],[-38.2894,-12.3676],[-38.2894,-12.365],[-38.2894,-12.3624],[-38.2894,-12.3598],[-38.2868,-12.3598],[-38.2868,-12.3572],[-38.2868,-12.3546],[-38.2868,-12.352],[-38.2868,-12.3494],[-38.2868,-12.3468],[-38.2868,-12.3442],[-38.2868,-12.3416]]],[[[-38.2634,-12.3468],[-38.266,-12.3468],[-38.266,-12.3442],[-38.266,-12.3416],[-38.2686,-12.3416],[-38.2712,-12.3416],[-38.2712,-12.3442],[-38.2712,-12.3468],[-38.2712,-12.3494],[-38.2712,-12.352],[-38.2712,-12.3546],[-38.2712,-12.3572],[-38.2712,-12.3598],[-38.2712,-12.3624],[-38.2712,-12.365],[-38.2738,-12.365],[-38.2764,-12.365],[-38.2764,-12.3676],[-38.279,-12.3676],[-38.279,-12.3702],[-38.279,-12.3728],[-38.2816,-12.3728],[-38.2816,-12.3754],[-38.279,-12.3754],[-38.2764,-12.3754],[-38.2738,-12.3754],[-38.2712,-12.3754],[-38.2686,-12.3754],[-38.266,-12.3754],[-38.2634,-12.3754],[-38.2608,-12.3754],[-38.2582,-12.3754],[-38.2556,-12.3754],[-38.2556,-12.3728],[-38.2556,-12.3702],[-38.253,-12.3702],[-38.253,-12.3676],[-38.2504,-12.3676],[-38.2504,-12.365],[-38.2504,-12.3624],[-38.2504,-12.3598],[-38.2504,-12.3572],[-38.253,-12.3572],[-38.253,-12.3546],[-38.2556,-12.3546],[-38.2582,-12.3546],[-38.2608,-12.3546],[-38.2608,-12.352],[-38.2634,-12.352],[-38.2634,-12.3494],[-38.2634,-12.3468]]]]},"geometry_name":"GEOMETRY","properties":{"COD_BLOCO":"REC-T-155","COD_FASE_C":"E","DAT_ASSINA":"12-03-2008","DAT_TERMIN":null,"NOM_BACIA":"Recôncavo","NOM_BLOCO":"REC-T-155","NOM_FANTAS":"BT-REC-47A","NUM_CONTRA":"48610001427200839A","NUM_DESCOB":8,"OPERADOR_C":"SPE TiÃªta Ltda.","RODADA":"Rodada 9","AREA_TOTAL":17,"AMBIENTE":"T ","BLOCOS":"REC-T-155                                         "},"bbox":[-38.3155,-12.3754,-38.2504,-12.3338]},{"type":"Feature","id":"BLOCOS_EXPLORATORIOS_SIRGAS.2109","geometry":{"type":"MultiPolygon","coordinates":[[[[-44.9666,-4.5729],[-44.9666,-4.5707],[-44.9666,-4.5681],[-44.9666,-4.5655],[-44.9666,-4.5629],[-44.9666,-4.5603],[-44.9666,-4.5577],[-44.9666,-4.5551],[-44.9665,-4.5525],[-44.9665,-4.5499],[-44.9665,-4.5473],[-44.9665,-4.5447],[-44.9665,-4.542],[-44.9665,-4.5394],[-44.9665,-4.5368],[-44.9665,-4.5342],[-44.9665,-4.5316],[-44.9665,-4.529],[-44.9665,-4.5264],[-44.9665,-4.5238],[-44.9665,-4.5212],[-44.9665,-4.5186],[-44.9639,-4.5186],[-44.9613,-4.5186],[-44.9587,-4.5186],[-44.9561,-4.5186],[-44.9535,-4.5186],[-44.9509,-4.5186],[-44.9483,-4.5186],[-44.9457,-4.5186],[-44.9431,-4.5186],[-44.9405,-4.5186],[-44.9379,-4.5186],[-44.9353,-4.5186],[-44.9327,-4.5186],[-44.9301,-4.5186],[-44.9275,-4.5186],[-44.9249,-4.5186],[-44.9223,-4.5186],[-44.9197,-4.5186],[-44.9171,-4.5186],[-44.9145,-4.5186],[-44.9119,-4.5186],[-44.9093,-4.5186],[-44.9067,-4.5186],[-44.904,-4.5186],[-44.9014,-4.5186],[-44.9014,-4.5156],[-44.9014,-4.513],[-44.9014,-4.5104],[-44.9014,-4.5078],[-44.9014,-4.5052],[-44.9014,-4.5026],[-44.9014,-4.5],[-45,-4.5],[-45,-4.5729],[-44.9666,-4.5729]]],[[[-44.9379,-4.6202],[-44.9379,-4.6202],[-44.9401,-4.6202],[-44.9427,-4.6202],[-44.9453,-4.6202],[-44.9479,-4.6202],[-44.9479,-4.7187],[-45,-4.7187],[-45,-5],[-44.8099,-5],[-44.8099,-4.8802],[-44.7214,-4.8802],[-44.7214,-4.8594],[-44.6016,-4.8594],[-44.6016,-4.9089],[-44.5755,-4.9089],[-44.5755,-4.9349],[-44.5234,-4.9349],[-44.5234,-4.9505],[-44.5004,-4.9505],[-44.5004,-4.9483],[-44.5004,-4.9457],[-44.5004,-4.9431],[-44.5004,-4.9405],[-44.5004,-4.9379],[-44.5004,-4.9353],[-44.5004,-4.9327],[-44.5004,-4.9301],[-44.5004,-4.9275],[-44.5004,-4.9249],[-44.5004,-4.9223],[-44.5004,-4.9197],[-44.5004,-4.917],[-44.5004,-4.9144],[-44.5004,-4.9118],[-44.5004,-4.9092],[-44.5004,-4.9066],[-44.5004,-4.904],[-44.5004,-4.9014],[-44.5004,-4.8988],[-44.5004,-4.8962],[-44.5004,-4.8936],[-44.5004,-4.891],[-44.5004,-4.8884],[-44.5004,-4.8858],[-44.5004,-4.8832],[-44.5004,-4.8806],[-44.5004,-4.878],[-44.5004,-4.8754],[-44.5004,-4.8728],[-44.5004,-4.8702],[-44.5004,-4.8676],[-44.5004,-4.865],[-44.5004,-4.8624],[-44.5004,-4.8598],[-44.5004,-4.8572],[-44.5004,-4.8545],[-44.5,-4.8545],[-44.5,-4.6462],[-44.503,-4.6462],[-44.5056,-4.6462],[-44.5082,-4.6462],[-44.5108,-4.6462],[-44.5134,-4.6462],[-44.516,-4.6462],[-44.5186,-4.6462],[-44.5186,-4.6488],[-44.5186,-4.6514],[-44.5186,-4.654],[-44.5186,-4.6566],[-44.5186,-4.6592],[-44.5186,-4.6618],[-44.5186,-4.6644],[-44.5186,-4.667],[-44.5212,-4.667],[-44.5238,-4.667],[-44.5264,-4.667],[-44.529,-4.667],[-44.5317,-4.667],[-44.5343,-4.667],[-44.5369,-4.667],[-44.5395,-4.667],[-44.5421,-4.667],[-44.5447,-4.667],[-44.5473,-4.667],[-44.5499,-4.667],[-44.5525,-4.667],[-44.5551,-4.667],[-44.5577,-4.667],[-44.5603,-4.667],[-44.5629,-4.667],[-44.5655,-4.667],[-44.5681,-4.667],[-44.5707,-4.667],[-44.5707,-4.6697],[-44.5707,-4.6723],[-44.5707,-4.6749],[-44.5707,-4.6775],[-44.5707,-4.6801],[-44.5707,-4.6827],[-44.5707,-4.6853],[-44.5707,-4.6879],[-44.5707,-4.6905],[-44.5733,-4.6905],[-44.5759,-4.6905],[-44.5785,-4.6905],[-44.5811,-4.6905],[-44.5837,-4.6905],[-44.5863,-4.6905],[-44.5889,-4.6905],[-44.5915,-4.6905],[-44.5942,-4.6905],[-44.5968,-4.6905],[-44.5994,-4.6905],[-44.602,-4.6905],[-44.6046,-4.6905],[-44.6072,-4.6905],[-44.6072,-4.6879],[-44.6072,-4.6853],[-44.6072,-4.6827],[-44.6072,-4.6801],[-44.6072,-4.6775],[-44.6072,-4.6749],[-44.6072,-4.6723],[-44.6072,-4.6697],[-44.6072,-4.667],[-44.6072,-4.6644],[-44.6072,-4.6618],[-44.6072,-4.6592],[-44.6072,-4.6566],[-44.6072,-4.654],[-44.6072,-4.6514],[-44.6072,-4.6488],[-44.6072,-4.6462],[-44.6072,-4.6436],[-44.6072,-4.641],[-44.6072,-4.6384],[-44.6046,-4.6384],[-44.602,-4.6384],[-44.5994,-4.6384],[-44.5968,-4.6384],[-44.5942,-4.6384],[-44.5915,-4.6384],[-44.5889,-4.6384],[-44.5863,-4.6384],[-44.5837,-4.6384],[-44.5811,-4.6384],[-44.5785,-4.6384],[-44.5759,-4.6384],[-44.5759,-4.6358],[-44.5759,-4.6332],[-44.5759,-4.6306],[-44.5759,-4.628],[-44.5759,-4.6254],[-44.5759,-4.6228],[-44.5759,-4.6202],[-44.5759,-4.6176],[-44.5759,-4.615],[-44.5759,-4.6124],[-44.5759,-4.6098],[-44.5759,-4.6072],[-44.5759,-4.6045],[-44.5759,-4.6019],[-44.5759,-4.5993],[-44.5759,-4.5967],[-44.5759,-4.5941],[-44.5759,-4.5915],[-44.5759,-4.5889],[-44.5759,-4.5863],[-44.5759,-4.5837],[-44.5759,-4.5811],[-44.5759,-4.5785],[-44.5759,-4.5759],[-44.5759,-4.5733],[-44.5759,-4.5707],[-44.5759,-4.5681],[-44.5759,-4.5655],[-44.5759,-4.5629],[-44.5759,-4.5603],[-44.5759,-4.5577],[-44.5759,-4.5551],[-44.5759,-4.5525],[-44.5759,-4.5499],[-44.5759,-4.5473],[-44.5759,-4.5447],[-44.5759,-4.542],[-44.5759,-4.5394],[-44.5759,-4.5368],[-44.5759,-4.5342],[-44.5729,-4.5342],[-44.5703,-4.5342],[-44.5677,-4.5342],[-44.5651,-4.5342],[-44.5625,-4.5342],[-44.5599,-4.5342],[-44.5573,-4.5342],[-44.5547,-4.5342],[-44.5521,-4.5342],[-44.5495,-4.5342],[-44.5469,-4.5342],[-44.5443,-4.5342],[-44.5417,-4.5342],[-44.5391,-4.5342],[-44.5365,-4.5342],[-44.5339,-4.5342],[-44.5312,-4.5342],[-44.5286,-4.5342],[-44.526,-4.5342],[-44.5234,-4.5342],[-44.5208,-4.5342],[-44.5182,-4.5342],[-44.5156,-4.5342],[-44.513,-4.5342],[-44.5104,-4.5342],[-44.5078,-4.5342],[-44.5052,-4.5342],[-44.5026,-4.5342],[-44.5,-4.5342],[-44.5,-4.5],[-44.5026,-4.5],[-44.5026,-4.5078],[-44.526,-4.5078],[-44.526,-4.5],[-44.6276,-4.5],[-44.6276,-4.5104],[-44.638,-4.5104],[-44.638,-4.5495],[-44.6771,-4.5495],[-44.6771,-4.5599],[-44.7057,-4.5599],[-44.7057,-4.5],[-44.7895,-4.5],[-44.7895,-4.503],[-44.7895,-4.5056],[-44.7895,-4.5082],[-44.7895,-4.5108],[-44.7895,-4.5134],[-44.7895,-4.516],[-44.7869,-4.516],[-44.7843,-4.516],[-44.7817,-4.516],[-44.779,-4.516],[-44.7764,-4.516],[-44.7738,-4.516],[-44.7712,-4.516],[-44.7686,-4.516],[-44.766,-4.516],[-44.7634,-4.516],[-44.7608,-4.516],[-44.7582,-4.516],[-44.7556,-4.516],[-44.753,-4.516],[-44.7504,-4.516],[-44.7478,-4.516],[-44.7452,-4.516],[-44.7426,-4.516],[-44.74,-4.516],[-44.7374,-4.516],[-44.7348,-4.516],[-44.7322,-4.516],[-44.7296,-4.516],[-44.727,-4.516],[-44.7244,-4.516],[-44.7244,-4.5186],[-44.7244,-4.5212],[-44.7244,-4.5238],[-44.7244,-4.5264],[-44.7244,-4.529],[-44.7244,-4.5316],[-44.7218,-4.5316],[-44.7192,-4.5316],[-44.7165,-4.5316],[-44.7139,-4.5316],[-44.7139,-4.5342],[-44.7139,-4.5368],[-44.7139,-4.5394],[-44.7139,-4.542],[-44.7139,-4.5447],[-44.7139,-4.5473],[-44.7139,-4.5499],[-44.7139,-4.5525],[-44.7139,-4.5551],[-44.7139,-4.5577],[-44.7139,-4.5603],[-44.7113,-4.5603],[-44.7087,-4.5603],[-44.7061,-4.5603],[-44.7061,-4.5629],[-44.7061,-4.5655],[-44.7061,-4.5681],[-44.7061,-4.5707],[-44.7061,-4.5733],[-44.7061,-4.5759],[-44.7061,-4.5785],[-44.7061,-4.5811],[-44.7087,-4.5811],[-44.7113,-4.5811],[-44.7139,-4.5811],[-44.7165,-4.5811],[-44.7192,-4.5811],[-44.7218,-4.5811],[-44.7244,-4.5811],[-44.727,-4.5811],[-44.7296,-4.5811],[-44.7296,-4.5837],[-44.7296,-4.5863],[-44.7296,-4.5889],[-44.7296,-4.5915],[-44.7296,-4.5941],[-44.7296,-4.5967],[-44.7296,-4.5993],[-44.7296,-4.6019],[-44.7296,-4.6045],[-44.7296,-4.6072],[-44.7296,-4.6098],[-44.7296,-4.6124],[-44.7296,-4.615],[-44.7296,-4.6176],[-44.7296,-4.6202],[-44.7296,-4.6228],[-44.7296,-4.6254],[-44.7296,-4.628],[-44.7296,-4.6306],[-44.7296,-4.6332],[-44.7296,-4.6358],[-44.7296,-4.6384],[-44.7296,-4.641],[-44.7296,-4.6436],[-44.7296,-4.6462],[-44.7296,-4.6488],[-44.7296,-4.6514],[-44.7296,-4.654],[-44.7296,-4.6566],[-44.727,-4.6566],[-44.7244,-4.6566],[-44.7218,-4.6566],[-44.7192,-4.6566],[-44.7165,-4.6566],[-44.7139,-4.6566],[-44.7113,-4.6566],[-44.7087,-4.6566],[-44.7061,-4.6566],[-44.7035,-4.6566],[-44.7009,-4.6566],[-44.6983,-4.6566],[-44.6957,-4.6566],[-44.6931,-4.6566],[-44.6905,-4.6566],[-44.6879,-4.6566],[-44.6853,-4.6566],[-44.6827,-4.6566],[-44.6801,-4.6566],[-44.6775,-4.6566],[-44.6749,-4.6566],[-44.6723,-4.6566],[-44.6697,-4.6566],[-44.6671,-4.6566],[-44.6671,-4.6592],[-44.6671,-4.6618],[-44.6671,-4.6644],[-44.6671,-4.667],[-44.6671,-4.6697],[-44.6671,-4.6723],[-44.6671,-4.6749],[-44.6671,-4.6775],[-44.6671,-4.6801],[-44.6671,-4.6827],[-44.6671,-4.6853],[-44.6671,-4.6879],[-44.6671,-4.6905],[-44.6671,-4.6931],[-44.6671,-4.6957],[-44.6671,-4.6983],[-44.6671,-4.7009],[-44.6671,-4.7035],[-44.6671,-4.7061],[-44.6671,-4.7087],[-44.6671,-4.7113],[-44.6645,-4.7113],[-44.6619,-4.7113],[-44.6593,-4.7113],[-44.6567,-4.7113],[-44.654,-4.7113],[-44.6514,-4.7113],[-44.6488,-4.7113],[-44.6462,-4.7113],[-44.6436,-4.7113],[-44.641,-4.7113],[-44.6384,-4.7113],[-44.6358,-4.7113],[-44.6332,-4.7113],[-44.6306,-4.7113],[-44.628,-4.7113],[-44.6254,-4.7113],[-44.6228,-4.7113],[-44.6202,-4.7113],[-44.6176,-4.7113],[-44.615,-4.7113],[-44.6124,-4.7113],[-44.6098,-4.7113],[-44.6072,-4.7113],[-44.6046,-4.7113],[-44.602,-4.7113],[-44.5994,-4.7113],[-44.5968,-4.7113],[-44.5942,-4.7113],[-44.5915,-4.7113],[-44.5889,-4.7113],[-44.5863,-4.7113],[-44.5837,-4.7113],[-44.5811,-4.7113],[-44.5811,-4.7139],[-44.5811,-4.7165],[-44.5811,-4.7191],[-44.5811,-4.7217],[-44.5811,-4.7243],[-44.5811,-4.7269],[-44.5811,-4.7295],[-44.5811,-4.7322],[-44.5811,-4.7348],[-44.5811,-4.7374],[-44.5811,-4.74],[-44.5811,-4.7426],[-44.5811,-4.7452],[-44.5811,-4.7478],[-44.5811,-4.7504],[-44.5811,-4.753],[-44.5811,-4.7556],[-44.5811,-4.7582],[-44.5811,-4.7608],[-44.5811,-4.7634],[-44.5811,-4.766],[-44.5811,-4.7686],[-44.5811,-4.7712],[-44.5811,-4.7738],[-44.5811,-4.7764],[-44.5811,-4.779],[-44.5811,-4.7816],[-44.5811,-4.7842],[-44.5811,-4.7868],[-44.5811,-4.7894],[-44.5811,-4.792],[-44.5811,-4.7947],[-44.5811,-4.7973],[-44.5811,-4.7999],[-44.5811,-4.8025],[-44.5811,-4.8051],[-44.5811,-4.8077],[-44.5811,-4.8103],[-44.5811,-4.8129],[-44.5811,-4.8155],[-44.5811,-4.8181],[-44.5811,-4.8207],[-44.5811,-4.8233],[-44.5837,-4.8233],[-44.5863,-4.8233],[-44.5889,-4.8233],[-44.5915,-4.8233],[-44.5942,-4.8233],[-44.5968,-4.8233],[-44.5994,-4.8233],[-44.602,-4.8233],[-44.6046,-4.8233],[-44.6072,-4.8233],[-44.6098,-4.8233],[-44.6124,-4.8233],[-44.615,-4.8233],[-44.6176,-4.8233],[-44.6202,-4.8233],[-44.6228,-4.8233],[-44.6254,-4.8233],[-44.628,-4.8233],[-44.6306,-4.8233],[-44.6332,-4.8233],[-44.6358,-4.8233],[-44.6384,-4.8233],[-44.641,-4.8233],[-44.6436,-4.8233],[-44.6462,-4.8233],[-44.6488,-4.8233],[-44.6514,-4.8233],[-44.654,-4.8233],[-44.6567,-4.8233],[-44.6593,-4.8233],[-44.6619,-4.8233],[-44.6645,-4.8233],[-44.6671,-4.8233],[-44.6697,-4.8233],[-44.6723,-4.8233],[-44.6749,-4.8233],[-44.6775,-4.8233],[-44.6801,-4.8233],[-44.6827,-4.8233],[-44.6853,-4.8233],[-44.6879,-4.8233],[-44.6905,-4.8233],[-44.6931,-4.8233],[-44.6957,-4.8233],[-44.6983,-4.8233],[-44.7009,-4.8233],[-44.7035,-4.8233],[-44.7061,-4.8233],[-44.7087,-4.8233],[-44.7113,-4.8233],[-44.7139,-4.8233],[-44.7165,-4.8233],[-44.7192,-4.8233],[-44.7218,-4.8233],[-44.7244,-4.8233],[-44.727,-4.8233],[-44.7296,-4.8233],[-44.7322,-4.8233],[-44.7348,-4.8233],[-44.7374,-4.8233],[-44.74,-4.8233],[-44.7426,-4.8233],[-44.7452,-4.8233],[-44.7478,-4.8233],[-44.7504,-4.8233],[-44.753,-4.8233],[-44.7556,-4.8233],[-44.7582,-4.8233],[-44.7608,-4.8233],[-44.7634,-4.8233],[-44.766,-4.8233],[-44.7686,-4.8233],[-44.7712,-4.8233],[-44.7738,-4.8233],[-44.7764,-4.8233],[-44.779,-4.8233],[-44.7817,-4.8233],[-44.7843,-4.8233],[-44.7869,-4.8233],[-44.7895,-4.8233],[-44.7921,-4.8233],[-44.7947,-4.8233],[-44.7973,-4.8233],[-44.7999,-4.8233],[-44.8025,-4.8233],[-44.8051,-4.8233],[-44.8077,-4.8233],[-44.8103,-4.8233],[-44.8129,-4.8233],[-44.8155,-4.8233],[-44.8181,-4.8233],[-44.8207,-4.8233],[-44.8233,-4.8233],[-44.8259,-4.8233],[-44.8285,-4.8233],[-44.8311,-4.8233],[-44.8337,-4.8233],[-44.8363,-4.8233],[-44.8389,-4.8233],[-44.8415,-4.8233],[-44.8442,-4.8233],[-44.8468,-4.8233],[-44.8494,-4.8233],[-44.852,-4.8233],[-44.8546,-4.8233],[-44.8572,-4.8233],[-44.8572,-4.8207],[-44.8572,-4.8181],[-44.8572,-4.8155],[-44.8572,-4.8129],[-44.8572,-4.8103],[-44.8572,-4.8077],[-44.8572,-4.8051],[-44.8572,-4.8025],[-44.8572,-4.7999],[-44.8572,-4.7973],[-44.8572,-4.7947],[-44.8572,-4.792],[-44.8572,-4.7894],[-44.8572,-4.7868],[-44.8572,-4.7842],[-44.8572,-4.7816],[-44.8572,-4.779],[-44.8572,-4.7764],[-44.8572,-4.7738],[-44.8572,-4.7712],[-44.8572,-4.7686],[-44.8572,-4.766],[-44.8572,-4.7634],[-44.8572,-4.7608],[-44.8572,-4.7582],[-44.8572,-4.7556],[-44.8598,-4.7556],[-44.8624,-4.7556],[-44.865,-4.7556],[-44.8676,-4.7556],[-44.8702,-4.7556],[-44.8728,-4.7556],[-44.8754,-4.7556],[-44.878,-4.7556],[-44.8806,-4.7556],[-44.8832,-4.7556],[-44.8858,-4.7556],[-44.8884,-4.7556],[-44.891,-4.7556],[-44.8936,-4.7556],[-44.8962,-4.7556],[-44.8988,-4.7556],[-44.8988,-4.753],[-44.8988,-4.7504],[-44.8988,-4.7478],[-44.8988,-4.7452],[-44.8988,-4.7426],[-44.8988,-4.74],[-44.8988,-4.7374],[-44.8988,-4.7348],[-44.8988,-4.7322],[-44.8988,-4.7295],[-44.8988,-4.7269],[-44.8988,-4.7243],[-44.8988,-4.7217],[-44.8988,-4.7191],[-44.9014,-4.7191],[-44.904,-4.7191],[-44.9067,-4.7191],[-44.9093,-4.7191],[-44.9119,-4.7191],[-44.9145,-4.7191],[-44.9171,-4.7191],[-44.9197,-4.7191],[-44.9223,-4.7191],[-44.9249,-4.7191],[-44.9275,-4.7191],[-44.9301,-4.7191],[-44.9327,-4.7191],[-44.9353,-4.7191],[-44.9379,-4.7191],[-44.9379,-4.7165],[-44.9379,-4.7139],[-44.9379,-4.7113],[-44.9379,-4.7087],[-44.9379,-4.7061],[-44.9379,-4.7035],[-44.9379,-4.7009],[-44.9379,-4.6983],[-44.9379,-4.6957],[-44.9379,-4.6931],[-44.9379,-4.6905],[-44.9379,-4.6879],[-44.9379,-4.6853],[-44.9379,-4.6827],[-44.9379,-4.6801],[-44.9379,-4.6775],[-44.9379,-4.6749],[-44.9379,-4.6723],[-44.9379,-4.6697],[-44.9379,-4.667],[-44.9379,-4.6644],[-44.9379,-4.6618],[-44.9379,-4.6592],[-44.9379,-4.6566],[-44.9379,-4.654],[-44.9379,-4.6514],[-44.9379,-4.6488],[-44.9379,-4.6462],[-44.9379,-4.6436],[-44.9379,-4.641],[-44.9379,-4.6384],[-44.9379,-4.6358],[-44.9379,-4.6332],[-44.9379,-4.6306],[-44.9379,-4.628],[-44.9379,-4.6254],[-44.9379,-4.6228],[-44.9379,-4.6202]]]]},"geometry_name":"GEOMETRY","properties":{"COD_BLOCO":"PN-T-67A","COD_FASE_C":"E","DAT_ASSINA":"14-02-2020","DAT_TERMIN":null,"NOM_BACIA":"Parnaí­ba","NOM_BLOCO":"PN-T-67A","NOM_FANTAS":"PN-T-67A_OP1","NUM_CONTRA":"48610222050201911","NUM_DESCOB":1,"OPERADOR_C":"Eneva S.A.","RODADA":"OPC1","AREA_TOTAL":1358,"AMBIENTE":"T ","BLOCOS":null},"bbox":[-45,-5,-44.5,-4.5]},{"type":"Feature","id":"BLOCOS_EXPLORATORIOS_SIRGAS.607","geometry":{"type":"MultiPolygon","coordinates":[[[[-39.1328,-20.1328],[-39.1328,-20.0859],[-39.1797,-20.0859],[-39.1797,-20.0599],[-39.237,-20.0599],[-39.237,-20.1224],[-39.2448,-20.1224],[-39.2448,-20.1536],[-39.2214,-20.1536],[-39.2214,-20.1615],[-39.2005,-20.1615],[-39.2005,-20.1797],[-39.1901,-20.1797],[-39.1901,-20.188],[-39.1875,-20.188],[-39.1849,-20.188],[-39.1823,-20.188],[-39.1797,-20.188],[-39.1771,-20.188],[-39.1745,-20.188],[-39.1719,-20.188],[-39.1693,-20.188],[-39.1667,-20.188],[-39.1641,-20.188],[-39.1615,-20.188],[-39.1589,-20.188],[-39.1562,-20.188],[-39.1536,-20.188],[-39.1536,-20.2135],[-39.112,-20.2135],[-39.112,-20.1927],[-39.0495,-20.1927],[-39.0495,-20.2057],[-39.0004,-20.2057],[-39.0004,-20.2031],[-39.0004,-20.2005],[-39.0004,-20.1979],[-39.0004,-20.1953],[-39.0004,-20.1927],[-39.0004,-20.1901],[-39.0004,-20.1875],[-39.0004,-20.1849],[-39.0004,-20.1823],[-39.0004,-20.1797],[-39.0004,-20.1771],[-39.0004,-20.1745],[-39.0339,-20.1745],[-39.0339,-20.1823],[-39.0521,-20.1823],[-39.0521,-20.1536],[-39.0755,-20.1536],[-39.0755,-20.1328],[-39.1328,-20.1328]]]]},"geometry_name":"GEOMETRY","properties":{"COD_BLOCO":"ES-M-525","COD_FASE_C":"E","DAT_ASSINA":"24-11-2004","DAT_TERMIN":null,"NOM_BACIA":"Espírito Santo","NOM_BLOCO":"ES-M-525","NOM_FANTAS":"BM-ES-23","NUM_CONTRA":"486100079792004","NUM_DESCOB":0,"OPERADOR_C":"BW Energy Maromba do Brasil LTDA","RODADA":"Rodada 6","AREA_TOTAL":208,"AMBIENTE":"M ","BLOCOS":"ES-M-525                                          "},"bbox":[-39.2448,-20.2135,-39.0004,-20.0599]},{"type":"Feature","id":"BLOCOS_EXPLORATORIOS_SIRGAS.812","geometry":{"type":"MultiPolygon","coordinates":[[[[-46.75,-26.875],[-46.75,-27],[-46.625,-27],[-46.625,-26.875],[-46.75,-26.875]]]]},"geometry_name":"GEOMETRY","properties":{"COD_BLOCO":"S-M-1537","COD_FASE_C":"E","DAT_ASSINA":"29-01-2018","DAT_TERMIN":null,"NOM_BACIA":"Santos","NOM_BLOCO":"S-M-1537","NOM_FANTAS":"S-M-1537_R14","NUM_CONTRA":"48610012650201701","NUM_DESCOB":0,"OPERADOR_C":"Karoon Petróleo e Gás Ltda.","RODADA":"Rodada 14","AREA_TOTAL":172,"AMBIENTE":"M ","BLOCOS":"S-M-1537                                          "},"bbox":[-46.75,-27,-46.625,-26.875]},{"type":"Feature","id":"BLOCOS_EXPLORATORIOS_SIRGAS.1048","geometry":{"type":"MultiPolygon","coordinates":[[[[-39.7161,-23.0208],[-39.7161,-23.026],[-39.7214,-23.026],[-39.7214,-23.0339],[-39.7266,-23.0339],[-39.7266,-23.0391],[-39.7318,-23.0391],[-39.7318,-23.0469],[-39.737,-23.0469],[-39.737,-23.0521],[-39.7422,-23.0521],[-39.7422,-23.0599],[-39.7448,-23.0599],[-39.7448,-23.0651],[-39.75,-23.0651],[-39.75,-23.0729],[-39.7552,-23.0729],[-39.7552,-23.0781],[-39.7604,-23.0781],[-39.7604,-23.0859],[-39.7656,-23.0859],[-39.7656,-23.0911],[-39.7708,-23.0911],[-39.7708,-23.099],[-39.776,-23.099],[-39.776,-23.1042],[-39.7812,-23.1042],[-39.7812,-23.112],[-39.7865,-23.112],[-39.7865,-23.1172],[-39.7917,-23.1172],[-39.7917,-23.125],[-39.7969,-23.125],[-39.7969,-23.1302],[-39.8021,-23.1302],[-39.8021,-23.138],[-39.8073,-23.138],[-39.8073,-23.1458],[-39.8125,-23.1458],[-39.8125,-23.151],[-39.8177,-23.151],[-39.8177,-23.1589],[-39.8229,-23.1589],[-39.8229,-23.1641],[-39.8281,-23.1641],[-39.8281,-23.1719],[-39.8333,-23.1719],[-39.8333,-23.1771],[-39.8385,-23.1771],[-39.8385,-23.1849],[-39.8437,-23.1849],[-39.8437,-23.1901],[-39.849,-23.1901],[-39.849,-23.1979],[-39.8542,-23.1979],[-39.8542,-23.2031],[-39.8594,-23.2031],[-39.8594,-23.2109],[-39.8646,-23.2109],[-39.8646,-23.2161],[-39.8698,-23.2161],[-39.8698,-23.224],[-39.875,-23.224],[-39.875,-23.2292],[-39.8802,-23.2292],[-39.8802,-23.237],[-39.8854,-23.237],[-39.8854,-23.2422],[-39.8906,-23.2422],[-39.8906,-23.25],[-39.8958,-23.25],[-39.8958,-23.2552],[-39.901,-23.2552],[-39.901,-23.263],[-39.9062,-23.263],[-39.9062,-23.2682],[-39.9115,-23.2682],[-39.9115,-23.276],[-39.9167,-23.276],[-39.9167,-23.2812],[-39.9219,-23.2812],[-39.9219,-23.2891],[-39.9271,-23.2891],[-39.9271,-23.2969],[-39.9323,-23.2969],[-39.9323,-23.3021],[-39.5,-23.3021],[-39.5,-22.7526],[-39.5078,-22.7526],[-39.5078,-22.7604],[-39.513,-22.7604],[-39.513,-22.7682],[-39.5182,-22.7682],[-39.5182,-22.776],[-39.5234,-22.776],[-39.5234,-22.7839],[-39.5312,-22.7839],[-39.5312,-22.7917],[-39.5365,-22.7917],[-39.5365,-22.7995],[-39.5417,-22.7995],[-39.5417,-22.8073],[-39.5495,-22.8073],[-39.5495,-22.8151],[-39.5547,-22.8151],[-39.5547,-22.8203],[-39.5599,-22.8203],[-39.5599,-22.8281],[-39.5651,-22.8281],[-39.5651,-22.8333],[-39.5703,-22.8333],[-39.5703,-22.8411],[-39.5755,-22.8411],[-39.5755,-22.849],[-39.5807,-22.849],[-39.5807,-22.8568],[-39.5885,-22.8568],[-39.5885,-22.8646],[-39.5937,-22.8646],[-39.5937,-22.8724],[-39.599,-22.8724],[-39.599,-22.8802],[-39.6068,-22.8802],[-39.6068,-22.888],[-39.612,-22.888],[-39.612,-22.8958],[-39.6172,-22.8958],[-39.6172,-22.901],[-39.6224,-22.901],[-39.6224,-22.9089],[-39.6276,-22.9089],[-39.6276,-22.9167],[-39.6354,-22.9167],[-39.6354,-22.9245],[-39.6406,-22.9245],[-39.6406,-22.9323],[-39.6458,-22.9323],[-39.6458,-22.9375],[-39.651,-22.9375],[-39.651,-22.9453],[-39.6589,-22.9453],[-39.6589,-22.9531],[-39.6641,-22.9531],[-39.6641,-22.9583],[-39.6693,-22.9583],[-39.6693,-22.9661],[-39.6745,-22.9661],[-39.6745,-22.974],[-39.6797,-22.974],[-39.6797,-22.9818],[-39.6849,-22.9818],[-39.6849,-22.9896],[-39.6927,-22.9896],[-39.6927,-23],[-39.7005,-23],[-39.7005,-23.0078],[-39.7057,-23.0078],[-39.7057,-23.013],[-39.7109,-23.013],[-39.7109,-23.0208],[-39.7161,-23.0208]]]]},"geometry_name":"GEOMETRY","properties":{"COD_BLOCO":"C-M-477","COD_FASE_C":"E","DAT_ASSINA":"14-02-2020","DAT_TERMIN":null,"NOM_BACIA":"Campos","NOM_BLOCO":"C-M-477","NOM_FANTAS":"C-M-477_R16","NUM_CONTRA":"48610221672201913","NUM_DESCOB":0,"OPERADOR_C":"Petróleo Brasileiro S.A. - PETROBRAS","RODADA":"Rodada 16","AREA_TOTAL":1363,"AMBIENTE":"M ","BLOCOS":"C-M-477                                           "},"bbox":[-39.9323,-23.3021,-39.5,-22.7526]},{"type":"Feature","id":"BLOCOS_EXPLORATORIOS_SIRGAS.1046","geometry":{"type":"MultiPolygon","coordinates":[[[[-40,-23.5],[-40,-23.75],[-39.5,-23.75],[-39.5,-23.3021],[-39.9375,-23.3021],[-39.9375,-23.3073],[-39.9427,-23.3073],[-39.9427,-23.3151],[-39.9479,-23.3151],[-39.9479,-23.3203],[-39.9531,-23.3203],[-39.9531,-23.3281],[-39.9583,-23.3281],[-39.9583,-23.3359],[-39.9635,-23.3359],[-39.9635,-23.3411],[-39.9687,-23.3411],[-39.9687,-23.349],[-39.974,-23.349],[-39.974,-23.3542],[-39.9792,-23.3542],[-39.9792,-23.362],[-39.9844,-23.362],[-39.9844,-23.3672],[-39.9896,-23.3672],[-39.9896,-23.375],[-39.9948,-23.375],[-39.9948,-23.3802],[-40.0004,-23.3802],[-40.0004,-23.3828],[-40.0004,-23.3854],[-40.0004,-23.388],[-40.0004,-23.3906],[-40.0004,-23.3932],[-40.0004,-23.3958],[-40.0004,-23.3984],[-40.0004,-23.401],[-40.0004,-23.4036],[-40.0004,-23.4062],[-40.0004,-23.4089],[-40.0004,-23.4115],[-40.0004,-23.4141],[-40.0004,-23.4167],[-40.0004,-23.4193],[-40.0004,-23.4219],[-40.0004,-23.4245],[-40.0004,-23.4271],[-40.0004,-23.4297],[-40.0004,-23.4323],[-40.0004,-23.4349],[-40.0004,-23.4375],[-40.0004,-23.4401],[-40.0004,-23.4427],[-40.0004,-23.4453],[-40.0004,-23.4479],[-40.0004,-23.4505],[-40.0004,-23.4531],[-40.0004,-23.4557],[-40.0004,-23.4583],[-40.0004,-23.4609],[-40.0004,-23.4635],[-40.0004,-23.4661],[-40.0004,-23.4687],[-40.0004,-23.4714],[-40.0004,-23.474],[-40.0004,-23.4766],[-40.0004,-23.4792],[-40.0004,-23.4818],[-40.0004,-23.4844],[-40.0004,-23.487],[-40.0004,-23.4896],[-40.0004,-23.4922],[-40.0004,-23.4948],[-40.0004,-23.4974],[-40.0004,-23.5],[-40,-23.5]]]]},"geometry_name":"GEOMETRY","properties":{"COD_BLOCO":"C-M-541","COD_FASE_C":"E","DAT_ASSINA":"14-02-2020","DAT_TERMIN":null,"NOM_BACIA":"Campos","NOM_BLOCO":"C-M-541","NOM_FANTAS":"C-M-541_R16","NUM_CONTRA":"48610221673201968","NUM_DESCOB":0,"OPERADOR_C":"TotalEnergies EP Brasil Ltda.","RODADA":"Rodada 16","AREA_TOTAL":2503,"AMBIENTE":"M ","BLOCOS":"C-M-541                                           "},"bbox":[-40.0004,-23.75,-39.5,-23.3021]},{"type":"Feature","id":"BLOCOS_EXPLORATORIOS_SIRGAS.761","geometry":{"type":"MultiPolygon","coordinates":[[[[-39.1589,-19.6979],[-39.1589,-19.6849],[-39.1667,-19.6849],[-39.1667,-19.6615],[-39.2005,-19.6615],[-39.2005,-19.6771],[-39.1953,-19.6771],[-39.1953,-19.6953],[-39.1875,-19.6953],[-39.1875,-19.7083],[-39.1771,-19.7083],[-39.1771,-19.7135],[-39.1719,-19.7135],[-39.1719,-19.7266],[-39.1354,-19.7266],[-39.1354,-19.7083],[-39.1484,-19.7083],[-39.1484,-19.6979],[-39.1589,-19.6979]]]]},"geometry_name":"GEOMETRY","properties":{"COD_BLOCO":"ES-M-414","COD_FASE_C":"E","DAT_ASSINA":"24-11-2004","DAT_TERMIN":null,"NOM_BACIA":"Espírito Santo","NOM_BLOCO":"ES-M-414","NOM_FANTAS":"BM-ES-21","NUM_CONTRA":"486100079772004","NUM_DESCOB":4,"OPERADOR_C":"3R Petroleum Offshore S.A.","RODADA":"Rodada 6","AREA_TOTAL":27,"AMBIENTE":"M ","BLOCOS":"ES-M-414                                          "},"bbox":[-39.2005,-19.7266,-39.1354,-19.6615]},{"type":"Feature","id":"BLOCOS_EXPLORATORIOS_SIRGAS.1187","geometry":{"type":"MultiPolygon","coordinates":[[[[-37.4378,-5.3333],[-37.4378,-5.3359],[-37.4378,-5.3385],[-37.4378,-5.3411],[-37.4378,-5.3437],[-37.4378,-5.3464],[-37.4378,-5.349],[-37.4378,-5.3516],[-37.4378,-5.3542],[-37.4375,-5.3542],[-37.4375,-5.375],[-37.375,-5.375],[-37.375,-5.3333],[-37.4378,-5.3333]]]]},"geometry_name":"GEOMETRY","properties":{"COD_BLOCO":"POT-T-606","COD_FASE_C":"E","DAT_ASSINA":"27-09-2021","DAT_TERMIN":"'''","NOM_BACIA":"Potiguar","NOM_BLOCO":"POT-T-606","NOM_FANTAS":"''''''","NUM_CONTRA":"48610222064201926","NUM_DESCOB":0,"OPERADOR_C":"Petro-Victory Energia Ltda.","RODADA":"OPC1","AREA_TOTAL":32,"AMBIENTE":"T ","BLOCOS":"POT-T-606                                         "},"bbox":[-37.4378,-5.375,-37.375,-5.3333]},{"type":"Feature","id":"BLOCOS_EXPLORATORIOS_SIRGAS.2288","geometry":{"type":"MultiPolygon","coordinates":[[[[-48.75,-32.75],[-48.5,-32.75],[-48.5,-32.5],[-48.75,-32.5],[-48.75,-32.75]]]]},"geometry_name":"GEOMETRY","properties":{"COD_BLOCO":"P-M-1281","COD_FASE_C":"E","DAT_ASSINA":"27-08-2024","DAT_TERMIN":null,"NOM_BACIA":"Pelotas","NOM_BLOCO":"P-M-1281","NOM_FANTAS":"P-M-1281_OP4","NUM_CONTRA":"48610206087202451","NUM_DESCOB":0,"OPERADOR_C":"Petróleo Brasileiro S.A. - PETROBRAS","RODADA":"OPC4","AREA_TOTAL":650.46,"AMBIENTE":"M ","BLOCOS":null},"bbox":[-48.75,-32.75,-48.5,-32.5]},{"type":"Feature","id":"BLOCOS_EXPLORATORIOS_SIRGAS.2290","geometry":{"type":"MultiPolygon","coordinates":[[[[-49.25,-32.75],[-49,-32.75],[-49,-32.5],[-49.25,-32.5],[-49.25,-32.75]]]]},"geometry_name":"GEOMETRY","properties":{"COD_BLOCO":"P-M-1277","COD_FASE_C":"E","DAT_ASSINA":"27-08-2024","DAT_TERMIN":null,"NOM_BACIA":"Pelotas","NOM_BLOCO":"P-M-1277","NOM_FANTAS":"P-M-1277_OP4","NUM_CONTRA":"48610206085202461","NUM_DESCOB":0,"OPERADOR_C":"Petróleo Brasileiro S.A. - PETROBRAS","RODADA":"OPC4","AREA_TOTAL":650.46,"AMBIENTE":"M ","BLOCOS":null},"bbox":[-49.25,-32.75,-49,-32.5]},{"type":"Feature","id":"BLOCOS_EXPLORATORIOS_SIRGAS.791","geometry":{"type":"MultiPolygon","coordinates":[[[[-39.25,-20.2505],[-39.25,-20.5],[-39,-20.5],[-39,-20.2505],[-39.0026,-20.2505],[-39.0052,-20.2505],[-39.0078,-20.2505],[-39.0104,-20.2505],[-39.013,-20.2505],[-39.0156,-20.2505],[-39.0182,-20.2505],[-39.0208,-20.2505],[-39.0234,-20.2505],[-39.026,-20.2505],[-39.0286,-20.2505],[-39.0312,-20.2505],[-39.0339,-20.2505],[-39.0365,-20.2505],[-39.0391,-20.2505],[-39.0417,-20.2505],[-39.0443,-20.2505],[-39.0469,-20.2505],[-39.0495,-20.2505],[-39.0521,-20.2505],[-39.0547,-20.2505],[-39.0573,-20.2505],[-39.0599,-20.2505],[-39.0625,-20.2505],[-39.0651,-20.2505],[-39.0677,-20.2505],[-39.0703,-20.2505],[-39.0729,-20.2505],[-39.0755,-20.2505],[-39.0781,-20.2505],[-39.0807,-20.2505],[-39.0833,-20.2505],[-39.0859,-20.2505],[-39.0885,-20.2505],[-39.0911,-20.2505],[-39.0937,-20.2505],[-39.0964,-20.2505],[-39.099,-20.2505],[-39.1016,-20.2505],[-39.1042,-20.2505],[-39.1068,-20.2505],[-39.1094,-20.2505],[-39.112,-20.2505],[-39.1146,-20.2505],[-39.1172,-20.2505],[-39.1198,-20.2505],[-39.1224,-20.2505],[-39.125,-20.2505],[-39.1276,-20.2505],[-39.1302,-20.2505],[-39.1328,-20.2505],[-39.1354,-20.2505],[-39.138,-20.2505],[-39.1406,-20.2505],[-39.1432,-20.2505],[-39.1458,-20.2505],[-39.1484,-20.2505],[-39.151,-20.2505],[-39.1536,-20.2505],[-39.1562,-20.2505],[-39.1589,-20.2505],[-39.1615,-20.2505],[-39.1641,-20.2505],[-39.1667,-20.2505],[-39.1693,-20.2505],[-39.1719,-20.2505],[-39.1745,-20.2505],[-39.1771,-20.2505],[-39.1797,-20.2505],[-39.1823,-20.2505],[-39.1849,-20.2505],[-39.1875,-20.2505],[-39.1901,-20.2505],[-39.1927,-20.2505],[-39.1953,-20.2505],[-39.1979,-20.2505],[-39.2005,-20.2505],[-39.2031,-20.2505],[-39.2057,-20.2505],[-39.2083,-20.2505],[-39.2109,-20.2505],[-39.2135,-20.2505],[-39.2161,-20.2505],[-39.2187,-20.2505],[-39.2214,-20.2505],[-39.224,-20.2505],[-39.2266,-20.2505],[-39.2292,-20.2505],[-39.2318,-20.2505],[-39.2344,-20.2505],[-39.237,-20.2505],[-39.2396,-20.2505],[-39.2422,-20.2505],[-39.2448,-20.2505],[-39.2474,-20.2505],[-39.25,-20.2505]]]]},"geometry_name":"GEOMETRY","properties":{"COD_BLOCO":"ES-M-592","COD_FASE_C":"E","DAT_ASSINA":"29-01-2018","DAT_TERMIN":null,"NOM_BACIA":"Espírito Santo","NOM_BLOCO":"ES-M-592","NOM_FANTAS":"ES-M-592_R14","NUM_CONTRA":"48610012647201789","NUM_DESCOB":0,"OPERADOR_C":"CNOOC Petroleum Brasil Ltda.","RODADA":"Rodada 14","AREA_TOTAL":721,"AMBIENTE":"M ","BLOCOS":"ES-M-592                                          "},"bbox":[-39.25,-20.5,-39,-20.2505]},{"type":"Feature","id":"BLOCOS_EXPLORATORIOS_SIRGAS.2289","geometry":{"type":"MultiPolygon","coordinates":[[[[-49,-32.75],[-48.75,-32.75],[-48.75,-32.5],[-49,-32.5],[-49,-32.75]]]]},"geometry_name":"GEOMETRY","properties":{"COD_BLOCO":"P-M-1279","COD_FASE_C":"E","DAT_ASSINA":"27-08-2024","DAT_TERMIN":null,"NOM_BACIA":"Pelotas","NOM_BLOCO":"P-M-1279","NOM_FANTAS":"P-M-1279_OP4","NUM_CONTRA":"48610206086202414","NUM_DESCOB":0,"OPERADOR_C":"Petróleo Brasileiro S.A. - PETROBRAS","RODADA":"OPC4","AREA_TOTAL":650.46,"AMBIENTE":"M ","BLOCOS":null},"bbox":[-49,-32.75,-48.75,-32.5]},{"type":"Feature","id":"BLOCOS_EXPLORATORIOS_SIRGAS.2287","geometry":{"type":"MultiPolygon","coordinates":[[[[-49.5005,-32.7505],[-49.5005,-33.0005],[-49.2505,-33.0005],[-49.2505,-32.7505],[-49.5005,-32.7505]]]]},"geometry_name":"GEOMETRY","properties":{"COD_BLOCO":"P-M-1357","COD_FASE_C":"E","DAT_ASSINA":"27-08-2024","DAT_TERMIN":null,"NOM_BACIA":"Pelotas","NOM_BLOCO":"P-M-1357","NOM_FANTAS":"P-M-1357_OP4","NUM_CONTRA":"48610206092202463","NUM_DESCOB":0,"OPERADOR_C":"Petróleo Brasileiro S.A. - PETROBRAS","RODADA":"OPC4","AREA_TOTAL":649,"AMBIENTE":"M ","BLOCOS":null},"bbox":[-49.5005,-33.0005,-49.2505,-32.7505]},{"type":"Feature","id":"BLOCOS_EXPLORATORIOS_SIRGAS.2286","geometry":{"type":"MultiPolygon","coordinates":[[[[-49.25,-33],[-49,-33],[-49,-32.75],[-49.25,-32.75],[-49.25,-33]]]]},"geometry_name":"GEOMETRY","properties":{"COD_BLOCO":"P-M-1359","COD_FASE_C":"E","DAT_ASSINA":"27-08-2024","DAT_TERMIN":null,"NOM_BACIA":"Pelotas","NOM_BLOCO":"P-M-1359","NOM_FANTAS":"P-M-1359_OP4","NUM_CONTRA":"48610206093202416","NUM_DESCOB":0,"OPERADOR_C":"Petróleo Brasileiro S.A. - PETROBRAS","RODADA":"OPC4","AREA_TOTAL":649,"AMBIENTE":"M ","BLOCOS":null},"bbox":[-49.25,-33,-49,-32.75]},{"type":"Feature","id":"BLOCOS_EXPLORATORIOS_SIRGAS.2285","geometry":{"type":"MultiPolygon","coordinates":[[[[-49,-33],[-48.75,-33],[-48.75,-32.75],[-49,-32.75],[-49,-33]]]]},"geometry_name":"GEOMETRY","properties":{"COD_BLOCO":"P-M-1361","COD_FASE_C":"E","DAT_ASSINA":"27-08-2024","DAT_TERMIN":null,"NOM_BACIA":"Pelotas","NOM_BLOCO":"P-M-1361","NOM_FANTAS":"P-M-1361_OP4","NUM_CONTRA":"48610206088202403","NUM_DESCOB":0,"OPERADOR_C":"Petróleo Brasileiro S.A. - PETROBRAS","RODADA":"OPC4","AREA_TOTAL":649,"AMBIENTE":"M ","BLOCOS":null},"bbox":[-49,-33,-48.75,-32.75]},{"type":"Feature","id":"BLOCOS_EXPLORATORIOS_SIRGAS.2284","geometry":{"type":"MultiPolygon","coordinates":[[[[-48.75,-33],[-48.5,-33],[-48.5,-32.75],[-48.75,-32.75],[-48.75,-33]]]]},"geometry_name":"GEOMETRY","properties":{"COD_BLOCO":"P-M-1363","COD_FASE_C":"E","DAT_ASSINA":"27-08-2024","DAT_TERMIN":null,"NOM_BACIA":"Pelotas","NOM_BLOCO":"P-M-1363","NOM_FANTAS":"P-M-1363_OP4","NUM_CONTRA":"48610206089202440","NUM_DESCOB":0,"OPERADOR_C":"Petróleo Brasileiro S.A. - PETROBRAS","RODADA":"OPC4","AREA_TOTAL":649,"AMBIENTE":"M ","BLOCOS":null},"bbox":[-48.75,-33,-48.5,-32.75]},{"type":"Feature","id":"BLOCOS_EXPLORATORIOS_SIRGAS.2283","geometry":{"type":"MultiPolygon","coordinates":[[[[-49.25,-33.25],[-49,-33.25],[-49,-33],[-49.25,-33],[-49.25,-33.25]]]]},"geometry_name":"GEOMETRY","properties":{"COD_BLOCO":"P-M-1439","COD_FASE_C":"E","DAT_ASSINA":"27-08-2024","DAT_TERMIN":null,"NOM_BACIA":"Pelotas","NOM_BLOCO":"P-M-1439","NOM_FANTAS":"P-M-1439_OP4","NUM_CONTRA":"48610206094202452","NUM_DESCOB":0,"OPERADOR_C":"Petróleo Brasileiro S.A. - PETROBRAS","RODADA":"OPC4","AREA_TOTAL":647,"AMBIENTE":"M ","BLOCOS":null},"bbox":[-49.25,-33.25,-49,-33]},{"type":"Feature","id":"BLOCOS_EXPLORATORIOS_SIRGAS.2282","geometry":{"type":"MultiPolygon","coordinates":[[[[-49,-33.25],[-48.75,-33.25],[-48.75,-33],[-49,-33],[-49,-33.25]]]]},"geometry_name":"GEOMETRY","properties":{"COD_BLOCO":"P-M-1441","COD_FASE_C":"E","DAT_ASSINA":"27-08-2024","DAT_TERMIN":null,"NOM_BACIA":"Pelotas","NOM_BLOCO":"P-M-1441","NOM_FANTAS":"P-M-1441_OP4","NUM_CONTRA":"48610206090202474","NUM_DESCOB":0,"OPERADOR_C":"Petróleo Brasileiro S.A. - PETROBRAS","RODADA":"OPC4","AREA_TOTAL":647,"AMBIENTE":"M ","BLOCOS":null},"bbox":[-49,-33.25,-48.75,-33]},{"type":"Feature","id":"BLOCOS_EXPLORATORIOS_SIRGAS.2281","geometry":{"type":"MultiPolygon","coordinates":[[[[-48.75,-33.25],[-48.5,-33.25],[-48.5,-33],[-48.75,-33],[-48.75,-33.25]]]]},"geometry_name":"GEOMETRY","properties":{"COD_BLOCO":"P-M-1443","COD_FASE_C":"E","DAT_ASSINA":"27-08-2024","DAT_TERMIN":null,"NOM_BACIA":"Pelotas","NOM_BLOCO":"P-M-1443","NOM_FANTAS":"P-M-1443_OP4","NUM_CONTRA":"48610206091202419","NUM_DESCOB":0,"OPERADOR_C":"Petróleo Brasileiro S.A. - PETROBRAS","RODADA":"OPC4","AREA_TOTAL":647,"AMBIENTE":"M ","BLOCOS":null},"bbox":[-48.75,-33.25,-48.5,-33]},{"type":"Feature","id":"BLOCOS_EXPLORATORIOS_SIRGAS.2280","geometry":{"type":"MultiPolygon","coordinates":[[[[-49.5,-33.5],[-49.25,-33.5],[-49.25,-33.25],[-49.5,-33.25],[-49.5,-33.5]]]]},"geometry_name":"GEOMETRY","properties":{"COD_BLOCO":"P-M-1516","COD_FASE_C":"E","DAT_ASSINA":"27-08-2024","DAT_TERMIN":null,"NOM_BACIA":"Pelotas","NOM_BLOCO":"P-M-1516","NOM_FANTAS":"P-M-1516_OP4","NUM_CONTRA":"48610206095202405","NUM_DESCOB":0,"OPERADOR_C":"Petróleo Brasileiro S.A. - PETROBRAS","RODADA":"OPC4","AREA_TOTAL":645.058,"AMBIENTE":"M ","BLOCOS":null},"bbox":[-49.5,-33.5,-49.25,-33.25]},{"type":"Feature","id":"BLOCOS_EXPLORATORIOS_SIRGAS.2279","geometry":{"type":"MultiPolygon","coordinates":[[[[-49.25,-33.5],[-49,-33.5],[-49,-33.25],[-49.25,-33.25],[-49.25,-33.5]]]]},"geometry_name":"GEOMETRY","properties":{"COD_BLOCO":"P-M-1518","COD_FASE_C":"E","DAT_ASSINA":"27-08-2024","DAT_TERMIN":null,"NOM_BACIA":"Pelotas","NOM_BLOCO":"P-M-1518","NOM_FANTAS":"P-M-1518_OP4","NUM_CONTRA":"48610206096202441","NUM_DESCOB":0,"OPERADOR_C":"Petróleo Brasileiro S.A. - PETROBRAS","RODADA":"OPC4","AREA_TOTAL":645.058,"AMBIENTE":"M ","BLOCOS":null},"bbox":[-49.25,-33.5,-49,-33.25]},{"type":"Feature","id":"BLOCOS_EXPLORATORIOS_SIRGAS.2278","geometry":{"type":"MultiPolygon","coordinates":[[[[-49,-33.5],[-48.75,-33.5],[-48.75,-33.25],[-49,-33.25],[-49,-33.5]]]]},"geometry_name":"GEOMETRY","properties":{"COD_BLOCO":"P-M-1520","COD_FASE_C":"E","DAT_ASSINA":"27-08-2024","DAT_TERMIN":null,"NOM_BACIA":"Pelotas","NOM_BLOCO":"P-M-1520","NOM_FANTAS":"P-M-1520_OP4","NUM_CONTRA":"48610206103202413","NUM_DESCOB":0,"OPERADOR_C":"Petróleo Brasileiro S.A. - PETROBRAS","RODADA":"OPC4","AREA_TOTAL":645.058,"AMBIENTE":"M ","BLOCOS":null},"bbox":[-49,-33.5,-48.75,-33.25]},{"type":"Feature","id":"BLOCOS_EXPLORATORIOS_SIRGAS.2108","geometry":{"type":"MultiPolygon","coordinates":[[[[-45,-4.5],[-45,-4.5],[-45.2947,-4.5],[-45.2947,-4.5004],[-45.2973,-4.5004],[-45.2999,-4.5004],[-45.3025,-4.5004],[-45.3051,-4.5004],[-45.3077,-4.5004],[-45.3103,-4.5004],[-45.3129,-4.5004],[-45.3155,-4.5004],[-45.3181,-4.5004],[-45.3207,-4.5004],[-45.3233,-4.5004],[-45.3259,-4.5004],[-45.3285,-4.5004],[-45.3311,-4.5004],[-45.3337,-4.5004],[-45.3363,-4.5004],[-45.3389,-4.5004],[-45.3416,-4.5004],[-45.3442,-4.5004],[-45.3468,-4.5004],[-45.3494,-4.5004],[-45.352,-4.5004],[-45.3546,-4.5004],[-45.3572,-4.5004],[-45.3598,-4.5004],[-45.3624,-4.5004],[-45.365,-4.5004],[-45.3676,-4.5004],[-45.3702,-4.5004],[-45.3728,-4.5004],[-45.3754,-4.5004],[-45.378,-4.5004],[-45.3806,-4.5004],[-45.3832,-4.5004],[-45.3858,-4.5004],[-45.3884,-4.5004],[-45.391,-4.5004],[-45.3936,-4.5004],[-45.3962,-4.5004],[-45.3988,-4.5004],[-45.4014,-4.5004],[-45.4041,-4.5004],[-45.4067,-4.5004],[-45.4093,-4.5004],[-45.4119,-4.5004],[-45.4145,-4.5004],[-45.4171,-4.5004],[-45.4197,-4.5004],[-45.4223,-4.5004],[-45.4249,-4.5004],[-45.4275,-4.5004],[-45.4301,-4.5004],[-45.4327,-4.5004],[-45.4327,-4.5],[-45.5,-4.5],[-45.5,-5],[-45,-5],[-45,-4.7187],[-45.0339,-4.7187],[-45.0339,-4.7135],[-45.0521,-4.7135],[-45.0521,-4.6953],[-45.0599,-4.6953],[-45.0599,-4.6771],[-45.0703,-4.6771],[-45.0703,-4.6094],[-45.0625,-4.6094],[-45.0625,-4.5833],[-45.0547,-4.5833],[-45.0547,-4.5729],[-45,-4.5729],[-45,-4.5]]]]},"geometry_name":"GEOMETRY","properties":{"COD_BLOCO":"PN-T-66","COD_FASE_C":"E","DAT_ASSINA":"14-02-2020","DAT_TERMIN":null,"NOM_BACIA":"Parnaíba","NOM_BLOCO":"PN-T-66","NOM_FANTAS":"PN-T-66_OP1","NUM_CONTRA":"48610222049201988","NUM_DESCOB":1,"OPERADOR_C":"Eneva S.A.","RODADA":"OPC1","AREA_TOTAL":2954,"AMBIENTE":"T ","BLOCOS":null},"bbox":[-45.5,-5,-45,-4.5]},{"type":"Feature","id":"BLOCOS_EXPLORATORIOS_SIRGAS.1497","geometry":{"type":"MultiPolygon","coordinates":[[[[-37.2347,-5.2191],[-37.2347,-5.2165],[-37.2347,-5.2139],[-37.2347,-5.2113],[-37.2347,-5.2087],[-37.2373,-5.2087],[-37.2399,-5.2087],[-37.2425,-5.2087],[-37.2451,-5.2087],[-37.2477,-5.2087],[-37.2503,-5.2087],[-37.2529,-5.2087],[-37.2555,-5.2087],[-37.2582,-5.2087],[-37.2608,-5.2087],[-37.2634,-5.2087],[-37.266,-5.2087],[-37.2686,-5.2087],[-37.2712,-5.2087],[-37.2738,-5.2087],[-37.2764,-5.2087],[-37.279,-5.2087],[-37.2816,-5.2087],[-37.2842,-5.2087],[-37.2868,-5.2087],[-37.2894,-5.2087],[-37.2894,-5.2061],[-37.2894,-5.2035],[-37.2894,-5.2009],[-37.2894,-5.1983],[-37.2894,-5.1957],[-37.2894,-5.1931],[-37.2894,-5.1905],[-37.2894,-5.1879],[-37.2917,-5.1879],[-37.2943,-5.1879],[-37.2969,-5.1879],[-37.2995,-5.1879],[-37.3021,-5.1879],[-37.3047,-5.1879],[-37.3073,-5.1879],[-37.3099,-5.1879],[-37.3125,-5.1879],[-37.3125,-5.25],[-37.2708,-5.25],[-37.2708,-5.2504],[-37.2686,-5.2504],[-37.266,-5.2504],[-37.2634,-5.2504],[-37.2608,-5.2504],[-37.2608,-5.2478],[-37.2608,-5.2452],[-37.2608,-5.2426],[-37.2608,-5.24],[-37.2608,-5.2374],[-37.2608,-5.2348],[-37.2608,-5.2322],[-37.2608,-5.2296],[-37.2608,-5.227],[-37.2608,-5.2243],[-37.2608,-5.2217],[-37.2608,-5.2191],[-37.2582,-5.2191],[-37.2555,-5.2191],[-37.2529,-5.2191],[-37.2503,-5.2191],[-37.2477,-5.2191],[-37.2451,-5.2191],[-37.2425,-5.2191],[-37.2399,-5.2191],[-37.2373,-5.2191],[-37.2347,-5.2191]],[[-37.2712,-5.24],[-37.2738,-5.24],[-37.2764,-5.24],[-37.279,-5.24],[-37.2816,-5.24],[-37.2842,-5.24],[-37.2868,-5.24],[-37.2894,-5.24],[-37.2894,-5.2374],[-37.2894,-5.2348],[-37.2894,-5.2322],[-37.2894,-5.2296],[-37.2894,-5.227],[-37.2894,-5.2243],[-37.2894,-5.2217],[-37.2894,-5.2191],[-37.2868,-5.2191],[-37.2842,-5.2191],[-37.2816,-5.2191],[-37.279,-5.2191],[-37.2764,-5.2191],[-37.2738,-5.2191],[-37.2712,-5.2191],[-37.2712,-5.2217],[-37.2712,-5.2243],[-37.2712,-5.227],[-37.2712,-5.2296],[-37.2712,-5.2322],[-37.2712,-5.2348],[-37.2712,-5.2374],[-37.2712,-5.24]]]]},"geometry_name":"GEOMETRY","properties":{"COD_BLOCO":"POT-T-474","COD_FASE_C":"E","DAT_ASSINA":"21-11-2022","DAT_TERMIN":null,"NOM_BACIA":"Potiguar","NOM_BLOCO":"POT-T-474","NOM_FANTAS":null,"NUM_CONTRA":"48610215433202220","NUM_DESCOB":0,"OPERADOR_C":"Petro-Victory Energia Ltda.","RODADA":"OPC3","AREA_TOTAL":31,"AMBIENTE":"T ","BLOCOS":null},"bbox":[-37.3125,-5.2504,-37.2347,-5.1879]},{"type":"Feature","id":"BLOCOS_EXPLORATORIOS_SIRGAS.1498","geometry":{"type":"MultiPolygon","coordinates":[[[[-37.0628,-5.1072],[-37.0628,-5.1094],[-37.0628,-5.112],[-37.0628,-5.1146],[-37.0628,-5.1172],[-37.0628,-5.1198],[-37.0628,-5.1224],[-37.0628,-5.125],[-37,-5.125],[-37,-5.0833],[-37.0264,-5.0833],[-37.0264,-5.0863],[-37.0264,-5.0889],[-37.0264,-5.0915],[-37.0264,-5.0941],[-37.0264,-5.0967],[-37.0264,-5.0993],[-37.0264,-5.102],[-37.0264,-5.1046],[-37.0264,-5.1072],[-37.029,-5.1072],[-37.0316,-5.1072],[-37.0342,-5.1072],[-37.0368,-5.1072],[-37.0394,-5.1072],[-37.042,-5.1072],[-37.0446,-5.1072],[-37.0472,-5.1072],[-37.0498,-5.1072],[-37.0524,-5.1072],[-37.055,-5.1072],[-37.0576,-5.1072],[-37.0602,-5.1072],[-37.0628,-5.1072]]]]},"geometry_name":"GEOMETRY","properties":{"COD_BLOCO":"POT-T-352","COD_FASE_C":"E","DAT_ASSINA":"21-11-2022","DAT_TERMIN":null,"NOM_BACIA":"Potiguar","NOM_BLOCO":"POT-T-352","NOM_FANTAS":null,"NUM_CONTRA":"48610215431202231","NUM_DESCOB":0,"OPERADOR_C":"Petro-Victory Energia Ltda.","RODADA":"OPC3","AREA_TOTAL":21,"AMBIENTE":"T ","BLOCOS":null},"bbox":[-37.0628,-5.125,-37,-5.0833]},{"type":"Feature","id":"BLOCOS_EXPLORATORIOS_SIRGAS.1449","geometry":{"type":"MultiPolygon","coordinates":[[[[-39.7894,-19.3807],[-39.7894,-19.3828],[-39.7894,-19.3854],[-39.7894,-19.388],[-39.7894,-19.3906],[-39.7894,-19.3932],[-39.7894,-19.3958],[-39.7894,-19.3984],[-39.7894,-19.401],[-39.7894,-19.4036],[-39.7894,-19.4062],[-39.7894,-19.4089],[-39.7894,-19.4115],[-39.7894,-19.4141],[-39.7894,-19.4167],[-39.75,-19.4167],[-39.75,-19.375],[-39.8125,-19.375],[-39.8125,-19.3807],[-39.8103,-19.3807],[-39.8077,-19.3807],[-39.8051,-19.3807],[-39.8025,-19.3807],[-39.7999,-19.3807],[-39.7973,-19.3807],[-39.7947,-19.3807],[-39.792,-19.3807],[-39.7894,-19.3807]]]]},"geometry_name":"GEOMETRY","properties":{"COD_BLOCO":"ES-T-528","COD_FASE_C":"E","DAT_ASSINA":"09-11-2022","DAT_TERMIN":null,"NOM_BACIA":"Espírito Santo","NOM_BLOCO":"ES-T-528","NOM_FANTAS":null,"NUM_CONTRA":"48610215430202296","NUM_DESCOB":0,"OPERADOR_C":"Imetame Energia S.A.","RODADA":"OPC3","AREA_TOTAL":21,"AMBIENTE":"T ","BLOCOS":null},"bbox":[-39.8125,-19.4167,-39.75,-19.375]},{"type":"Feature","id":"BLOCOS_EXPLORATORIOS_SIRGAS.2219","geometry":{"type":"MultiPolygon","coordinates":[[[[-36.6875,-5.1667],[-36.6875,-5.1827],[-36.6852,-5.1827],[-36.6826,-5.1827],[-36.68,-5.1827],[-36.6774,-5.1827],[-36.6748,-5.1827],[-36.6722,-5.1827],[-36.6696,-5.1827],[-36.667,-5.1827],[-36.6644,-5.1827],[-36.6618,-5.1827],[-36.6592,-5.1827],[-36.6566,-5.1827],[-36.654,-5.1827],[-36.6514,-5.1827],[-36.6488,-5.1827],[-36.6462,-5.1827],[-36.6436,-5.1827],[-36.641,-5.1827],[-36.6384,-5.1827],[-36.6358,-5.1827],[-36.6331,-5.1827],[-36.6305,-5.1827],[-36.6279,-5.1827],[-36.6253,-5.1827],[-36.6253,-5.1823],[-36.625,-5.1823],[-36.625,-5.1667],[-36.6875,-5.1667]]]]},"geometry_name":"GEOMETRY","properties":{"COD_BLOCO":"POT-T-440","COD_FASE_C":"E","DAT_ASSINA":"15-07-2024","DAT_TERMIN":null,"NOM_BACIA":"Potiguar","NOM_BLOCO":"POT-T-440","NOM_FANTAS":"POT-T-440_OP4","NUM_CONTRA":"48610205921202491","NUM_DESCOB":0,"OPERADOR_C":"Elysian Brasil Exploração e Produção de Petróleo e Gás Natural Ltda.","RODADA":"OPC4","AREA_TOTAL":12.27,"AMBIENTE":"T ","BLOCOS":null},"bbox":[-36.6875,-5.1827,-36.625,-5.1667]},{"type":"Feature","id":"BLOCOS_EXPLORATORIOS_SIRGAS.2258","geometry":{"type":"MultiPolygon","coordinates":[[[[-36.25,-5.2083],[-36.25,-5.1667],[-36.3125,-5.1667],[-36.3125,-5.2083],[-36.25,-5.2083]]]]},"geometry_name":"GEOMETRY","properties":{"COD_BLOCO":"POT-T-446","COD_FASE_C":"E","DAT_ASSINA":"15-07-2024","DAT_TERMIN":null,"NOM_BACIA":"Potiguar","NOM_BLOCO":"POT-T-446","NOM_FANTAS":"POT-T-446_OP4","NUM_CONTRA":"48610205922202435","NUM_DESCOB":0,"OPERADOR_C":"Elysian Brasil Exploração e Produção de Petróleo e Gás Natural Ltda.","RODADA":"OPC4","AREA_TOTAL":32,"AMBIENTE":"T ","BLOCOS":null},"bbox":[-36.3125,-5.2083,-36.25,-5.1667]},{"type":"Feature","id":"BLOCOS_EXPLORATORIOS_SIRGAS.2218","geometry":{"type":"MultiPolygon","coordinates":[[[[-36.1875,-5.2083],[-36.1875,-5.1667],[-36.25,-5.1667],[-36.25,-5.2083],[-36.1875,-5.2083]]]]},"geometry_name":"GEOMETRY","properties":{"COD_BLOCO":"POT-T-447","COD_FASE_C":"E","DAT_ASSINA":"15-07-2024","DAT_TERMIN":null,"NOM_BACIA":"Potiguar","NOM_BLOCO":"POT-T-447","NOM_FANTAS":"POT-T-447_OP4","NUM_CONTRA":"48610205923202480","NUM_DESCOB":0,"OPERADOR_C":"Elysian Brasil Exploração e Produção de Petróleo e Gás Natural Ltda.","RODADA":"OPC4","AREA_TOTAL":32,"AMBIENTE":"T ","BLOCOS":null},"bbox":[-36.25,-5.2083,-36.1875,-5.1667]},{"type":"Feature","id":"BLOCOS_EXPLORATORIOS_SIRGAS.2217","geometry":{"type":"MultiPolygon","coordinates":[[[[-36.125,-5.2083],[-36.125,-5.1667],[-36.1875,-5.1667],[-36.1875,-5.2083],[-36.125,-5.2083]]]]},"geometry_name":"GEOMETRY","properties":{"COD_BLOCO":"POT-T-448","COD_FASE_C":"E","DAT_ASSINA":"15-07-2024","DAT_TERMIN":null,"NOM_BACIA":"Potiguar","NOM_BLOCO":"POT-T-448","NOM_FANTAS":"POT-T-448_OP4","NUM_CONTRA":"48610205924202424","NUM_DESCOB":0,"OPERADOR_C":"Elysian Brasil Exploração e Produção de Petróleo e Gás Natural Ltda.","RODADA":"OPC4","AREA_TOTAL":32,"AMBIENTE":"T ","BLOCOS":null},"bbox":[-36.1875,-5.2083,-36.125,-5.1667]},{"type":"Feature","id":"BLOCOS_EXPLORATORIOS_SIRGAS.2216","geometry":{"type":"MultiPolygon","coordinates":[[[[-36.0625,-5.2083],[-36.0625,-5.1667],[-36.125,-5.1667],[-36.125,-5.2083],[-36.0625,-5.2083]]]]},"geometry_name":"GEOMETRY","properties":{"COD_BLOCO":"POT-T-449","COD_FASE_C":"E","DAT_ASSINA":"15-07-2024","DAT_TERMIN":null,"NOM_BACIA":"Potiguar","NOM_BLOCO":"POT-T-449","NOM_FANTAS":"POT-T-449_OP4","NUM_CONTRA":"48610205929202457","NUM_DESCOB":0,"OPERADOR_C":"Elysian Brasil Exploração e Produção de Petróleo e Gás Natural Ltda.","RODADA":"OPC4","AREA_TOTAL":32,"AMBIENTE":"T ","BLOCOS":null},"bbox":[-36.125,-5.2083,-36.0625,-5.1667]},{"type":"Feature","id":"BLOCOS_EXPLORATORIOS_SIRGAS.2215","geometry":{"type":"MultiPolygon","coordinates":[[[[-36,-5.2083],[-36,-5.1667],[-36.0625,-5.1667],[-36.0625,-5.2083],[-36,-5.2083]]]]},"geometry_name":"GEOMETRY","properties":{"COD_BLOCO":"POT-T-450","COD_FASE_C":"E","DAT_ASSINA":"15-07-2024","DAT_TERMIN":null,"NOM_BACIA":"Potiguar","NOM_BLOCO":"POT-T-450","NOM_FANTAS":"POT-T-450_OP4","NUM_CONTRA":"48610205930202481","NUM_DESCOB":0,"OPERADOR_C":"Elysian Brasil Exploração e Produção de Petróleo e Gás Natural Ltda.","RODADA":"OPC4","AREA_TOTAL":32,"AMBIENTE":"T ","BLOCOS":null},"bbox":[-36.0625,-5.2083,-36,-5.1667]},{"type":"Feature","id":"BLOCOS_EXPLORATORIOS_SIRGAS.2214","geometry":{"type":"MultiPolygon","coordinates":[[[[-37.625,-5.25],[-37.625,-5.25],[-37.5911,-5.25],[-37.5911,-5.2504],[-37.5885,-5.2504],[-37.5859,-5.2504],[-37.5833,-5.2504],[-37.5807,-5.2504],[-37.5781,-5.2504],[-37.5755,-5.2504],[-37.5729,-5.2504],[-37.5703,-5.2504],[-37.5677,-5.2504],[-37.5651,-5.2504],[-37.5625,-5.2504],[-37.5625,-5.2083],[-37.625,-5.2083],[-37.625,-5.25]]]]},"geometry_name":"GEOMETRY","properties":{"COD_BLOCO":"POT-T-469","COD_FASE_C":"E","DAT_ASSINA":"15-07-2024","DAT_TERMIN":null,"NOM_BACIA":"Potiguar","NOM_BLOCO":"POT-T-469","NOM_FANTAS":"POT-T-469_OP4","NUM_CONTRA":"48610205897202490","NUM_DESCOB":0,"OPERADOR_C":"Elysian Brasil Exploração e Produção de Petróleo e Gás Natural Ltda.","RODADA":"OPC4","AREA_TOTAL":32.06,"AMBIENTE":"T ","BLOCOS":null},"bbox":[-37.625,-5.2504,-37.5625,-5.2083]},{"type":"Feature","id":"BLOCOS_EXPLORATORIOS_SIRGAS.2213","geometry":{"type":"MultiPolygon","coordinates":[[[[-37.5316,-5.2504],[-37.5316,-5.2504],[-37.5316,-5.2478],[-37.5316,-5.2452],[-37.5316,-5.2426],[-37.5316,-5.24],[-37.529,-5.24],[-37.5264,-5.24],[-37.5238,-5.24],[-37.5212,-5.24],[-37.5212,-5.2374],[-37.5212,-5.2348],[-37.5212,-5.2322],[-37.5212,-5.2296],[-37.5186,-5.2296],[-37.516,-5.2296],[-37.5134,-5.2296],[-37.5108,-5.2296],[-37.5082,-5.2296],[-37.5056,-5.2296],[-37.5029,-5.2296],[-37.5003,-5.2296],[-37.5003,-5.2266],[-37.5003,-5.224],[-37.5003,-5.2214],[-37.5003,-5.2187],[-37.5003,-5.2161],[-37.5003,-5.2135],[-37.5003,-5.2109],[-37.5003,-5.2083],[-37.5625,-5.2083],[-37.5625,-5.2504],[-37.5602,-5.2504],[-37.5576,-5.2504],[-37.555,-5.2504],[-37.5524,-5.2504],[-37.5498,-5.2504],[-37.5472,-5.2504],[-37.5446,-5.2504],[-37.542,-5.2504],[-37.5394,-5.2504],[-37.5368,-5.2504],[-37.5342,-5.2504],[-37.5316,-5.2504]]]]},"geometry_name":"GEOMETRY","properties":{"COD_BLOCO":"POT-T-470","COD_FASE_C":"E","DAT_ASSINA":"15-07-2024","DAT_TERMIN":null,"NOM_BACIA":"Potiguar","NOM_BLOCO":"POT-T-470","NOM_FANTAS":"POT-T-470_OP4","NUM_CONTRA":"48610205898202434","NUM_DESCOB":0,"OPERADOR_C":"Elysian Brasil Exploração e Produção de Petróleo e Gás Natural Ltda.","RODADA":"OPC4","AREA_TOTAL":25.4,"AMBIENTE":"T ","BLOCOS":null},"bbox":[-37.5625,-5.2504,-37.5003,-5.2083]},{"type":"Feature","id":"BLOCOS_EXPLORATORIOS_SIRGAS.2212","geometry":{"type":"MultiPolygon","coordinates":[[[[-37.4378,-5.2083],[-37.4378,-5.2109],[-37.4378,-5.2135],[-37.4378,-5.2161],[-37.4378,-5.2187],[-37.4378,-5.2214],[-37.4378,-5.224],[-37.4378,-5.2266],[-37.4378,-5.2292],[-37.4378,-5.2318],[-37.4378,-5.2344],[-37.4378,-5.237],[-37.4378,-5.2396],[-37.4375,-5.2396],[-37.4375,-5.25],[-37.375,-5.25],[-37.375,-5.2083],[-37.4378,-5.2083]]]]},"geometry_name":"GEOMETRY","properties":{"COD_BLOCO":"POT-T-472","COD_FASE_C":"E","DAT_ASSINA":"15-07-2024","DAT_TERMIN":null,"NOM_BACIA":"Potiguar","NOM_BLOCO":"POT-T-472","NOM_FANTAS":"POT-T-472_OP4","NUM_CONTRA":"48610205911202455","NUM_DESCOB":0,"OPERADOR_C":"Elysian Brasil Exploração e Produção de Petróleo e Gás Natural Ltda.","RODADA":"OPC4","AREA_TOTAL":32.06,"AMBIENTE":"T ","BLOCOS":null},"bbox":[-37.4378,-5.25,-37.375,-5.2083]},{"type":"Feature","id":"BLOCOS_EXPLORATORIOS_SIRGAS.2211","geometry":{"type":"MultiPolygon","coordinates":[[[[-37.3363,-5.2552],[-37.3363,-5.253],[-37.3363,-5.2504],[-37.3359,-5.2504],[-37.3359,-5.25],[-37.3125,-5.25],[-37.3125,-5.1879],[-37.3154,-5.1879],[-37.318,-5.1879],[-37.3207,-5.1879],[-37.3233,-5.1879],[-37.3259,-5.1879],[-37.3285,-5.1879],[-37.3311,-5.1879],[-37.3337,-5.1879],[-37.3337,-5.1905],[-37.3337,-5.1931],[-37.3337,-5.1957],[-37.3337,-5.1983],[-37.3359,-5.1983],[-37.3385,-5.1983],[-37.3411,-5.1983],[-37.3437,-5.1983],[-37.3464,-5.1983],[-37.349,-5.1983],[-37.3516,-5.1983],[-37.3542,-5.1983],[-37.3568,-5.1983],[-37.3594,-5.1983],[-37.362,-5.1983],[-37.3646,-5.1983],[-37.3672,-5.1983],[-37.3698,-5.1983],[-37.3724,-5.1983],[-37.375,-5.1983],[-37.375,-5.2556],[-37.3727,-5.2556],[-37.3701,-5.2556],[-37.3675,-5.2556],[-37.3649,-5.2556],[-37.3623,-5.2556],[-37.3597,-5.2556],[-37.3571,-5.2556],[-37.3545,-5.2556],[-37.3519,-5.2556],[-37.3493,-5.2556],[-37.3467,-5.2556],[-37.3441,-5.2556],[-37.3441,-5.2552],[-37.3363,-5.2552]]]]},"geometry_name":"GEOMETRY","properties":{"COD_BLOCO":"POT-T-473","COD_FASE_C":"E","DAT_ASSINA":"15-07-2024","DAT_TERMIN":null,"NOM_BACIA":"Potiguar","NOM_BLOCO":"POT-T-473","NOM_FANTAS":"POT-T-473_OP4","NUM_CONTRA":"48610205912202408","NUM_DESCOB":0,"OPERADOR_C":"Elysian Brasil Exploração e Produção de Petróleo e Gás Natural Ltda.","RODADA":"OPC4","AREA_TOTAL":45,"AMBIENTE":"T ","BLOCOS":null},"bbox":[-37.375,-5.2556,-37.3125,-5.1879]},{"type":"Feature","id":"BLOCOS_EXPLORATORIOS_SIRGAS.2210","geometry":{"type":"MultiPolygon","coordinates":[[[[-36.6875,-5.2296],[-36.6875,-5.25],[-36.625,-5.25],[-36.625,-5.224],[-36.667,-5.224],[-36.667,-5.227],[-36.667,-5.2296],[-36.6693,-5.2296],[-36.6719,-5.2296],[-36.6745,-5.2296],[-36.6771,-5.2296],[-36.6797,-5.2296],[-36.6823,-5.2296],[-36.6849,-5.2296],[-36.6875,-5.2296]]]]},"geometry_name":"GEOMETRY","properties":{"COD_BLOCO":"POT-T-484","COD_FASE_C":"E","DAT_ASSINA":"15-07-2024","DAT_TERMIN":null,"NOM_BACIA":"Potiguar","NOM_BLOCO":"POT-T-484","NOM_FANTAS":"POT-T-484_OP4","NUM_CONTRA":"48610205931202426","NUM_DESCOB":0,"OPERADOR_C":"Elysian Brasil Exploração e Produção de Petróleo e Gás Natural Ltda.","RODADA":"OPC4","AREA_TOTAL":19,"AMBIENTE":"T ","BLOCOS":null},"bbox":[-36.6875,-5.25,-36.625,-5.224]},{"type":"Feature","id":"BLOCOS_EXPLORATORIOS_SIRGAS.2197","geometry":{"type":"MultiPolygon","coordinates":[[[[-36.5837,-5.2921],[-36.5837,-5.2921],[-36.5863,-5.2921],[-36.5889,-5.2921],[-36.5915,-5.2921],[-36.5941,-5.2921],[-36.5967,-5.2921],[-36.5993,-5.2921],[-36.6019,-5.2921],[-36.6045,-5.2921],[-36.6071,-5.2921],[-36.6097,-5.2921],[-36.6123,-5.2921],[-36.6149,-5.2921],[-36.6149,-5.2947],[-36.6149,-5.2973],[-36.6149,-5.2999],[-36.6149,-5.3025],[-36.6175,-5.3025],[-36.6201,-5.3025],[-36.6227,-5.3025],[-36.6253,-5.3025],[-36.6253,-5.3051],[-36.6253,-5.3077],[-36.6253,-5.3103],[-36.6253,-5.3129],[-36.6253,-5.3155],[-36.6253,-5.3181],[-36.6253,-5.3207],[-36.6253,-5.3233],[-36.6279,-5.3233],[-36.6305,-5.3233],[-36.6331,-5.3233],[-36.6358,-5.3233],[-36.6384,-5.3233],[-36.641,-5.3233],[-36.6436,-5.3233],[-36.6462,-5.3233],[-36.6488,-5.3233],[-36.6514,-5.3233],[-36.654,-5.3233],[-36.6566,-5.3233],[-36.6592,-5.3233],[-36.6618,-5.3233],[-36.6644,-5.3233],[-36.667,-5.3233],[-36.6696,-5.3233],[-36.6722,-5.3233],[-36.6748,-5.3233],[-36.6774,-5.3233],[-36.6774,-5.3255],[-36.6774,-5.3281],[-36.6774,-5.3307],[-36.6774,-5.3333],[-36.6253,-5.3333],[-36.6253,-5.3337],[-36.6224,-5.3337],[-36.6198,-5.3337],[-36.6172,-5.3337],[-36.6146,-5.3337],[-36.612,-5.3337],[-36.6094,-5.3337],[-36.6068,-5.3337],[-36.6042,-5.3337],[-36.6016,-5.3337],[-36.599,-5.3337],[-36.5964,-5.3337],[-36.5937,-5.3337],[-36.5911,-5.3337],[-36.5885,-5.3337],[-36.5859,-5.3337],[-36.5833,-5.3337],[-36.5807,-5.3337],[-36.5781,-5.3337],[-36.5755,-5.3337],[-36.5729,-5.3337],[-36.5703,-5.3337],[-36.5677,-5.3337],[-36.5651,-5.3337],[-36.5625,-5.3337],[-36.5625,-5.2816],[-36.5654,-5.2816],[-36.568,-5.2816],[-36.5706,-5.2816],[-36.5733,-5.2816],[-36.5759,-5.2816],[-36.5785,-5.2816],[-36.5811,-5.2816],[-36.5837,-5.2816],[-36.5837,-5.2842],[-36.5837,-5.2868],[-36.5837,-5.2895],[-36.5837,-5.2921]]]]},"geometry_name":"GEOMETRY","properties":{"COD_BLOCO":"POT-T-574","COD_FASE_C":"E","DAT_ASSINA":"15-07-2024","DAT_TERMIN":null,"NOM_BACIA":"Potiguar","NOM_BLOCO":"POT-T-574","NOM_FANTAS":"POT-T-574_OP4","NUM_CONTRA":"48610205985202491","NUM_DESCOB":0,"OPERADOR_C":"Elysian Brasil Exploração e Produção de Petróleo e Gás Natural Ltda.","RODADA":"OPC4","AREA_TOTAL":40,"AMBIENTE":"T ","BLOCOS":null},"bbox":[-36.6774,-5.3337,-36.5625,-5.2816]},{"type":"Feature","id":"BLOCOS_EXPLORATORIOS_SIRGAS.2196","geometry":{"type":"MultiPolygon","coordinates":[[[[-36.5,-5.2917],[-36.5,-5.3333],[-36.4375,-5.3333],[-36.4375,-5.2917],[-36.5,-5.2917]]]]},"geometry_name":"GEOMETRY","properties":{"COD_BLOCO":"POT-T-576","COD_FASE_C":"E","DAT_ASSINA":"15-07-2024","DAT_TERMIN":null,"NOM_BACIA":"Potiguar","NOM_BLOCO":"POT-T-576","NOM_FANTAS":"POT-T-576_OP4","NUM_CONTRA":"48610205986202436","NUM_DESCOB":0,"OPERADOR_C":"Elysian Brasil Exploração e Produção de Petróleo e Gás Natural Ltda.","RODADA":"OPC4","AREA_TOTAL":32,"AMBIENTE":"T ","BLOCOS":null},"bbox":[-36.5,-5.3333,-36.4375,-5.2917]},{"type":"Feature","id":"BLOCOS_EXPLORATORIOS_SIRGAS.2195","geometry":{"type":"MultiPolygon","coordinates":[[[[-37.6875,-5.3333],[-37.6875,-5.375],[-37.6566,-5.375],[-37.6566,-5.3728],[-37.6566,-5.3702],[-37.6566,-5.3676],[-37.6566,-5.365],[-37.6566,-5.3624],[-37.6566,-5.3598],[-37.6566,-5.3572],[-37.6566,-5.3546],[-37.6536,-5.3546],[-37.651,-5.3546],[-37.6484,-5.3546],[-37.6458,-5.3546],[-37.6432,-5.3546],[-37.6406,-5.3546],[-37.638,-5.3546],[-37.6354,-5.3546],[-37.6328,-5.3546],[-37.6302,-5.3546],[-37.6276,-5.3546],[-37.625,-5.3546],[-37.625,-5.3207],[-37.6279,-5.3207],[-37.6306,-5.3207],[-37.6306,-5.3233],[-37.6306,-5.3259],[-37.6332,-5.3259],[-37.6358,-5.3259],[-37.6358,-5.3285],[-37.6358,-5.3311],[-37.6358,-5.3337],[-37.6384,-5.3337],[-37.641,-5.3337],[-37.6436,-5.3337],[-37.6462,-5.3337],[-37.6488,-5.3337],[-37.6514,-5.3337],[-37.654,-5.3337],[-37.6566,-5.3337],[-37.6566,-5.3333],[-37.6875,-5.3333]]]]},"geometry_name":"GEOMETRY","properties":{"COD_BLOCO":"POT-T-602","COD_FASE_C":"E","DAT_ASSINA":"15-07-2024","DAT_TERMIN":null,"NOM_BACIA":"Potiguar","NOM_BLOCO":"POT-T-602","NOM_FANTAS":"POT-T-602_OP4","NUM_CONTRA":"48610205941202461","NUM_DESCOB":0,"OPERADOR_C":"Elysian Brasil Exploração e Produção de Petróleo e Gás Natural Ltda.","RODADA":"OPC4","AREA_TOTAL":25.24,"AMBIENTE":"T ","BLOCOS":null},"bbox":[-37.6875,-5.375,-37.625,-5.3207]},{"type":"Feature","id":"BLOCOS_EXPLORATORIOS_SIRGAS.2194","geometry":{"type":"MultiPolygon","coordinates":[[[[-37.5625,-5.3337],[-37.5625,-5.3155],[-37.5654,-5.3155],[-37.5681,-5.3155],[-37.5707,-5.3155],[-37.5707,-5.3181],[-37.5707,-5.3207],[-37.5707,-5.3233],[-37.5707,-5.3259],[-37.5733,-5.3259],[-37.5759,-5.3259],[-37.5785,-5.3259],[-37.5811,-5.3259],[-37.5837,-5.3259],[-37.5863,-5.3259],[-37.5889,-5.3259],[-37.5915,-5.3259],[-37.5941,-5.3259],[-37.5967,-5.3259],[-37.5993,-5.3259],[-37.6019,-5.3259],[-37.6045,-5.3259],[-37.6071,-5.3259],[-37.6071,-5.3233],[-37.6071,-5.3207],[-37.6094,-5.3207],[-37.612,-5.3207],[-37.6146,-5.3207],[-37.6172,-5.3207],[-37.6198,-5.3207],[-37.6224,-5.3207],[-37.625,-5.3207],[-37.625,-5.3546],[-37.6227,-5.3546],[-37.6201,-5.3546],[-37.6175,-5.3546],[-37.6149,-5.3546],[-37.6149,-5.3572],[-37.6149,-5.3598],[-37.6149,-5.3624],[-37.6149,-5.365],[-37.6123,-5.365],[-37.6097,-5.365],[-37.6071,-5.365],[-37.6045,-5.365],[-37.6019,-5.365],[-37.5993,-5.365],[-37.5967,-5.365],[-37.5941,-5.365],[-37.5915,-5.365],[-37.5889,-5.365],[-37.5863,-5.365],[-37.5837,-5.365],[-37.5837,-5.3624],[-37.5837,-5.3598],[-37.5837,-5.3572],[-37.5837,-5.3546],[-37.5837,-5.352],[-37.5837,-5.3493],[-37.5837,-5.3467],[-37.5837,-5.3441],[-37.5811,-5.3441],[-37.5785,-5.3441],[-37.5759,-5.3441],[-37.5733,-5.3441],[-37.5733,-5.3415],[-37.5733,-5.3389],[-37.5733,-5.3363],[-37.5733,-5.3337],[-37.5703,-5.3337],[-37.5677,-5.3337],[-37.5651,-5.3337],[-37.5625,-5.3337]]]]},"geometry_name":"GEOMETRY","properties":{"COD_BLOCO":"POT-T-603","COD_FASE_C":"E","DAT_ASSINA":"15-07-2024","DAT_TERMIN":null,"NOM_BACIA":"Potiguar","NOM_BLOCO":"POT-T-603","NOM_FANTAS":"POT-T-603_OP4","NUM_CONTRA":"48610205942202414","NUM_DESCOB":1,"OPERADOR_C":"Elysian Brasil Exploração e Produção de Petróleo e Gás Natural Ltda.","RODADA":"OPC4","AREA_TOTAL":24.04,"AMBIENTE":"T ","BLOCOS":null},"bbox":[-37.625,-5.365,-37.5625,-5.3155]},{"type":"Feature","id":"BLOCOS_EXPLORATORIOS_SIRGAS.2193","geometry":{"type":"MultiPolygon","coordinates":[[[[-37.5,-5.3333],[-37.5,-5.3333],[-37.5316,-5.3333],[-37.5316,-5.3359],[-37.5316,-5.3385],[-37.5316,-5.3411],[-37.5316,-5.3437],[-37.5316,-5.3464],[-37.5316,-5.349],[-37.5316,-5.3516],[-37.5316,-5.3542],[-37.5316,-5.3568],[-37.5316,-5.3594],[-37.5316,-5.362],[-37.5316,-5.3646],[-37.5316,-5.3672],[-37.5316,-5.3698],[-37.5316,-5.3724],[-37.5316,-5.375],[-37.5,-5.375],[-37.5,-5.3333]]]]},"geometry_name":"GEOMETRY","properties":{"COD_BLOCO":"POT-T-604","COD_FASE_C":"E","DAT_ASSINA":"15-07-2024","DAT_TERMIN":null,"NOM_BACIA":"Potiguar","NOM_BLOCO":"POT-T-604","NOM_FANTAS":"POT-T-604_OP4","NUM_CONTRA":"48610205943202451","NUM_DESCOB":0,"OPERADOR_C":"Elysian Brasil Exploração e Produção de Petróleo e Gás Natural Ltda.","RODADA":"OPC4","AREA_TOTAL":16.13,"AMBIENTE":"T ","BLOCOS":null},"bbox":[-37.5316,-5.375,-37.5,-5.3333]},{"type":"Feature","id":"BLOCOS_EXPLORATORIOS_SIRGAS.2192","geometry":{"type":"MultiPolygon","coordinates":[[[[-37.3125,-5.375],[-37.3125,-5.3333],[-37.375,-5.3333],[-37.375,-5.375],[-37.3125,-5.375]]]]},"geometry_name":"GEOMETRY","properties":{"COD_BLOCO":"POT-T-607","COD_FASE_C":"E","DAT_ASSINA":"15-07-2024","DAT_TERMIN":null,"NOM_BACIA":"Potiguar","NOM_BLOCO":"POT-T-607","NOM_FANTAS":"POT-T-607_OP4","NUM_CONTRA":"48610205944202403","NUM_DESCOB":0,"OPERADOR_C":"Elysian Brasil Exploração e Produção de Petróleo e Gás Natural Ltda.","RODADA":"OPC4","AREA_TOTAL":32,"AMBIENTE":"T ","BLOCOS":null},"bbox":[-37.375,-5.375,-37.3125,-5.3333]},{"type":"Feature","id":"BLOCOS_EXPLORATORIOS_SIRGAS.2209","geometry":{"type":"MultiPolygon","coordinates":[[[[-36.5837,-5.2504],[-36.5837,-5.2504],[-36.5837,-5.2478],[-36.5837,-5.2452],[-36.5837,-5.2426],[-36.5837,-5.24],[-36.5811,-5.24],[-36.5785,-5.24],[-36.5759,-5.24],[-36.5733,-5.24],[-36.5733,-5.2374],[-36.5733,-5.2348],[-36.5733,-5.2322],[-36.5733,-5.2296],[-36.5703,-5.2296],[-36.5677,-5.2296],[-36.5651,-5.2296],[-36.5625,-5.2296],[-36.5625,-5.2083],[-36.6253,-5.2083],[-36.6253,-5.2109],[-36.6253,-5.2135],[-36.6253,-5.2161],[-36.6253,-5.2187],[-36.6253,-5.2214],[-36.6253,-5.224],[-36.625,-5.224],[-36.625,-5.25],[-36.6045,-5.25],[-36.6045,-5.2504],[-36.6019,-5.2504],[-36.5993,-5.2504],[-36.5967,-5.2504],[-36.5941,-5.2504],[-36.5915,-5.2504],[-36.5889,-5.2504],[-36.5863,-5.2504],[-36.5837,-5.2504]]]]},"geometry_name":"GEOMETRY","properties":{"COD_BLOCO":"POT-T-485","COD_FASE_C":"E","DAT_ASSINA":"15-07-2024","DAT_TERMIN":null,"NOM_BACIA":"Potiguar","NOM_BLOCO":"POT-T-485","NOM_FANTAS":"POT-T-485_OP4","NUM_CONTRA":"48610205932202471","NUM_DESCOB":2,"OPERADOR_C":"Elysian Brasil Exploração e Produção de Petróleo e Gás Natural Ltda.","RODADA":"OPC4","AREA_TOTAL":28.11,"AMBIENTE":"T ","BLOCOS":null},"bbox":[-36.6253,-5.2504,-36.5625,-5.2083]},{"type":"Feature","id":"BLOCOS_EXPLORATORIOS_SIRGAS.2208","geometry":{"type":"MultiPolygon","coordinates":[[[[-37.6875,-5.25],[-37.6875,-5.25],[-37.75,-5.25],[-37.75,-5.2917],[-37.6875,-5.2917],[-37.6875,-5.25]]]]},"geometry_name":"GEOMETRY","properties":{"COD_BLOCO":"POT-T-511","COD_FASE_C":"E","DAT_ASSINA":"15-07-2024","DAT_TERMIN":null,"NOM_BACIA":"Potiguar","NOM_BLOCO":"POT-T-511","NOM_FANTAS":"POT-T-511_OP4","NUM_CONTRA":"48610205933202415","NUM_DESCOB":0,"OPERADOR_C":"Elysian Brasil Exploração e Produção de Petróleo e Gás Natural Ltda.","RODADA":"OPC4","AREA_TOTAL":32,"AMBIENTE":"T ","BLOCOS":null},"bbox":[-37.75,-5.2917,-37.6875,-5.25]},{"type":"Feature","id":"BLOCOS_EXPLORATORIOS_SIRGAS.2207","geometry":{"type":"MultiPolygon","coordinates":[[[[-37.6332,-5.2917],[-37.6332,-5.2921],[-37.6306,-5.2921],[-37.6279,-5.2921],[-37.6253,-5.2921],[-37.6253,-5.2895],[-37.6253,-5.2868],[-37.6253,-5.2842],[-37.6253,-5.2816],[-37.625,-5.2816],[-37.625,-5.25],[-37.6875,-5.25],[-37.6875,-5.2917],[-37.6332,-5.2917]]]]},"geometry_name":"GEOMETRY","properties":{"COD_BLOCO":"POT-T-512","COD_FASE_C":"E","DAT_ASSINA":"15-07-2024","DAT_TERMIN":null,"NOM_BACIA":"Potiguar","NOM_BLOCO":"POT-T-512","NOM_FANTAS":"POT-T-512_OP4","NUM_CONTRA":"48610205934202460","NUM_DESCOB":0,"OPERADOR_C":"Elysian Brasil Exploração e Produção de Petróleo e Gás Natural Ltda.","RODADA":"OPC4","AREA_TOTAL":32,"AMBIENTE":"T ","BLOCOS":null},"bbox":[-37.6875,-5.2921,-37.625,-5.25]},{"type":"Feature","id":"BLOCOS_EXPLORATORIOS_SIRGAS.2206","geometry":{"type":"MultiPolygon","coordinates":[[[[-37.625,-5.25],[-37.625,-5.2816],[-37.6227,-5.2816],[-37.6201,-5.2816],[-37.6175,-5.2816],[-37.6149,-5.2816],[-37.6123,-5.2816],[-37.6097,-5.2816],[-37.6071,-5.2816],[-37.6045,-5.2816],[-37.6019,-5.2816],[-37.5993,-5.2816],[-37.5967,-5.2816],[-37.5941,-5.2816],[-37.5915,-5.2816],[-37.5915,-5.279],[-37.5915,-5.2764],[-37.5915,-5.2738],[-37.5915,-5.2712],[-37.5915,-5.2686],[-37.5915,-5.266],[-37.5915,-5.2634],[-37.5915,-5.2608],[-37.5915,-5.2582],[-37.5915,-5.2556],[-37.5915,-5.253],[-37.5915,-5.2504],[-37.5911,-5.2504],[-37.5911,-5.25],[-37.625,-5.25]]]]},"geometry_name":"GEOMETRY","properties":{"COD_BLOCO":"POT-T-513","COD_FASE_C":"E","DAT_ASSINA":"15-07-2024","DAT_TERMIN":null,"NOM_BACIA":"Potiguar","NOM_BLOCO":"POT-T-513","NOM_FANTAS":"POT-T-513_OP4","NUM_CONTRA":"48610205935202412","NUM_DESCOB":3,"OPERADOR_C":"Elysian Brasil Exploração e Produção de Petróleo e Gás Natural Ltda.","RODADA":"OPC4","AREA_TOTAL":13,"AMBIENTE":"T ","BLOCOS":null},"bbox":[-37.625,-5.2816,-37.5911,-5.25]},{"type":"Feature","id":"BLOCOS_EXPLORATORIOS_SIRGAS.2205","geometry":{"type":"MultiPolygon","coordinates":[[[[-37.4795,-5.2504],[-37.4795,-5.2504],[-37.4795,-5.253],[-37.4795,-5.2556],[-37.4795,-5.2582],[-37.4795,-5.2608],[-37.4795,-5.2634],[-37.4795,-5.266],[-37.4795,-5.2686],[-37.4795,-5.2712],[-37.4795,-5.2738],[-37.4795,-5.2764],[-37.4795,-5.279],[-37.4795,-5.2816],[-37.4818,-5.2816],[-37.4844,-5.2816],[-37.487,-5.2816],[-37.4896,-5.2816],[-37.4922,-5.2816],[-37.4948,-5.2816],[-37.4974,-5.2816],[-37.5,-5.2816],[-37.5,-5.2917],[-37.4375,-5.2917],[-37.4375,-5.2396],[-37.4378,-5.2396],[-37.4378,-5.24],[-37.4404,-5.24],[-37.443,-5.24],[-37.4457,-5.24],[-37.4483,-5.24],[-37.4483,-5.2426],[-37.4483,-5.2452],[-37.4483,-5.2478],[-37.4483,-5.2504],[-37.4509,-5.2504],[-37.4535,-5.2504],[-37.4561,-5.2504],[-37.4587,-5.2504],[-37.4613,-5.2504],[-37.4639,-5.2504],[-37.4665,-5.2504],[-37.4691,-5.2504],[-37.4717,-5.2504],[-37.4743,-5.2504],[-37.4769,-5.2504],[-37.4795,-5.2504]]]]},"geometry_name":"GEOMETRY","properties":{"COD_BLOCO":"POT-T-515","COD_FASE_C":"E","DAT_ASSINA":"15-07-2024","DAT_TERMIN":null,"NOM_BACIA":"Potiguar","NOM_BLOCO":"POT-T-515","NOM_FANTAS":"POT-T-515_OP4","NUM_CONTRA":"48610205936202459","NUM_DESCOB":0,"OPERADOR_C":"Elysian Brasil Exploração e Produção de Petróleo e Gás Natural Ltda.","RODADA":"OPC4","AREA_TOTAL":25.15,"AMBIENTE":"T ","BLOCOS":null},"bbox":[-37.5,-5.2917,-37.4375,-5.2396]},{"type":"Feature","id":"BLOCOS_EXPLORATORIOS_SIRGAS.2204","geometry":{"type":"MultiPolygon","coordinates":[[[[-37.391,-5.2712],[-37.391,-5.2712],[-37.391,-5.2686],[-37.391,-5.266],[-37.391,-5.2634],[-37.391,-5.2608],[-37.3884,-5.2608],[-37.3858,-5.2608],[-37.3832,-5.2608],[-37.3805,-5.2608],[-37.3779,-5.2608],[-37.3753,-5.2608],[-37.3753,-5.2582],[-37.3753,-5.2556],[-37.375,-5.2556],[-37.375,-5.25],[-37.4375,-5.25],[-37.4375,-5.2917],[-37.417,-5.2917],[-37.417,-5.2895],[-37.417,-5.2868],[-37.417,-5.2842],[-37.417,-5.2816],[-37.417,-5.279],[-37.417,-5.2764],[-37.417,-5.2738],[-37.417,-5.2712],[-37.4144,-5.2712],[-37.4118,-5.2712],[-37.4092,-5.2712],[-37.4066,-5.2712],[-37.404,-5.2712],[-37.4014,-5.2712],[-37.3988,-5.2712],[-37.3962,-5.2712],[-37.3936,-5.2712],[-37.391,-5.2712]]]]},"geometry_name":"GEOMETRY","properties":{"COD_BLOCO":"POT-T-516","COD_FASE_C":"E","DAT_ASSINA":"15-07-2024","DAT_TERMIN":null,"NOM_BACIA":"Potiguar","NOM_BLOCO":"POT-T-516","NOM_FANTAS":"POT-T-516_OP4","NUM_CONTRA":"48610205937202401","NUM_DESCOB":0,"OPERADOR_C":"Elysian Brasil Exploração e Produção de Petróleo e Gás Natural Ltda.","RODADA":"OPC4","AREA_TOTAL":19.34,"AMBIENTE":"T ","BLOCOS":null},"bbox":[-37.4375,-5.2917,-37.375,-5.25]},{"type":"Feature","id":"BLOCOS_EXPLORATORIOS_SIRGAS.2203","geometry":{"type":"MultiPolygon","coordinates":[[[[-36.9375,-5.2504],[-36.9375,-5.2504],[-36.9404,-5.2504],[-36.943,-5.2504],[-36.9456,-5.2504],[-36.9483,-5.2504],[-36.9509,-5.2504],[-36.9535,-5.2504],[-36.9561,-5.2504],[-36.9587,-5.2504],[-36.9613,-5.2504],[-36.9639,-5.2504],[-36.9665,-5.2504],[-36.9691,-5.2504],[-36.9717,-5.2504],[-36.9743,-5.2504],[-36.9769,-5.2504],[-36.9795,-5.2504],[-36.9821,-5.2504],[-36.9847,-5.2504],[-36.9873,-5.2504],[-36.9899,-5.2504],[-36.9925,-5.2504],[-36.9951,-5.2504],[-36.9977,-5.2504],[-37.0003,-5.2504],[-37.0003,-5.253],[-37.0003,-5.2556],[-37.0003,-5.2582],[-37.0003,-5.2608],[-37.0003,-5.2634],[-36.9977,-5.2634],[-36.9951,-5.2634],[-36.9925,-5.2634],[-36.9899,-5.2634],[-36.9873,-5.2634],[-36.9873,-5.266],[-36.9873,-5.2686],[-36.9873,-5.2712],[-36.9873,-5.2738],[-36.9873,-5.2764],[-36.9873,-5.279],[-36.9873,-5.2816],[-36.9873,-5.2842],[-36.9899,-5.2842],[-36.9925,-5.2842],[-36.9951,-5.2842],[-36.9977,-5.2842],[-36.9977,-5.2865],[-36.9977,-5.2891],[-36.9977,-5.2917],[-36.9375,-5.2917],[-36.9375,-5.2504]]]]},"geometry_name":"GEOMETRY","properties":{"COD_BLOCO":"POT-T-523","COD_FASE_C":"E","DAT_ASSINA":"15-07-2024","DAT_TERMIN":null,"NOM_BACIA":"Potiguar","NOM_BLOCO":"POT-T-523","NOM_FANTAS":"POT-T-523_OP4","NUM_CONTRA":"48610205982202458","NUM_DESCOB":0,"OPERADOR_C":"Elysian Brasil Exploração e Produção de Petróleo e Gás Natural Ltda.","RODADA":"OPC4","AREA_TOTAL":28.23,"AMBIENTE":"T ","BLOCOS":null},"bbox":[-37.0003,-5.2917,-36.9375,-5.2504]},{"type":"Feature","id":"BLOCOS_EXPLORATORIOS_SIRGAS.2202","geometry":{"type":"MultiPolygon","coordinates":[[[[-36.7295,-5.25],[-36.7295,-5.2504],[-36.7318,-5.2504],[-36.7344,-5.2504],[-36.737,-5.2504],[-36.7396,-5.2504],[-36.7422,-5.2504],[-36.7448,-5.2504],[-36.7474,-5.2504],[-36.75,-5.2504],[-36.75,-5.2921],[-36.7474,-5.2921],[-36.7448,-5.2921],[-36.7422,-5.2921],[-36.7396,-5.2921],[-36.737,-5.2921],[-36.7344,-5.2921],[-36.7318,-5.2921],[-36.7292,-5.2921],[-36.7266,-5.2921],[-36.724,-5.2921],[-36.7214,-5.2921],[-36.7187,-5.2921],[-36.7161,-5.2921],[-36.7135,-5.2921],[-36.7109,-5.2921],[-36.7083,-5.2921],[-36.7057,-5.2921],[-36.7031,-5.2921],[-36.7005,-5.2921],[-36.6979,-5.2921],[-36.6953,-5.2921],[-36.6927,-5.2921],[-36.6901,-5.2921],[-36.6875,-5.2921],[-36.6875,-5.25],[-36.7295,-5.25]]]]},"geometry_name":"GEOMETRY","properties":{"COD_BLOCO":"POT-T-527","COD_FASE_C":"E","DAT_ASSINA":"15-07-2024","DAT_TERMIN":null,"NOM_BACIA":"Potiguar","NOM_BLOCO":"POT-T-527","NOM_FANTAS":"POT-T-527_OP4","NUM_CONTRA":"48610205983202401","NUM_DESCOB":1,"OPERADOR_C":"Elysian Brasil Exploração e Produção de Petróleo e Gás Natural Ltda.","RODADA":"OPC4","AREA_TOTAL":32.12,"AMBIENTE":"T ","BLOCOS":null},"bbox":[-36.75,-5.2921,-36.6875,-5.25]},{"type":"Feature","id":"BLOCOS_EXPLORATORIOS_SIRGAS.2201","geometry":{"type":"MultiPolygon","coordinates":[[[[-36.5,-5.2504],[-36.5,-5.2504],[-36.5029,-5.2504],[-36.5055,-5.2504],[-36.5081,-5.2504],[-36.5108,-5.2504],[-36.5108,-5.253],[-36.5108,-5.2556],[-36.5108,-5.2582],[-36.5108,-5.2608],[-36.5134,-5.2608],[-36.516,-5.2608],[-36.5186,-5.2608],[-36.5212,-5.2608],[-36.5238,-5.2608],[-36.5264,-5.2608],[-36.529,-5.2608],[-36.5316,-5.2608],[-36.5316,-5.2634],[-36.5316,-5.266],[-36.5316,-5.2686],[-36.5316,-5.2712],[-36.5342,-5.2712],[-36.5368,-5.2712],[-36.5394,-5.2712],[-36.542,-5.2712],[-36.5446,-5.2712],[-36.5472,-5.2712],[-36.5498,-5.2712],[-36.5524,-5.2712],[-36.5524,-5.2738],[-36.5524,-5.2764],[-36.5524,-5.279],[-36.5524,-5.2816],[-36.5547,-5.2816],[-36.5573,-5.2816],[-36.5599,-5.2816],[-36.5625,-5.2816],[-36.5625,-5.2917],[-36.5,-5.2917],[-36.5,-5.2504]]]]},"geometry_name":"GEOMETRY","properties":{"COD_BLOCO":"POT-T-530","COD_FASE_C":"E","DAT_ASSINA":"15-07-2024","DAT_TERMIN":null,"NOM_BACIA":"Potiguar","NOM_BLOCO":"POT-T-530","NOM_FANTAS":"POT-T-530_OP4","NUM_CONTRA":"48610205984202447","NUM_DESCOB":0,"OPERADOR_C":"Elysian Brasil Exploração e Produção de Petróleo e Gás Natural Ltda.","RODADA":"OPC4","AREA_TOTAL":20,"AMBIENTE":"T ","BLOCOS":null},"bbox":[-36.5625,-5.2917,-36.5,-5.2504]},{"type":"Feature","id":"BLOCOS_EXPLORATORIOS_SIRGAS.2200","geometry":{"type":"MultiPolygon","coordinates":[[[[-37.6566,-5.3333],[-37.6566,-5.3311],[-37.6566,-5.3285],[-37.6566,-5.3259],[-37.6566,-5.3233],[-37.6566,-5.3207],[-37.6566,-5.3181],[-37.6566,-5.3155],[-37.6566,-5.3129],[-37.6566,-5.3103],[-37.6566,-5.3077],[-37.6566,-5.3051],[-37.6566,-5.3025],[-37.654,-5.3025],[-37.6514,-5.3025],[-37.6488,-5.3025],[-37.6462,-5.3025],[-37.6436,-5.3025],[-37.641,-5.3025],[-37.641,-5.2999],[-37.641,-5.2973],[-37.641,-5.2947],[-37.6384,-5.2947],[-37.6358,-5.2947],[-37.6332,-5.2947],[-37.6332,-5.2917],[-37.6875,-5.2917],[-37.6875,-5.3333],[-37.6566,-5.3333]]]]},"geometry_name":"GEOMETRY","properties":{"COD_BLOCO":"POT-T-557","COD_FASE_C":"E","DAT_ASSINA":"15-07-2024","DAT_TERMIN":null,"NOM_BACIA":"Potiguar","NOM_BLOCO":"POT-T-557","NOM_FANTAS":"POT-T-557_OP4","NUM_CONTRA":"48610205938202448","NUM_DESCOB":1,"OPERADOR_C":"Elysian Brasil Exploração e Produção de Petróleo e Gás Natural Ltda.","RODADA":"OPC4","AREA_TOTAL":18.14,"AMBIENTE":"T ","BLOCOS":null},"bbox":[-37.6875,-5.3333,-37.6332,-5.2917]},{"type":"Feature","id":"BLOCOS_EXPLORATORIOS_SIRGAS.2199","geometry":{"type":"MultiPolygon","coordinates":[[[[-37.5,-5.3333],[-37.5,-5.2816],[-37.5029,-5.2816],[-37.5056,-5.2816],[-37.5082,-5.2816],[-37.5108,-5.2816],[-37.5134,-5.2816],[-37.516,-5.2816],[-37.5186,-5.2816],[-37.5212,-5.2816],[-37.5238,-5.2816],[-37.5238,-5.2842],[-37.5238,-5.2868],[-37.5238,-5.2895],[-37.5238,-5.2921],[-37.5238,-5.2947],[-37.5238,-5.2973],[-37.5238,-5.2999],[-37.5238,-5.3025],[-37.5238,-5.3051],[-37.5238,-5.3077],[-37.5238,-5.3103],[-37.5264,-5.3103],[-37.529,-5.3103],[-37.5316,-5.3103],[-37.5342,-5.3103],[-37.5368,-5.3103],[-37.5394,-5.3103],[-37.542,-5.3103],[-37.5446,-5.3103],[-37.5446,-5.3129],[-37.5446,-5.3155],[-37.5469,-5.3155],[-37.5495,-5.3155],[-37.5521,-5.3155],[-37.5547,-5.3155],[-37.5573,-5.3155],[-37.5599,-5.3155],[-37.5625,-5.3155],[-37.5625,-5.3337],[-37.5602,-5.3337],[-37.5576,-5.3337],[-37.555,-5.3337],[-37.5524,-5.3337],[-37.5498,-5.3337],[-37.5472,-5.3337],[-37.5446,-5.3337],[-37.542,-5.3337],[-37.5394,-5.3337],[-37.5368,-5.3337],[-37.5342,-5.3337],[-37.5316,-5.3337],[-37.5316,-5.3333],[-37.5,-5.3333]]]]},"geometry_name":"GEOMETRY","properties":{"COD_BLOCO":"POT-T-559","COD_FASE_C":"E","DAT_ASSINA":"15-07-2024","DAT_TERMIN":null,"NOM_BACIA":"Potiguar","NOM_BLOCO":"POT-T-559","NOM_FANTAS":"POT-T-559_OP4","NUM_CONTRA":"48610205939202492","NUM_DESCOB":1,"OPERADOR_C":"Elysian Brasil Exploração e Produção de Petróleo e Gás Natural Ltda.","RODADA":"OPC4","AREA_TOTAL":25.01,"AMBIENTE":"T ","BLOCOS":null},"bbox":[-37.5625,-5.3337,-37.5,-5.2816]},{"type":"Feature","id":"BLOCOS_EXPLORATORIOS_SIRGAS.2198","geometry":{"type":"MultiPolygon","coordinates":[[[[-37.5,-5.2917],[-37.5,-5.3333],[-37.4691,-5.3333],[-37.4691,-5.3311],[-37.4691,-5.3285],[-37.4691,-5.3259],[-37.4691,-5.3233],[-37.4661,-5.3233],[-37.4635,-5.3233],[-37.4609,-5.3233],[-37.4583,-5.3233],[-37.4557,-5.3233],[-37.4531,-5.3233],[-37.4505,-5.3233],[-37.4479,-5.3233],[-37.4453,-5.3233],[-37.4427,-5.3233],[-37.4401,-5.3233],[-37.4375,-5.3233],[-37.4375,-5.2917],[-37.5,-5.2917]]]]},"geometry_name":"GEOMETRY","properties":{"COD_BLOCO":"POT-T-560","COD_FASE_C":"E","DAT_ASSINA":"15-07-2024","DAT_TERMIN":null,"NOM_BACIA":"Potiguar","NOM_BLOCO":"POT-T-560","NOM_FANTAS":"POT-T-560_OP4","NUM_CONTRA":"48610205940202417","NUM_DESCOB":0,"OPERADOR_C":"Elysian Brasil Exploração e Produção de Petróleo e Gás Natural Ltda.","RODADA":"OPC4","AREA_TOTAL":28.04,"AMBIENTE":"T ","BLOCOS":null},"bbox":[-37.5,-5.3333,-37.4375,-5.2917]},{"type":"Feature","id":"BLOCOS_EXPLORATORIOS_SIRGAS.2230","geometry":{"type":"MultiPolygon","coordinates":[[[[-37.0003,-5.0212],[-37.0003,-5.0212],[-37.0003,-5.0234],[-37.0003,-5.026],[-37.0003,-5.0286],[-37.0003,-5.0312],[-37.0003,-5.0339],[-37.0003,-5.0365],[-37.0003,-5.0391],[-37.0003,-5.0417],[-36.9375,-5.0417],[-36.9375,-5.0004],[-36.9404,-5.0004],[-36.943,-5.0004],[-36.9456,-5.0004],[-36.9483,-5.0004],[-36.9509,-5.0004],[-36.9535,-5.0004],[-36.9561,-5.0004],[-36.9587,-5.0004],[-36.9587,-5],[-36.9795,-5],[-36.9795,-5.003],[-36.9795,-5.0056],[-36.9795,-5.0082],[-36.9795,-5.0108],[-36.9795,-5.0134],[-36.9795,-5.016],[-36.9795,-5.0186],[-36.9795,-5.0212],[-36.9821,-5.0212],[-36.9847,-5.0212],[-36.9873,-5.0212],[-36.9899,-5.0212],[-36.9925,-5.0212],[-36.9951,-5.0212],[-36.9977,-5.0212],[-37.0003,-5.0212]]]]},"geometry_name":"GEOMETRY","properties":{"COD_BLOCO":"POT-T-303","COD_FASE_C":"E","DAT_ASSINA":"15-07-2024","DAT_TERMIN":null,"NOM_BACIA":"Potiguar","NOM_BLOCO":"POT-T-303","NOM_FANTAS":"POT-T-303_OP4","NUM_CONTRA":"48610205913202444","NUM_DESCOB":0,"OPERADOR_C":"Elysian Brasil Exploração e Produção de Petróleo e Gás Natural Ltda.","RODADA":"OPC4","AREA_TOTAL":27,"AMBIENTE":"T ","BLOCOS":null},"bbox":[-37.0003,-5.0417,-36.9375,-5]},{"type":"Feature","id":"BLOCOS_EXPLORATORIOS_SIRGAS.2229","geometry":{"type":"MultiPolygon","coordinates":[[[[-36.0443,-5.0573],[-36.0443,-5.0599],[-36.0469,-5.0599],[-36.0469,-5.0625],[-36.0547,-5.0625],[-36.0547,-5.0651],[-36.0625,-5.0651],[-36.0625,-5.0833],[-36.0234,-5.0833],[-36.0234,-5.0807],[-36.0182,-5.0807],[-36.0182,-5.0833],[-36,-5.0833],[-36,-5.0495],[-36.0078,-5.0495],[-36.0078,-5.0521],[-36.0286,-5.0521],[-36.0286,-5.0547],[-36.0391,-5.0547],[-36.0391,-5.0573],[-36.0443,-5.0573]]]]},"geometry_name":"GEOMETRY","properties":{"COD_BLOCO":"POT-T-331","COD_FASE_C":"E","DAT_ASSINA":"15-07-2024","DAT_TERMIN":null,"NOM_BACIA":"Potiguar","NOM_BLOCO":"POT-T-331","NOM_FANTAS":"POT-T-331_OP4","NUM_CONTRA":"48610205914202499","NUM_DESCOB":0,"OPERADOR_C":"Elysian Brasil Exploração e Produção de Petróleo e Gás Natural Ltda.","RODADA":"OPC4","AREA_TOTAL":21,"AMBIENTE":"T ","BLOCOS":null},"bbox":[-36.0625,-5.0833,-36,-5.0495]},{"type":"Feature","id":"BLOCOS_EXPLORATORIOS_SIRGAS.2228","geometry":{"type":"MultiPolygon","coordinates":[[[[-36.1068,-5.0859],[-36.1068,-5.0859],[-36.1094,-5.0859],[-36.1094,-5.0885],[-36.1146,-5.0885],[-36.1146,-5.0911],[-36.1198,-5.0911],[-36.1198,-5.0937],[-36.125,-5.0937],[-36.125,-5.125],[-36.0625,-5.125],[-36.0625,-5.0833],[-36.1068,-5.0833],[-36.1068,-5.0859]]]]},"geometry_name":"GEOMETRY","properties":{"COD_BLOCO":"POT-T-367","COD_FASE_C":"E","DAT_ASSINA":"15-07-2024","DAT_TERMIN":null,"NOM_BACIA":"Potiguar","NOM_BLOCO":"POT-T-367","NOM_FANTAS":"POT-T-367_OP4","NUM_CONTRA":"48610205915202433","NUM_DESCOB":0,"OPERADOR_C":"Elysian Brasil Exploração e Produção de Petróleo e Gás Natural Ltda.","RODADA":"OPC4","AREA_TOTAL":30.35,"AMBIENTE":"T ","BLOCOS":null},"bbox":[-36.125,-5.125,-36.0625,-5.0833]},{"type":"Feature","id":"BLOCOS_EXPLORATORIOS_SIRGAS.2227","geometry":{"type":"MultiPolygon","coordinates":[[[[-36,-5.125],[-36,-5.0833],[-36.0182,-5.0833],[-36.0182,-5.1042],[-36.026,-5.1042],[-36.026,-5.0833],[-36.0625,-5.0833],[-36.0625,-5.125],[-36,-5.125]]]]},"geometry_name":"GEOMETRY","properties":{"COD_BLOCO":"POT-T-368","COD_FASE_C":"E","DAT_ASSINA":"15-07-2024","DAT_TERMIN":null,"NOM_BACIA":"Potiguar","NOM_BLOCO":"POT-T-368","NOM_FANTAS":"POT-T-368_OP4","NUM_CONTRA":"48610205916202488","NUM_DESCOB":0,"OPERADOR_C":"Elysian Brasil Exploração e Produção de Petróleo e Gás Natural Ltda.","RODADA":"OPC4","AREA_TOTAL":30,"AMBIENTE":"T ","BLOCOS":null},"bbox":[-36.0625,-5.125,-36,-5.0833]},{"type":"Feature","id":"BLOCOS_EXPLORATORIOS_SIRGAS.2226","geometry":{"type":"MultiPolygon","coordinates":[[[[-36.8125,-5.1254],[-36.8125,-5.1667],[-36.75,-5.1667],[-36.75,-5.125],[-36.7946,-5.125],[-36.7946,-5.1254],[-36.7969,-5.1254],[-36.7995,-5.1254],[-36.8021,-5.1254],[-36.8047,-5.1254],[-36.8073,-5.1254],[-36.8099,-5.1254],[-36.8125,-5.1254]]]]},"geometry_name":"GEOMETRY","properties":{"COD_BLOCO":"POT-T-396","COD_FASE_C":"E","DAT_ASSINA":"15-07-2024","DAT_TERMIN":null,"NOM_BACIA":"Potiguar","NOM_BLOCO":"POT-T-396","NOM_FANTAS":"POT-T-396_OP4","NUM_CONTRA":"48610205917202422","NUM_DESCOB":0,"OPERADOR_C":"Elysian Brasil Exploração e Produção de Petróleo e Gás Natural Ltda.","RODADA":"OPC4","AREA_TOTAL":32,"AMBIENTE":"T ","BLOCOS":null},"bbox":[-36.8125,-5.1667,-36.75,-5.125]},{"type":"Feature","id":"BLOCOS_EXPLORATORIOS_SIRGAS.2225","geometry":{"type":"MultiPolygon","coordinates":[[[[-36.0625,-5.1667],[-36.0625,-5.125],[-36.125,-5.125],[-36.125,-5.1667],[-36.0625,-5.1667]]]]},"geometry_name":"GEOMETRY","properties":{"COD_BLOCO":"POT-T-407","COD_FASE_C":"E","DAT_ASSINA":"15-07-2024","DAT_TERMIN":null,"NOM_BACIA":"Potiguar","NOM_BLOCO":"POT-T-407","NOM_FANTAS":"POT-T-407_OP4","NUM_CONTRA":"48610205918202477","NUM_DESCOB":0,"OPERADOR_C":"Elysian Brasil Exploração e Produção de Petróleo e Gás Natural Ltda.","RODADA":"OPC4","AREA_TOTAL":32,"AMBIENTE":"T ","BLOCOS":null},"bbox":[-36.125,-5.1667,-36.0625,-5.125]},{"type":"Feature","id":"BLOCOS_EXPLORATORIOS_SIRGAS.2224","geometry":{"type":"MultiPolygon","coordinates":[[[[-36,-5.1667],[-36,-5.125],[-36.0625,-5.125],[-36.0625,-5.1667],[-36,-5.1667]]]]},"geometry_name":"GEOMETRY","properties":{"COD_BLOCO":"POT-T-408","COD_FASE_C":"E","DAT_ASSINA":"15-07-2024","DAT_TERMIN":null,"NOM_BACIA":"Potiguar","NOM_BLOCO":"POT-T-408","NOM_FANTAS":"POT-T-408_OP4","NUM_CONTRA":"48610205919202411","NUM_DESCOB":0,"OPERADOR_C":"Elysian Brasil Exploração e Produção de Petróleo e Gás Natural Ltda.","RODADA":"OPC4","AREA_TOTAL":32,"AMBIENTE":"T ","BLOCOS":null},"bbox":[-36.0625,-5.1667,-36,-5.125]},{"type":"Feature","id":"BLOCOS_EXPLORATORIOS_SIRGAS.2223","geometry":{"type":"MultiPolygon","coordinates":[[[[-37.5625,-5.2083],[-37.5625,-5.2083],[-37.5003,-5.2083],[-37.5003,-5.2061],[-37.5003,-5.2035],[-37.5003,-5.2009],[-37.5003,-5.1983],[-37.5003,-5.1957],[-37.5003,-5.1931],[-37.5003,-5.1905],[-37.5003,-5.1879],[-37.5,-5.1879],[-37.5,-5.1667],[-37.5625,-5.1667],[-37.5625,-5.2083]]]]},"geometry_name":"GEOMETRY","properties":{"COD_BLOCO":"POT-T-426","COD_FASE_C":"E","DAT_ASSINA":"15-07-2024","DAT_TERMIN":null,"NOM_BACIA":"Potiguar","NOM_BLOCO":"POT-T-426","NOM_FANTAS":"POT-T-426_OP4","NUM_CONTRA":"48610205894202456","NUM_DESCOB":0,"OPERADOR_C":"Elysian Brasil Exploração e Produção de Petróleo e Gás Natural Ltda.","RODADA":"OPC4","AREA_TOTAL":32,"AMBIENTE":"T ","BLOCOS":null},"bbox":[-37.5625,-5.2083,-37.5,-5.1667]},{"type":"Feature","id":"BLOCOS_EXPLORATORIOS_SIRGAS.2222","geometry":{"type":"MultiPolygon","coordinates":[[[[-37.4375,-5.1879],[-37.4375,-5.1667],[-37.5,-5.1667],[-37.5,-5.1879],[-37.4974,-5.1879],[-37.4948,-5.1879],[-37.4922,-5.1879],[-37.4896,-5.1879],[-37.487,-5.1879],[-37.4844,-5.1879],[-37.4818,-5.1879],[-37.4792,-5.1879],[-37.4766,-5.1879],[-37.474,-5.1879],[-37.4714,-5.1879],[-37.4687,-5.1879],[-37.4661,-5.1879],[-37.4635,-5.1879],[-37.4609,-5.1879],[-37.4583,-5.1879],[-37.4557,-5.1879],[-37.4531,-5.1879],[-37.4505,-5.1879],[-37.4479,-5.1879],[-37.4453,-5.1879],[-37.4427,-5.1879],[-37.4401,-5.1879],[-37.4375,-5.1879]]]]},"geometry_name":"GEOMETRY","properties":{"COD_BLOCO":"POT-T-427","COD_FASE_C":"E","DAT_ASSINA":"15-07-2024","DAT_TERMIN":null,"NOM_BACIA":"Potiguar","NOM_BLOCO":"POT-T-427","NOM_FANTAS":"POT-T-427_OP4","NUM_CONTRA":"48610205895202409","NUM_DESCOB":0,"OPERADOR_C":"Elysian Brasil Exploração e Produção de Petróleo e Gás Natural Ltda.","RODADA":"OPC4","AREA_TOTAL":16.26,"AMBIENTE":"T ","BLOCOS":null},"bbox":[-37.5,-5.1879,-37.4375,-5.1667]},{"type":"Feature","id":"BLOCOS_EXPLORATORIOS_SIRGAS.2221","geometry":{"type":"MultiPolygon","coordinates":[[[[-37.375,-5.2083],[-37.375,-5.1983],[-37.3779,-5.1983],[-37.3805,-5.1983],[-37.3832,-5.1983],[-37.3858,-5.1983],[-37.3858,-5.1957],[-37.3858,-5.1931],[-37.3858,-5.1905],[-37.3858,-5.1879],[-37.3884,-5.1879],[-37.391,-5.1879],[-37.3936,-5.1879],[-37.3962,-5.1879],[-37.3988,-5.1879],[-37.4014,-5.1879],[-37.404,-5.1879],[-37.4066,-5.1879],[-37.4066,-5.1849],[-37.4066,-5.1823],[-37.4066,-5.1797],[-37.4066,-5.1771],[-37.4066,-5.1745],[-37.4066,-5.1719],[-37.4066,-5.1693],[-37.4066,-5.1667],[-37.4375,-5.1667],[-37.4375,-5.1879],[-37.4378,-5.1879],[-37.4378,-5.1901],[-37.4378,-5.1927],[-37.4378,-5.1953],[-37.4378,-5.1979],[-37.4378,-5.2005],[-37.4378,-5.2031],[-37.4378,-5.2057],[-37.4378,-5.2083],[-37.375,-5.2083]]]]},"geometry_name":"GEOMETRY","properties":{"COD_BLOCO":"POT-T-428","COD_FASE_C":"E","DAT_ASSINA":"15-07-2024","DAT_TERMIN":null,"NOM_BACIA":"Potiguar","NOM_BLOCO":"POT-T-428","NOM_FANTAS":"POT-T-428_OP4","NUM_CONTRA":"48610205896202445","NUM_DESCOB":0,"OPERADOR_C":"Elysian Brasil Exploração e Produção de Petróleo e Gás Natural Ltda.","RODADA":"OPC4","AREA_TOTAL":22.42,"AMBIENTE":"T ","BLOCOS":null},"bbox":[-37.4378,-5.2083,-37.375,-5.1667]},{"type":"Feature","id":"BLOCOS_EXPLORATORIOS_SIRGAS.2220","geometry":{"type":"MultiPolygon","coordinates":[[[[-36.6979,-5.2087],[-36.6979,-5.2083],[-36.6878,-5.2083],[-36.6878,-5.2087],[-36.6875,-5.2087],[-36.6875,-5.1667],[-36.75,-5.1667],[-36.75,-5.2191],[-36.7477,-5.2191],[-36.7451,-5.2191],[-36.7425,-5.2191],[-36.7399,-5.2191],[-36.7399,-5.2165],[-36.7399,-5.2139],[-36.7399,-5.2113],[-36.7399,-5.2087],[-36.737,-5.2087],[-36.7344,-5.2087],[-36.7318,-5.2087],[-36.7292,-5.2087],[-36.7266,-5.2087],[-36.724,-5.2087],[-36.7214,-5.2087],[-36.7187,-5.2087],[-36.7161,-5.2087],[-36.7135,-5.2087],[-36.7109,-5.2087],[-36.7083,-5.2087],[-36.7057,-5.2087],[-36.7031,-5.2087],[-36.7005,-5.2087],[-36.6979,-5.2087]]]]},"geometry_name":"GEOMETRY","properties":{"COD_BLOCO":"POT-T-439","COD_FASE_C":"E","DAT_ASSINA":"15-07-2024","DAT_TERMIN":null,"NOM_BACIA":"Potiguar","NOM_BLOCO":"POT-T-439","NOM_FANTAS":"POT-T-439_OP4","NUM_CONTRA":"48610205920202446","NUM_DESCOB":0,"OPERADOR_C":"Elysian Brasil Exploração e Produção de Petróleo e Gás Natural Ltda.","RODADA":"OPC4","AREA_TOTAL":33.46,"AMBIENTE":"T ","BLOCOS":null},"bbox":[-36.75,-5.2191,-36.6875,-5.1667]},{"type":"Feature","id":"BLOCOS_EXPLORATORIOS_SIRGAS.2184","geometry":{"type":"MultiPolygon","coordinates":[[[[-37.0003,-5.3962],[-37.0003,-5.3962],[-37.0003,-5.3936],[-37.0003,-5.391],[-37.0003,-5.3884],[-37.0003,-5.3858],[-36.9977,-5.3858],[-36.9951,-5.3858],[-36.9925,-5.3858],[-36.9899,-5.3858],[-36.9873,-5.3858],[-36.9847,-5.3858],[-36.9821,-5.3858],[-36.9795,-5.3858],[-36.9795,-5.3832],[-36.9795,-5.3806],[-36.9795,-5.378],[-36.9795,-5.3754],[-36.9821,-5.3754],[-36.9847,-5.3754],[-36.9873,-5.3754],[-36.9899,-5.3754],[-36.9925,-5.3754],[-36.9951,-5.3754],[-36.9977,-5.3754],[-37.0003,-5.3754],[-37.0003,-5.375],[-37.0625,-5.375],[-37.0625,-5.4171],[-37.0602,-5.4171],[-37.0576,-5.4171],[-37.055,-5.4171],[-37.0524,-5.4171],[-37.0524,-5.4145],[-37.0524,-5.4118],[-37.0524,-5.4092],[-37.0524,-5.4066],[-37.0498,-5.4066],[-37.0472,-5.4066],[-37.0446,-5.4066],[-37.0446,-5.404],[-37.0446,-5.4014],[-37.0446,-5.3988],[-37.0446,-5.3962],[-37.042,-5.3962],[-37.0394,-5.3962],[-37.0368,-5.3962],[-37.0342,-5.3962],[-37.0316,-5.3962],[-37.0316,-5.3936],[-37.0316,-5.391],[-37.029,-5.391],[-37.0264,-5.391],[-37.0238,-5.391],[-37.0212,-5.391],[-37.0186,-5.391],[-37.016,-5.391],[-37.0134,-5.391],[-37.0108,-5.391],[-37.0108,-5.3936],[-37.0108,-5.3962],[-37.0082,-5.3962],[-37.0055,-5.3962],[-37.0029,-5.3962],[-37.0003,-5.3962]]]]},"geometry_name":"GEOMETRY","properties":{"COD_BLOCO":"POT-T-657","COD_FASE_C":"E","DAT_ASSINA":"15-07-2024","DAT_TERMIN":null,"NOM_BACIA":"Potiguar","NOM_BLOCO":"POT-T-657","NOM_FANTAS":"POT-T-657_OP4","NUM_CONTRA":"48610205954202431","NUM_DESCOB":0,"OPERADOR_C":"Elysian Brasil Exploração e Produção de Petróleo e Gás Natural Ltda.","RODADA":"OPC4","AREA_TOTAL":21.07,"AMBIENTE":"T ","BLOCOS":null},"bbox":[-37.0625,-5.4171,-36.9795,-5.375]},{"type":"Feature","id":"BLOCOS_EXPLORATORIOS_SIRGAS.2183","geometry":{"type":"MultiPolygon","coordinates":[[[[-36.6875,-5.4167],[-36.6875,-5.375],[-36.7503,-5.375],[-36.7503,-5.3776],[-36.7503,-5.3802],[-36.7503,-5.3828],[-36.7503,-5.3854],[-36.7503,-5.388],[-36.7503,-5.3906],[-36.7503,-5.3932],[-36.7503,-5.3958],[-36.7503,-5.3984],[-36.7503,-5.401],[-36.7503,-5.4036],[-36.7503,-5.4062],[-36.7503,-5.4089],[-36.7503,-5.4115],[-36.7503,-5.4141],[-36.7503,-5.4167],[-36.6875,-5.4167]]]]},"geometry_name":"GEOMETRY","properties":{"COD_BLOCO":"POT-T-662","COD_FASE_C":"E","DAT_ASSINA":"15-07-2024","DAT_TERMIN":null,"NOM_BACIA":"Potiguar","NOM_BLOCO":"POT-T-662","NOM_FANTAS":"POT-T-662_OP4","NUM_CONTRA":"48610205988202425","NUM_DESCOB":0,"OPERADOR_C":"Elysian Brasil Exploração e Produção de Petróleo e Gás Natural Ltda.","RODADA":"OPC4","AREA_TOTAL":32.09,"AMBIENTE":"T ","BLOCOS":null},"bbox":[-36.7503,-5.4167,-36.6875,-5.375]},{"type":"Feature","id":"BLOCOS_EXPLORATORIOS_SIRGAS.2182","geometry":{"type":"MultiPolygon","coordinates":[[[[-36.625,-5.4167],[-36.625,-5.3754],[-36.6253,-5.3754],[-36.6253,-5.375],[-36.6875,-5.375],[-36.6875,-5.4167],[-36.625,-5.4167]]]]},"geometry_name":"GEOMETRY","properties":{"COD_BLOCO":"POT-T-663","COD_FASE_C":"E","DAT_ASSINA":"15-07-2024","DAT_TERMIN":null,"NOM_BACIA":"Potiguar","NOM_BLOCO":"POT-T-663","NOM_FANTAS":"POT-T-663_OP4","NUM_CONTRA":"48610205989202470","NUM_DESCOB":0,"OPERADOR_C":"Elysian Brasil Exploração e Produção de Petróleo e Gás Natural Ltda.","RODADA":"OPC4","AREA_TOTAL":32,"AMBIENTE":"T ","BLOCOS":null},"bbox":[-36.6875,-5.4167,-36.625,-5.375]},{"type":"Feature","id":"BLOCOS_EXPLORATORIOS_SIRGAS.2181","geometry":{"type":"MultiPolygon","coordinates":[[[[-36.5628,-5.375],[-36.5628,-5.3754],[-36.5651,-5.3754],[-36.5677,-5.3754],[-36.5703,-5.3754],[-36.5729,-5.3754],[-36.5755,-5.3754],[-36.5781,-5.3754],[-36.5807,-5.3754],[-36.5833,-5.3754],[-36.5859,-5.3754],[-36.5885,-5.3754],[-36.5911,-5.3754],[-36.5937,-5.3754],[-36.5964,-5.3754],[-36.599,-5.3754],[-36.6016,-5.3754],[-36.6042,-5.3754],[-36.6068,-5.3754],[-36.6094,-5.3754],[-36.612,-5.3754],[-36.6146,-5.3754],[-36.6172,-5.3754],[-36.6198,-5.3754],[-36.6224,-5.3754],[-36.625,-5.3754],[-36.625,-5.4167],[-36.5625,-5.4167],[-36.5625,-5.375],[-36.5628,-5.375]]]]},"geometry_name":"GEOMETRY","properties":{"COD_BLOCO":"POT-T-664","COD_FASE_C":"E","DAT_ASSINA":"15-07-2024","DAT_TERMIN":null,"NOM_BACIA":"Potiguar","NOM_BLOCO":"POT-T-664","NOM_FANTAS":"POT-T-664_OP4","NUM_CONTRA":"48610205990202402","NUM_DESCOB":0,"OPERADOR_C":"Elysian Brasil Exploração e Produção de Petróleo e Gás Natural Ltda.","RODADA":"OPC4","AREA_TOTAL":32,"AMBIENTE":"T ","BLOCOS":null},"bbox":[-36.625,-5.4167,-36.5625,-5.375]},{"type":"Feature","id":"BLOCOS_EXPLORATORIOS_SIRGAS.2180","geometry":{"type":"MultiPolygon","coordinates":[[[[-36.5,-5.4167],[-36.5,-5.375],[-36.5625,-5.375],[-36.5625,-5.4167],[-36.5,-5.4167]]]]},"geometry_name":"GEOMETRY","properties":{"COD_BLOCO":"POT-T-665","COD_FASE_C":"E","DAT_ASSINA":"15-07-2024","DAT_TERMIN":null,"NOM_BACIA":"Potiguar","NOM_BLOCO":"POT-T-665","NOM_FANTAS":"POT-T-665_OP4","NUM_CONTRA":"48610205991202449","NUM_DESCOB":0,"OPERADOR_C":"Elysian Brasil Exploração e Produção de Petróleo e Gás Natural Ltda.","RODADA":"OPC4","AREA_TOTAL":32,"AMBIENTE":"T ","BLOCOS":null},"bbox":[-36.5625,-5.4167,-36.5,-5.375]},{"type":"Feature","id":"BLOCOS_EXPLORATORIOS_SIRGAS.2179","geometry":{"type":"MultiPolygon","coordinates":[[[[-37.7998,-5.4583],[-37.7998,-5.4583],[-37.7608,-5.4583],[-37.7608,-5.4561],[-37.7608,-5.4535],[-37.7608,-5.4509],[-37.7608,-5.4483],[-37.7608,-5.4457],[-37.7608,-5.4431],[-37.7608,-5.4405],[-37.7608,-5.4379],[-37.7578,-5.4379],[-37.7552,-5.4379],[-37.7526,-5.4379],[-37.75,-5.4379],[-37.75,-5.4167],[-37.7972,-5.4167],[-37.7972,-5.4197],[-37.7972,-5.4223],[-37.7972,-5.4249],[-37.7972,-5.4275],[-37.7998,-5.4275],[-37.8024,-5.4275],[-37.805,-5.4275],[-37.8076,-5.4275],[-37.8102,-5.4275],[-37.8128,-5.4275],[-37.8128,-5.4301],[-37.8128,-5.4327],[-37.8128,-5.4353],[-37.8128,-5.4379],[-37.8102,-5.4379],[-37.8076,-5.4379],[-37.805,-5.4379],[-37.8024,-5.4379],[-37.7998,-5.4379],[-37.7972,-5.4379],[-37.7946,-5.4379],[-37.7946,-5.4353],[-37.7946,-5.4327],[-37.792,-5.4327],[-37.7894,-5.4327],[-37.7868,-5.4327],[-37.7842,-5.4327],[-37.7816,-5.4327],[-37.779,-5.4327],[-37.779,-5.4353],[-37.779,-5.4379],[-37.7764,-5.4379],[-37.7738,-5.4379],[-37.7712,-5.4379],[-37.7686,-5.4379],[-37.7686,-5.4405],[-37.7686,-5.4431],[-37.7686,-5.4457],[-37.7686,-5.4483],[-37.7712,-5.4483],[-37.7738,-5.4483],[-37.7764,-5.4483],[-37.779,-5.4483],[-37.7816,-5.4483],[-37.7842,-5.4483],[-37.7842,-5.4509],[-37.7842,-5.4535],[-37.7842,-5.4561],[-37.7868,-5.4561],[-37.7894,-5.4561],[-37.792,-5.4561],[-37.7946,-5.4561],[-37.7972,-5.4561],[-37.7998,-5.4561],[-37.7998,-5.4583]]]]},"geometry_name":"GEOMETRY","properties":{"COD_BLOCO":"POT-T-691","COD_FASE_C":"E","DAT_ASSINA":"15-07-2024","DAT_TERMIN":null,"NOM_BACIA":"Potiguar","NOM_BLOCO":"POT-T-691","NOM_FANTAS":"POT-T-691_OP4","NUM_CONTRA":"48610205955202485","NUM_DESCOB":0,"OPERADOR_C":"Elysian Brasil Exploração e Produção de Petróleo e Gás Natural Ltda.","RODADA":"OPC4","AREA_TOTAL":18,"AMBIENTE":"T ","BLOCOS":null},"bbox":[-37.8128,-5.4583,-37.75,-5.4167]},{"type":"Feature","id":"BLOCOS_EXPLORATORIOS_SIRGAS.2178","geometry":{"type":"MultiPolygon","coordinates":[[[[-37.75,-5.4167],[-37.75,-5.4379],[-37.7477,-5.4379],[-37.7451,-5.4379],[-37.7425,-5.4379],[-37.7399,-5.4379],[-37.7373,-5.4379],[-37.7347,-5.4379],[-37.7321,-5.4379],[-37.7295,-5.4379],[-37.7269,-5.4379],[-37.7243,-5.4379],[-37.7217,-5.4379],[-37.7191,-5.4379],[-37.7165,-5.4379],[-37.7139,-5.4379],[-37.7113,-5.4379],[-37.7087,-5.4379],[-37.7087,-5.4353],[-37.7087,-5.4327],[-37.7087,-5.4301],[-37.7087,-5.4275],[-37.7057,-5.4275],[-37.7031,-5.4275],[-37.7005,-5.4275],[-37.6979,-5.4275],[-37.6953,-5.4275],[-37.6927,-5.4275],[-37.6901,-5.4275],[-37.6875,-5.4275],[-37.6875,-5.4167],[-37.75,-5.4167]]]]},"geometry_name":"GEOMETRY","properties":{"COD_BLOCO":"POT-T-692","COD_FASE_C":"E","DAT_ASSINA":"15-07-2024","DAT_TERMIN":null,"NOM_BACIA":"Potiguar","NOM_BLOCO":"POT-T-692","NOM_FANTAS":"POT-T-692_OP4","NUM_CONTRA":"48610205956202420","NUM_DESCOB":0,"OPERADOR_C":"Elysian Brasil Exploração e Produção de Petróleo e Gás Natural Ltda.","RODADA":"OPC4","AREA_TOTAL":14,"AMBIENTE":"T ","BLOCOS":null},"bbox":[-37.75,-5.4379,-37.6875,-5.4167]},{"type":"Feature","id":"BLOCOS_EXPLORATORIOS_SIRGAS.2177","geometry":{"type":"MultiPolygon","coordinates":[[[[-37.625,-5.4583],[-37.625,-5.4427],[-37.6253,-5.4427],[-37.6253,-5.4431],[-37.6279,-5.4431],[-37.6306,-5.4431],[-37.6332,-5.4431],[-37.6358,-5.4431],[-37.6384,-5.4431],[-37.641,-5.4431],[-37.6436,-5.4431],[-37.6462,-5.4431],[-37.6488,-5.4431],[-37.6514,-5.4431],[-37.654,-5.4431],[-37.6566,-5.4431],[-37.6592,-5.4431],[-37.6618,-5.4431],[-37.6618,-5.4401],[-37.6618,-5.4375],[-37.6618,-5.4349],[-37.6618,-5.4323],[-37.6618,-5.4297],[-37.6618,-5.4271],[-37.6618,-5.4245],[-37.6618,-5.4219],[-37.6618,-5.4193],[-37.6618,-5.4167],[-37.6875,-5.4167],[-37.6875,-5.4275],[-37.6878,-5.4275],[-37.6878,-5.4301],[-37.6878,-5.4327],[-37.6878,-5.4353],[-37.6878,-5.4379],[-37.6878,-5.4405],[-37.6878,-5.4431],[-37.6878,-5.4457],[-37.6878,-5.4483],[-37.6875,-5.4483],[-37.6875,-5.4583],[-37.625,-5.4583]]]]},"geometry_name":"GEOMETRY","properties":{"COD_BLOCO":"POT-T-693","COD_FASE_C":"E","DAT_ASSINA":"15-07-2024","DAT_TERMIN":null,"NOM_BACIA":"Potiguar","NOM_BLOCO":"POT-T-693","NOM_FANTAS":"POT-T-693_OP4","NUM_CONTRA":"48610205957202474","NUM_DESCOB":0,"OPERADOR_C":"Elysian Brasil Exploração e Produção de Petróleo e Gás Natural Ltda.","RODADA":"OPC4","AREA_TOTAL":20.08,"AMBIENTE":"T ","BLOCOS":null},"bbox":[-37.6878,-5.4583,-37.625,-5.4167]},{"type":"Feature","id":"BLOCOS_EXPLORATORIOS_SIRGAS.2176","geometry":{"type":"MultiPolygon","coordinates":[[[[-37.5625,-5.4457],[-37.5625,-5.4353],[-37.5654,-5.4353],[-37.5654,-5.4327],[-37.5654,-5.4301],[-37.5654,-5.4275],[-37.5654,-5.4249],[-37.5654,-5.4223],[-37.5628,-5.4223],[-37.5628,-5.4193],[-37.5628,-5.4167],[-37.625,-5.4167],[-37.625,-5.4171],[-37.6253,-5.4171],[-37.6253,-5.4193],[-37.6253,-5.4219],[-37.6253,-5.4245],[-37.6253,-5.4271],[-37.6253,-5.4297],[-37.6253,-5.4323],[-37.6253,-5.4349],[-37.6253,-5.4375],[-37.6253,-5.4401],[-37.6253,-5.4427],[-37.625,-5.4427],[-37.625,-5.4583],[-37.6045,-5.4583],[-37.6045,-5.4561],[-37.6045,-5.4535],[-37.6045,-5.4509],[-37.6045,-5.4483],[-37.6045,-5.4457],[-37.6016,-5.4457],[-37.599,-5.4457],[-37.5964,-5.4457],[-37.5937,-5.4457],[-37.5911,-5.4457],[-37.5885,-5.4457],[-37.5859,-5.4457],[-37.5833,-5.4457],[-37.5807,-5.4457],[-37.5781,-5.4457],[-37.5755,-5.4457],[-37.5729,-5.4457],[-37.5703,-5.4457],[-37.5677,-5.4457],[-37.5651,-5.4457],[-37.5625,-5.4457]]]]},"geometry_name":"GEOMETRY","properties":{"COD_BLOCO":"POT-T-694","COD_FASE_C":"E","DAT_ASSINA":"15-07-2024","DAT_TERMIN":null,"NOM_BACIA":"Potiguar","NOM_BLOCO":"POT-T-694","NOM_FANTAS":"POT-T-694_OP4","NUM_CONTRA":"48610205958202419","NUM_DESCOB":0,"OPERADOR_C":"Elysian Brasil Exploração e Produção de Petróleo e Gás Natural Ltda.","RODADA":"OPC4","AREA_TOTAL":25.03,"AMBIENTE":"T ","BLOCOS":null},"bbox":[-37.6253,-5.4583,-37.5625,-5.4167]},{"type":"Feature","id":"BLOCOS_EXPLORATORIOS_SIRGAS.2175","geometry":{"type":"MultiPolygon","coordinates":[[[[-37.1878,-5.4535],[-37.1878,-5.4535],[-37.1875,-5.4535],[-37.1875,-5.4583],[-37.125,-5.4583],[-37.125,-5.4167],[-37.1878,-5.4167],[-37.1878,-5.4197],[-37.1878,-5.4223],[-37.1878,-5.4249],[-37.1878,-5.4275],[-37.1878,-5.4301],[-37.1878,-5.4327],[-37.1878,-5.4353],[-37.1878,-5.4379],[-37.1878,-5.4405],[-37.1878,-5.4431],[-37.1878,-5.4457],[-37.1878,-5.4483],[-37.1878,-5.4509],[-37.1878,-5.4535]]]]},"geometry_name":"GEOMETRY","properties":{"COD_BLOCO":"POT-T-701","COD_FASE_C":"E","DAT_ASSINA":"15-07-2024","DAT_TERMIN":null,"NOM_BACIA":"Potiguar","NOM_BLOCO":"POT-T-701","NOM_FANTAS":"POT-T-701_OP4","NUM_CONTRA":"48610205959202463","NUM_DESCOB":0,"OPERADOR_C":"Elysian Brasil Exploração e Produção de Petróleo e Gás Natural Ltda.","RODADA":"OPC4","AREA_TOTAL":32.07,"AMBIENTE":"T ","BLOCOS":null},"bbox":[-37.1878,-5.4583,-37.125,-5.4167]},{"type":"Feature","id":"BLOCOS_EXPLORATORIOS_SIRGAS.2174","geometry":{"type":"MultiPolygon","coordinates":[[[[-37.029,-5.4223],[-37.029,-5.4223],[-37.0316,-5.4223],[-37.0316,-5.4249],[-37.0316,-5.4275],[-37.0316,-5.4301],[-37.0316,-5.4327],[-37.0316,-5.4353],[-37.0316,-5.4379],[-37.0342,-5.4379],[-37.0368,-5.4379],[-37.0394,-5.4379],[-37.0394,-5.4405],[-37.0394,-5.4431],[-37.0394,-5.4457],[-37.0394,-5.4483],[-37.042,-5.4483],[-37.0446,-5.4483],[-37.0472,-5.4483],[-37.0498,-5.4483],[-37.0524,-5.4483],[-37.055,-5.4483],[-37.0576,-5.4483],[-37.0602,-5.4483],[-37.0628,-5.4483],[-37.0628,-5.4505],[-37.0628,-5.4531],[-37.0628,-5.4557],[-37.0628,-5.4583],[-37,-5.4583],[-37,-5.4375],[-37.0003,-5.4375],[-37.0003,-5.4379],[-37.0029,-5.4379],[-37.0055,-5.4379],[-37.0082,-5.4379],[-37.0108,-5.4379],[-37.0134,-5.4379],[-37.016,-5.4379],[-37.0186,-5.4379],[-37.0212,-5.4379],[-37.0238,-5.4379],[-37.0264,-5.4379],[-37.029,-5.4379],[-37.029,-5.4353],[-37.029,-5.4327],[-37.029,-5.4301],[-37.029,-5.4275],[-37.029,-5.4249],[-37.029,-5.4223]]]]},"geometry_name":"GEOMETRY","properties":{"COD_BLOCO":"POT-T-703","COD_FASE_C":"E","DAT_ASSINA":"15-07-2024","DAT_TERMIN":null,"NOM_BACIA":"Potiguar","NOM_BLOCO":"POT-T-703","NOM_FANTAS":"POT-T-703_OP4","NUM_CONTRA":"48610205960202498","NUM_DESCOB":0,"OPERADOR_C":"Elysian Brasil Exploração e Produção de Petróleo e Gás Natural Ltda.","RODADA":"OPC4","AREA_TOTAL":13.25,"AMBIENTE":"T ","BLOCOS":null},"bbox":[-37.0628,-5.4583,-37,-5.4223]},{"type":"Feature","id":"BLOCOS_EXPLORATORIOS_SIRGAS.2173","geometry":{"type":"MultiPolygon","coordinates":[[[[-36.9375,-5.4483],[-36.9375,-5.4483],[-36.9378,-5.4483],[-36.9378,-5.4457],[-36.9378,-5.4431],[-36.9378,-5.4405],[-36.9378,-5.4379],[-36.9378,-5.4353],[-36.9378,-5.4327],[-36.9378,-5.4301],[-36.9378,-5.4275],[-36.9378,-5.4249],[-36.9378,-5.4223],[-36.9378,-5.4197],[-36.9378,-5.4171],[-36.9404,-5.4171],[-36.943,-5.4171],[-36.9456,-5.4171],[-36.9483,-5.4171],[-36.9509,-5.4171],[-36.9535,-5.4171],[-36.9561,-5.4171],[-36.9587,-5.4171],[-36.9613,-5.4171],[-36.9639,-5.4171],[-36.9665,-5.4171],[-36.9691,-5.4171],[-36.9717,-5.4171],[-36.9743,-5.4171],[-36.9769,-5.4171],[-36.9795,-5.4171],[-36.9795,-5.4197],[-36.9795,-5.4223],[-36.9795,-5.4249],[-36.9795,-5.4275],[-36.9821,-5.4275],[-36.9847,-5.4275],[-36.9873,-5.4275],[-36.9899,-5.4275],[-36.9925,-5.4275],[-36.9951,-5.4275],[-36.9977,-5.4275],[-37.0003,-5.4275],[-37.0003,-5.4297],[-37.0003,-5.4323],[-37.0003,-5.4349],[-37.0003,-5.4375],[-37,-5.4375],[-37,-5.4583],[-36.9375,-5.4583],[-36.9375,-5.4483]]]]},"geometry_name":"GEOMETRY","properties":{"COD_BLOCO":"POT-T-704","COD_FASE_C":"E","DAT_ASSINA":"15-07-2024","DAT_TERMIN":null,"NOM_BACIA":"Potiguar","NOM_BLOCO":"POT-T-704","NOM_FANTAS":"POT-T-704_OP4","NUM_CONTRA":"48610205992202493","NUM_DESCOB":1,"OPERADOR_C":"Elysian Brasil Exploração e Produção de Petróleo e Gás Natural Ltda.","RODADA":"OPC4","AREA_TOTAL":29,"AMBIENTE":"T ","BLOCOS":null},"bbox":[-37.0003,-5.4583,-36.9375,-5.4171]},{"type":"Feature","id":"BLOCOS_EXPLORATORIOS_SIRGAS.2172","geometry":{"type":"MultiPolygon","coordinates":[[[[-36.875,-5.4583],[-36.875,-5.4066],[-36.8779,-5.4066],[-36.8805,-5.4066],[-36.8831,-5.4066],[-36.8858,-5.4066],[-36.8858,-5.4092],[-36.8858,-5.4118],[-36.8858,-5.4145],[-36.8858,-5.4171],[-36.8884,-5.4171],[-36.891,-5.4171],[-36.891,-5.4197],[-36.891,-5.4223],[-36.891,-5.4249],[-36.891,-5.4275],[-36.891,-5.4301],[-36.891,-5.4327],[-36.891,-5.4353],[-36.891,-5.4379],[-36.891,-5.4405],[-36.891,-5.4431],[-36.891,-5.4457],[-36.891,-5.4483],[-36.8932,-5.4483],[-36.8958,-5.4483],[-36.8984,-5.4483],[-36.901,-5.4483],[-36.9036,-5.4483],[-36.9062,-5.4483],[-36.9089,-5.4483],[-36.9115,-5.4483],[-36.9141,-5.4483],[-36.9167,-5.4483],[-36.9193,-5.4483],[-36.9219,-5.4483],[-36.9245,-5.4483],[-36.9271,-5.4483],[-36.9297,-5.4483],[-36.9323,-5.4483],[-36.9349,-5.4483],[-36.9375,-5.4483],[-36.9375,-5.4583],[-36.875,-5.4583]]]]},"geometry_name":"GEOMETRY","properties":{"COD_BLOCO":"POT-T-705","COD_FASE_C":"E","DAT_ASSINA":"15-07-2024","DAT_TERMIN":null,"NOM_BACIA":"Potiguar","NOM_BLOCO":"POT-T-705","NOM_FANTAS":"POT-T-705_OP4","NUM_CONTRA":"48610205993202438","NUM_DESCOB":0,"OPERADOR_C":"Elysian Brasil Exploração e Produção de Petróleo e Gás Natural Ltda.","RODADA":"OPC4","AREA_TOTAL":15.16,"AMBIENTE":"T ","BLOCOS":null},"bbox":[-36.9375,-5.4583,-36.875,-5.4066]},{"type":"Feature","id":"BLOCOS_EXPLORATORIOS_SIRGAS.2171","geometry":{"type":"MultiPolygon","coordinates":[[[[-36.8128,-5.4171],[-36.8128,-5.4171],[-36.8128,-5.4145],[-36.8128,-5.4118],[-36.8128,-5.4092],[-36.8128,-5.4066],[-36.8128,-5.404],[-36.8128,-5.4014],[-36.8128,-5.3988],[-36.8128,-5.3962],[-36.8128,-5.3936],[-36.8128,-5.391],[-36.8128,-5.3884],[-36.8154,-5.3884],[-36.818,-5.3884],[-36.8206,-5.3884],[-36.8206,-5.391],[-36.8206,-5.3936],[-36.8206,-5.3962],[-36.8233,-5.3962],[-36.8259,-5.3962],[-36.8285,-5.3962],[-36.8311,-5.3962],[-36.8337,-5.3962],[-36.8363,-5.3962],[-36.8389,-5.3962],[-36.8415,-5.3962],[-36.8441,-5.3962],[-36.8467,-5.3962],[-36.8493,-5.3962],[-36.8519,-5.3962],[-36.8545,-5.3962],[-36.8571,-5.3962],[-36.8597,-5.3962],[-36.8623,-5.3962],[-36.8649,-5.3962],[-36.8649,-5.3988],[-36.8649,-5.4014],[-36.8649,-5.404],[-36.8649,-5.4066],[-36.8672,-5.4066],[-36.8698,-5.4066],[-36.8724,-5.4066],[-36.875,-5.4066],[-36.875,-5.4583],[-36.8125,-5.4583],[-36.8125,-5.4171],[-36.8128,-5.4171]]]]},"geometry_name":"GEOMETRY","properties":{"COD_BLOCO":"POT-T-706","COD_FASE_C":"E","DAT_ASSINA":"15-07-2024","DAT_TERMIN":null,"NOM_BACIA":"Potiguar","NOM_BLOCO":"POT-T-706","NOM_FANTAS":"POT-T-706_OP4","NUM_CONTRA":"48610205994202482","NUM_DESCOB":2,"OPERADOR_C":"Elysian Brasil Exploração e Produção de Petróleo e Gás Natural Ltda.","RODADA":"OPC4","AREA_TOTAL":47,"AMBIENTE":"T ","BLOCOS":null},"bbox":[-36.875,-5.4583,-36.8125,-5.3884]},{"type":"Feature","id":"BLOCOS_EXPLORATORIOS_SIRGAS.2170","geometry":{"type":"MultiPolygon","coordinates":[[[[-37.6462,-5.5],[-37.6462,-5.4978],[-37.6462,-5.4952],[-37.6462,-5.4926],[-37.6462,-5.49],[-37.6488,-5.49],[-37.6514,-5.49],[-37.654,-5.49],[-37.6566,-5.49],[-37.6592,-5.49],[-37.6618,-5.49],[-37.6644,-5.49],[-37.667,-5.49],[-37.6696,-5.49],[-37.6722,-5.49],[-37.6748,-5.49],[-37.6774,-5.49],[-37.6774,-5.4874],[-37.6774,-5.4848],[-37.6774,-5.4822],[-37.6774,-5.4796],[-37.6774,-5.477],[-37.6774,-5.4743],[-37.6774,-5.4717],[-37.6774,-5.4691],[-37.6745,-5.4691],[-37.6719,-5.4691],[-37.6693,-5.4691],[-37.6667,-5.4691],[-37.6641,-5.4691],[-37.6615,-5.4691],[-37.6589,-5.4691],[-37.6562,-5.4691],[-37.6536,-5.4691],[-37.651,-5.4691],[-37.6484,-5.4691],[-37.6458,-5.4691],[-37.6432,-5.4691],[-37.6406,-5.4691],[-37.638,-5.4691],[-37.6354,-5.4691],[-37.6328,-5.4691],[-37.6302,-5.4691],[-37.6276,-5.4691],[-37.625,-5.4691],[-37.625,-5.4583],[-37.6875,-5.4583],[-37.6875,-5.5],[-37.6462,-5.5]]]]},"geometry_name":"GEOMETRY","properties":{"COD_BLOCO":"POT-T-739","COD_FASE_C":"E","DAT_ASSINA":"15-07-2024","DAT_TERMIN":null,"NOM_BACIA":"Potiguar","NOM_BLOCO":"POT-T-739","NOM_FANTAS":"POT-T-739_OP4","NUM_CONTRA":"48610205961202432","NUM_DESCOB":0,"OPERADOR_C":"Elysian Brasil Exploração e Produção de Petróleo e Gás Natural Ltda.","RODADA":"OPC4","AREA_TOTAL":16,"AMBIENTE":"T ","BLOCOS":null},"bbox":[-37.6875,-5.5,-37.625,-5.4583]},{"type":"Feature","id":"BLOCOS_EXPLORATORIOS_SIRGAS.2169","geometry":{"type":"MultiPolygon","coordinates":[[[[-37.2425,-5.4613],[-37.2425,-5.4613],[-37.2425,-5.4587],[-37.2451,-5.4587],[-37.2451,-5.4561],[-37.2474,-5.4561],[-37.25,-5.4561],[-37.25,-5.4583],[-37.3125,-5.4583],[-37.3125,-5.5],[-37.2608,-5.5],[-37.2608,-5.4978],[-37.2608,-5.4952],[-37.2608,-5.4926],[-37.2608,-5.49],[-37.2608,-5.4874],[-37.2608,-5.4848],[-37.2608,-5.4822],[-37.2608,-5.4796],[-37.2608,-5.477],[-37.2608,-5.4743],[-37.2608,-5.4717],[-37.2608,-5.4691],[-37.2582,-5.4691],[-37.2555,-5.4691],[-37.2529,-5.4691],[-37.2503,-5.4691],[-37.2477,-5.4691],[-37.2451,-5.4691],[-37.2425,-5.4691],[-37.2399,-5.4691],[-37.2373,-5.4691],[-37.2347,-5.4691],[-37.2321,-5.4691],[-37.2321,-5.4665],[-37.2347,-5.4665],[-37.2347,-5.4639],[-37.2373,-5.4639],[-37.2373,-5.4613],[-37.2399,-5.4613],[-37.2425,-5.4613]]]]},"geometry_name":"GEOMETRY","properties":{"COD_BLOCO":"POT-T-745","COD_FASE_C":"E","DAT_ASSINA":"15-07-2024","DAT_TERMIN":null,"NOM_BACIA":"Potiguar","NOM_BLOCO":"POT-T-745","NOM_FANTAS":"POT-T-745_OP4","NUM_CONTRA":"48610205962202487","NUM_DESCOB":1,"OPERADOR_C":"Elysian Brasil Exploração e Produção de Petróleo e Gás Natural Ltda.","RODADA":"OPC4","AREA_TOTAL":30,"AMBIENTE":"T ","BLOCOS":null},"bbox":[-37.3125,-5.5,-37.2321,-5.4561]},{"type":"Feature","id":"BLOCOS_EXPLORATORIOS_SIRGAS.2168","geometry":{"type":"MultiPolygon","coordinates":[[[[-37.2035,-5.4639],[-37.2035,-5.4639],[-37.2061,-5.4639],[-37.2061,-5.4665],[-37.2087,-5.4665],[-37.2087,-5.4691],[-37.2113,-5.4691],[-37.2139,-5.4691],[-37.2165,-5.4691],[-37.2191,-5.4691],[-37.2191,-5.4714],[-37.2191,-5.474],[-37.2191,-5.4766],[-37.2191,-5.4792],[-37.2191,-5.4818],[-37.2191,-5.4844],[-37.2191,-5.487],[-37.2191,-5.4896],[-37.2191,-5.4922],[-37.2191,-5.4948],[-37.2191,-5.4974],[-37.2191,-5.5],[-37.1875,-5.5],[-37.1875,-5.4535],[-37.1904,-5.4535],[-37.193,-5.4535],[-37.193,-5.4561],[-37.1957,-5.4561],[-37.1957,-5.4587],[-37.1983,-5.4587],[-37.2009,-5.4587],[-37.2009,-5.4613],[-37.2035,-5.4613],[-37.2035,-5.4639]]]]},"geometry_name":"GEOMETRY","properties":{"COD_BLOCO":"POT-T-746","COD_FASE_C":"E","DAT_ASSINA":"15-07-2024","DAT_TERMIN":null,"NOM_BACIA":"Potiguar","NOM_BLOCO":"POT-T-746","NOM_FANTAS":"POT-T-746_OP4","NUM_CONTRA":"48610205963202421","NUM_DESCOB":0,"OPERADOR_C":"Elysian Brasil Exploração e Produção de Petróleo e Gás Natural Ltda.","RODADA":"OPC4","AREA_TOTAL":15,"AMBIENTE":"T ","BLOCOS":null},"bbox":[-37.2191,-5.5,-37.1875,-5.4535]},{"type":"Feature","id":"BLOCOS_EXPLORATORIOS_SIRGAS.2167","geometry":{"type":"MultiPolygon","coordinates":[[[[-37.0837,-5.4613],[-37.0837,-5.4613],[-37.0837,-5.4639],[-37.0837,-5.4665],[-37.0837,-5.4691],[-37.0837,-5.4717],[-37.0837,-5.4743],[-37.0837,-5.477],[-37.0837,-5.4796],[-37.0837,-5.4822],[-37.0837,-5.4848],[-37.0863,-5.4848],[-37.0889,-5.4848],[-37.0915,-5.4848],[-37.0941,-5.4848],[-37.0967,-5.4848],[-37.0967,-5.487],[-37.0967,-5.4896],[-37.0967,-5.4922],[-37.0967,-5.4948],[-37.0967,-5.4974],[-37.0967,-5.5],[-37.0625,-5.5],[-37.0625,-5.4583],[-37.0628,-5.4583],[-37.0628,-5.4587],[-37.0654,-5.4587],[-37.068,-5.4587],[-37.0707,-5.4587],[-37.0733,-5.4587],[-37.0759,-5.4587],[-37.0785,-5.4587],[-37.0811,-5.4587],[-37.0811,-5.4613],[-37.0837,-5.4613]]]]},"geometry_name":"GEOMETRY","properties":{"COD_BLOCO":"POT-T-748","COD_FASE_C":"E","DAT_ASSINA":"15-07-2024","DAT_TERMIN":null,"NOM_BACIA":"Potiguar","NOM_BLOCO":"POT-T-748","NOM_FANTAS":"POT-T-748_OP4","NUM_CONTRA":"48610205964202476","NUM_DESCOB":5,"OPERADOR_C":"Elysian Brasil Exploração e Produção de Petróleo e Gás Natural Ltda.","RODADA":"OPC4","AREA_TOTAL":13.06,"AMBIENTE":"T ","BLOCOS":null},"bbox":[-37.0967,-5.5,-37.0625,-5.4583]},{"type":"Feature","id":"BLOCOS_EXPLORATORIOS_SIRGAS.2166","geometry":{"type":"MultiPolygon","coordinates":[[[[-37,-5.5],[-37,-5.4583],[-37.0625,-5.4583],[-37.0625,-5.5],[-37,-5.5]]]]},"geometry_name":"GEOMETRY","properties":{"COD_BLOCO":"POT-T-749","COD_FASE_C":"E","DAT_ASSINA":"15-07-2024","DAT_TERMIN":null,"NOM_BACIA":"Potiguar","NOM_BLOCO":"POT-T-749","NOM_FANTAS":"POT-T-749_OP4","NUM_CONTRA":"48610205965202411","NUM_DESCOB":4,"OPERADOR_C":"Elysian Brasil Exploração e Produção de Petróleo e Gás Natural Ltda.","RODADA":"OPC4","AREA_TOTAL":32,"AMBIENTE":"T ","BLOCOS":null},"bbox":[-37.0625,-5.5,-37,-5.4583]},{"type":"Feature","id":"BLOCOS_EXPLORATORIOS_SIRGAS.2165","geometry":{"type":"MultiPolygon","coordinates":[[[[-36.9375,-5.5],[-36.9375,-5.4583],[-37,-5.4583],[-37,-5.5],[-36.9375,-5.5]]]]},"geometry_name":"GEOMETRY","properties":{"COD_BLOCO":"POT-T-750","COD_FASE_C":"E","DAT_ASSINA":"15-07-2024","DAT_TERMIN":null,"NOM_BACIA":"Potiguar","NOM_BLOCO":"POT-T-750","NOM_FANTAS":"POT-T-750_OP4","NUM_CONTRA":"48610205995202427","NUM_DESCOB":0,"OPERADOR_C":"Elysian Brasil Exploração e Produção de Petróleo e Gás Natural Ltda.","RODADA":"OPC4","AREA_TOTAL":32,"AMBIENTE":"T ","BLOCOS":null},"bbox":[-37,-5.5,-36.9375,-5.4583]},{"type":"Feature","id":"BLOCOS_EXPLORATORIOS_SIRGAS.2164","geometry":{"type":"MultiPolygon","coordinates":[[[[-36.875,-5.5],[-36.875,-5.4583],[-36.9375,-5.4583],[-36.9375,-5.5],[-36.875,-5.5]]]]},"geometry_name":"GEOMETRY","properties":{"COD_BLOCO":"POT-T-751","COD_FASE_C":"E","DAT_ASSINA":"15-07-2024","DAT_TERMIN":null,"NOM_BACIA":"Potiguar","NOM_BLOCO":"POT-T-751","NOM_FANTAS":"POT-T-751_OP4","NUM_CONTRA":"48610205996202471","NUM_DESCOB":0,"OPERADOR_C":"Elysian Brasil Exploração e Produção de Petróleo e Gás Natural Ltda.","RODADA":"OPC4","AREA_TOTAL":32,"AMBIENTE":"T ","BLOCOS":null},"bbox":[-36.9375,-5.5,-36.875,-5.4583]},{"type":"Feature","id":"BLOCOS_EXPLORATORIOS_SIRGAS.2163","geometry":{"type":"MultiPolygon","coordinates":[[[[-37.8125,-5.5417],[-37.8125,-5.5],[-37.875,-5.5],[-37.875,-5.5417],[-37.8125,-5.5417]]]]},"geometry_name":"GEOMETRY","properties":{"COD_BLOCO":"POT-T-783","COD_FASE_C":"E","DAT_ASSINA":"15-07-2024","DAT_TERMIN":null,"NOM_BACIA":"Potiguar","NOM_BLOCO":"POT-T-783","NOM_FANTAS":"POT-T-783_OP4","NUM_CONTRA":"48610205966202465","NUM_DESCOB":0,"OPERADOR_C":"Elysian Brasil Exploração e Produção de Petróleo e Gás Natural Ltda.","RODADA":"OPC4","AREA_TOTAL":32,"AMBIENTE":"T ","BLOCOS":null},"bbox":[-37.875,-5.5417,-37.8125,-5.5]},{"type":"Feature","id":"BLOCOS_EXPLORATORIOS_SIRGAS.2147","geometry":{"type":"MultiPolygon","coordinates":[[[[-36.1878,-9.875],[-36.1878,-9.8724],[-36.1878,-9.8698],[-36.1878,-9.8672],[-36.1878,-9.8646],[-36.1878,-9.862],[-36.1878,-9.8594],[-36.1878,-9.8568],[-36.1878,-9.8542],[-36.1878,-9.8516],[-36.1878,-9.849],[-36.1878,-9.8464],[-36.1878,-9.8437],[-36.1878,-9.8411],[-36.1878,-9.8385],[-36.1878,-9.8359],[-36.1878,-9.8333],[-36.25,-9.8333],[-36.25,-9.875],[-36.1878,-9.875]]]]},"geometry_name":"GEOMETRY","properties":{"COD_BLOCO":"SEAL-T-176","COD_FASE_C":"E","DAT_ASSINA":"15-07-2024","DAT_TERMIN":null,"NOM_BACIA":"Alagoas","NOM_BLOCO":"SEAL-T-176","NOM_FANTAS":"SEAL-T-176_OP4","NUM_CONTRA":"48610206005202478","NUM_DESCOB":0,"OPERADOR_C":"Elysian Brasil Exploração e Produção de Petróleo e Gás Natural Ltda.","RODADA":"OPC4","AREA_TOTAL":31.43,"AMBIENTE":"T ","BLOCOS":null},"bbox":[-36.25,-9.875,-36.1878,-9.8333]},{"type":"Feature","id":"BLOCOS_EXPLORATORIOS_SIRGAS.2146","geometry":{"type":"MultiPolygon","coordinates":[[[[-36.25,-10.0833],[-36.25,-10.0833],[-36.2161,-10.0833],[-36.2161,-10.0942],[-36.2135,-10.0942],[-36.2109,-10.0942],[-36.2083,-10.0942],[-36.2057,-10.0942],[-36.2031,-10.0942],[-36.2005,-10.0942],[-36.1979,-10.0942],[-36.1953,-10.0942],[-36.1927,-10.0942],[-36.1901,-10.0942],[-36.1875,-10.0942],[-36.1875,-10.0417],[-36.25,-10.0417],[-36.25,-10.0833]]]]},"geometry_name":"GEOMETRY","properties":{"COD_BLOCO":"SEAL-T-228","COD_FASE_C":"E","DAT_ASSINA":"15-07-2024","DAT_TERMIN":null,"NOM_BACIA":"Alagoas","NOM_BLOCO":"SEAL-T-228","NOM_FANTAS":"SEAL-T-228_OP4","NUM_CONTRA":"48610206006202412","NUM_DESCOB":0,"OPERADOR_C":"Elysian Brasil Exploração e Produção de Petróleo e Gás Natural Ltda.","RODADA":"OPC4","AREA_TOTAL":35.34,"AMBIENTE":"T ","BLOCOS":null},"bbox":[-36.25,-10.0942,-36.1875,-10.0417]},{"type":"Feature","id":"BLOCOS_EXPLORATORIOS_SIRGAS.2145","geometry":{"type":"MultiPolygon","coordinates":[[[[-36.25,-10.1667],[-36.25,-10.1667],[-36.3125,-10.1667],[-36.3125,-10.2083],[-36.25,-10.2083],[-36.25,-10.1667]]]]},"geometry_name":"GEOMETRY","properties":{"COD_BLOCO":"SEAL-T-262","COD_FASE_C":"E","DAT_ASSINA":"15-07-2024","DAT_TERMIN":null,"NOM_BACIA":"Alagoas","NOM_BLOCO":"SEAL-T-262","NOM_FANTAS":"SEAL-T-262_OP4","NUM_CONTRA":"48610206007202467","NUM_DESCOB":0,"OPERADOR_C":"Elysian Brasil Exploração e Produção de Petróleo e Gás Natural Ltda.","RODADA":"OPC4","AREA_TOTAL":32,"AMBIENTE":"T ","BLOCOS":null},"bbox":[-36.3125,-10.2083,-36.25,-10.1667]},{"type":"Feature","id":"BLOCOS_EXPLORATORIOS_SIRGAS.2144","geometry":{"type":"MultiPolygon","coordinates":[[[[-36.1983,-10.1827],[-36.1983,-10.1827],[-36.1956,-10.1827],[-36.1956,-10.1801],[-36.1956,-10.1775],[-36.1927,-10.1775],[-36.1901,-10.1775],[-36.1875,-10.1775],[-36.1875,-10.1667],[-36.25,-10.1667],[-36.25,-10.2083],[-36.2083,-10.2083],[-36.2083,-10.2057],[-36.2031,-10.2057],[-36.2031,-10.1957],[-36.2035,-10.1957],[-36.2035,-10.1931],[-36.2009,-10.1931],[-36.2009,-10.1905],[-36.2009,-10.1879],[-36.1983,-10.1879],[-36.1983,-10.1853],[-36.1983,-10.1827]]]]},"geometry_name":"GEOMETRY","properties":{"COD_BLOCO":"SEAL-T-263","COD_FASE_C":"E","DAT_ASSINA":"15-07-2024","DAT_TERMIN":null,"NOM_BACIA":"Alagoas","NOM_BLOCO":"SEAL-T-263","NOM_FANTAS":"SEAL-T-263_OP4","NUM_CONTRA":"48610206008202410","NUM_DESCOB":0,"OPERADOR_C":"Elysian Brasil Exploração e Produção de Petróleo e Gás Natural Ltda.","RODADA":"OPC4","AREA_TOTAL":26.47,"AMBIENTE":"T ","BLOCOS":null},"bbox":[-36.25,-10.2083,-36.1875,-10.1667]},{"type":"Feature","id":"BLOCOS_EXPLORATORIOS_SIRGAS.2143","geometry":{"type":"MultiPolygon","coordinates":[[[[-36.276,-10.2474],[-36.276,-10.2474],[-36.2708,-10.2474],[-36.2708,-10.25],[-36.25,-10.25],[-36.25,-10.2083],[-36.3125,-10.2083],[-36.3125,-10.2292],[-36.2969,-10.2292],[-36.2969,-10.2344],[-36.2917,-10.2344],[-36.2917,-10.237],[-36.2839,-10.237],[-36.2839,-10.2422],[-36.276,-10.2422],[-36.276,-10.2474]]]]},"geometry_name":"GEOMETRY","properties":{"COD_BLOCO":"SEAL-T-271","COD_FASE_C":"E","DAT_ASSINA":"15-07-2024","DAT_TERMIN":null,"NOM_BACIA":"Alagoas","NOM_BLOCO":"SEAL-T-271","NOM_FANTAS":"SEAL-T-271_OP4","NUM_CONTRA":"48610206009202456","NUM_DESCOB":0,"OPERADOR_C":"Elysian Brasil Exploração e Produção de Petróleo e Gás Natural Ltda.","RODADA":"OPC4","AREA_TOTAL":24.49,"AMBIENTE":"T ","BLOCOS":null},"bbox":[-36.3125,-10.25,-36.25,-10.2083]},{"type":"Feature","id":"BLOCOS_EXPLORATORIOS_SIRGAS.2142","geometry":{"type":"MultiPolygon","coordinates":[[[[-35.3125,-9.0833],[-35.3125,-9.0417],[-35.375,-9.0417],[-35.375,-9.0833],[-35.3125,-9.0833]]]]},"geometry_name":"GEOMETRY","properties":{"COD_BLOCO":"SEAL-T-31","COD_FASE_C":"E","DAT_ASSINA":"15-07-2024","DAT_TERMIN":null,"NOM_BACIA":"Alagoas","NOM_BLOCO":"SEAL-T-31","NOM_FANTAS":"SEAL-T-31_OP4","NUM_CONTRA":"48610205997202416","NUM_DESCOB":0,"OPERADOR_C":"Elysian Brasil Exploração e Produção de Petróleo e Gás Natural Ltda.","RODADA":"OPC4","AREA_TOTAL":32,"AMBIENTE":"T ","BLOCOS":null},"bbox":[-35.375,-9.0833,-35.3125,-9.0417]},{"type":"Feature","id":"BLOCOS_EXPLORATORIOS_SIRGAS.2141","geometry":{"type":"MultiPolygon","coordinates":[[[[-35.263,-9.1016],[-35.263,-9.0964],[-35.2604,-9.0964],[-35.2604,-9.0859],[-35.2578,-9.0859],[-35.2578,-9.0833],[-35.3125,-9.0833],[-35.3125,-9.125],[-35.2839,-9.125],[-35.2839,-9.1224],[-35.276,-9.1224],[-35.276,-9.1198],[-35.2734,-9.1198],[-35.2734,-9.1146],[-35.2708,-9.1146],[-35.2708,-9.1094],[-35.2682,-9.1094],[-35.2682,-9.1068],[-35.2656,-9.1068],[-35.2656,-9.1016],[-35.263,-9.1016]]]]},"geometry_name":"GEOMETRY","properties":{"COD_BLOCO":"SEAL-T-39","COD_FASE_C":"E","DAT_ASSINA":"15-07-2024","DAT_TERMIN":null,"NOM_BACIA":"Alagoas","NOM_BLOCO":"SEAL-T-39","NOM_FANTAS":"SEAL-T-39_OP4","NUM_CONTRA":"48610205998202461","NUM_DESCOB":0,"OPERADOR_C":"Elysian Brasil Exploração e Produção de Petróleo e Gás Natural Ltda.","RODADA":"OPC4","AREA_TOTAL":23,"AMBIENTE":"T ","BLOCOS":null},"bbox":[-35.3125,-9.125,-35.2578,-9.0833]},{"type":"Feature","id":"BLOCOS_EXPLORATORIOS_SIRGAS.2140","geometry":{"type":"MultiPolygon","coordinates":[[[[-35.5003,-9.2917],[-35.5003,-9.2921],[-35.5026,-9.2921],[-35.5052,-9.2921],[-35.5078,-9.2921],[-35.5104,-9.2921],[-35.513,-9.2921],[-35.5156,-9.2921],[-35.5182,-9.2921],[-35.5208,-9.2921],[-35.5234,-9.2921],[-35.526,-9.2921],[-35.5286,-9.2921],[-35.5312,-9.2921],[-35.5339,-9.2921],[-35.5365,-9.2921],[-35.5391,-9.2921],[-35.5417,-9.2921],[-35.5443,-9.2921],[-35.5469,-9.2921],[-35.5495,-9.2921],[-35.5521,-9.2921],[-35.5547,-9.2921],[-35.5573,-9.2921],[-35.5599,-9.2921],[-35.5625,-9.2921],[-35.5625,-9.3333],[-35.5,-9.3333],[-35.5,-9.2917],[-35.5003,-9.2917]]]]},"geometry_name":"GEOMETRY","properties":{"COD_BLOCO":"SEAL-T-67","COD_FASE_C":"E","DAT_ASSINA":"15-07-2024","DAT_TERMIN":null,"NOM_BACIA":"Alagoas","NOM_BLOCO":"SEAL-T-67","NOM_FANTAS":"SEAL-T-67_OP4","NUM_CONTRA":"48610205999202413","NUM_DESCOB":0,"OPERADOR_C":"Elysian Brasil Exploração e Produção de Petróleo e Gás Natural Ltda.","RODADA":"OPC4","AREA_TOTAL":31.32,"AMBIENTE":"T ","BLOCOS":null},"bbox":[-35.5625,-9.3333,-35.5,-9.2917]},{"type":"Feature","id":"BLOCOS_EXPLORATORIOS_SIRGAS.2139","geometry":{"type":"MultiPolygon","coordinates":[[[[-35.5625,-9.3333],[-35.5625,-9.3333],[-35.625,-9.3333],[-35.625,-9.375],[-35.5625,-9.375],[-35.5625,-9.3333]]]]},"geometry_name":"GEOMETRY","properties":{"COD_BLOCO":"SEAL-T-71","COD_FASE_C":"E","DAT_ASSINA":"15-07-2024","DAT_TERMIN":null,"NOM_BACIA":"Alagoas","NOM_BLOCO":"SEAL-T-71","NOM_FANTAS":"SEAL-T-71_OP4","NUM_CONTRA":"48610206000202445","NUM_DESCOB":0,"OPERADOR_C":"Elysian Brasil Exploração e Produção de Petróleo e Gás Natural Ltda.","RODADA":"OPC4","AREA_TOTAL":32,"AMBIENTE":"T ","BLOCOS":null},"bbox":[-35.625,-9.375,-35.5625,-9.3333]},{"type":"Feature","id":"BLOCOS_EXPLORATORIOS_SIRGAS.2138","geometry":{"type":"MultiPolygon","coordinates":[[[[-35.5078,-9.3568],[-35.5078,-9.3594],[-35.5052,-9.3594],[-35.5052,-9.3646],[-35.5,-9.3646],[-35.5,-9.3333],[-35.5625,-9.3333],[-35.5625,-9.375],[-35.5182,-9.375],[-35.5182,-9.362],[-35.5208,-9.362],[-35.5208,-9.3594],[-35.5234,-9.3594],[-35.5234,-9.3568],[-35.526,-9.3568],[-35.526,-9.3542],[-35.5286,-9.3542],[-35.5286,-9.3464],[-35.526,-9.3464],[-35.526,-9.349],[-35.5208,-9.349],[-35.5208,-9.3516],[-35.5156,-9.3516],[-35.5156,-9.3542],[-35.513,-9.3542],[-35.513,-9.3568],[-35.5078,-9.3568]]]]},"geometry_name":"GEOMETRY","properties":{"COD_BLOCO":"SEAL-T-72","COD_FASE_C":"E","DAT_ASSINA":"15-07-2024","DAT_TERMIN":null,"NOM_BACIA":"Alagoas","NOM_BLOCO":"SEAL-T-72","NOM_FANTAS":"SEAL-T-72_OP4","NUM_CONTRA":"48610206001202490","NUM_DESCOB":0,"OPERADOR_C":"Elysian Brasil Exploração e Produção de Petróleo e Gás Natural Ltda.","RODADA":"OPC4","AREA_TOTAL":27,"AMBIENTE":"T ","BLOCOS":null},"bbox":[-35.5625,-9.375,-35.5,-9.3333]},{"type":"Feature","id":"BLOCOS_EXPLORATORIOS_SIRGAS.2137","geometry":{"type":"MultiPolygon","coordinates":[[[[-35.5941,-9.4167],[-35.5941,-9.4145],[-35.5941,-9.4119],[-35.5941,-9.4093],[-35.5941,-9.4067],[-35.5941,-9.4041],[-35.5941,-9.4015],[-35.5941,-9.3989],[-35.5941,-9.3963],[-35.5941,-9.3937],[-35.5941,-9.391],[-35.5941,-9.3884],[-35.5941,-9.3858],[-35.5915,-9.3858],[-35.5889,-9.3858],[-35.5863,-9.3858],[-35.5837,-9.3858],[-35.5811,-9.3858],[-35.5785,-9.3858],[-35.5758,-9.3858],[-35.5732,-9.3858],[-35.5706,-9.3858],[-35.568,-9.3858],[-35.568,-9.388],[-35.568,-9.3906],[-35.568,-9.3932],[-35.568,-9.3958],[-35.568,-9.3984],[-35.568,-9.401],[-35.568,-9.4036],[-35.568,-9.4062],[-35.568,-9.4089],[-35.568,-9.4115],[-35.568,-9.4141],[-35.568,-9.4167],[-35.5625,-9.4167],[-35.5625,-9.375],[-35.625,-9.375],[-35.625,-9.4167],[-35.5941,-9.4167]]]]},"geometry_name":"GEOMETRY","properties":{"COD_BLOCO":"SEAL-T-77","COD_FASE_C":"E","DAT_ASSINA":"15-07-2024","DAT_TERMIN":null,"NOM_BACIA":"Alagoas","NOM_BLOCO":"SEAL-T-77","NOM_FANTAS":"SEAL-T-77_OP4","NUM_CONTRA":"48610206002202434","NUM_DESCOB":0,"OPERADOR_C":"Elysian Brasil Exploração e Produção de Petróleo e Gás Natural Ltda.","RODADA":"OPC4","AREA_TOTAL":22,"AMBIENTE":"T ","BLOCOS":null},"bbox":[-35.625,-9.4167,-35.5625,-9.375]},{"type":"Feature","id":"BLOCOS_EXPLORATORIOS_SIRGAS.2162","geometry":{"type":"MultiPolygon","coordinates":[[[[-37.6875,-5.5],[-37.6875,-5.5316],[-37.6852,-5.5316],[-37.6826,-5.5316],[-37.68,-5.5316],[-37.6774,-5.5316],[-37.6774,-5.529],[-37.6774,-5.5264],[-37.6774,-5.5238],[-37.6774,-5.5212],[-37.6748,-5.5212],[-37.6722,-5.5212],[-37.6696,-5.5212],[-37.667,-5.5212],[-37.6644,-5.5212],[-37.6618,-5.5212],[-37.6592,-5.5212],[-37.6566,-5.5212],[-37.654,-5.5212],[-37.6514,-5.5212],[-37.6488,-5.5212],[-37.6462,-5.5212],[-37.6462,-5.5182],[-37.6462,-5.5156],[-37.6462,-5.513],[-37.6462,-5.5104],[-37.6462,-5.5078],[-37.6462,-5.5052],[-37.6462,-5.5026],[-37.6462,-5.5],[-37.6875,-5.5]]]]},"geometry_name":"GEOMETRY","properties":{"COD_BLOCO":"POT-T-786","COD_FASE_C":"E","DAT_ASSINA":"15-07-2024","DAT_TERMIN":null,"NOM_BACIA":"Potiguar","NOM_BLOCO":"POT-T-786","NOM_FANTAS":"POT-T-786_OP4","NUM_CONTRA":"48610205967202418","NUM_DESCOB":0,"OPERADOR_C":"Elysian Brasil Exploração e Produção de Petróleo e Gás Natural Ltda.","RODADA":"OPC4","AREA_TOTAL":12.03,"AMBIENTE":"T ","BLOCOS":null},"bbox":[-37.6875,-5.5316,-37.6462,-5.5]},{"type":"Feature","id":"BLOCOS_EXPLORATORIOS_SIRGAS.2161","geometry":{"type":"MultiPolygon","coordinates":[[[[-37.43,-5.5186],[-37.43,-5.5186],[-37.43,-5.516],[-37.43,-5.5134],[-37.43,-5.5108],[-37.43,-5.5082],[-37.4326,-5.5082],[-37.4326,-5.5056],[-37.4352,-5.5056],[-37.4352,-5.5026],[-37.4375,-5.5026],[-37.4375,-5.5417],[-37.375,-5.5417],[-37.375,-5.5026],[-37.3858,-5.5026],[-37.3858,-5.5056],[-37.3858,-5.5082],[-37.3858,-5.5108],[-37.3884,-5.5108],[-37.3884,-5.5134],[-37.391,-5.5134],[-37.391,-5.516],[-37.3936,-5.516],[-37.3962,-5.516],[-37.3988,-5.516],[-37.3988,-5.5186],[-37.4014,-5.5186],[-37.4014,-5.5212],[-37.404,-5.5212],[-37.4066,-5.5212],[-37.4092,-5.5212],[-37.4118,-5.5212],[-37.4118,-5.5238],[-37.4144,-5.5238],[-37.417,-5.5238],[-37.4196,-5.5238],[-37.4222,-5.5238],[-37.4248,-5.5238],[-37.4248,-5.5212],[-37.4274,-5.5212],[-37.4274,-5.5186],[-37.43,-5.5186]]]]},"geometry_name":"GEOMETRY","properties":{"COD_BLOCO":"POT-T-790","COD_FASE_C":"E","DAT_ASSINA":"15-07-2024","DAT_TERMIN":null,"NOM_BACIA":"Potiguar","NOM_BLOCO":"POT-T-790","NOM_FANTAS":"POT-T-790_OP4","NUM_CONTRA":"48610205968202454","NUM_DESCOB":2,"OPERADOR_C":"Elysian Brasil Exploração e Produção de Petróleo e Gás Natural Ltda.","RODADA":"OPC4","AREA_TOTAL":20.37,"AMBIENTE":"T ","BLOCOS":null},"bbox":[-37.4375,-5.5417,-37.375,-5.5026]},{"type":"Feature","id":"BLOCOS_EXPLORATORIOS_SIRGAS.2160","geometry":{"type":"MultiPolygon","coordinates":[[[[-37.2582,-5.5212],[-37.2582,-5.5212],[-37.2582,-5.5234],[-37.2582,-5.526],[-37.2582,-5.5286],[-37.2582,-5.5312],[-37.2582,-5.5339],[-37.2582,-5.5365],[-37.2582,-5.5391],[-37.2582,-5.5417],[-37.25,-5.5417],[-37.25,-5.5108],[-37.2529,-5.5108],[-37.2555,-5.5108],[-37.2582,-5.5108],[-37.2608,-5.5108],[-37.2608,-5.5078],[-37.2608,-5.5052],[-37.2608,-5.5026],[-37.2608,-5.5],[-37.3125,-5.5],[-37.3125,-5.5316],[-37.3102,-5.5316],[-37.3102,-5.5342],[-37.3102,-5.5369],[-37.3102,-5.5395],[-37.3102,-5.5421],[-37.3076,-5.5421],[-37.305,-5.5421],[-37.3024,-5.5421],[-37.2998,-5.5421],[-37.2998,-5.5395],[-37.2998,-5.5369],[-37.2998,-5.5342],[-37.2998,-5.5316],[-37.2998,-5.529],[-37.2998,-5.5264],[-37.2998,-5.5238],[-37.2998,-5.5212],[-37.2972,-5.5212],[-37.2946,-5.5212],[-37.292,-5.5212],[-37.2894,-5.5212],[-37.2868,-5.5212],[-37.2842,-5.5212],[-37.2816,-5.5212],[-37.279,-5.5212],[-37.2764,-5.5212],[-37.2738,-5.5212],[-37.2712,-5.5212],[-37.2686,-5.5212],[-37.266,-5.5212],[-37.2634,-5.5212],[-37.2608,-5.5212],[-37.2582,-5.5212]]]]},"geometry_name":"GEOMETRY","properties":{"COD_BLOCO":"POT-T-792","COD_FASE_C":"E","DAT_ASSINA":"15-07-2024","DAT_TERMIN":null,"NOM_BACIA":"Potiguar","NOM_BLOCO":"POT-T-792","NOM_FANTAS":"POT-T-792_OP4","NUM_CONTRA":"48610205969202407","NUM_DESCOB":1,"OPERADOR_C":"Elysian Brasil Exploração e Produção de Petróleo e Gás Natural Ltda.","RODADA":"OPC4","AREA_TOTAL":20,"AMBIENTE":"T ","BLOCOS":null},"bbox":[-37.3125,-5.5421,-37.25,-5.5]},{"type":"Feature","id":"BLOCOS_EXPLORATORIOS_SIRGAS.2159","geometry":{"type":"MultiPolygon","coordinates":[[[[-37.1332,-5.5056],[-37.1332,-5.5056],[-37.1332,-5.5082],[-37.1358,-5.5082],[-37.1384,-5.5082],[-37.1384,-5.5108],[-37.1384,-5.5134],[-37.1384,-5.516],[-37.141,-5.516],[-37.1436,-5.516],[-37.1462,-5.516],[-37.1462,-5.5186],[-37.1462,-5.5212],[-37.1462,-5.5238],[-37.1488,-5.5238],[-37.1514,-5.5238],[-37.1514,-5.5264],[-37.1514,-5.529],[-37.1514,-5.5316],[-37.1514,-5.5342],[-37.154,-5.5342],[-37.1566,-5.5342],[-37.1592,-5.5342],[-37.1618,-5.5342],[-37.1644,-5.5342],[-37.167,-5.5342],[-37.1696,-5.5342],[-37.1722,-5.5342],[-37.1748,-5.5342],[-37.1774,-5.5342],[-37.1774,-5.5316],[-37.1774,-5.529],[-37.1774,-5.5264],[-37.1797,-5.5264],[-37.1823,-5.5264],[-37.1849,-5.5264],[-37.1875,-5.5264],[-37.1875,-5.5417],[-37.125,-5.5417],[-37.125,-5.5056],[-37.1279,-5.5056],[-37.1305,-5.5056],[-37.1332,-5.5056]]]]},"geometry_name":"GEOMETRY","properties":{"COD_BLOCO":"POT-T-794A","COD_FASE_C":"E","DAT_ASSINA":"15-07-2024","DAT_TERMIN":null,"NOM_BACIA":"Potiguar","NOM_BLOCO":"POT-T-794A","NOM_FANTAS":"POT-T-794A_OP4","NUM_CONTRA":"48610205970202423","NUM_DESCOB":0,"OPERADOR_C":"Elysian Brasil Exploração e Produção de Petróleo e Gás Natural Ltda.","RODADA":"OPC4","AREA_TOTAL":14,"AMBIENTE":"T ","BLOCOS":null},"bbox":[-37.1875,-5.5417,-37.125,-5.5056]},{"type":"Feature","id":"BLOCOS_EXPLORATORIOS_SIRGAS.2158","geometry":{"type":"MultiPolygon","coordinates":[[[[-37.1253,-5.5004],[-37.1253,-5.5004],[-37.1253,-5.503],[-37.1253,-5.5056],[-37.125,-5.5056],[-37.125,-5.5417],[-37.0625,-5.5417],[-37.0625,-5.5],[-37.0967,-5.5],[-37.0967,-5.5004],[-37.0993,-5.5004],[-37.1019,-5.5004],[-37.1045,-5.5004],[-37.1071,-5.5004],[-37.1097,-5.5004],[-37.1123,-5.5004],[-37.1149,-5.5004],[-37.1175,-5.5004],[-37.1201,-5.5004],[-37.1227,-5.5004],[-37.1253,-5.5004]]]]},"geometry_name":"GEOMETRY","properties":{"COD_BLOCO":"POT-T-795","COD_FASE_C":"E","DAT_ASSINA":"15-07-2024","DAT_TERMIN":null,"NOM_BACIA":"Potiguar","NOM_BLOCO":"POT-T-795","NOM_FANTAS":"POT-T-795_OP4","NUM_CONTRA":"48610205971202478","NUM_DESCOB":0,"OPERADOR_C":"Elysian Brasil Exploração e Produção de Petróleo e Gás Natural Ltda.","RODADA":"OPC4","AREA_TOTAL":32,"AMBIENTE":"T ","BLOCOS":null},"bbox":[-37.1253,-5.5417,-37.0625,-5.5]},{"type":"Feature","id":"BLOCOS_EXPLORATORIOS_SIRGAS.2157","geometry":{"type":"MultiPolygon","coordinates":[[[[-37.75,-5.5833],[-37.75,-5.5417],[-37.8125,-5.5417],[-37.8125,-5.5833],[-37.75,-5.5833]]]]},"geometry_name":"GEOMETRY","properties":{"COD_BLOCO":"POT-T-831","COD_FASE_C":"E","DAT_ASSINA":"15-07-2024","DAT_TERMIN":null,"NOM_BACIA":"Potiguar","NOM_BLOCO":"POT-T-831","NOM_FANTAS":"POT-T-831_OP4","NUM_CONTRA":"48610205972202412","NUM_DESCOB":0,"OPERADOR_C":"Elysian Brasil Exploração e Produção de Petróleo e Gás Natural Ltda.","RODADA":"OPC4","AREA_TOTAL":32,"AMBIENTE":"T ","BLOCOS":null},"bbox":[-37.8125,-5.5833,-37.75,-5.5417]},{"type":"Feature","id":"BLOCOS_EXPLORATORIOS_SIRGAS.2156","geometry":{"type":"MultiPolygon","coordinates":[[[[-37.542,-5.6046],[-37.542,-5.6046],[-37.542,-5.602],[-37.542,-5.5994],[-37.542,-5.5967],[-37.542,-5.5941],[-37.5391,-5.5941],[-37.5365,-5.5941],[-37.5339,-5.5941],[-37.5312,-5.5941],[-37.5286,-5.5941],[-37.526,-5.5941],[-37.5234,-5.5941],[-37.5208,-5.5941],[-37.5182,-5.5941],[-37.5156,-5.5941],[-37.513,-5.5941],[-37.5104,-5.5941],[-37.5078,-5.5941],[-37.5052,-5.5941],[-37.5026,-5.5941],[-37.5,-5.5941],[-37.5,-5.5417],[-37.555,-5.5417],[-37.555,-5.5447],[-37.5573,-5.5447],[-37.5599,-5.5447],[-37.5625,-5.5447],[-37.5625,-5.6046],[-37.5602,-5.6046],[-37.5576,-5.6046],[-37.555,-5.6046],[-37.5524,-5.6046],[-37.5498,-5.6046],[-37.5472,-5.6046],[-37.5446,-5.6046],[-37.542,-5.6046]]]]},"geometry_name":"GEOMETRY","properties":{"COD_BLOCO":"POT-T-835","COD_FASE_C":"E","DAT_ASSINA":"15-07-2024","DAT_TERMIN":null,"NOM_BACIA":"Potiguar","NOM_BLOCO":"POT-T-835","NOM_FANTAS":"POT-T-835_OP4","NUM_CONTRA":"48610205973202467","NUM_DESCOB":0,"OPERADOR_C":"Elysian Brasil Exploração e Produção de Petróleo e Gás Natural Ltda.","RODADA":"OPC4","AREA_TOTAL":43,"AMBIENTE":"T ","BLOCOS":null},"bbox":[-37.5625,-5.6046,-37.5,-5.5417]},{"type":"Feature","id":"BLOCOS_EXPLORATORIOS_SIRGAS.2155","geometry":{"type":"MultiPolygon","coordinates":[[[[-37.4535,-5.5967],[-37.4535,-5.5967],[-37.4535,-5.5941],[-37.4535,-5.5915],[-37.4509,-5.5915],[-37.4483,-5.5915],[-37.4457,-5.5915],[-37.4431,-5.5915],[-37.4431,-5.5889],[-37.4431,-5.5863],[-37.4401,-5.5863],[-37.4375,-5.5863],[-37.4375,-5.5417],[-37.5,-5.5417],[-37.5,-5.5941],[-37.4977,-5.5941],[-37.4951,-5.5941],[-37.4925,-5.5941],[-37.4899,-5.5941],[-37.4899,-5.5915],[-37.4899,-5.5889],[-37.4899,-5.5863],[-37.4899,-5.5837],[-37.4873,-5.5837],[-37.4847,-5.5837],[-37.4821,-5.5837],[-37.4795,-5.5837],[-37.4769,-5.5837],[-37.4743,-5.5837],[-37.4717,-5.5837],[-37.4691,-5.5837],[-37.4665,-5.5837],[-37.4639,-5.5837],[-37.4613,-5.5837],[-37.4587,-5.5837],[-37.4587,-5.5863],[-37.4587,-5.5889],[-37.4587,-5.5915],[-37.4587,-5.5941],[-37.4587,-5.5967],[-37.4561,-5.5967],[-37.4535,-5.5967]]]]},"geometry_name":"GEOMETRY","properties":{"COD_BLOCO":"POT-T-836","COD_FASE_C":"E","DAT_ASSINA":"15-07-2024","DAT_TERMIN":null,"NOM_BACIA":"Potiguar","NOM_BLOCO":"POT-T-836","NOM_FANTAS":"POT-T-836_OP4","NUM_CONTRA":"48610205974202410","NUM_DESCOB":0,"OPERADOR_C":"Elysian Brasil Exploração e Produção de Petróleo e Gás Natural Ltda.","RODADA":"OPC4","AREA_TOTAL":36,"AMBIENTE":"T ","BLOCOS":null},"bbox":[-37.5,-5.5967,-37.4375,-5.5417]},{"type":"Feature","id":"BLOCOS_EXPLORATORIOS_SIRGAS.2154","geometry":{"type":"MultiPolygon","coordinates":[[[[-37.3125,-5.5833],[-37.3125,-5.5629],[-37.3154,-5.5629],[-37.318,-5.5629],[-37.3207,-5.5629],[-37.3233,-5.5629],[-37.3233,-5.5603],[-37.3233,-5.5577],[-37.3233,-5.5551],[-37.3233,-5.5525],[-37.3259,-5.5525],[-37.3285,-5.5525],[-37.3311,-5.5525],[-37.3337,-5.5525],[-37.3337,-5.5495],[-37.3337,-5.5469],[-37.3337,-5.5443],[-37.3337,-5.5417],[-37.375,-5.5417],[-37.375,-5.5525],[-37.3727,-5.5525],[-37.3701,-5.5525],[-37.3675,-5.5525],[-37.3649,-5.5525],[-37.3623,-5.5525],[-37.3623,-5.5551],[-37.3623,-5.5577],[-37.3623,-5.5603],[-37.3623,-5.5629],[-37.3623,-5.5655],[-37.3623,-5.5681],[-37.3623,-5.5707],[-37.3623,-5.5733],[-37.3649,-5.5733],[-37.3675,-5.5733],[-37.3701,-5.5733],[-37.3727,-5.5733],[-37.3727,-5.5755],[-37.3727,-5.5781],[-37.3727,-5.5807],[-37.3727,-5.5833],[-37.3125,-5.5833]]]]},"geometry_name":"GEOMETRY","properties":{"COD_BLOCO":"POT-T-838","COD_FASE_C":"E","DAT_ASSINA":"15-07-2024","DAT_TERMIN":null,"NOM_BACIA":"Potiguar","NOM_BLOCO":"POT-T-838","NOM_FANTAS":"POT-T-838_OP4","NUM_CONTRA":"48610205975202456","NUM_DESCOB":0,"OPERADOR_C":"Elysian Brasil Exploração e Produção de Petróleo e Gás Natural Ltda.","RODADA":"OPC4","AREA_TOTAL":24.22,"AMBIENTE":"T ","BLOCOS":null},"bbox":[-37.375,-5.5833,-37.3125,-5.5417]},{"type":"Feature","id":"BLOCOS_EXPLORATORIOS_SIRGAS.2153","geometry":{"type":"MultiPolygon","coordinates":[[[[-37.2399,-5.5499],[-37.2399,-5.5499],[-37.2399,-5.5525],[-37.2399,-5.5551],[-37.2399,-5.5577],[-37.2422,-5.5577],[-37.2448,-5.5577],[-37.2474,-5.5577],[-37.25,-5.5577],[-37.25,-5.5833],[-37.1875,-5.5833],[-37.1875,-5.5417],[-37.25,-5.5417],[-37.25,-5.5499],[-37.2477,-5.5499],[-37.2451,-5.5499],[-37.2425,-5.5499],[-37.2399,-5.5499]]]]},"geometry_name":"GEOMETRY","properties":{"COD_BLOCO":"POT-T-840","COD_FASE_C":"E","DAT_ASSINA":"15-07-2024","DAT_TERMIN":null,"NOM_BACIA":"Potiguar","NOM_BLOCO":"POT-T-840","NOM_FANTAS":"POT-T-840_OP4","NUM_CONTRA":"48610205976202409","NUM_DESCOB":0,"OPERADOR_C":"Elysian Brasil Exploração e Produção de Petróleo e Gás Natural Ltda.","RODADA":"OPC4","AREA_TOTAL":31,"AMBIENTE":"T ","BLOCOS":null},"bbox":[-37.25,-5.5833,-37.1875,-5.5417]},{"type":"Feature","id":"BLOCOS_EXPLORATORIOS_SIRGAS.2152","geometry":{"type":"MultiPolygon","coordinates":[[[[-37.125,-5.5833],[-37.125,-5.5417],[-37.1875,-5.5417],[-37.1875,-5.5833],[-37.125,-5.5833]]]]},"geometry_name":"GEOMETRY","properties":{"COD_BLOCO":"POT-T-841","COD_FASE_C":"E","DAT_ASSINA":"15-07-2024","DAT_TERMIN":null,"NOM_BACIA":"Potiguar","NOM_BLOCO":"POT-T-841","NOM_FANTAS":"POT-T-841_OP4","NUM_CONTRA":"48610205977202445","NUM_DESCOB":0,"OPERADOR_C":"Elysian Brasil Exploração e Produção de Petróleo e Gás Natural Ltda.","RODADA":"OPC4","AREA_TOTAL":32,"AMBIENTE":"T ","BLOCOS":null},"bbox":[-37.1875,-5.5833,-37.125,-5.5417]},{"type":"Feature","id":"BLOCOS_EXPLORATORIOS_SIRGAS.2151","geometry":{"type":"MultiPolygon","coordinates":[[[[-37.5625,-5.6254],[-37.5625,-5.6667],[-37.5,-5.6667],[-37.5,-5.615],[-37.5029,-5.615],[-37.5056,-5.615],[-37.5082,-5.615],[-37.5108,-5.615],[-37.5108,-5.6176],[-37.5108,-5.6202],[-37.5108,-5.6228],[-37.5108,-5.6254],[-37.513,-5.6254],[-37.5156,-5.6254],[-37.5182,-5.6254],[-37.5208,-5.6254],[-37.5234,-5.6254],[-37.526,-5.6254],[-37.5286,-5.6254],[-37.5312,-5.6254],[-37.5339,-5.6254],[-37.5365,-5.6254],[-37.5391,-5.6254],[-37.5417,-5.6254],[-37.5443,-5.6254],[-37.5469,-5.6254],[-37.5495,-5.6254],[-37.5521,-5.6254],[-37.5547,-5.6254],[-37.5573,-5.6254],[-37.5599,-5.6254],[-37.5625,-5.6254]]]]},"geometry_name":"GEOMETRY","properties":{"COD_BLOCO":"POT-T-913","COD_FASE_C":"E","DAT_ASSINA":"15-07-2024","DAT_TERMIN":null,"NOM_BACIA":"Potiguar","NOM_BLOCO":"POT-T-913","NOM_FANTAS":"POT-T-913_OP4","NUM_CONTRA":"48610205980202469","NUM_DESCOB":0,"OPERADOR_C":"Elysian Brasil Exploração e Produção de Petróleo e Gás Natural Ltda.","RODADA":"OPC4","AREA_TOTAL":33,"AMBIENTE":"T ","BLOCOS":null},"bbox":[-37.5625,-5.6667,-37.5,-5.615]},{"type":"Feature","id":"BLOCOS_EXPLORATORIOS_SIRGAS.2150","geometry":{"type":"MultiPolygon","coordinates":[[[[-37.4431,-5.6072],[-37.4431,-5.6072],[-37.4431,-5.6098],[-37.4457,-5.6098],[-37.4483,-5.6098],[-37.4483,-5.6124],[-37.4509,-5.6124],[-37.4535,-5.6124],[-37.4561,-5.6124],[-37.4587,-5.6124],[-37.4587,-5.615],[-37.4609,-5.615],[-37.4635,-5.615],[-37.4661,-5.615],[-37.4687,-5.615],[-37.4714,-5.615],[-37.474,-5.615],[-37.4766,-5.615],[-37.4792,-5.615],[-37.4818,-5.615],[-37.4844,-5.615],[-37.487,-5.615],[-37.4896,-5.615],[-37.4922,-5.615],[-37.4948,-5.615],[-37.4974,-5.615],[-37.5,-5.615],[-37.5,-5.6667],[-37.4375,-5.6667],[-37.4375,-5.6072],[-37.4404,-5.6072],[-37.4431,-5.6072]]]]},"geometry_name":"GEOMETRY","properties":{"COD_BLOCO":"POT-T-914","COD_FASE_C":"E","DAT_ASSINA":"15-07-2024","DAT_TERMIN":null,"NOM_BACIA":"Potiguar","NOM_BLOCO":"POT-T-914","NOM_FANTAS":"POT-T-914_OP4","NUM_CONTRA":"48610205981202411","NUM_DESCOB":0,"OPERADOR_C":"Elysian Brasil Exploração e Produção de Petróleo e Gás Natural Ltda.","RODADA":"OPC4","AREA_TOTAL":41,"AMBIENTE":"T ","BLOCOS":null},"bbox":[-37.5,-5.6667,-37.4375,-5.6072]},{"type":"Feature","id":"BLOCOS_EXPLORATORIOS_SIRGAS.2149","geometry":{"type":"MultiPolygon","coordinates":[[[[-35.9036,-9.7604],[-35.9036,-9.7604],[-35.9349,-9.7604],[-35.9349,-9.75],[-35.9375,-9.75],[-35.9375,-9.7504],[-35.9378,-9.7504],[-35.9378,-9.7526],[-35.9378,-9.7552],[-35.9378,-9.7578],[-35.9378,-9.7604],[-35.9378,-9.763],[-35.9378,-9.7656],[-35.9378,-9.7682],[-35.9378,-9.7708],[-35.9378,-9.7734],[-35.9378,-9.776],[-35.9378,-9.7786],[-35.9378,-9.7812],[-35.9378,-9.7839],[-35.9378,-9.7865],[-35.9378,-9.7891],[-35.9378,-9.7917],[-35.862,-9.7917],[-35.862,-9.7891],[-35.8594,-9.7891],[-35.8594,-9.7839],[-35.8568,-9.7839],[-35.8568,-9.7812],[-35.8542,-9.7812],[-35.8542,-9.7786],[-35.8516,-9.7786],[-35.8516,-9.776],[-35.849,-9.776],[-35.849,-9.7734],[-35.8464,-9.7734],[-35.8464,-9.7682],[-35.862,-9.7682],[-35.862,-9.7656],[-35.8646,-9.7656],[-35.8646,-9.763],[-35.8698,-9.763],[-35.8698,-9.7604],[-35.8724,-9.7604],[-35.8724,-9.7552],[-35.875,-9.7552],[-35.875,-9.75],[-35.9036,-9.75],[-35.9036,-9.7604]]]]},"geometry_name":"GEOMETRY","properties":{"COD_BLOCO":"SEAL-T-156","COD_FASE_C":"E","DAT_ASSINA":"15-07-2024","DAT_TERMIN":null,"NOM_BACIA":"Alagoas","NOM_BLOCO":"SEAL-T-156","NOM_FANTAS":"SEAL-T-156_OP4","NUM_CONTRA":"48610206003202489","NUM_DESCOB":0,"OPERADOR_C":"Elysian Brasil Exploração e Produção de Petróleo e Gás Natural Ltda.","RODADA":"OPC4","AREA_TOTAL":35,"AMBIENTE":"T ","BLOCOS":null},"bbox":[-35.9378,-9.7917,-35.8464,-9.75]},{"type":"Feature","id":"BLOCOS_EXPLORATORIOS_SIRGAS.2148","geometry":{"type":"MultiPolygon","coordinates":[[[[-36.25,-9.7917],[-36.25,-9.8333],[-36.1878,-9.8333],[-36.1878,-9.8312],[-36.1878,-9.8286],[-36.1878,-9.8259],[-36.1878,-9.8233],[-36.1878,-9.8207],[-36.1878,-9.8181],[-36.1878,-9.8155],[-36.1878,-9.8129],[-36.1878,-9.8103],[-36.1878,-9.8077],[-36.1878,-9.8051],[-36.1878,-9.8025],[-36.1878,-9.7999],[-36.1878,-9.7973],[-36.1878,-9.7947],[-36.1878,-9.7921],[-36.1875,-9.7921],[-36.1875,-9.7917],[-36.25,-9.7917]]]]},"geometry_name":"GEOMETRY","properties":{"COD_BLOCO":"SEAL-T-164","COD_FASE_C":"E","DAT_ASSINA":"15-07-2024","DAT_TERMIN":null,"NOM_BACIA":"Alagoas","NOM_BLOCO":"SEAL-T-164","NOM_FANTAS":"SEAL-T-164_OP4","NUM_CONTRA":"48610206004202423","NUM_DESCOB":0,"OPERADOR_C":"Elysian Brasil Exploração e Produção de Petróleo e Gás Natural Ltda.","RODADA":"OPC4","AREA_TOTAL":31.43,"AMBIENTE":"T ","BLOCOS":null},"bbox":[-36.25,-9.8333,-36.1875,-9.7917]},{"type":"Feature","id":"BLOCOS_EXPLORATORIOS_SIRGAS.2191","geometry":{"type":"MultiPolygon","coordinates":[[[[-37.042,-5.3363],[-37.042,-5.3363],[-37.0446,-5.3363],[-37.0472,-5.3363],[-37.0472,-5.3389],[-37.0495,-5.3389],[-37.0521,-5.3389],[-37.0547,-5.3389],[-37.0573,-5.3389],[-37.0599,-5.3389],[-37.0625,-5.3389],[-37.0625,-5.3437],[-37.0833,-5.3437],[-37.0833,-5.375],[-37.0003,-5.375],[-37.0003,-5.3728],[-37.0003,-5.3702],[-37.0003,-5.3676],[-37.0003,-5.365],[-37.0003,-5.3624],[-37.0003,-5.3598],[-37.0003,-5.3572],[-37.0003,-5.3546],[-37.0003,-5.352],[-37.0003,-5.3493],[-37.0003,-5.3467],[-37.0003,-5.3441],[-37.0003,-5.3415],[-37.0003,-5.3389],[-37.0003,-5.3363],[-37.0003,-5.3337],[-37,-5.3337],[-37,-5.3077],[-37.0029,-5.3077],[-37.0055,-5.3077],[-37.0055,-5.3103],[-37.0082,-5.3103],[-37.0082,-5.3129],[-37.0108,-5.3129],[-37.0108,-5.3155],[-37.0134,-5.3155],[-37.016,-5.3155],[-37.016,-5.3181],[-37.0186,-5.3181],[-37.0212,-5.3181],[-37.0212,-5.3207],[-37.0238,-5.3207],[-37.0238,-5.3233],[-37.0264,-5.3233],[-37.0264,-5.3259],[-37.029,-5.3259],[-37.0316,-5.3259],[-37.0316,-5.3285],[-37.0342,-5.3285],[-37.0342,-5.3311],[-37.0368,-5.3311],[-37.0394,-5.3311],[-37.0394,-5.3337],[-37.042,-5.3337],[-37.042,-5.3363]]]]},"geometry_name":"GEOMETRY","properties":{"COD_BLOCO":"POT-T-612","COD_FASE_C":"E","DAT_ASSINA":"15-07-2024","DAT_TERMIN":null,"NOM_BACIA":"Potiguar","NOM_BLOCO":"POT-T-612","NOM_FANTAS":"POT-T-612_OP4","NUM_CONTRA":"48610205945202440","NUM_DESCOB":0,"OPERADOR_C":"Elysian Brasil Exploração e Produção de Petróleo e Gás Natural Ltda.","RODADA":"OPC4","AREA_TOTAL":45.21,"AMBIENTE":"T ","BLOCOS":null},"bbox":[-37.0833,-5.375,-37,-5.3077]},{"type":"Feature","id":"BLOCOS_EXPLORATORIOS_SIRGAS.2190","geometry":{"type":"MultiPolygon","coordinates":[[[[-36.5625,-5.3337],[-36.5625,-5.3337],[-36.5628,-5.3337],[-36.5628,-5.3359],[-36.5628,-5.3385],[-36.5628,-5.3411],[-36.5628,-5.3437],[-36.5628,-5.3464],[-36.5628,-5.349],[-36.5628,-5.3516],[-36.5628,-5.3542],[-36.5628,-5.3568],[-36.5628,-5.3594],[-36.5628,-5.362],[-36.5628,-5.3646],[-36.5628,-5.3672],[-36.5628,-5.3698],[-36.5628,-5.3724],[-36.5628,-5.375],[-36.5,-5.375],[-36.5,-5.3333],[-36.5625,-5.3333],[-36.5625,-5.3337]]]]},"geometry_name":"GEOMETRY","properties":{"COD_BLOCO":"POT-T-620","COD_FASE_C":"E","DAT_ASSINA":"15-07-2024","DAT_TERMIN":null,"NOM_BACIA":"Potiguar","NOM_BLOCO":"POT-T-620","NOM_FANTAS":"POT-T-620_OP4","NUM_CONTRA":"48610205987202481","NUM_DESCOB":0,"OPERADOR_C":"Elysian Brasil Exploração e Produção de Petróleo e Gás Natural Ltda.","RODADA":"OPC4","AREA_TOTAL":32.09,"AMBIENTE":"T ","BLOCOS":null},"bbox":[-36.5628,-5.375,-36.5,-5.3333]},{"type":"Feature","id":"BLOCOS_EXPLORATORIOS_SIRGAS.2189","geometry":{"type":"MultiPolygon","coordinates":[[[[-37.875,-5.375],[-37.875,-5.404],[-37.8727,-5.404],[-37.8701,-5.404],[-37.8675,-5.404],[-37.8649,-5.404],[-37.8623,-5.404],[-37.8597,-5.404],[-37.8597,-5.4014],[-37.8597,-5.3988],[-37.8597,-5.3962],[-37.8568,-5.3962],[-37.8542,-5.3962],[-37.8516,-5.3962],[-37.849,-5.3962],[-37.8464,-5.3962],[-37.8437,-5.3962],[-37.8411,-5.3962],[-37.8385,-5.3962],[-37.8359,-5.3962],[-37.8333,-5.3962],[-37.8307,-5.3962],[-37.8281,-5.3962],[-37.8255,-5.3962],[-37.8229,-5.3962],[-37.8203,-5.3962],[-37.8177,-5.3962],[-37.8151,-5.3962],[-37.8125,-5.3962],[-37.8125,-5.375],[-37.875,-5.375]]]]},"geometry_name":"GEOMETRY","properties":{"COD_BLOCO":"POT-T-644","COD_FASE_C":"E","DAT_ASSINA":"15-07-2024","DAT_TERMIN":null,"NOM_BACIA":"Potiguar","NOM_BLOCO":"POT-T-644","NOM_FANTAS":"POT-T-644_OP4","NUM_CONTRA":"48610205946202494","NUM_DESCOB":0,"OPERADOR_C":"Elysian Brasil Exploração e Produção de Petróleo e Gás Natural Ltda.","RODADA":"OPC4","AREA_TOTAL":18,"AMBIENTE":"T ","BLOCOS":null},"bbox":[-37.875,-5.404,-37.8125,-5.375]},{"type":"Feature","id":"BLOCOS_EXPLORATORIOS_SIRGAS.2188","geometry":{"type":"MultiPolygon","coordinates":[[[[-37.6618,-5.4167],[-37.6618,-5.4171],[-37.6589,-5.4171],[-37.6562,-5.4171],[-37.6536,-5.4171],[-37.651,-5.4171],[-37.6484,-5.4171],[-37.6458,-5.4171],[-37.6432,-5.4171],[-37.6406,-5.4171],[-37.638,-5.4171],[-37.6354,-5.4171],[-37.6328,-5.4171],[-37.6302,-5.4171],[-37.6276,-5.4171],[-37.625,-5.4171],[-37.625,-5.3858],[-37.6279,-5.3858],[-37.6306,-5.3858],[-37.6332,-5.3858],[-37.6358,-5.3858],[-37.6384,-5.3858],[-37.641,-5.3858],[-37.6436,-5.3858],[-37.6462,-5.3858],[-37.6488,-5.3858],[-37.6514,-5.3858],[-37.654,-5.3858],[-37.6566,-5.3858],[-37.6566,-5.3828],[-37.6566,-5.3802],[-37.6566,-5.3776],[-37.6566,-5.375],[-37.6875,-5.375],[-37.6875,-5.4167],[-37.6618,-5.4167]]]]},"geometry_name":"GEOMETRY","properties":{"COD_BLOCO":"POT-T-647","COD_FASE_C":"E","DAT_ASSINA":"15-07-2024","DAT_TERMIN":null,"NOM_BACIA":"Potiguar","NOM_BLOCO":"POT-T-647","NOM_FANTAS":"POT-T-647_OP4","NUM_CONTRA":"48610205947202439","NUM_DESCOB":0,"OPERADOR_C":"Elysian Brasil Exploração e Produção de Petróleo e Gás Natural Ltda.","RODADA":"OPC4","AREA_TOTAL":28,"AMBIENTE":"T ","BLOCOS":null},"bbox":[-37.6875,-5.4171,-37.625,-5.375]},{"type":"Feature","id":"BLOCOS_EXPLORATORIOS_SIRGAS.2187","geometry":{"type":"MultiPolygon","coordinates":[[[[-37.5625,-5.4167],[-37.5625,-5.3958],[-37.5628,-5.3958],[-37.5628,-5.3962],[-37.5654,-5.3962],[-37.5681,-5.3962],[-37.5707,-5.3962],[-37.5733,-5.3962],[-37.5759,-5.3962],[-37.5785,-5.3962],[-37.5811,-5.3962],[-37.5837,-5.3962],[-37.5863,-5.3962],[-37.5889,-5.3962],[-37.5915,-5.3962],[-37.5941,-5.3962],[-37.5967,-5.3962],[-37.5993,-5.3962],[-37.6019,-5.3962],[-37.6045,-5.3962],[-37.6045,-5.3936],[-37.6045,-5.391],[-37.6045,-5.3884],[-37.6045,-5.3858],[-37.6068,-5.3858],[-37.6094,-5.3858],[-37.612,-5.3858],[-37.6146,-5.3858],[-37.6172,-5.3858],[-37.6198,-5.3858],[-37.6224,-5.3858],[-37.625,-5.3858],[-37.625,-5.4167],[-37.5625,-5.4167]]]]},"geometry_name":"GEOMETRY","properties":{"COD_BLOCO":"POT-T-648","COD_FASE_C":"E","DAT_ASSINA":"15-07-2024","DAT_TERMIN":null,"NOM_BACIA":"Potiguar","NOM_BLOCO":"POT-T-648","NOM_FANTAS":"POT-T-648_OP4","NUM_CONTRA":"48610205948202483","NUM_DESCOB":0,"OPERADOR_C":"Elysian Brasil Exploração e Produção de Petróleo e Gás Natural Ltda.","RODADA":"OPC4","AREA_TOTAL":18.28,"AMBIENTE":"T ","BLOCOS":null},"bbox":[-37.625,-5.4167,-37.5625,-5.3858]},{"type":"Feature","id":"BLOCOS_EXPLORATORIOS_SIRGAS.2186","geometry":{"type":"MultiPolygon","coordinates":[[[[-37.5446,-5.4171],[-37.5446,-5.4171],[-37.5446,-5.4145],[-37.5446,-5.4118],[-37.542,-5.4118],[-37.5394,-5.4118],[-37.5368,-5.4118],[-37.5342,-5.4118],[-37.5316,-5.4118],[-37.529,-5.4118],[-37.5264,-5.4118],[-37.5238,-5.4118],[-37.5212,-5.4118],[-37.5212,-5.4141],[-37.5212,-5.4167],[-37.5,-5.4167],[-37.5,-5.375],[-37.5316,-5.375],[-37.5316,-5.3754],[-37.5342,-5.3754],[-37.5368,-5.3754],[-37.5394,-5.3754],[-37.542,-5.3754],[-37.5446,-5.3754],[-37.5472,-5.3754],[-37.5498,-5.3754],[-37.5524,-5.3754],[-37.555,-5.3754],[-37.5576,-5.3754],[-37.5602,-5.3754],[-37.5628,-5.3754],[-37.5628,-5.3776],[-37.5628,-5.3802],[-37.5628,-5.3828],[-37.5628,-5.3854],[-37.5628,-5.388],[-37.5628,-5.3906],[-37.5628,-5.3932],[-37.5628,-5.3958],[-37.5625,-5.3958],[-37.5625,-5.4167],[-37.5628,-5.4167],[-37.5628,-5.4171],[-37.5602,-5.4171],[-37.5576,-5.4171],[-37.555,-5.4171],[-37.5524,-5.4171],[-37.5498,-5.4171],[-37.5472,-5.4171],[-37.5446,-5.4171]]]]},"geometry_name":"GEOMETRY","properties":{"COD_BLOCO":"POT-T-649","COD_FASE_C":"E","DAT_ASSINA":"15-07-2024","DAT_TERMIN":null,"NOM_BACIA":"Potiguar","NOM_BLOCO":"POT-T-649","NOM_FANTAS":"POT-T-649_OP4","NUM_CONTRA":"48610205949202428","NUM_DESCOB":0,"OPERADOR_C":"Elysian Brasil Exploração e Produção de Petróleo e Gás Natural Ltda.","RODADA":"OPC4","AREA_TOTAL":31,"AMBIENTE":"T ","BLOCOS":null},"bbox":[-37.5628,-5.4171,-37.5,-5.375]},{"type":"Feature","id":"BLOCOS_EXPLORATORIOS_SIRGAS.2185","geometry":{"type":"MultiPolygon","coordinates":[[[[-37.125,-5.375],[-37.125,-5.4167],[-37.0807,-5.4167],[-37.0807,-5.4171],[-37.0781,-5.4171],[-37.0755,-5.4171],[-37.0729,-5.4171],[-37.0703,-5.4171],[-37.0677,-5.4171],[-37.0651,-5.4171],[-37.0625,-5.4171],[-37.0625,-5.375],[-37.125,-5.375]]]]},"geometry_name":"GEOMETRY","properties":{"COD_BLOCO":"POT-T-656","COD_FASE_C":"E","DAT_ASSINA":"15-07-2024","DAT_TERMIN":null,"NOM_BACIA":"Potiguar","NOM_BLOCO":"POT-T-656","NOM_FANTAS":"POT-T-656_OP4","NUM_CONTRA":"48610205953202496","NUM_DESCOB":0,"OPERADOR_C":"Elysian Brasil Exploração e Produção de Petróleo e Gás Natural Ltda.","RODADA":"OPC4","AREA_TOTAL":32,"AMBIENTE":"T ","BLOCOS":null},"bbox":[-37.125,-5.4171,-37.0625,-5.375]},{"type":"Feature","id":"BLOCOS_EXPLORATORIOS_SIRGAS.2293","geometry":{"type":"MultiPolygon","coordinates":[[[[-46.7505,-27.5005],[-46.7505,-27.5005],[-46.7531,-27.5005],[-46.7557,-27.5005],[-46.7583,-27.5005],[-46.7609,-27.5005],[-46.7635,-27.5005],[-46.7661,-27.5005],[-46.7687,-27.5005],[-46.7713,-27.5005],[-46.7739,-27.5005],[-46.7765,-27.5005],[-46.7791,-27.5005],[-46.7817,-27.5005],[-46.7843,-27.5005],[-46.7869,-27.5005],[-46.7895,-27.5005],[-46.7921,-27.5005],[-46.7947,-27.5005],[-46.7973,-27.5005],[-46.7999,-27.5005],[-46.8026,-27.5005],[-46.8052,-27.5005],[-46.8078,-27.5005],[-46.8104,-27.5005],[-46.813,-27.5005],[-46.8156,-27.5005],[-46.8182,-27.5005],[-46.8208,-27.5005],[-46.8234,-27.5005],[-46.826,-27.5005],[-46.8286,-27.5005],[-46.8312,-27.5005],[-46.8338,-27.5005],[-46.8364,-27.5005],[-46.839,-27.5005],[-46.8416,-27.5005],[-46.8442,-27.5005],[-46.8468,-27.5005],[-46.8494,-27.5005],[-46.852,-27.5005],[-46.8546,-27.5005],[-46.8572,-27.5005],[-46.8598,-27.5005],[-46.8624,-27.5005],[-46.8651,-27.5005],[-46.8677,-27.5005],[-46.8703,-27.5005],[-46.8729,-27.5005],[-46.8755,-27.5005],[-46.8781,-27.5005],[-46.8807,-27.5005],[-46.8833,-27.5005],[-46.8859,-27.5005],[-46.8885,-27.5005],[-46.8911,-27.5005],[-46.8937,-27.5005],[-46.8963,-27.5005],[-46.8989,-27.5005],[-46.9015,-27.5005],[-46.9041,-27.5005],[-46.9067,-27.5005],[-46.9093,-27.5005],[-46.9119,-27.5005],[-46.9145,-27.5005],[-46.9171,-27.5005],[-46.9197,-27.5005],[-46.9223,-27.5005],[-46.925,-27.5005],[-46.9276,-27.5005],[-46.9302,-27.5005],[-46.9328,-27.5005],[-46.9354,-27.5005],[-46.938,-27.5005],[-46.9406,-27.5005],[-46.9432,-27.5005],[-46.9458,-27.5005],[-46.9484,-27.5005],[-46.951,-27.5005],[-46.9536,-27.5005],[-46.9562,-27.5005],[-46.9588,-27.5005],[-46.9614,-27.5005],[-46.964,-27.5005],[-46.9666,-27.5005],[-46.9692,-27.5005],[-46.9718,-27.5005],[-46.9744,-27.5005],[-46.977,-27.5005],[-46.9796,-27.5005],[-46.9822,-27.5005],[-46.9848,-27.5005],[-46.9875,-27.5005],[-46.9901,-27.5005],[-46.9927,-27.5005],[-46.9953,-27.5005],[-46.9979,-27.5005],[-47.0005,-27.5005],[-47.0005,-27.5031],[-47.0005,-27.5057],[-47.0005,-27.5083],[-47.0005,-27.5109],[-47.0005,-27.5135],[-47.0005,-27.5161],[-47.0005,-27.5187],[-47.0005,-27.5213],[-47.0005,-27.5239],[-47.0005,-27.5265],[-47.0005,-27.5292],[-47.0005,-27.5318],[-47.0005,-27.5344],[-47.0005,-27.537],[-47.0005,-27.5396],[-47.0005,-27.5422],[-47.0005,-27.5448],[-47.0005,-27.5474],[-47.0005,-27.55],[-47.0005,-27.5526],[-47.0005,-27.5552],[-47.0005,-27.5578],[-47.0005,-27.5604],[-47.0005,-27.563],[-47.0005,-27.5656],[-47.0005,-27.5682],[-47.0005,-27.5708],[-47.0005,-27.5734],[-47.0005,-27.576],[-47.0005,-27.5786],[-47.0005,-27.5812],[-47.0005,-27.5838],[-47.0005,-27.5864],[-47.0005,-27.589],[-47.0005,-27.5917],[-47.0005,-27.5943],[-47.0005,-27.5969],[-47.0005,-27.5995],[-47.0005,-27.6021],[-47.0005,-27.6047],[-47.0005,-27.6073],[-47.0005,-27.6099],[-47.0005,-27.6125],[-47.0005,-27.6151],[-47.0005,-27.6177],[-47.0005,-27.6203],[-47.0005,-27.6229],[-47.0005,-27.6255],[-47.0005,-27.6281],[-47.0005,-27.6307],[-47.0005,-27.6333],[-47.0005,-27.6359],[-47.0005,-27.6385],[-47.0005,-27.6411],[-47.0005,-27.6437],[-47.0005,-27.6463],[-47.0005,-27.6489],[-47.0005,-27.6515],[-47.0005,-27.6542],[-47.0005,-27.6568],[-47.0005,-27.6594],[-47.0005,-27.662],[-47.0005,-27.6646],[-47.0005,-27.6672],[-47.0005,-27.6698],[-47.0005,-27.6724],[-47.0005,-27.675],[-47.0005,-27.6776],[-47.0005,-27.6802],[-47.0005,-27.6828],[-47.0005,-27.6854],[-47.0005,-27.688],[-47.0005,-27.6906],[-47.0005,-27.6932],[-47.0005,-27.6958],[-47.0005,-27.6984],[-47.0005,-27.701],[-47.0005,-27.7036],[-47.0005,-27.7062],[-47.0005,-27.7088],[-47.0005,-27.7114],[-47.0005,-27.714],[-47.0005,-27.7167],[-47.0005,-27.7193],[-47.0005,-27.7219],[-47.0005,-27.7245],[-47.0005,-27.7271],[-47.0005,-27.7297],[-47.0005,-27.7323],[-47.0005,-27.7349],[-47.0005,-27.7375],[-47.0005,-27.7401],[-47.0005,-27.7427],[-47.0005,-27.7453],[-47.0005,-27.7479],[-47.0005,-27.7505],[-46.9979,-27.7505],[-46.9953,-27.7505],[-46.9927,-27.7505],[-46.9901,-27.7505],[-46.9875,-27.7505],[-46.9848,-27.7505],[-46.9822,-27.7505],[-46.9796,-27.7505],[-46.977,-27.7505],[-46.9744,-27.7505],[-46.9718,-27.7505],[-46.9692,-27.7505],[-46.9666,-27.7505],[-46.964,-27.7505],[-46.9614,-27.7505],[-46.9588,-27.7505],[-46.9562,-27.7505],[-46.9536,-27.7505],[-46.951,-27.7505],[-46.9484,-27.7505],[-46.9458,-27.7505],[-46.9432,-27.7505],[-46.9406,-27.7505],[-46.938,-27.7505],[-46.9354,-27.7505],[-46.9328,-27.7505],[-46.9302,-27.7505],[-46.9276,-27.7505],[-46.925,-27.7505],[-46.9223,-27.7505],[-46.9197,-27.7505],[-46.9171,-27.7505],[-46.9145,-27.7505],[-46.9119,-27.7505],[-46.9093,-27.7505],[-46.9067,-27.7505],[-46.9041,-27.7505],[-46.9015,-27.7505],[-46.8989,-27.7505],[-46.8963,-27.7505],[-46.8937,-27.7505],[-46.8911,-27.7505],[-46.8885,-27.7505],[-46.8859,-27.7505],[-46.8833,-27.7505],[-46.8807,-27.7505],[-46.8781,-27.7505],[-46.8755,-27.7505],[-46.8729,-27.7505],[-46.8703,-27.7505],[-46.8677,-27.7505],[-46.8651,-27.7505],[-46.8625,-27.7505],[-46.8598,-27.7505],[-46.8572,-27.7505],[-46.8546,-27.7505],[-46.852,-27.7505],[-46.8494,-27.7505],[-46.8468,-27.7505],[-46.8442,-27.7505],[-46.8416,-27.7505],[-46.839,-27.7505],[-46.8364,-27.7505],[-46.8338,-27.7505],[-46.8312,-27.7505],[-46.8286,-27.7505],[-46.826,-27.7505],[-46.8234,-27.7505],[-46.8208,-27.7505],[-46.8182,-27.7505],[-46.8156,-27.7505],[-46.813,-27.7505],[-46.8104,-27.7505],[-46.8078,-27.7505],[-46.8052,-27.7505],[-46.8026,-27.7505],[-46.8,-27.7505],[-46.7973,-27.7505],[-46.7947,-27.7505],[-46.7921,-27.7505],[-46.7895,-27.7505],[-46.7869,-27.7505],[-46.7843,-27.7505],[-46.7817,-27.7505],[-46.7791,-27.7505],[-46.7765,-27.7505],[-46.7739,-27.7505],[-46.7713,-27.7505],[-46.7687,-27.7505],[-46.7661,-27.7505],[-46.7635,-27.7505],[-46.7609,-27.7505],[-46.7583,-27.7505],[-46.7557,-27.7505],[-46.7531,-27.7505],[-46.7505,-27.7505],[-46.7505,-27.7479],[-46.7505,-27.7453],[-46.7505,-27.7427],[-46.7505,-27.7401],[-46.7505,-27.7375],[-46.7505,-27.7349],[-46.7505,-27.7323],[-46.7505,-27.7297],[-46.7505,-27.7271],[-46.7505,-27.7245],[-46.7505,-27.7219],[-46.7505,-27.7193],[-46.7505,-27.7167],[-46.7505,-27.714],[-46.7505,-27.7114],[-46.7505,-27.7088],[-46.7505,-27.7062],[-46.7505,-27.7036],[-46.7505,-27.701],[-46.7505,-27.6984],[-46.7505,-27.6958],[-46.7505,-27.6932],[-46.7505,-27.6906],[-46.7505,-27.688],[-46.7505,-27.6854],[-46.7505,-27.6828],[-46.7505,-27.6802],[-46.7505,-27.6776],[-46.7505,-27.675],[-46.7505,-27.6724],[-46.7505,-27.6698],[-46.7505,-27.6672],[-46.7505,-27.6646],[-46.7505,-27.662],[-46.7505,-27.6594],[-46.7505,-27.6568],[-46.7505,-27.6542],[-46.7505,-27.6515],[-46.7505,-27.6489],[-46.7505,-27.6463],[-46.7505,-27.6437],[-46.7505,-27.6411],[-46.7505,-27.6385],[-46.7505,-27.6359],[-46.7505,-27.6333],[-46.7505,-27.6307],[-46.7505,-27.6281],[-46.7505,-27.6255],[-46.7505,-27.6229],[-46.7505,-27.6203],[-46.7505,-27.6177],[-46.7505,-27.6151],[-46.7505,-27.6125],[-46.7505,-27.6099],[-46.7505,-27.6073],[-46.7505,-27.6047],[-46.7505,-27.6021],[-46.7505,-27.5995],[-46.7505,-27.5969],[-46.7505,-27.5943],[-46.7505,-27.5917],[-46.7505,-27.589],[-46.7505,-27.5864],[-46.7505,-27.5838],[-46.7505,-27.5812],[-46.7505,-27.5786],[-46.7505,-27.576],[-46.7505,-27.5734],[-46.7505,-27.5708],[-46.7505,-27.5682],[-46.7505,-27.5656],[-46.7505,-27.563],[-46.7505,-27.5604],[-46.7505,-27.5578],[-46.7505,-27.5552],[-46.7505,-27.5526],[-46.7505,-27.55],[-46.7505,-27.5474],[-46.7505,-27.5448],[-46.7505,-27.5422],[-46.7505,-27.5396],[-46.7505,-27.537],[-46.7505,-27.5344],[-46.7505,-27.5318],[-46.7505,-27.5292],[-46.7505,-27.5265],[-46.7505,-27.5239],[-46.7505,-27.5213],[-46.7505,-27.5187],[-46.7505,-27.5161],[-46.7505,-27.5135],[-46.7505,-27.5109],[-46.7505,-27.5083],[-46.7505,-27.5057],[-46.7505,-27.5031],[-46.7505,-27.5005]]]]},"geometry_name":"GEOMETRY","properties":{"COD_BLOCO":"S-M-1813","COD_FASE_C":"E","DAT_ASSINA":"20-SEP-24","DAT_TERMIN":null,"NOM_BACIA":"Santos","NOM_BLOCO":"S-M-1813","NOM_FANTAS":"S-M-1813_OP4","NUM_CONTRA":"48610206114202495","NUM_DESCOB":0,"OPERADOR_C":"CNOOC Petroleum Brasil Ltda.","RODADA":"OPC4","AREA_TOTAL":684,"AMBIENTE":"M ","BLOCOS":null},"bbox":[-47.0005,-27.7505,-46.7505,-27.5005]},{"type":"Feature","id":"BLOCOS_EXPLORATORIOS_SIRGAS.2300","geometry":{"type":"MultiPolygon","coordinates":[[[[-60,-3.25],[-60,-3.5],[-59.5625,-3.5],[-59.5625,-3.375],[-59.5,-3.375],[-59.5,-3],[-59.875,-3],[-59.875,-3.125],[-59.9375,-3.125],[-59.9375,-3.25],[-60,-3.25]]]]},"geometry_name":"GEOMETRY","properties":{"COD_BLOCO":"AM-T-107","COD_FASE_C":"E","DAT_ASSINA":null,"DAT_TERMIN":null,"NOM_BACIA":"Amazonas","NOM_BLOCO":"AM-T-107","NOM_FANTAS":"AM-T-107_OP4","NUM_CONTRA":"48610205863202403","NUM_DESCOB":0,"OPERADOR_C":"ATEM Participações S.A.","RODADA":"OPC4","AREA_TOTAL":2688.36,"AMBIENTE":"T ","BLOCOS":null},"bbox":[-60,-3.5,-59.5,-3]},{"type":"Feature","id":"BLOCOS_EXPLORATORIOS_SIRGAS.2299","geometry":{"type":"MultiPolygon","coordinates":[[[[-57.5,-2],[-57.5,-2.5],[-57.0625,-2.5],[-57.0625,-2.4167],[-57,-2.4167],[-57,-2],[-57.5,-2]]]]},"geometry_name":"GEOMETRY","properties":{"COD_BLOCO":"AM-T-63","COD_FASE_C":"E","DAT_ASSINA":null,"DAT_TERMIN":null,"NOM_BACIA":"Amazonas","NOM_BLOCO":"AM-T-63","NOM_FANTAS":"AM-T-63_OP4","NUM_CONTRA":"48610205861202414","NUM_DESCOB":0,"OPERADOR_C":"ATEM Participações S.A.","RODADA":"OPC4","AREA_TOTAL":3011,"AMBIENTE":"T ","BLOCOS":null},"bbox":[-57.5,-2.5,-57,-2]},{"type":"Feature","id":"BLOCOS_EXPLORATORIOS_SIRGAS.2298","geometry":{"type":"MultiPolygon","coordinates":[[[[-57,-1.9167],[-57,-2.25],[-56.8125,-2.25],[-56.8125,-2.2083],[-56.75,-2.2083],[-56.75,-1.9167],[-57,-1.9167]]]]},"geometry_name":"GEOMETRY","properties":{"COD_BLOCO":"AM-T-64","COD_FASE_C":"E","DAT_ASSINA":null,"DAT_TERMIN":null,"NOM_BACIA":"Amazonas","NOM_BLOCO":"AM-T-64","NOM_FANTAS":"AM-T-64_OP4","NUM_CONTRA":"48610205862202451","NUM_DESCOB":0,"OPERADOR_C":"ATEM Participações S.A.","RODADA":"OPC4","AREA_TOTAL":993.06,"AMBIENTE":"T ","BLOCOS":null},"bbox":[-57,-2.25,-56.75,-1.9167]},{"type":"Feature","id":"BLOCOS_EXPLORATORIOS_SIRGAS.2301","geometry":{"type":"MultiPolygon","coordinates":[[[[-37.1589,-5.2917],[-37.1589,-5.2917],[-37.1875,-5.2917],[-37.1875,-5.3099],[-37.1592,-5.3099],[-37.1592,-5.3077],[-37.1592,-5.3051],[-37.1592,-5.3025],[-37.1592,-5.2999],[-37.1592,-5.2973],[-37.1592,-5.2947],[-37.1592,-5.2921],[-37.1589,-5.2921],[-37.1589,-5.2917]]]]},"geometry_name":"GEOMETRY","properties":{"COD_BLOCO":"POT-T-565","COD_FASE_C":"E","DAT_ASSINA":null,"DAT_TERMIN":null,"NOM_BACIA":"Potiguar","NOM_BLOCO":"POT-T-565","NOM_FANTAS":"POT-T-565_OP1","NUM_CONTRA":"48610222062201937","NUM_DESCOB":2,"OPERADOR_C":"Phoenix Óleo & Gás Natural Ltda.","RODADA":"OPC1","AREA_TOTAL":6.32,"AMBIENTE":"T ","BLOCOS":null},"bbox":[-37.1875,-5.3099,-37.1589,-5.2917]},{"type":"Feature","id":"BLOCOS_EXPLORATORIOS_SIRGAS.2259","geometry":{"type":"MultiPolygon","coordinates":[[[[-36.3753,-5.125],[-36.3753,-5.1667],[-36.3125,-5.1667],[-36.3125,-5.125],[-36.3753,-5.125]]]]},"geometry_name":"GEOMETRY","properties":{"COD_BLOCO":"POT-T-403","COD_FASE_C":"E","DAT_ASSINA":"22-07-2024","DAT_TERMIN":null,"NOM_BACIA":"Potiguar","NOM_BLOCO":"POT-T-403","NOM_FANTAS":"POT-T-403_OP4","NUM_CONTRA":"48610206010202481","NUM_DESCOB":0,"OPERADOR_C":"3R Potiguar S.A.","RODADA":"OPC4","AREA_TOTAL":32.1,"AMBIENTE":"T ","BLOCOS":null},"bbox":[-36.3753,-5.1667,-36.3125,-5.125]},{"type":"Feature","id":"BLOCOS_EXPLORATORIOS_SIRGAS.2260","geometry":{"type":"MultiPolygon","coordinates":[[[[-36.4222,-5.2374],[-36.4375,-5.2374],[-36.4375,-5.25],[-36.375,-5.25],[-36.375,-5.2109],[-36.3753,-5.2109],[-36.3753,-5.2113],[-36.3779,-5.2113],[-36.3779,-5.2139],[-36.3831,-5.2139],[-36.3831,-5.2165],[-36.3857,-5.2165],[-36.3857,-5.2191],[-36.3884,-5.2191],[-36.3884,-5.2217],[-36.391,-5.2217],[-36.391,-5.2243],[-36.3936,-5.2243],[-36.3936,-5.227],[-36.4014,-5.227],[-36.4014,-5.2296],[-36.4118,-5.2296],[-36.4118,-5.2322],[-36.417,-5.2322],[-36.417,-5.2348],[-36.4222,-5.2348],[-36.4222,-5.2374]]]]},"geometry_name":"GEOMETRY","properties":{"COD_BLOCO":"POT-T-488","COD_FASE_C":"E","DAT_ASSINA":"22-07-2024","DAT_TERMIN":null,"NOM_BACIA":"Potiguar","NOM_BLOCO":"POT-T-488","NOM_FANTAS":"POT-T-488_OP4","NUM_CONTRA":"48610206011202425","NUM_DESCOB":0,"OPERADOR_C":"3R Potiguar S.A.","RODADA":"OPC4","AREA_TOTAL":17,"AMBIENTE":"T ","BLOCOS":null},"bbox":[-36.4375,-5.25,-36.375,-5.2109]},{"type":"Feature","id":"BLOCOS_EXPLORATORIOS_SIRGAS.2261","geometry":{"type":"MultiPolygon","coordinates":[[[[-36.4375,-5.2374],[-36.4587,-5.2374],[-36.4587,-5.24],[-36.4795,-5.24],[-36.4795,-5.2504],[-36.5,-5.2504],[-36.5,-5.2917],[-36.4375,-5.2917],[-36.4375,-5.2374]]]]},"geometry_name":"GEOMETRY","properties":{"COD_BLOCO":"POT-T-531","COD_FASE_C":"E","DAT_ASSINA":"22-07-2024","DAT_TERMIN":null,"NOM_BACIA":"Potiguar","NOM_BLOCO":"POT-T-531","NOM_FANTAS":"POT-T-531_OP4","NUM_CONTRA":"48610206012202470","NUM_DESCOB":0,"OPERADOR_C":"3R Potiguar S.A.","RODADA":"OPC4","AREA_TOTAL":38,"AMBIENTE":"T ","BLOCOS":null},"bbox":[-36.5,-5.2917,-36.4375,-5.2374]},{"type":"Feature","id":"BLOCOS_EXPLORATORIOS_SIRGAS.2262","geometry":{"type":"MultiPolygon","coordinates":[[[[-58.5,-2.8021],[-58.5,-2.625],[-58.625,-2.625],[-58.625,-2.5833],[-58.875,-2.5833],[-58.875,-2.5417],[-59,-2.5417],[-59,-2.9583],[-58.9375,-2.9583],[-58.9375,-3],[-58.5,-3],[-58.5,-2.8594],[-58.513,-2.8594],[-58.513,-2.8724],[-58.5781,-2.8724],[-58.5781,-2.8411],[-58.5677,-2.8411],[-58.5677,-2.8255],[-58.5599,-2.8255],[-58.5599,-2.8125],[-58.5521,-2.8125],[-58.5521,-2.8021],[-58.5,-2.8021]]]]},"geometry_name":"GEOMETRY","properties":{"COD_BLOCO":"AM-T-84","COD_FASE_C":"E","DAT_ASSINA":"28-06-2021","DAT_TERMIN":null,"NOM_BACIA":"Amazonas","NOM_BLOCO":"AM-T-84","NOM_FANTAS":"AM-T-84_OP2","NUM_CONTRA":"48610204666202116","NUM_DESCOB":5,"OPERADOR_C":"Eneva S.A.","RODADA":"OPC2","AREA_TOTAL":2472.214,"AMBIENTE":"T ","BLOCOS":null},"bbox":[-59,-3,-58.5,-2.5417]},{"type":"Feature","id":"BLOCOS_EXPLORATORIOS_SIRGAS.2266","geometry":{"type":"MultiPolygon","coordinates":[[[[-37.125,-5.4167],[-37.125,-5.4557],[-37.1149,-5.4557],[-37.1149,-5.4379],[-37.0811,-5.4379],[-37.0811,-5.4171],[-37.0807,-5.4171],[-37.0807,-5.4167],[-37.125,-5.4167]]]]},"geometry_name":"GEOMETRY","properties":{"COD_BLOCO":"POT-T-702","COD_FASE_C":"E","DAT_ASSINA":"28-06-2021","DAT_TERMIN":null,"NOM_BACIA":"Potiguar","NOM_BLOCO":"POT-T-702","NOM_FANTAS":"POT-T-702_OP2","NUM_CONTRA":"48610204680202110","NUM_DESCOB":1,"OPERADOR_C":"PetroRecôncavo S.A.","RODADA":"OPC2","AREA_TOTAL":14,"AMBIENTE":"T ","BLOCOS":null},"bbox":[-37.125,-5.4557,-37.0807,-5.4167]},{"type":"Feature","id":"BLOCOS_EXPLORATORIOS_SIRGAS.2295","geometry":{"type":"MultiPolygon","coordinates":[[[[-50.25,-34.25],[-50.25,-34.25],[-50,-34.25],[-50,-34],[-50.25,-34],[-50.25,-34.25]]]]},"geometry_name":"GEOMETRY","properties":{"COD_BLOCO":"P-M-1737","COD_FASE_C":"E","DAT_ASSINA":"11-OCT-24","DAT_TERMIN":null,"NOM_BACIA":"Pelotas","NOM_BLOCO":"P-M-1737","NOM_FANTAS":"P-M-1737_OP4","NUM_CONTRA":"48610206112202404","NUM_DESCOB":0,"OPERADOR_C":"Petróleo Brasileiro S.A. - PETROBRAS","RODADA":"OPC4","AREA_TOTAL":640,"AMBIENTE":"M ","BLOCOS":null},"bbox":[-50.25,-34.25,-50,-34]},{"type":"Feature","id":"BLOCOS_EXPLORATORIOS_SIRGAS.2296","geometry":{"type":"MultiPolygon","coordinates":[[[[-50,-34],[-50,-34.25],[-49.75,-34.25],[-49.75,-34],[-50,-34]]]]},"geometry_name":"GEOMETRY","properties":{"COD_BLOCO":"P-M-1739","COD_FASE_C":"E","DAT_ASSINA":"11-OCT-24","DAT_TERMIN":null,"NOM_BACIA":"Pelotas","NOM_BLOCO":"P-M-1739","NOM_FANTAS":"P-M-1739_OP4","NUM_CONTRA":"48610206111202451","NUM_DESCOB":0,"OPERADOR_C":"Petróleo Brasileiro S.A. - PETROBRAS","RODADA":"OPC4","AREA_TOTAL":640,"AMBIENTE":"M ","BLOCOS":null},"bbox":[-50,-34.25,-49.75,-34]},{"type":"Feature","id":"BLOCOS_EXPLORATORIOS_SIRGAS.2297","geometry":{"type":"MultiPolygon","coordinates":[[[[-50,-34.25],[-50,-34.5],[-49.75,-34.5],[-49.75,-34.25],[-50,-34.25]]]]},"geometry_name":"GEOMETRY","properties":{"COD_BLOCO":"P-M-1797","COD_FASE_C":"E","DAT_ASSINA":"11-OCT-24","DAT_TERMIN":null,"NOM_BACIA":"Pelotas","NOM_BLOCO":"P-M-1797","NOM_FANTAS":"P-M-1797_OP4","NUM_CONTRA":"48610206113202441","NUM_DESCOB":0,"OPERADOR_C":"Petróleo Brasileiro S.A. - PETROBRAS","RODADA":"OPC4","AREA_TOTAL":638,"AMBIENTE":"M ","BLOCOS":null},"bbox":[-50,-34.5,-49.75,-34.25]}],"totalFeatures":415,"numberMatched":415,"numberReturned":415,"timeStamp":"2026-07-23T06:47:56.899Z","crs":{"type":"name","properties":{"name":"urn:ogc:def:crs:EPSG::4674"}},"bbox":[-60,-34.75,-35.25,5.4997]}