{"type":"FeatureCollection","features":[{"type":"Feature","properties":{"name":"Vietnam"},"geometry":{"type":"MultiPolygon","coordinates":[[[[104.064,10.391],[104.082,10.34],[104.075,10.226],[104.036,10.111],[104.05,10.061],[103.953,10.243],[103.866,10.335],[103.985,10.427],[104.064,10.391]]],[[[107.974,21.508],[107.808,21.498],[107.708,21.406],[107.636,21.367],[107.528,21.336],[107.409,21.284],[107.376,21.194],[107.373,21.128],[107.355,21.055],[107.164,20.949],[107.11,20.959],[107.02,20.991],[106.937,20.973],[106.887,20.951],[106.822,20.958],[106.761,20.991],[106.682,21.001],[106.736,20.807],[106.754,20.735],[106.552,20.527],[106.574,20.392],[106.52,20.289],[106.397,20.206],[106.167,19.992],[106.062,19.987],[105.983,19.939],[105.814,19.588],[105.81,19.466],[105.785,19.38],[105.792,19.295],[105.717,19.128],[105.638,19.057],[105.623,18.966],[105.731,18.779],[105.807,18.645],[105.839,18.574],[105.89,18.503],[106.066,18.317],[106.145,18.26],[106.239,18.22],[106.412,18.053],[106.498,17.946],[106.458,17.875],[106.48,17.72],[106.354,17.765],[106.516,17.663],[106.736,17.368],[106.926,17.222],[107.121,17.055],[107.182,16.897],[107.355,16.793],[107.549,16.642],[107.592,16.567],[107.726,16.487],[107.805,16.402],[107.834,16.323],[107.938,16.329],[107.992,16.336],[108.089,16.243],[108.168,16.163],[108.208,16.092],[108.266,16.09],[108.273,16.029],[108.395,15.873],[108.446,15.764],[108.579,15.585],[108.672,15.484],[108.744,15.427],[108.82,15.378],[108.899,15.18],[108.939,15.001],[109.022,14.804],[109.086,14.717],[109.086,14.552],[109.137,14.383],[109.191,14.271],[109.209,14.154],[109.223,14.097],[109.302,13.856],[109.288,13.765],[109.248,13.854],[109.252,13.59],[109.288,13.451],[109.27,13.279],[109.31,13.219],[109.378,13.026],[109.425,12.956],[109.421,12.719],[109.446,12.599],[109.382,12.67],[109.335,12.752],[109.274,12.708],[109.22,12.646],[109.306,12.39],[109.205,12.415],[109.216,12.073],[109.256,11.993],[109.248,11.908],[109.22,11.958],[109.216,12.01],[109.166,11.911],[109.158,11.837],[109.191,11.774],[109.173,11.665],[109.133,11.601],[109.04,11.592],[109.018,11.469],[108.986,11.337],[108.82,11.316],[108.701,11.2],[108.55,11.156],[108.417,11.04],[108.273,10.934],[108.176,10.92],[108.096,10.898],[108.003,10.72],[107.844,10.7],[107.564,10.556],[107.47,10.486],[107.384,10.458],[107.261,10.398],[107.193,10.472],[107.088,10.498],[107.034,10.556],[107.02,10.63],[106.966,10.441],[106.901,10.384],[106.811,10.434],[106.728,10.536],[106.606,10.465],[106.7,10.462],[106.779,10.377],[106.757,10.295],[106.642,10.288],[106.491,10.304],[106.602,10.231],[106.728,10.193],[106.786,10.151],[106.714,10.061],[106.66,9.991],[106.656,9.901],[106.595,9.859],[106.448,9.939],[106.138,10.222],[106.185,10.142],[106.509,9.821],[106.563,9.715],[106.574,9.641],[106.484,9.559],[106.379,9.556],[106.203,9.675],[105.926,9.962],[105.832,10],[106.113,9.674],[106.16,9.594],[106.206,9.502],[106.192,9.448],[106.167,9.396],[105.501,9.094],[105.4,8.962],[105.321,8.8],[105.191,8.712],[105.116,8.629],[104.892,8.583],[104.77,8.597],[104.896,8.747],[104.817,8.802],[104.813,9.186],[104.846,9.606],[104.903,9.816],[104.986,9.868],[105.094,9.901],[105.083,9.997],[105.029,10.068],[104.964,10.101],[104.874,10.115],[104.802,10.203],[104.748,10.2],[104.662,10.17],[104.612,10.208],[104.594,10.267],[104.514,10.34],[104.428,10.411],[104.514,10.464],[104.565,10.516],[104.691,10.523],[104.817,10.521],[104.9,10.59],[104.982,10.661],[105.047,10.701],[105.036,10.809],[105.022,10.887],[105.159,10.898],[105.285,10.861],[105.386,10.941],[105.454,10.951],[105.576,10.969],[105.699,10.995],[105.756,10.99],[105.81,10.925],[105.854,10.863],[105.936,10.885],[105.99,10.852],[106.098,10.797],[106.163,10.795],[106.131,10.922],[106.167,11.012],[106.098,11.078],[105.893,11.245],[105.857,11.295],[105.861,11.373],[105.854,11.488],[105.836,11.559],[105.85,11.635],[105.926,11.653],[106.005,11.759],[106.102,11.752],[106.239,11.708],[106.34,11.682],[106.401,11.687],[106.412,11.738],[106.419,11.911],[106.498,11.965],[106.631,11.969],[106.7,11.979],[106.764,12.052],[106.93,12.078],[107.052,12.175],[107.16,12.278],[107.211,12.304],[107.279,12.321],[107.33,12.319],[107.394,12.26],[107.445,12.295],[107.506,12.364],[107.538,12.432],[107.556,12.54],[107.542,12.706],[107.513,12.835],[107.481,12.934],[107.474,13.031],[107.546,13.226],[107.607,13.437],[107.592,13.522],[107.528,13.654],[107.463,13.816],[107.391,13.993],[107.344,14.069],[107.33,14.126],[107.362,14.307],[107.366,14.37],[107.448,14.451],[107.492,14.547],[107.535,14.651],[107.52,14.705],[107.513,14.817],[107.524,14.871],[107.481,14.981],[107.556,15.057],[107.589,15.118],[107.632,15.191],[107.654,15.255],[107.621,15.31],[107.564,15.392],[107.459,15.467],[107.34,15.56],[107.279,15.619],[107.232,15.678],[107.189,15.748],[107.168,15.802],[107.362,15.922],[107.409,15.998],[107.351,16.067],[107.297,16.085],[107.218,16.137],[107.07,16.279],[107.002,16.312],[106.93,16.354],[106.851,16.515],[106.793,16.491],[106.739,16.453],[106.656,16.493],[106.595,16.6],[106.545,16.651],[106.534,16.821],[106.527,16.876],[106.502,16.954],[106.426,17.003],[106.332,17.144],[106.271,17.217],[106.005,17.414],[105.904,17.529],[105.778,17.644],[105.692,17.737],[105.627,17.835],[105.598,17.918],[105.587,17.984],[105.519,18.078],[105.458,18.154],[105.4,18.18],[105.335,18.19],[105.274,18.236],[105.162,18.338],[105.116,18.406],[105.087,18.496],[105.112,18.572],[105.148,18.651],[104.993,18.729],[104.716,18.803],[104.612,18.861],[104.518,18.933],[104.446,18.984],[104.108,19.196],[104.007,19.23],[103.917,19.269],[103.895,19.34],[104.028,19.421],[104.064,19.482],[104.05,19.564],[104.014,19.647],[104.064,19.678],[104.126,19.682],[104.259,19.685],[104.547,19.611],[104.745,19.755],[104.802,19.836],[104.817,19.904],[104.928,20.018],[104.928,20.083],[104.889,20.17],[104.813,20.216],[104.698,20.206],[104.662,20.289],[104.619,20.374],[104.496,20.414],[104.392,20.425],[104.406,20.485],[104.478,20.529],[104.532,20.555],[104.583,20.647],[104.529,20.689],[104.46,20.734],[104.349,20.821],[104.194,20.914],[104.1,20.946],[103.881,20.862],[103.791,20.81],[103.715,20.716],[103.636,20.697],[103.553,20.737],[103.463,20.781],[103.211,20.841],[103.103,20.892],[102.884,21.202],[102.851,21.267],[102.873,21.338],[102.887,21.44],[102.909,21.506],[102.948,21.57],[102.959,21.626],[102.948,21.682],[102.876,21.722],[102.815,21.807],[102.772,21.709],[102.696,21.662],[102.642,21.711],[102.632,21.772],[102.61,21.852],[102.581,21.904],[102.488,21.958],[102.444,22.027],[102.3,22.178],[102.182,22.284],[102.128,22.379],[102.236,22.466],[102.304,22.546],[102.376,22.647],[102.405,22.708],[102.47,22.751],[102.599,22.701],[102.722,22.649],[102.83,22.588],[102.873,22.525],[102.934,22.466],[103.006,22.452],[103.074,22.497],[103.136,22.543],[103.139,22.593],[103.193,22.638],[103.265,22.713],[103.301,22.765],[103.355,22.754],[103.47,22.598],[103.524,22.612],[103.571,22.734],[103.622,22.782],[103.913,22.537],[103.971,22.551],[104.014,22.666],[104.054,22.753],[104.144,22.8],[104.212,22.81],[104.298,22.713],[104.37,22.704],[104.525,22.805],[104.579,22.82],[104.633,22.819],[104.687,22.822],[104.741,22.86],[104.795,22.911],[104.813,23.011],[104.828,23.1],[104.91,23.161],[104.997,23.194],[105.188,23.28],[105.238,23.322],[105.35,23.308],[105.44,23.235],[105.494,23.181],[105.53,23.122],[105.548,23.072],[105.692,23.03],[105.782,22.97],[105.843,22.923],[105.904,22.925],[105.962,22.937],[106.07,22.975],[106.149,22.97],[106.25,22.869],[106.34,22.864],[106.451,22.893],[106.541,22.909],[106.624,22.874],[106.779,22.779],[106.736,22.711],[106.703,22.638],[106.635,22.586],[106.581,22.574],[106.552,22.501],[106.538,22.395],[106.552,22.341],[106.635,22.289],[106.66,22.136],[106.656,22.018],[106.728,22.001],[106.793,21.982],[106.876,21.951],[106.926,21.919],[107.006,21.893],[107.02,21.834],[107.178,21.716],[107.272,21.711],[107.351,21.609],[107.434,21.642],[107.639,21.614],[107.758,21.656],[107.909,21.56],[107.974,21.508]]],[[[106.617,8.682],[106.566,8.701],[106.66,8.766],[106.653,8.701],[106.617,8.682]]],[[[107.168,10.398],[107.085,10.337],[107.078,10.387],[107.15,10.42],[107.168,10.398]]]]}},{"type":"Feature","properties":{"name":"Micronesia"},"geometry":{"type":"MultiPolygon","coordinates":[[[[138.142,9.5],[138.067,9.418],[138.085,9.495],[138.117,9.55],[138.186,9.594],[138.182,9.507],[138.142,9.5]]],[[[151.646,7.346],[151.578,7.339],[151.607,7.389],[151.646,7.346]]],[[[151.88,7.432],[151.866,7.427],[151.855,7.432],[151.859,7.457],[151.866,7.465],[151.88,7.467],[151.909,7.46],[151.913,7.453],[151.88,7.432]]]]}},{"type":"Feature","properties":{"name":"N. Mariana Is."},"geometry":{"type":"MultiPolygon","coordinates":[[[[145.263,14.158],[145.18,14.121],[145.231,14.189],[145.263,14.158]]],[[[145.753,15.133],[145.699,15.114],[145.713,15.215],[145.785,15.257],[145.782,15.175],[145.753,15.133]]],[[[145.663,14.97],[145.62,14.92],[145.591,14.998],[145.623,15.06],[145.663,14.97]]]]}},{"type":"Feature","properties":{"name":"Guam"},"geometry":{"type":"Polygon","coordinates":[[[144.741,13.258],[144.662,13.291],[144.648,13.429],[144.792,13.528],[144.838,13.623],[144.91,13.599],[144.781,13.411],[144.741,13.258]]]}},{"type":"Feature","properties":{"name":"Timor-Leste"},"geometry":{"type":"MultiPolygon","coordinates":[[[[125.647,-8.139],[125.578,-8.311],[125.506,-8.275],[125.585,-8.179],[125.647,-8.139]]],[[[125.067,-9.513],[125.035,-9.382],[124.999,-9.325],[124.959,-9.254],[124.977,-9.195],[125.099,-9.19],[125.15,-9.124],[125.15,-9.042],[125.099,-9.004],[124.973,-9.065],[124.916,-9.032],[124.923,-8.943],[125.027,-8.86],[125.117,-8.707],[125.179,-8.648],[125.323,-8.591],[125.38,-8.575],[125.805,-8.492],[125.906,-8.487],[126.172,-8.488],[126.532,-8.471],[126.619,-8.459],[126.734,-8.422],[126.845,-8.377],[126.903,-8.341],[126.968,-8.317],[127.058,-8.348],[127.216,-8.372],[127.295,-8.424],[127.115,-8.584],[126.914,-8.716],[126.791,-8.756],[126.665,-8.782],[126.568,-8.832],[126.485,-8.912],[126.381,-8.957],[126.266,-8.973],[126.165,-8.997],[126.071,-9.044],[125.945,-9.124],[125.895,-9.132],[125.841,-9.131],[125.737,-9.16],[125.409,-9.277],[125.211,-9.403],[125.067,-9.513]]],[[[124.037,-9.341],[124.199,-9.256],[124.444,-9.19],[124.412,-9.315],[124.318,-9.414],[124.135,-9.414],[124.052,-9.376],[124.037,-9.341]]]]}},{"type":"Feature","properties":{"name":"Thailand"},"geometry":{"type":"MultiPolygon","coordinates":[[[[102.606,11.677],[102.588,11.573],[102.534,11.614],[102.545,11.668],[102.606,11.677]]],[[[102.426,11.989],[102.362,11.974],[102.3,11.981],[102.272,12.12],[102.38,12.073],[102.426,11.989]]],[[[98.409,7.903],[98.398,7.828],[98.315,7.783],[98.261,7.925],[98.301,8.136],[98.351,8.111],[98.434,8.085],[98.398,7.965],[98.409,7.903]]],[[[100.122,20.317],[100.115,20.258],[100.173,20.272],[100.22,20.34],[100.317,20.387],[100.374,20.34],[100.432,20.241],[100.493,20.183],[100.54,20.133],[100.515,19.996],[100.468,19.888],[100.396,19.756],[100.421,19.645],[100.515,19.553],[100.626,19.499],[100.745,19.515],[100.806,19.541],[100.857,19.584],[100.907,19.605],[100.965,19.611],[101.156,19.579],[101.213,19.548],[101.22,19.487],[101.199,19.328],[101.228,19.211],[101.282,19.09],[101.285,18.977],[101.22,18.793],[101.166,18.618],[101.105,18.534],[101.062,18.479],[101.051,18.407],[101.094,18.355],[101.138,18.288],[101.148,18.222],[101.145,18.142],[101.112,18.034],[101.001,17.796],[100.907,17.585],[100.958,17.541],[101.044,17.51],[101.105,17.479],[101.166,17.5],[101.3,17.625],[101.415,17.718],[101.555,17.812],[101.688,17.89],[101.742,17.953],[101.775,18.034],[101.876,18.046],[101.948,18.081],[102.034,18.17],[102.102,18.211],[102.232,18.149],[102.351,18.046],[102.459,17.984],[102.552,17.965],[102.596,17.869],[102.66,17.817],[102.718,17.892],[102.808,17.946],[102.898,17.977],[102.992,17.986],[103.053,18.029],[103.092,18.138],[103.15,18.222],[103.2,18.26],[103.262,18.279],[103.247,18.34],[103.287,18.409],[103.366,18.423],[103.488,18.418],[103.629,18.383],[103.791,18.317],[103.899,18.295],[103.949,18.319],[104.05,18.217],[104.198,17.989],[104.324,17.815],[104.428,17.699],[104.54,17.609],[104.655,17.546],[104.741,17.461],[104.817,17.3],[104.759,17.078],[104.745,16.885],[104.752,16.647],[104.82,16.467],[104.95,16.34],[105.026,16.237],[105.047,16.161],[105.148,16.093],[105.332,16.038],[105.407,15.987],[105.375,15.89],[105.4,15.83],[105.461,15.781],[105.562,15.741],[105.623,15.699],[105.638,15.586],[105.616,15.488],[105.573,15.413],[105.512,15.361],[105.49,15.257],[105.49,15.128],[105.533,15.041],[105.548,14.932],[105.522,14.843],[105.501,14.661],[105.497,14.59],[105.476,14.531],[105.422,14.472],[105.342,14.416],[105.245,14.368],[105.184,14.347],[105.126,14.281],[105.072,14.227],[105.004,14.255],[104.968,14.366],[104.878,14.404],[104.777,14.429],[104.576,14.39],[104.41,14.37],[104.226,14.396],[104.054,14.363],[103.982,14.357],[103.899,14.363],[103.82,14.363],[103.74,14.375],[103.6,14.422],[103.546,14.418],[103.431,14.378],[103.312,14.352],[103.2,14.333],[103.031,14.253],[102.909,14.137],[102.873,14.055],[102.812,13.972],[102.729,13.842],[102.621,13.717],[102.545,13.66],[102.545,13.585],[102.43,13.567],[102.336,13.561],[102.329,13.288],[102.362,13.193],[102.423,13.078],[102.462,13.015],[102.491,12.828],[102.498,12.67],[102.628,12.569],[102.704,12.493],[102.754,12.427],[102.707,12.255],[102.736,12.09],[102.92,11.733],[102.79,11.889],[102.761,12.012],[102.653,12.149],[102.596,12.203],[102.542,12.109],[102.434,12.179],[102.344,12.253],[102.261,12.394],[102.228,12.331],[102.135,12.443],[102.034,12.531],[101.944,12.564],[101.89,12.594],[101.836,12.64],[101.724,12.689],[101.444,12.62],[101.091,12.673],[100.954,12.621],[100.896,12.654],[100.864,12.715],[100.896,12.818],[100.904,13.035],[100.947,13.187],[100.925,13.304],[100.947,13.357],[100.961,13.432],[100.907,13.462],[100.655,13.521],[100.601,13.567],[100.536,13.514],[100.234,13.484],[100.122,13.439],[100.018,13.354],[99.989,13.243],[100.05,13.172],[100.09,13.045],[99.982,12.771],[99.964,12.691],[100.007,12.354],[99.989,12.17],[99.932,12.047],[99.838,11.937],[99.798,11.748],[99.726,11.661],[99.626,11.463],[99.561,11.215],[99.514,11.101],[99.485,10.889],[99.284,10.569],[99.237,10.389],[99.165,10.319],[99.19,10.266],[99.194,10.175],[99.168,9.934],[99.161,9.734],[99.19,9.627],[99.287,9.415],[99.266,9.352],[99.255,9.266],[99.334,9.226],[99.395,9.214],[99.723,9.314],[99.834,9.288],[99.878,9.195],[99.906,9.113],[99.96,8.672],[99.989,8.589],[100.058,8.511],[100.13,8.429],[100.162,8.509],[100.23,8.425],[100.281,8.269],[100.454,7.443],[100.504,7.337],[100.544,7.228],[100.439,7.281],[100.41,7.464],[100.382,7.542],[100.284,7.552],[100.324,7.644],[100.317,7.715],[100.256,7.774],[100.158,7.728],[100.162,7.599],[100.205,7.5],[100.371,7.28],[100.425,7.188],[100.49,7.162],[100.587,7.176],[100.702,7.082],[100.792,6.995],[101.019,6.861],[101.156,6.875],[101.303,6.908],[101.4,6.9],[101.498,6.865],[101.613,6.754],[101.8,6.474],[102.102,6.242],[102.07,6.184],[102.056,6.097],[101.937,5.979],[101.919,5.912],[101.872,5.825],[101.789,5.78],[101.721,5.771],[101.649,5.795],[101.602,5.877],[101.404,5.851],[101.256,5.79],[101.231,5.733],[101.192,5.669],[101.112,5.637],[101.026,5.724],[100.994,5.846],[101.076,5.957],[101.087,6.033],[101.076,6.167],[101.055,6.243],[100.99,6.257],[100.875,6.245],[100.817,6.332],[100.792,6.426],[100.716,6.481],[100.63,6.448],[100.565,6.467],[100.346,6.551],[100.263,6.683],[100.176,6.672],[100.137,6.488],[99.87,6.75],[99.698,6.877],[99.719,7.106],[99.669,7.151],[99.604,7.155],[99.554,7.219],[99.597,7.356],[99.528,7.33],[99.435,7.335],[99.359,7.372],[99.302,7.561],[99.262,7.618],[99.183,7.719],[99.078,7.719],[99.05,7.887],[98.974,7.962],[98.873,8.024],[98.79,8.059],[98.704,8.257],[98.636,8.306],[98.578,8.344],[98.499,8.318],[98.474,8.247],[98.42,8.179],[98.362,8.188],[98.304,8.226],[98.24,8.424],[98.225,8.544],[98.243,8.767],[98.326,8.969],[98.373,9.29],[98.445,9.493],[98.492,9.561],[98.564,9.837],[98.704,10.191],[98.718,10.266],[98.747,10.351],[98.769,10.431],[98.776,10.557],[98.758,10.623],[98.787,10.708],[98.888,10.788],[99.024,10.92],[99.19,11.106],[99.359,11.389],[99.442,11.554],[99.478,11.613],[99.572,11.687],[99.611,11.75],[99.521,12.09],[99.464,12.191],[99.431,12.309],[99.417,12.396],[99.395,12.474],[99.406,12.548],[99.298,12.653],[99.219,12.739],[99.172,12.882],[99.172,12.962],[99.125,13.031],[99.107,13.104],[99.136,13.173],[99.176,13.232],[99.172,13.496],[99.158,13.576],[99.136,13.717],[99.086,13.823],[99.014,13.948],[98.934,14.05],[98.722,14.236],[98.571,14.359],[98.495,14.474],[98.402,14.602],[98.333,14.696],[98.247,14.814],[98.204,14.975],[98.178,15.147],[98.193,15.205],[98.286,15.272],[98.452,15.357],[98.538,15.35],[98.564,15.404],[98.553,15.56],[98.56,15.769],[98.574,15.939],[98.592,16.05],[98.819,16.18],[98.866,16.237],[98.888,16.298],[98.888,16.352],[98.837,16.418],[98.69,16.305],[98.592,16.515],[98.564,16.571],[98.524,16.638],[98.477,16.732],[98.47,16.895],[98.438,16.975],[98.258,17.147],[98.175,17.239],[98.063,17.373],[97.93,17.533],[97.793,17.682],[97.728,17.776],[97.7,17.833],[97.739,17.935],[97.721,18.038],[97.653,18.173],[97.624,18.258],[97.523,18.296],[97.451,18.359],[97.379,18.494],[97.484,18.494],[97.577,18.529],[97.671,18.562],[97.728,18.572],[97.707,18.932],[97.714,18.996],[97.804,19.13],[97.793,19.265],[97.818,19.459],[97.916,19.593],[97.991,19.654],[98.016,19.749],[98.11,19.762],[98.24,19.69],[98.294,19.687],[98.373,19.689],[98.456,19.694],[98.762,19.77],[98.819,19.779],[98.877,19.77],[98.96,19.805],[98.988,19.862],[99.021,20.041],[99.075,20.1],[99.132,20.117],[99.197,20.116],[99.284,20.081],[99.338,20.079],[99.399,20.093],[99.453,20.119],[99.503,20.189],[99.489,20.26],[99.449,20.352],[99.532,20.343],[99.64,20.321],[99.719,20.326],[99.773,20.341],[99.824,20.385],[99.892,20.425],[99.953,20.416],[100.004,20.38],[100.122,20.317]]],[[[100.076,9.696],[100.025,9.712],[99.982,9.793],[100.043,9.792],[100.076,9.696]]],[[[100.072,9.587],[100.076,9.53],[100.054,9.462],[99.964,9.422],[99.932,9.476],[99.939,9.561],[100.043,9.576],[100.072,9.587]]],[[[99.662,6.521],[99.608,6.597],[99.654,6.714],[99.701,6.571],[99.662,6.521]]],[[[98.592,7.934],[98.531,8.108],[98.603,8.057],[98.592,7.934]]],[[[98.308,9.052],[98.25,9.04],[98.258,9.096],[98.312,9.08],[98.308,9.052]]],[[[99.078,7.592],[99.104,7.471],[99.039,7.549],[99.039,7.625],[99.078,7.592]]]]}},{"type":"Feature","properties":{"name":"Singapore"},"geometry":{"type":"Polygon","coordinates":[[[103.971,1.332],[103.82,1.266],[103.65,1.325],[103.704,1.424],[103.82,1.447],[103.91,1.415],[103.96,1.393],[103.971,1.332]]]}},{"type":"Feature","properties":{"name":"Philippines"},"geometry":{"type":"MultiPolygon","coordinates":[[[[121.1,18.616],[121.255,18.564],[121.593,18.376],[121.715,18.329],[121.845,18.295],[121.946,18.286],[122.039,18.328],[122.147,18.487],[122.219,18.501],[122.299,18.402],[122.317,18.321],[122.295,18.234],[122.223,18.157],[122.18,18.064],[122.151,17.756],[122.151,17.664],[122.176,17.576],[122.237,17.435],[122.363,17.345],[122.392,17.239],[122.407,17.178],[122.468,17.156],[122.518,17.125],[122.5,17.059],[122.468,16.991],[122.425,16.823],[122.227,16.435],[122.216,16.352],[122.137,16.185],[121.975,16.158],[121.787,16.078],[121.687,16.015],[121.597,15.934],[121.561,15.826],[121.607,15.725],[121.607,15.67],[121.489,15.51],[121.453,15.416],[121.391,15.324],[121.399,15.267],[121.435,15.217],[121.543,15],[121.661,14.79],[121.694,14.738],[121.625,14.682],[121.629,14.581],[121.647,14.481],[121.751,14.234],[121.766,14.168],[121.802,14.114],[121.852,14.062],[121.913,14.021],[122.079,13.948],[122.144,13.932],[122.212,13.93],[122.288,13.996],[122.201,14.111],[122.237,14.175],[122.385,14.264],[122.489,14.323],[122.626,14.317],[122.759,14.284],[122.857,14.251],[122.936,14.187],[123.015,14.08],[123.073,13.96],[123.069,13.903],[123.058,13.845],[123.058,13.788],[123.231,13.748],[123.296,13.837],[123.307,13.937],[123.281,14.024],[123.379,14.029],[123.433,13.967],[123.634,13.899],[123.685,13.897],[123.814,13.837],[123.807,13.722],[123.605,13.705],[123.548,13.646],[123.609,13.528],[123.703,13.432],[123.764,13.354],[123.818,13.269],[123.818,13.191],[123.785,13.111],[123.872,13.116],[123.955,13.101],[124.07,13.031],[124.142,13.036],[124.138,12.792],[124.059,12.568],[123.962,12.595],[123.879,12.689],[123.893,12.805],[123.947,12.916],[123.865,12.93],[123.803,12.906],[123.735,12.897],[123.627,12.911],[123.404,13.033],[123.31,13.045],[123.289,13.099],[123.296,13.215],[123.206,13.354],[123.163,13.443],[122.896,13.592],[122.781,13.738],[122.594,13.908],[122.543,13.925],[122.486,13.93],[122.493,13.821],[122.504,13.764],[122.5,13.703],[122.597,13.562],[122.669,13.396],[122.677,13.253],[122.601,13.194],[122.515,13.26],[122.511,13.314],[122.497,13.364],[122.407,13.493],[122.205,13.649],[122.072,13.788],[121.777,13.937],[121.69,13.934],[121.499,13.842],[121.449,13.791],[121.445,13.712],[121.345,13.649],[121.204,13.64],[121.096,13.68],[121.006,13.758],[120.931,13.762],[120.841,13.885],[120.729,13.901],[120.635,13.805],[120.617,13.995],[120.617,14.187],[120.643,14.245],[120.923,14.493],[120.952,14.559],[120.941,14.646],[120.887,14.715],[120.805,14.758],[120.707,14.776],[120.639,14.816],[120.585,14.882],[120.545,14.765],[120.581,14.595],[120.589,14.482],[120.495,14.441],[120.437,14.453],[120.365,14.609],[120.283,14.684],[120.25,14.793],[120.139,14.8],[120.081,14.85],[120.045,14.979],[120.038,15.114],[120.005,15.229],[119.959,15.34],[119.933,15.43],[119.89,15.838],[119.861,15.906],[119.807,15.953],[119.768,16.008],[119.771,16.255],[119.829,16.326],[119.887,16.288],[119.984,16.215],[120.034,16.185],[120.124,16.066],[120.272,16.052],[120.337,16.066],[120.387,16.161],[120.391,16.222],[120.326,16.401],[120.304,16.529],[120.304,16.645],[120.322,16.762],[120.409,16.956],[120.419,17.09],[120.412,17.27],[120.427,17.376],[120.423,17.439],[120.373,17.534],[120.358,17.638],[120.506,18.163],[120.553,18.263],[120.585,18.369],[120.599,18.508],[120.711,18.546],[120.815,18.604],[120.869,18.598],[120.923,18.585],[121.053,18.614],[121.1,18.616]]],[[[117.313,8.439],[117.219,8.366],[117.23,8.457],[117.255,8.542],[117.349,8.714],[117.417,8.767],[117.529,8.903],[117.593,8.969],[117.745,9.099],[117.885,9.241],[117.982,9.254],[118.115,9.347],[118.342,9.602],[118.533,9.793],[118.727,10.035],[118.821,10.106],[119.023,10.354],[119.08,10.385],[119.141,10.41],[119.224,10.477],[119.285,10.575],[119.314,10.687],[119.296,10.752],[119.26,10.845],[119.307,10.974],[119.339,11.033],[119.465,11.293],[119.501,11.347],[119.552,11.314],[119.534,11.156],[119.534,11.102],[119.563,11.045],[119.527,10.953],[119.617,10.707],[119.685,10.552],[119.689,10.5],[119.595,10.408],[119.541,10.38],[119.422,10.354],[119.368,10.328],[119.285,10.252],[119.231,10.153],[119.217,10.101],[118.947,9.993],[118.835,9.95],[118.781,9.917],[118.756,9.863],[118.774,9.767],[118.569,9.422],[118.504,9.333],[118.436,9.255],[118.349,9.201],[118.231,9.168],[118.133,9.101],[118.069,8.983],[117.989,8.877],[117.889,8.799],[117.781,8.729],[117.68,8.677],[117.572,8.642],[117.518,8.538],[117.467,8.511],[117.413,8.497],[117.313,8.439]]],[[[122.497,11.614],[122.612,11.564],[122.727,11.608],[122.839,11.595],[122.932,11.529],[122.896,11.441],[123.101,11.542],[123.159,11.536],[123.155,11.443],[123.145,11.363],[123.119,11.286],[123.076,11.196],[123.015,11.116],[122.939,11.059],[122.846,11.023],[122.788,10.941],[122.792,10.88],[122.77,10.825],[122.673,10.8],[122.522,10.693],[122.198,10.623],[122.108,10.576],[122.05,10.514],[121.989,10.458],[121.939,10.47],[121.982,10.639],[121.971,10.7],[121.949,10.757],[121.964,10.871],[122.021,10.979],[122.05,11.097],[122.061,11.326],[122.104,11.642],[122.068,11.724],[121.942,11.759],[121.892,11.792],[121.917,11.854],[122.029,11.896],[122.086,11.856],[122.291,11.772],[122.399,11.703],[122.497,11.614]]],[[[123.13,9.064],[123.065,9.054],[122.993,9.059],[122.867,9.319],[122.774,9.372],[122.666,9.41],[122.612,9.443],[122.561,9.483],[122.41,9.694],[122.399,9.823],[122.425,9.896],[122.471,9.962],[122.522,9.979],[122.648,9.981],[122.713,9.99],[122.857,10.087],[122.867,10.285],[122.853,10.396],[122.817,10.503],[122.857,10.554],[122.907,10.602],[122.957,10.698],[122.968,10.766],[122.968,10.837],[122.983,10.887],[123.22,10.99],[123.512,10.924],[123.562,10.816],[123.526,10.661],[123.494,10.582],[123.407,10.458],[123.343,10.325],[123.296,10.125],[123.267,10.059],[123.188,9.934],[123.163,9.865],[123.163,9.715],[123.148,9.66],[123.148,9.606],[123.307,9.358],[123.321,9.273],[123.292,9.217],[123.227,9.122],[123.13,9.064]]],[[[124.574,11.344],[124.646,11.309],[124.725,11.323],[124.822,11.401],[124.93,11.373],[124.995,11.255],[125.045,11.135],[125.038,10.951],[125.013,10.786],[125.085,10.722],[125.164,10.637],[125.189,10.585],[125.197,10.457],[125.261,10.349],[125.254,10.264],[125.15,10.273],[125.143,10.189],[125.045,10.323],[124.988,10.368],[125.006,10.198],[125.024,10.115],[125.027,10.033],[124.93,10.095],[124.811,10.135],[124.793,10.274],[124.79,10.328],[124.739,10.439],[124.797,10.682],[124.797,10.733],[124.739,10.88],[124.664,10.962],[124.502,10.904],[124.444,10.924],[124.412,11.151],[124.365,11.371],[124.333,11.427],[124.307,11.486],[124.376,11.516],[124.437,11.457],[124.513,11.424],[124.574,11.344]]],[[[125.24,12.528],[125.312,12.446],[125.326,12.387],[125.319,12.321],[125.409,12.285],[125.481,12.252],[125.535,12.191],[125.503,12.135],[125.513,12.055],[125.456,11.953],[125.463,11.771],[125.495,11.713],[125.499,11.656],[125.492,11.594],[125.593,11.378],[125.611,11.323],[125.575,11.238],[125.629,11.234],[125.704,11.165],[125.747,11.073],[125.675,11.121],[125.431,11.113],[125.312,11.142],[125.233,11.146],[125.157,11.267],[125.089,11.288],[125.035,11.342],[124.945,11.479],[124.916,11.559],[124.981,11.639],[124.999,11.703],[124.995,11.766],[124.934,11.755],[124.883,11.776],[124.822,11.852],[124.75,11.934],[124.678,12.021],[124.57,12.055],[124.444,12.153],[124.387,12.245],[124.325,12.404],[124.293,12.569],[124.567,12.526],[124.84,12.535],[125.15,12.573],[125.24,12.528]]],[[[120.704,13.479],[120.754,13.47],[120.916,13.502],[120.981,13.486],[121.024,13.429],[121.078,13.411],[121.204,13.432],[121.283,13.375],[121.355,13.265],[121.442,13.189],[121.521,13.132],[121.489,13.019],[121.474,12.932],[121.481,12.837],[121.539,12.639],[121.521,12.585],[121.456,12.509],[121.413,12.423],[121.399,12.361],[121.395,12.3],[121.323,12.304],[121.237,12.219],[121.154,12.236],[121.107,12.304],[121.049,12.359],[120.963,12.446],[120.923,12.512],[120.92,12.581],[120.898,12.646],[120.855,12.703],[120.797,12.748],[120.769,12.84],[120.765,12.97],[120.679,13.13],[120.574,13.208],[120.509,13.26],[120.481,13.311],[120.455,13.394],[120.387,13.401],[120.351,13.474],[120.401,13.517],[120.47,13.522],[120.653,13.498],[120.704,13.479]]],[[[126.007,9.321],[126.086,9.26],[126.194,9.276],[126.19,9.125],[126.305,8.951],[126.32,8.846],[126.262,8.743],[126.14,8.627],[126.172,8.561],[126.284,8.54],[126.367,8.484],[126.381,8.326],[126.46,8.203],[126.457,8.149],[126.424,7.927],[126.435,7.833],[126.493,7.757],[126.543,7.724],[126.593,7.547],[126.59,7.325],[126.583,7.248],[126.547,7.176],[126.439,7.012],[126.295,6.882],[126.215,6.891],[126.241,6.735],[126.223,6.483],[126.19,6.309],[126.143,6.398],[126.111,6.49],[126.079,6.733],[126.043,6.844],[125.985,6.943],[125.96,7.033],[125.902,7.117],[125.823,7.334],[125.773,7.321],[125.69,7.262],[125.661,7.16],[125.639,7.104],[125.542,7.016],[125.463,6.912],[125.402,6.795],[125.38,6.689],[125.434,6.608],[125.488,6.573],[125.564,6.5],[125.672,6.224],[125.668,5.979],[125.607,5.87],[125.456,5.663],[125.348,5.599],[125.287,5.632],[125.24,5.757],[125.233,5.808],[125.265,5.926],[125.269,6.033],[125.189,6.063],[125.078,5.907],[124.973,5.867],[124.635,5.999],[124.397,6.12],[124.214,6.233],[124.077,6.405],[124.048,6.533],[124.048,6.667],[123.987,6.863],[123.98,6.929],[123.987,6.993],[124.045,7.115],[124.117,7.176],[124.192,7.268],[124.214,7.332],[124.207,7.396],[124.066,7.578],[123.969,7.665],[123.764,7.743],[123.667,7.818],[123.609,7.832],[123.551,7.832],[123.494,7.807],[123.476,7.757],[123.476,7.665],[123.389,7.408],[123.281,7.464],[123.177,7.53],[123.137,7.63],[123.098,7.7],[123.047,7.615],[122.99,7.547],[122.918,7.53],[122.842,7.53],[122.792,7.722],[122.713,7.774],[122.615,7.762],[122.497,7.672],[122.45,7.561],[122.32,7.34],[122.252,7.17],[122.176,7.004],[122.144,6.95],[122.029,6.929],[121.964,6.969],[121.903,7.075],[121.924,7.2],[121.993,7.278],[122.047,7.363],[122.115,7.66],[122.119,7.766],[122.245,7.945],[122.338,8.028],[122.59,8.094],[122.673,8.134],[122.803,8.134],[122.911,8.156],[122.997,8.221],[123.004,8.287],[122.997,8.356],[123.051,8.434],[123.148,8.516],[123.292,8.542],[123.343,8.571],[123.436,8.703],[123.497,8.682],[123.562,8.648],[123.681,8.62],[123.782,8.547],[123.85,8.432],[123.861,8.377],[123.879,8.189],[123.753,8.057],[123.929,8.129],[123.998,8.16],[124.16,8.202],[124.225,8.271],[124.282,8.386],[124.325,8.509],[124.358,8.559],[124.451,8.606],[124.621,8.523],[124.732,8.563],[124.761,8.689],[124.786,8.873],[124.808,8.924],[124.869,8.972],[124.945,8.957],[125.045,8.891],[125.143,8.868],[125.175,8.922],[125.211,9.028],[125.377,8.991],[125.499,9.014],[125.535,9.141],[125.51,9.276],[125.413,9.668],[125.47,9.757],[125.521,9.759],[125.643,9.655],[125.877,9.514],[125.956,9.427],[126.007,9.321]]],[[[123.371,9.45],[123.317,9.49],[123.328,9.578],[123.404,9.889],[123.386,9.967],[123.515,10.141],[123.595,10.302],[123.71,10.474],[123.728,10.562],[123.832,10.731],[123.929,10.963],[123.926,11.042],[123.965,11.137],[123.965,11.187],[124.037,11.274],[124.059,11.217],[124.037,11.106],[124.041,11.054],[124.052,10.925],[124.027,10.767],[124.052,10.585],[124.005,10.399],[123.951,10.316],[123.875,10.257],[123.789,10.22],[123.699,10.128],[123.645,10.021],[123.634,9.922],[123.494,9.589],[123.371,9.45]]],[[[121.161,6.075],[121.215,6.004],[121.283,6.023],[121.391,6.002],[121.409,5.939],[121.294,5.87],[121.219,5.943],[121.082,5.893],[121.017,5.922],[120.931,5.896],[120.877,5.953],[120.898,6.007],[121.039,6.096],[121.161,6.075]]],[[[117.079,7.884],[117.028,7.807],[116.971,7.894],[116.974,8.017],[117.079,8.07],[117.079,7.884]]],[[[119.915,10.486],[119.793,10.455],[119.764,10.552],[119.851,10.641],[119.951,10.604],[120.009,10.569],[119.915,10.486]]],[[[120.099,12.168],[120.153,12.153],[120.229,12.22],[120.261,12.142],[120.34,12.078],[120.315,12.012],[120.243,12.005],[120.175,12.019],[120.099,11.993],[120.009,12.009],[119.959,12.069],[119.897,12.179],[119.869,12.245],[119.887,12.3],[119.962,12.271],[120.077,12.198],[120.099,12.168]]],[[[120.038,11.703],[119.962,11.67],[119.933,11.739],[119.861,11.955],[119.915,11.981],[119.998,11.932],[120.07,11.861],[120.074,11.783],[120.038,11.703]]],[[[122.648,10.472],[122.597,10.462],[122.54,10.425],[122.518,10.493],[122.536,10.608],[122.626,10.694],[122.702,10.741],[122.738,10.654],[122.68,10.498],[122.648,10.472]]],[[[124.595,9.786],[124.505,9.753],[124.405,9.655],[124.124,9.599],[123.937,9.623],[123.872,9.675],[123.829,9.76],[123.818,9.818],[123.865,9.878],[124.059,10],[124.095,10.061],[124.174,10.135],[124.336,10.16],[124.405,10.127],[124.487,10.066],[124.577,10.026],[124.556,9.878],[124.595,9.786]]],[[[120.25,5.257],[120.225,5.196],[120.149,5.184],[120.099,5.169],[120.013,5.151],[119.959,5.08],[119.876,5.059],[119.822,5.07],[119.829,5.134],[119.984,5.228],[120.081,5.264],[120.164,5.332],[120.229,5.283],[120.25,5.257]]],[[[122.093,6.429],[121.993,6.415],[121.881,6.518],[121.809,6.613],[121.831,6.663],[121.913,6.676],[122.057,6.742],[122.288,6.639],[122.252,6.58],[122.201,6.483],[122.093,6.429]]],[[[126.061,9.766],[125.992,9.839],[125.999,9.927],[126.075,10.059],[126.129,9.943],[126.129,9.891],[126.172,9.8],[126.061,9.766]]],[[[125.69,9.915],[125.589,9.998],[125.535,10.09],[125.521,10.191],[125.524,10.309],[125.582,10.363],[125.647,10.437],[125.647,10.245],[125.704,10.071],[125.683,9.964],[125.69,9.915]]],[[[120.272,13.752],[120.272,13.684],[120.103,13.783],[120.103,13.842],[120.211,13.821],[120.272,13.752]]],[[[121.913,13.54],[121.978,13.538],[122.115,13.463],[122.122,13.364],[122.054,13.269],[122.003,13.205],[121.877,13.281],[121.816,13.425],[121.867,13.566],[121.913,13.54]]],[[[122.093,12.354],[122.014,12.106],[121.96,12.191],[121.982,12.245],[121.924,12.331],[121.942,12.385],[121.989,12.436],[122,12.599],[122.104,12.651],[122.133,12.538],[122.093,12.354]]],[[[122.655,12.309],[122.605,12.286],[122.5,12.384],[122.439,12.429],[122.471,12.491],[122.605,12.491],[122.673,12.423],[122.655,12.309]]],[[[123.281,12.854],[123.368,12.701],[123.274,12.805],[123.166,12.877],[123.055,12.993],[122.972,13.035],[122.957,13.107],[123.019,13.116],[123.206,12.906],[123.281,12.854]]],[[[123.775,12.455],[123.778,12.366],[123.62,12.571],[123.587,12.634],[123.71,12.611],[123.775,12.455]]],[[[123.717,12.288],[123.908,12.168],[124.041,11.967],[124.055,11.812],[124.045,11.752],[123.983,11.819],[123.847,11.913],[123.753,11.934],[123.735,12.003],[123.674,12.05],[123.613,12.09],[123.53,12.196],[123.472,12.217],[123.418,12.194],[123.292,12.036],[123.159,11.925],[123.209,12.106],[123.245,12.328],[123.267,12.396],[123.238,12.495],[123.235,12.583],[123.335,12.542],[123.461,12.502],[123.559,12.444],[123.717,12.288]]],[[[124.354,13.632],[124.325,13.567],[124.25,13.587],[124.174,13.531],[124.055,13.606],[124.037,13.663],[124.124,13.79],[124.124,13.979],[124.185,14.059],[124.307,13.948],[124.415,13.871],[124.397,13.75],[124.405,13.679],[124.354,13.632]]],[[[122.176,14.048],[121.957,14.156],[121.96,14.229],[122.176,14.048]]],[[[122.032,15.005],[121.971,14.894],[122.021,14.76],[121.989,14.663],[121.931,14.656],[121.921,14.715],[121.924,14.8],[121.863,14.916],[121.841,15.038],[121.971,15.047],[122.032,15.005]]],[[[124.315,10.606],[124.336,10.707],[124.383,10.632],[124.315,10.606]]],[[[125.279,9.983],[125.287,9.932],[125.161,10.063],[125.132,10.155],[125.233,10.116],[125.279,9.983]]],[[[122.936,7.41],[122.839,7.314],[122.795,7.393],[122.871,7.398],[122.936,7.41]]],[[[125.783,6.962],[125.769,6.906],[125.708,7.04],[125.715,7.186],[125.783,7.13],[125.783,6.962]]],[[[124.61,11.493],[124.484,11.486],[124.43,11.531],[124.361,11.667],[124.437,11.694],[124.513,11.687],[124.567,11.641],[124.621,11.55],[124.61,11.493]]],[[[124.808,9.142],[124.779,9.083],[124.667,9.132],[124.653,9.226],[124.707,9.243],[124.79,9.189],[124.808,9.142]]],[[[119.861,11.526],[119.883,11.472],[119.854,11.392],[119.8,11.408],[119.728,11.432],[119.825,11.516],[119.861,11.526]]],[[[123.757,11.283],[123.814,11.151],[123.735,11.151],[123.706,11.248],[123.757,11.283]]],[[[122.309,12.529],[122.281,12.498],[122.263,12.503],[122.248,12.557],[122.277,12.594],[122.288,12.59],[122.309,12.529]]],[[[125.971,9.594],[125.949,9.74],[125.992,9.684],[125.971,9.594]]],[[[124.855,11.595],[124.837,11.543],[124.783,11.582],[124.743,11.658],[124.732,11.715],[124.79,11.684],[124.822,11.627],[124.855,11.595]]],[[[117.356,8.215],[117.287,8.191],[117.273,8.254],[117.28,8.314],[117.331,8.309],[117.356,8.215]]],[[[123.699,9.238],[123.706,9.134],[123.616,9.102],[123.541,9.13],[123.494,9.193],[123.627,9.267],[123.699,9.238]]]]}},{"type":"Feature","properties":{"name":"Papua New Guinea"},"geometry":{"type":"MultiPolygon","coordinates":[[[[152.967,-4.756],[152.892,-4.832],[152.845,-4.761],[152.787,-4.699],[152.741,-4.636],[152.679,-4.499],[152.679,-4.43],[152.694,-4.357],[152.697,-4.282],[152.669,-4.131],[152.6,-3.996],[152.355,-3.668],[152.28,-3.582],[152.193,-3.506],[152.136,-3.487],[152.024,-3.468],[151.974,-3.454],[151.88,-3.4],[151.794,-3.338],[151.578,-3.154],[151.466,-3.102],[151.405,-3.037],[151.067,-2.829],[150.969,-2.78],[150.847,-2.78],[150.746,-2.739],[150.825,-2.713],[150.843,-2.643],[150.825,-2.572],[150.995,-2.688],[151.175,-2.789],[151.225,-2.871],[151.315,-2.876],[151.477,-2.942],[151.585,-3.003],[151.689,-3.072],[151.808,-3.173],[152.031,-3.251],[152.179,-3.411],[152.33,-3.522],[152.381,-3.582],[153.018,-4.105],[153.126,-4.253],[153.133,-4.353],[153.043,-4.477],[153.047,-4.577],[153.025,-4.666],[152.967,-4.756]]],[[[151.916,-4.296],[151.967,-4.317],[152.118,-4.213],[152.197,-4.286],[152.298,-4.32],[152.406,-4.341],[152.363,-4.49],[152.377,-4.56],[152.402,-4.629],[152.399,-4.732],[152.352,-4.822],[152.258,-4.954],[152.168,-4.994],[152.013,-5.004],[151.985,-5.074],[151.995,-5.148],[152.078,-5.247],[152.143,-5.357],[152.078,-5.459],[151.97,-5.529],[151.866,-5.565],[151.697,-5.544],[151.517,-5.553],[151.481,-5.655],[151.423,-5.747],[151.333,-5.839],[151.229,-5.919],[151.092,-5.997],[150.919,-6.027],[150.807,-6.072],[150.707,-6.15],[150.588,-6.188],[150.473,-6.263],[150.192,-6.289],[149.85,-6.292],[149.749,-6.301],[149.652,-6.291],[149.598,-6.261],[149.482,-6.124],[149.382,-6.079],[149.274,-6.079],[149.126,-6.127],[148.809,-5.916],[148.719,-5.867],[148.626,-5.831],[148.51,-5.805],[148.402,-5.765],[148.338,-5.669],[148.345,-5.544],[148.431,-5.471],[148.564,-5.508],[148.615,-5.508],[148.665,-5.487],[148.723,-5.494],[148.784,-5.511],[149,-5.485],[149.122,-5.523],[149.245,-5.574],[149.36,-5.584],[149.475,-5.574],[149.63,-5.516],[149.68,-5.523],[149.832,-5.523],[149.961,-5.447],[150.012,-5.14],[150.044,-5.036],[150.123,-5.018],[150.17,-5.07],[150.109,-5.136],[150.08,-5.187],[150.073,-5.31],[150.105,-5.43],[150.185,-5.523],[150.3,-5.535],[150.404,-5.473],[150.519,-5.461],[150.627,-5.522],[150.735,-5.511],[150.786,-5.471],[150.843,-5.454],[150.901,-5.447],[150.951,-5.424],[151.023,-5.32],[151.07,-5.204],[151.139,-5.114],[151.326,-4.961],[151.38,-4.942],[151.441,-4.931],[151.574,-4.938],[151.671,-4.883],[151.679,-4.761],[151.664,-4.636],[151.553,-4.346],[151.56,-4.247],[151.704,-4.201],[151.819,-4.216],[151.916,-4.296]]],[[[140.976,-9.119],[140.976,-8.902],[140.976,-8.698],[140.976,-8.495],[140.976,-8.292],[140.976,-8.089],[140.976,-7.886],[140.976,-7.683],[140.976,-7.48],[140.976,-7.277],[140.976,-7.072],[140.976,-6.905],[140.918,-6.839],[140.864,-6.74],[140.875,-6.612],[140.943,-6.452],[140.976,-6.346],[140.976,-6.259],[140.976,-6.056],[140.976,-5.853],[140.976,-5.65],[140.976,-5.447],[140.976,-5.242],[140.976,-5.039],[140.976,-4.836],[140.976,-4.633],[140.976,-4.43],[140.976,-4.227],[140.976,-4.023],[140.976,-3.82],[140.976,-3.617],[140.976,-3.414],[140.972,-3.209],[140.972,-3.006],[140.972,-2.803],[140.972,-2.681],[140.972,-2.614],[141.105,-2.612],[141.184,-2.628],[141.688,-2.845],[141.836,-2.931],[141.886,-2.952],[141.937,-2.954],[141.987,-2.963],[142.21,-3.084],[142.549,-3.204],[142.905,-3.32],[143.017,-3.345],[143.128,-3.355],[143.377,-3.395],[143.51,-3.431],[143.701,-3.574],[143.798,-3.617],[143.888,-3.697],[144.014,-3.784],[144.068,-3.805],[144.122,-3.815],[144.248,-3.819],[144.374,-3.803],[144.428,-3.81],[144.478,-3.826],[144.547,-3.912],[144.626,-3.994],[144.738,-4.029],[144.842,-4.102],[144.939,-4.188],[145.008,-4.275],[145.087,-4.35],[145.209,-4.381],[145.335,-4.385],[145.767,-4.824],[145.789,-4.891],[145.792,-5.178],[145.746,-5.402],[145.854,-5.471],[145.998,-5.497],[146.206,-5.546],[146.404,-5.617],[147.034,-5.919],[147.121,-5.945],[147.247,-5.956],[147.376,-5.95],[147.517,-6.022],[147.567,-6.056],[147.654,-6.155],[147.729,-6.261],[147.801,-6.315],[147.823,-6.372],[147.855,-6.551],[147.844,-6.662],[147.711,-6.723],[147.355,-6.742],[147.121,-6.721],[146.955,-6.834],[146.962,-6.929],[147.106,-7.167],[147.189,-7.377],[147.261,-7.464],[147.366,-7.534],[147.459,-7.617],[147.546,-7.711],[147.726,-7.876],[147.823,-7.938],[147.934,-7.975],[148.125,-8.103],[148.15,-8.16],[148.208,-8.339],[148.23,-8.459],[148.233,-8.509],[148.413,-8.664],[148.525,-8.938],[148.582,-9.051],[148.68,-9.093],[148.791,-9.089],[149.097,-9.016],[149.198,-9.032],[149.248,-9.072],[149.263,-9.181],[149.216,-9.296],[149.202,-9.407],[149.263,-9.497],[149.418,-9.568],[149.475,-9.589],[149.756,-9.612],[149.864,-9.631],[149.972,-9.66],[149.983,-9.737],[149.929,-9.761],[149.864,-9.771],[149.76,-9.806],[149.763,-9.869],[149.821,-9.935],[149.875,-10.013],[149.968,-10.061],[150.087,-10.087],[150.206,-10.125],[150.285,-10.164],[150.365,-10.19],[150.537,-10.207],[150.667,-10.257],[150.851,-10.237],[150.692,-10.318],[150.638,-10.337],[150.447,-10.308],[150.491,-10.426],[150.606,-10.485],[150.617,-10.558],[150.483,-10.638],[150.426,-10.648],[150.321,-10.655],[150.141,-10.62],[150.015,-10.577],[149.983,-10.518],[149.835,-10.398],[149.752,-10.353],[149.652,-10.337],[149.544,-10.339],[149.353,-10.29],[148.935,-10.256],[148.838,-10.235],[148.712,-10.167],[148.654,-10.157],[148.59,-10.178],[148.431,-10.191],[148.269,-10.129],[148.15,-10.108],[148.1,-10.124],[148.05,-10.129],[147.891,-10.087],[147.769,-10.07],[147.668,-10.013],[147.614,-9.961],[147.553,-9.912],[147.495,-9.79],[147.409,-9.674],[147.297,-9.58],[147.063,-9.426],[146.926,-9.247],[146.93,-9.153],[146.962,-9.06],[146.912,-9.093],[146.854,-9.087],[146.696,-9.025],[146.631,-8.952],[146.523,-8.751],[146.455,-8.643],[146.296,-8.455],[146.25,-8.344],[146.185,-8.247],[146.109,-8.169],[146.077,-8.113],[145.81,-7.992],[145.728,-7.952],[145.562,-7.943],[145.468,-7.929],[145.288,-7.862],[145.195,-7.841],[145.083,-7.829],[144.975,-7.803],[144.921,-7.777],[144.864,-7.631],[144.774,-7.643],[144.684,-7.626],[144.597,-7.589],[144.511,-7.567],[144.45,-7.598],[144.432,-7.679],[144.352,-7.667],[144.27,-7.714],[144.226,-7.765],[144.144,-7.758],[143.974,-7.705],[143.899,-7.674],[143.834,-7.615],[143.78,-7.549],[143.722,-7.499],[143.654,-7.461],[143.74,-7.549],[143.942,-7.945],[143.892,-7.952],[143.841,-7.942],[143.888,-8.018],[143.834,-8.028],[143.78,-8.028],[143.665,-7.995],[143.553,-7.985],[143.582,-8.113],[143.614,-8.2],[143.449,-8.24],[143.283,-8.264],[143.096,-8.311],[142.905,-8.315],[142.808,-8.287],[142.707,-8.271],[142.614,-8.287],[142.524,-8.322],[142.448,-8.317],[142.398,-8.254],[142.347,-8.167],[142.275,-8.174],[142.207,-8.195],[142.326,-8.199],[142.362,-8.251],[142.39,-8.313],[142.473,-8.369],[142.578,-8.336],[142.797,-8.344],[143.013,-8.443],[143.064,-8.455],[143.222,-8.572],[143.308,-8.66],[143.377,-8.763],[143.388,-8.909],[143.366,-8.961],[143.226,-9.035],[143.078,-9.093],[142.858,-9.202],[142.646,-9.329],[142.534,-9.303],[142.434,-9.237],[142.293,-9.183],[142.228,-9.171],[141.98,-9.198],[141.728,-9.212],[141.62,-9.211],[141.519,-9.19],[141.404,-9.15],[141.292,-9.169],[141.217,-9.214],[141.134,-9.221],[140.976,-9.119]]],[[[148.024,-5.827],[147.967,-5.789],[147.873,-5.749],[147.78,-5.627],[147.783,-5.522],[147.848,-5.49],[148.053,-5.612],[148.06,-5.765],[148.024,-5.827]]],[[[146.019,-4.727],[145.951,-4.756],[145.882,-4.667],[145.9,-4.605],[145.958,-4.555],[146.037,-4.574],[146.052,-4.64],[146.019,-4.727]]],[[[152.672,-3.133],[152.647,-3.221],[152.586,-3.169],[152.543,-3.096],[152.64,-3.043],[152.672,-3.133]]],[[[152.1,-2.947],[152.089,-2.997],[151.97,-2.897],[151.974,-2.846],[152.075,-2.918],[152.1,-2.947]]],[[[149.767,-1.553],[149.691,-1.57],[149.547,-1.472],[149.547,-1.407],[149.58,-1.353],[149.634,-1.362],[149.724,-1.43],[149.767,-1.553]]],[[[151.081,-10.02],[151.196,-9.945],[151.257,-9.922],[151.232,-10.195],[151.175,-10.158],[150.959,-10.092],[150.951,-9.999],[150.897,-9.968],[150.861,-9.875],[150.789,-9.775],[150.775,-9.709],[150.861,-9.803],[151.052,-9.94],[151.081,-10.02]]],[[[150.347,-9.494],[150.275,-9.501],[150.109,-9.362],[150.134,-9.259],[150.21,-9.207],[150.321,-9.264],[150.357,-9.349],[150.347,-9.494]]],[[[151.106,-8.733],[151.124,-8.804],[151.045,-8.728],[151.081,-8.641],[151.085,-8.568],[151.005,-8.523],[151.045,-8.45],[151.117,-8.419],[151.117,-8.521],[151.106,-8.733]]],[[[143.586,-8.481],[143.366,-8.417],[143.323,-8.367],[143.528,-8.379],[143.582,-8.391],[143.593,-8.461],[143.586,-8.481]]],[[[147.175,-5.431],[147.121,-5.437],[147.027,-5.343],[147.016,-5.258],[147.132,-5.19],[147.207,-5.251],[147.222,-5.381],[147.175,-5.431]]],[[[147.067,-1.959],[147.402,-2.025],[147.337,-2.065],[147.207,-2.182],[147.142,-2.166],[147.063,-2.187],[146.926,-2.188],[146.746,-2.149],[146.635,-2.173],[146.574,-2.211],[146.53,-2.154],[146.606,-2.102],[146.595,-2.017],[146.656,-1.973],[146.761,-1.978],[146.858,-1.949],[147.067,-1.959]]],[[[150.437,-2.662],[150.239,-2.676],[150.167,-2.661],[150.102,-2.603],[150.044,-2.513],[149.986,-2.492],[150.102,-2.405],[150.228,-2.385],[150.429,-2.47],[150.451,-2.541],[150.447,-2.633],[150.437,-2.662]]],[[[150.53,-9.346],[150.671,-9.429],[150.746,-9.405],[150.879,-9.513],[150.883,-9.582],[150.897,-9.641],[150.843,-9.704],[150.678,-9.657],[150.577,-9.631],[150.437,-9.624],[150.494,-9.561],[150.433,-9.435],[150.437,-9.36],[150.498,-9.346],[150.53,-9.346]]],[[[152.633,-8.959],[152.69,-8.975],[152.809,-8.968],[152.849,-9.025],[152.906,-9.044],[152.996,-9.108],[152.96,-9.169],[152.867,-9.224],[152.759,-9.178],[152.708,-9.126],[152.64,-9.058],[152.514,-9.009],[152.579,-8.969],[152.633,-8.959]]],[[[153.536,-11.476],[153.702,-11.528],[153.759,-11.587],[153.698,-11.613],[153.554,-11.631],[153.378,-11.559],[153.356,-11.495],[153.288,-11.518],[153.234,-11.421],[153.209,-11.351],[153.306,-11.356],[153.536,-11.476]]],[[[143.589,-8.634],[143.463,-8.617],[143.323,-8.516],[143.254,-8.49],[143.208,-8.424],[143.294,-8.473],[143.442,-8.52],[143.589,-8.634]]],[[[147.877,-2.284],[147.844,-2.336],[147.769,-2.331],[147.812,-2.261],[147.877,-2.284]]],[[[151.956,-2.831],[151.931,-2.751],[152.003,-2.737],[152.01,-2.81],[151.956,-2.831]]],[[[150.897,-10.565],[150.883,-10.643],[150.804,-10.62],[150.8,-10.554],[150.872,-10.553],[150.897,-10.565]]],[[[153.659,-4.1],[153.59,-4.096],[153.641,-4.044],[153.659,-4.1]]]]}},{"type":"Feature","properties":{"name":"Palau"},"geometry":{"type":"MultiPolygon","coordinates":[[[[131.173,3.026],[131.151,3.021],[131.137,3.025],[131.137,3.039],[131.151,3.054],[131.173,3.061],[131.187,3.056],[131.187,3.042],[131.173,3.026]]],[[[134.596,7.382],[134.535,7.361],[134.506,7.438],[134.517,7.526],[134.557,7.594],[134.607,7.623],[134.65,7.712],[134.632,7.502],[134.6,7.438],[134.596,7.382]]]]}},{"type":"Feature","properties":{"name":"Malaysia"},"geometry":{"type":"MultiPolygon","coordinates":[[[[100.119,6.441],[100.162,6.641],[100.216,6.686],[100.346,6.551],[100.565,6.467],[100.63,6.448],[100.716,6.481],[100.792,6.426],[100.817,6.332],[100.875,6.245],[100.99,6.257],[101.055,6.243],[101.076,6.167],[101.087,6.033],[101.076,5.957],[100.994,5.846],[100.983,5.771],[101.08,5.676],[101.148,5.643],[101.231,5.733],[101.256,5.79],[101.404,5.851],[101.555,5.908],[101.649,5.795],[101.721,5.771],[101.789,5.78],[101.872,5.825],[101.919,5.912],[101.937,5.979],[102.056,6.097],[102.07,6.184],[102.102,6.242],[102.275,6.203],[102.34,6.172],[102.534,5.863],[102.79,5.644],[102.898,5.565],[102.981,5.525],[103.096,5.408],[103.197,5.262],[103.416,4.851],[103.452,4.669],[103.47,4.393],[103.42,3.976],[103.362,3.769],[103.373,3.671],[103.452,3.521],[103.431,3.379],[103.445,3.261],[103.438,2.933],[103.485,2.837],[103.539,2.775],[103.812,2.58],[103.834,2.509],[103.967,2.261],[104.219,1.723],[104.288,1.481],[104.28,1.415],[104.176,1.365],[104.115,1.412],[104.1,1.488],[104.018,1.579],[103.992,1.455],[103.917,1.447],[103.816,1.476],[103.694,1.45],[103.55,1.332],[103.481,1.329],[103.427,1.429],[103.398,1.497],[102.898,1.792],[102.729,1.856],[102.549,2.042],[102.146,2.249],[101.89,2.45],[101.782,2.573],[101.519,2.684],[101.408,2.813],[101.35,2.839],[101.296,2.886],[101.354,3.011],[101.328,3.143],[101.3,3.254],[101.116,3.473],[101.026,3.625],[100.85,3.776],[100.781,3.865],[100.716,3.966],[100.796,4.023],[100.76,4.098],[100.662,4.226],[100.616,4.374],[100.616,4.651],[100.475,5.044],[100.353,5.587],[100.374,5.778],[100.342,5.985],[100.263,6.183],[100.158,6.325],[100.119,6.441]]],[[[117.575,4.171],[117.449,4.193],[117.277,4.299],[117.1,4.337],[116.845,4.341],[116.697,4.355],[116.639,4.339],[116.589,4.339],[116.513,4.37],[116.416,4.308],[116.319,4.355],[116.236,4.363],[116.135,4.355],[116.02,4.29],[115.898,4.349],[115.837,4.334],[115.783,4.254],[115.678,4.193],[115.628,4.082],[115.595,3.976],[115.559,3.733],[115.545,3.634],[115.57,3.502],[115.567,3.447],[115.52,3.362],[115.491,3.209],[115.495,3.129],[115.455,3.035],[115.383,3.009],[115.311,2.993],[115.246,3.026],[115.189,2.974],[115.117,2.895],[115.088,2.841],[115.088,2.79],[115.081,2.723],[115.081,2.634],[115.131,2.612],[115.181,2.566],[115.153,2.494],[115.088,2.447],[114.969,2.351],[114.836,2.27],[114.785,2.25],[114.76,2.162],[114.789,2.051],[114.832,1.98],[114.8,1.895],[114.749,1.869],[114.685,1.818],[114.659,1.686],[114.631,1.617],[114.566,1.514],[114.512,1.452],[114.386,1.501],[114.274,1.471],[114.127,1.452],[114.001,1.455],[113.903,1.435],[113.835,1.381],[113.759,1.311],[113.68,1.261],[113.623,1.237],[113.515,1.308],[113.457,1.303],[113.36,1.327],[113.126,1.409],[113.068,1.431],[113.007,1.435],[113,1.497],[112.989,1.547],[112.478,1.56],[112.341,1.514],[112.251,1.48],[112.186,1.44],[112.168,1.337],[112.129,1.244],[112.078,1.143],[111.923,1.113],[111.808,1.011],[111.693,1.014],[111.607,1.023],[111.545,0.994],[111.484,0.995],[111.286,1.044],[111.103,1.051],[110.995,1.027],[110.937,1.018],[110.617,0.877],[110.505,0.862],[110.401,0.94],[110.314,0.995],[110.116,1.19],[110.041,1.235],[109.99,1.282],[109.943,1.337],[109.878,1.398],[109.817,1.44],[109.734,1.523],[109.655,1.615],[109.637,1.777],[109.572,1.806],[109.54,1.896],[109.63,2.028],[109.695,1.889],[109.864,1.764],[109.983,1.718],[110.113,1.698],[110.246,1.695],[110.3,1.702],[110.35,1.719],[110.401,1.7],[110.674,1.547],[110.782,1.521],[110.894,1.532],[111.099,1.402],[111.225,1.396],[111.124,1.448],[111.059,1.487],[111.031,1.558],[111.045,1.634],[111.11,1.685],[111.153,1.738],[111.171,1.902],[111.2,1.985],[111.25,2.065],[111.268,2.139],[111.211,2.198],[111.196,2.297],[111.207,2.379],[111.243,2.436],[111.297,2.398],[111.351,2.365],[111.405,2.369],[111.452,2.424],[111.441,2.499],[111.445,2.634],[111.513,2.744],[111.625,2.818],[111.729,2.855],[112.118,2.915],[112.737,3.07],[112.921,3.131],[112.989,3.162],[113.043,3.205],[113.14,3.344],[113.32,3.561],[113.446,3.74],[113.713,4.002],[113.925,4.243],[113.986,4.42],[113.99,4.483],[113.983,4.545],[114.055,4.592],[114.17,4.526],[114.224,4.478],[114.26,4.414],[114.289,4.355],[114.289,4.304],[114.418,4.256],[114.447,4.203],[114.512,4.113],[114.573,4.049],[114.656,4.037],[114.724,4.096],[114.775,4.169],[114.811,4.266],[114.832,4.355],[114.818,4.429],[114.778,4.552],[114.76,4.667],[114.746,4.717],[114.865,4.802],[114.944,4.856],[115.027,4.9],[115.03,4.822],[115.027,4.691],[115.052,4.582],[115.106,4.391],[115.171,4.365],[115.246,4.348],[115.318,4.365],[115.279,4.457],[115.268,4.634],[115.228,4.75],[115.167,4.867],[115.376,4.933],[115.426,4.969],[115.52,5.049],[115.581,5.195],[115.466,5.254],[115.423,5.33],[115.419,5.413],[115.556,5.566],[115.624,5.549],[115.685,5.535],[115.739,5.533],[115.797,5.537],[115.876,5.613],[115.919,5.724],[116.06,5.882],[116.11,6.004],[116.139,6.129],[116.495,6.521],[116.539,6.584],[116.751,6.978],[116.834,6.952],[116.848,6.827],[116.841,6.773],[116.809,6.691],[116.787,6.606],[116.913,6.66],[117.017,6.797],[117.079,6.917],[117.129,6.969],[117.23,6.939],[117.244,6.834],[117.255,6.783],[117.295,6.677],[117.381,6.613],[117.5,6.571],[117.611,6.512],[117.669,6.427],[117.694,6.349],[117.694,6.273],[117.615,6.196],[117.651,6.073],[117.644,6.002],[117.619,5.941],[117.5,5.884],[117.817,5.941],[117.896,5.972],[118.004,6.054],[118.061,5.983],[118.115,5.863],[117.935,5.787],[117.975,5.707],[118.033,5.712],[118.144,5.754],[118.249,5.82],[118.299,5.82],[118.353,5.806],[118.457,5.764],[118.515,5.729],[118.594,5.592],[118.713,5.559],[118.958,5.429],[119.051,5.415],[119.177,5.431],[119.257,5.367],[119.267,5.308],[119.264,5.245],[119.221,5.16],[119.131,5.101],[118.911,5.023],[118.673,4.964],[118.551,4.967],[118.382,5.018],[118.321,5.012],[118.259,4.988],[118.184,4.828],[118.324,4.669],[118.562,4.502],[118.587,4.41],[118.497,4.363],[118.364,4.335],[118.227,4.316],[118.119,4.287],[118.007,4.25],[117.896,4.263],[117.741,4.337],[117.651,4.304],[117.604,4.2],[117.575,4.171]]],[[[104.223,2.731],[104.172,2.721],[104.169,2.856],[104.223,2.775],[104.223,2.731]]],[[[100.288,5.295],[100.191,5.283],[100.205,5.446],[100.31,5.438],[100.288,5.295]]],[[[99.849,6.466],[99.917,6.358],[99.867,6.297],[99.784,6.271],[99.705,6.337],[99.647,6.419],[99.712,6.427],[99.82,6.445],[99.849,6.466]]],[[[117.143,7.169],[117.082,7.115],[117.061,7.179],[117.064,7.261],[117.147,7.337],[117.266,7.351],[117.28,7.29],[117.266,7.221],[117.143,7.169]]],[[[101.318,2.988],[101.267,2.971],[101.274,3.033],[101.328,3.047],[101.318,2.988]]],[[[111.391,2.415],[111.311,2.438],[111.301,2.742],[111.355,2.764],[111.38,2.709],[111.376,2.577],[111.38,2.459],[111.391,2.415]]],[[[117.885,4.186],[117.745,4.167],[117.647,4.169],[117.662,4.25],[117.763,4.252],[117.885,4.186]]]]}},{"type":"Feature","properties":{"name":"Laos"},"geometry":{"type":"Polygon","coordinates":[[[102.128,22.379],[102.182,22.284],[102.3,22.178],[102.444,22.027],[102.488,21.958],[102.581,21.904],[102.61,21.852],[102.632,21.772],[102.642,21.711],[102.696,21.662],[102.772,21.709],[102.797,21.798],[102.844,21.735],[102.916,21.713],[102.959,21.626],[102.948,21.57],[102.909,21.506],[102.887,21.44],[102.873,21.338],[102.851,21.267],[102.884,21.202],[103.103,20.892],[103.211,20.841],[103.463,20.781],[103.553,20.737],[103.636,20.697],[103.715,20.716],[103.791,20.81],[103.881,20.862],[104.054,20.942],[104.194,20.914],[104.349,20.821],[104.46,20.734],[104.529,20.689],[104.583,20.647],[104.532,20.555],[104.478,20.529],[104.406,20.485],[104.392,20.425],[104.496,20.414],[104.619,20.374],[104.662,20.289],[104.676,20.225],[104.813,20.216],[104.889,20.17],[104.928,20.083],[104.928,20.018],[104.846,19.947],[104.802,19.836],[104.745,19.755],[104.586,19.619],[104.259,19.685],[104.126,19.682],[104.064,19.678],[104.014,19.647],[104.05,19.564],[104.064,19.482],[104.028,19.421],[103.931,19.366],[103.892,19.305],[104.007,19.23],[104.108,19.196],[104.446,18.984],[104.518,18.933],[104.612,18.861],[104.716,18.803],[104.993,18.729],[105.116,18.678],[105.144,18.618],[105.087,18.496],[105.116,18.406],[105.162,18.338],[105.274,18.236],[105.335,18.19],[105.4,18.18],[105.458,18.154],[105.519,18.078],[105.587,17.984],[105.598,17.918],[105.627,17.835],[105.692,17.737],[105.778,17.644],[105.904,17.529],[105.972,17.447],[106.271,17.217],[106.332,17.144],[106.426,17.003],[106.502,16.954],[106.527,16.876],[106.534,16.821],[106.545,16.651],[106.595,16.6],[106.638,16.538],[106.696,16.46],[106.793,16.491],[106.851,16.515],[106.894,16.397],[107.002,16.312],[107.07,16.279],[107.218,16.137],[107.297,16.085],[107.351,16.067],[107.409,15.998],[107.362,15.922],[107.189,15.838],[107.189,15.748],[107.232,15.678],[107.279,15.619],[107.34,15.56],[107.459,15.467],[107.564,15.392],[107.621,15.31],[107.654,15.255],[107.632,15.191],[107.589,15.118],[107.556,15.057],[107.495,15.022],[107.506,14.916],[107.513,14.817],[107.52,14.705],[107.466,14.665],[107.416,14.562],[107.294,14.592],[107.207,14.498],[107.11,14.416],[107.031,14.425],[106.937,14.328],[106.818,14.314],[106.739,14.387],[106.664,14.441],[106.599,14.479],[106.53,14.55],[106.448,14.515],[106.354,14.455],[106.268,14.467],[106.192,14.389],[106.008,14.357],[106.005,14.264],[106.098,14.126],[106.124,14.048],[106.066,13.922],[105.904,13.925],[105.832,13.977],[105.764,14.048],[105.533,14.156],[105.393,14.107],[105.285,14.161],[105.206,14.26],[105.184,14.319],[105.245,14.368],[105.342,14.416],[105.422,14.472],[105.476,14.531],[105.497,14.59],[105.501,14.661],[105.522,14.843],[105.548,14.932],[105.533,15.041],[105.49,15.128],[105.49,15.257],[105.504,15.319],[105.573,15.413],[105.616,15.488],[105.638,15.586],[105.641,15.656],[105.562,15.741],[105.461,15.781],[105.4,15.83],[105.375,15.89],[105.375,15.942],[105.332,16.038],[105.148,16.093],[105.047,16.161],[105.026,16.237],[104.95,16.34],[104.82,16.467],[104.752,16.647],[104.745,16.885],[104.759,17.078],[104.817,17.3],[104.741,17.461],[104.655,17.546],[104.54,17.609],[104.428,17.699],[104.324,17.815],[104.198,17.989],[104.05,18.217],[103.949,18.319],[103.899,18.295],[103.791,18.317],[103.629,18.383],[103.488,18.418],[103.366,18.423],[103.287,18.409],[103.247,18.34],[103.262,18.279],[103.2,18.26],[103.15,18.222],[103.092,18.138],[103.053,18.029],[102.992,17.986],[102.898,17.977],[102.808,17.946],[102.718,17.892],[102.678,17.824],[102.617,17.833],[102.599,17.927],[102.459,17.984],[102.351,18.046],[102.232,18.149],[102.149,18.204],[102.034,18.17],[101.948,18.081],[101.876,18.046],[101.818,18.065],[101.742,17.953],[101.688,17.89],[101.562,17.821],[101.415,17.718],[101.3,17.625],[101.166,17.5],[101.105,17.479],[101.044,17.51],[100.958,17.541],[100.907,17.585],[101.001,17.796],[101.112,18.034],[101.145,18.142],[101.148,18.222],[101.138,18.288],[101.094,18.355],[101.051,18.407],[101.062,18.479],[101.105,18.534],[101.166,18.618],[101.22,18.793],[101.285,18.977],[101.282,19.09],[101.228,19.211],[101.199,19.328],[101.22,19.487],[101.213,19.548],[101.156,19.579],[100.965,19.611],[100.907,19.605],[100.857,19.584],[100.806,19.541],[100.745,19.515],[100.626,19.499],[100.515,19.553],[100.421,19.645],[100.396,19.756],[100.468,19.888],[100.515,19.996],[100.544,20.088],[100.518,20.178],[100.432,20.241],[100.374,20.34],[100.317,20.387],[100.266,20.378],[100.173,20.272],[100.115,20.258],[100.122,20.317],[100.13,20.373],[100.184,20.59],[100.248,20.73],[100.328,20.796],[100.407,20.824],[100.493,20.814],[100.565,20.826],[100.623,20.859],[100.551,20.885],[100.536,20.992],[100.612,21.06],[100.659,21.13],[100.702,21.251],[100.756,21.312],[100.821,21.314],[100.929,21.366],[101.08,21.468],[101.138,21.567],[101.195,21.522],[101.174,21.407],[101.22,21.343],[101.213,21.279],[101.224,21.223],[101.282,21.183],[101.444,21.23],[101.541,21.234],[101.62,21.185],[101.706,21.15],[101.782,21.204],[101.764,21.279],[101.724,21.395],[101.742,21.534],[101.746,21.605],[101.742,21.779],[101.699,21.883],[101.602,21.989],[101.577,22.055],[101.559,22.121],[101.537,22.209],[101.57,22.277],[101.62,22.327],[101.645,22.405],[101.67,22.463],[101.739,22.496],[101.843,22.388],[101.944,22.44],[102.023,22.438],[102.092,22.412],[102.128,22.379]]]}},{"type":"Feature","properties":{"name":"Indonesia"},"geometry":{"type":"MultiPolygon","coordinates":[[[[97.48,1.466],[97.7,1.185],[97.786,1.146],[97.905,1.018],[97.901,0.884],[97.876,0.629],[97.822,0.565],[97.685,0.596],[97.602,0.834],[97.462,0.942],[97.404,0.947],[97.368,1.056],[97.296,1.188],[97.08,1.426],[97.246,1.424],[97.325,1.481],[97.358,1.54],[97.48,1.466]]],[[[99.165,-1.779],[99.071,-1.784],[98.873,-1.664],[98.826,-1.61],[98.816,-1.537],[98.628,-1.261],[98.603,-1.197],[98.675,-0.97],[98.87,-0.916],[98.934,-0.954],[98.956,-1.057],[99.064,-1.241],[99.1,-1.34],[99.14,-1.418],[99.212,-1.56],[99.266,-1.628],[99.273,-1.739],[99.165,-1.779]]],[[[116.639,-8.613],[116.513,-8.822],[116.585,-8.886],[116.377,-8.929],[116.29,-8.907],[116.24,-8.912],[116.027,-8.874],[115.876,-8.825],[115.869,-8.744],[116.031,-8.764],[116.078,-8.612],[116.06,-8.438],[116.218,-8.296],[116.305,-8.238],[116.402,-8.204],[116.647,-8.284],[116.719,-8.336],[116.733,-8.388],[116.639,-8.613]]],[[[115.448,-8.155],[115.549,-8.209],[115.693,-8.363],[115.66,-8.449],[115.559,-8.514],[115.333,-8.615],[115.246,-8.758],[115.221,-8.82],[115.145,-8.85],[115.091,-8.829],[115.138,-8.77],[115.142,-8.697],[115.106,-8.629],[115.055,-8.573],[114.951,-8.497],[114.843,-8.428],[114.731,-8.395],[114.613,-8.379],[114.501,-8.261],[114.469,-8.166],[114.62,-8.127],[114.832,-8.183],[114.94,-8.186],[114.998,-8.174],[115.153,-8.067],[115.34,-8.115],[115.448,-8.155]]],[[[106.044,-1.669],[106.08,-1.739],[106.127,-1.8],[106.163,-1.867],[106.21,-2.188],[106.365,-2.464],[106.818,-2.574],[106.743,-2.617],[106.678,-2.704],[106.613,-2.895],[106.656,-3.001],[106.667,-3.072],[106.61,-3.072],[106.548,-3.055],[106.494,-3.029],[106.397,-2.966],[106.343,-2.949],[106.25,-2.893],[106.127,-2.855],[105.998,-2.826],[105.936,-2.744],[105.908,-2.643],[105.94,-2.494],[105.861,-2.416],[105.807,-2.308],[105.785,-2.182],[105.706,-2.133],[105.598,-2.103],[105.342,-2.124],[105.292,-2.114],[105.134,-2.043],[105.137,-1.973],[105.191,-1.918],[105.317,-1.86],[105.375,-1.813],[105.386,-1.751],[105.375,-1.657],[105.461,-1.574],[105.584,-1.527],[105.641,-1.61],[105.666,-1.68],[105.702,-1.732],[105.753,-1.659],[105.72,-1.534],[105.818,-1.506],[105.911,-1.504],[105.98,-1.539],[106.026,-1.593],[106.044,-1.669]]],[[[123.181,-4.551],[123.202,-4.766],[123.195,-4.822],[123.141,-4.74],[123.083,-4.749],[123.019,-4.832],[123.015,-4.911],[122.986,-4.963],[122.972,-5.138],[123.026,-5.162],[123.148,-5.225],[123.202,-5.273],[123.188,-5.332],[123.119,-5.393],[123.044,-5.419],[122.986,-5.393],[122.936,-5.437],[122.918,-5.52],[122.849,-5.638],[122.734,-5.634],[122.684,-5.666],[122.587,-5.544],[122.587,-5.489],[122.641,-5.426],[122.669,-5.331],[122.731,-5.261],[122.767,-5.211],[122.795,-5.053],[122.803,-5.001],[122.821,-4.945],[122.849,-4.831],[122.853,-4.619],[122.947,-4.444],[123.037,-4.395],[123.181,-4.551]]],[[[122.644,-5.27],[122.619,-5.336],[122.565,-5.388],[122.475,-5.381],[122.392,-5.336],[122.306,-5.381],[122.284,-5.32],[122.327,-5.138],[122.396,-5.07],[122.389,-4.999],[122.335,-4.846],[122.371,-4.766],[122.525,-4.707],[122.659,-4.635],[122.741,-4.674],[122.759,-4.933],[122.615,-5.138],[122.644,-5.27]]],[[[108.316,3.69],[108.179,3.653],[108.1,3.705],[108.186,3.768],[108.237,3.785],[108.089,3.853],[108.003,3.983],[108.003,4.042],[108.201,4.2],[108.255,4.151],[108.392,3.986],[108.399,3.875],[108.316,3.69]]],[[[108.208,-2.997],[108.19,-3.103],[108.082,-3.195],[107.978,-3.221],[107.967,-3.166],[107.859,-3.086],[107.823,-3.161],[107.661,-3.206],[107.636,-3.124],[107.596,-3.058],[107.592,-2.977],[107.564,-2.919],[107.603,-2.864],[107.6,-2.8],[107.643,-2.732],[107.668,-2.567],[107.837,-2.53],[108.075,-2.596],[108.215,-2.697],[108.291,-2.831],[108.208,-2.997]]],[[[135.385,-0.652],[135.597,-0.69],[135.673,-0.689],[135.748,-0.732],[135.842,-0.711],[135.892,-0.725],[136.069,-0.878],[136.155,-0.978],[136.281,-1.065],[136.375,-1.095],[136.306,-1.173],[136.166,-1.215],[136.112,-1.216],[136.004,-1.169],[135.914,-1.178],[135.838,-1.119],[135.824,-1.029],[135.748,-0.822],[135.644,-0.881],[135.525,-0.788],[135.432,-0.768],[135.388,-0.704],[135.385,-0.652]]],[[[135.475,-1.591],[135.871,-1.642],[135.975,-1.635],[136.202,-1.656],[136.389,-1.721],[136.717,-1.734],[136.818,-1.754],[136.893,-1.8],[136.71,-1.838],[136.623,-1.873],[136.461,-1.89],[136.324,-1.873],[136.227,-1.893],[136.051,-1.824],[135.867,-1.753],[135.489,-1.668],[135.471,-1.616],[135.475,-1.591]]],[[[130.813,-0.005],[130.986,-0.046],[131.277,-0.15],[131.317,-0.204],[131.338,-0.291],[131.259,-0.366],[131.176,-0.347],[131.097,-0.329],[131.007,-0.36],[130.946,-0.338],[130.896,-0.268],[130.809,-0.227],[130.683,-0.081],[130.622,-0.086],[130.64,-0.143],[130.69,-0.18],[130.762,-0.291],[130.842,-0.298],[130.899,-0.345],[130.896,-0.416],[130.752,-0.444],[130.701,-0.392],[130.69,-0.296],[130.608,-0.329],[130.55,-0.366],[130.496,-0.267],[130.341,-0.262],[130.237,-0.209],[130.287,-0.154],[130.294,-0.102],[130.363,-0.072],[130.431,-0.098],[130.5,-0.06],[130.55,-0.071],[130.723,-0.031],[130.813,-0.005]]],[[[128.455,2.053],[128.296,2.035],[128.217,2.297],[128.329,2.469],[128.473,2.57],[128.57,2.596],[128.689,2.474],[128.624,2.224],[128.548,2.098],[128.455,2.053]]],[[[128.152,-1.661],[128.091,-1.701],[127.915,-1.685],[127.742,-1.69],[127.562,-1.728],[127.457,-1.697],[127.393,-1.645],[127.396,-1.59],[127.457,-1.454],[127.591,-1.35],[127.648,-1.333],[127.742,-1.36],[127.904,-1.439],[128.033,-1.532],[128.149,-1.603],[128.152,-1.661]]],[[[126.053,-2.451],[125.978,-2.416],[125.938,-2.263],[125.863,-2.077],[125.924,-1.975],[125.992,-2.011],[125.974,-2.168],[126.064,-2.366],[126.053,-2.451]]],[[[126.025,-1.789],[126.331,-1.822],[125.956,-1.916],[125.837,-1.906],[125.477,-1.94],[125.427,-1.883],[125.445,-1.808],[125.521,-1.801],[125.719,-1.813],[126.025,-1.789]]],[[[124.97,-1.706],[125.063,-1.741],[125.128,-1.699],[125.189,-1.713],[125.197,-1.781],[125.258,-1.77],[125.319,-1.81],[125.315,-1.878],[125.135,-1.888],[125.006,-1.944],[124.833,-1.895],[124.639,-1.978],[124.52,-2.006],[124.419,-2.004],[124.329,-1.859],[124.379,-1.687],[124.484,-1.645],[124.664,-1.636],[124.97,-1.706]]],[[[131.324,-7.999],[131.184,-7.997],[131.115,-7.997],[131.122,-7.922],[131.086,-7.865],[131.137,-7.782],[131.137,-7.685],[131.191,-7.673],[131.198,-7.617],[131.259,-7.471],[131.349,-7.426],[131.41,-7.341],[131.482,-7.251],[131.536,-7.221],[131.529,-7.166],[131.644,-7.114],[131.702,-7.14],[131.738,-7.197],[131.644,-7.266],[131.691,-7.438],[131.623,-7.626],[131.58,-7.683],[131.497,-7.73],[131.378,-7.869],[131.349,-7.949],[131.324,-7.999]]],[[[126.802,-7.667],[126.813,-7.738],[126.694,-7.754],[126.579,-7.808],[126.518,-7.87],[126.471,-7.95],[126.313,-7.917],[126.172,-7.912],[126.107,-7.884],[126.039,-7.886],[125.953,-7.91],[125.827,-7.98],[125.809,-7.881],[125.845,-7.817],[125.974,-7.664],[126.086,-7.697],[126.215,-7.707],[126.359,-7.676],[126.464,-7.608],[126.608,-7.572],[126.727,-7.662],[126.802,-7.667]]],[[[124.574,-8.141],[124.599,-8.202],[124.678,-8.167],[124.754,-8.16],[124.923,-8.166],[125.049,-8.179],[125.125,-8.205],[125.132,-8.327],[124.444,-8.445],[124.379,-8.416],[124.426,-8.296],[124.43,-8.183],[124.509,-8.136],[124.574,-8.141]]],[[[131.004,-1.315],[130.845,-1.317],[130.784,-1.256],[130.741,-1.173],[130.712,-1.105],[130.705,-1.05],[130.669,-0.984],[130.896,-0.89],[131.032,-0.918],[131.076,-0.968],[131.047,-1.189],[131.004,-1.315]]],[[[96.494,5.229],[96.616,5.221],[96.843,5.275],[96.969,5.269],[97.084,5.229],[97.192,5.207],[97.451,5.236],[97.502,5.228],[97.588,5.17],[97.707,5.04],[97.908,4.881],[97.966,4.778],[97.998,4.662],[98.247,4.415],[98.272,4.322],[98.24,4.195],[98.308,4.092],[98.528,3.997],[98.657,3.927],[98.704,3.835],[98.78,3.759],[98.87,3.71],[99.15,3.582],[99.521,3.311],[99.734,3.183],[99.906,2.988],[99.971,2.895],[100.022,2.794],[100.126,2.648],[100.306,2.466],[100.353,2.412],[100.4,2.332],[100.457,2.257],[100.526,2.19],[100.605,2.138],[100.684,2.12],[100.817,1.99],[100.889,1.948],[100.878,2.051],[100.817,2.139],[100.817,2.195],[100.878,2.283],[100.936,2.294],[101.048,2.257],[101.224,2.103],[101.3,2.013],[101.357,1.888],[101.404,1.757],[101.476,1.693],[101.573,1.671],[101.685,1.662],[101.786,1.622],[102.02,1.442],[102.099,1.358],[102.156,1.259],[102.2,1.141],[102.225,1.018],[102.39,0.843],[102.47,0.78],[102.567,0.749],[102.848,0.716],[102.948,0.664],[103.031,0.579],[103.067,0.492],[103.006,0.416],[102.786,0.297],[102.549,0.216],[102.779,0.244],[102.894,0.278],[103.002,0.332],[103.11,0.4],[103.276,0.495],[103.337,0.514],[103.413,0.508],[103.478,0.48],[103.578,0.388],[103.672,0.289],[103.744,0.174],[103.787,0.047],[103.708,-0.02],[103.589,-0.069],[103.427,-0.192],[103.445,-0.272],[103.406,-0.362],[103.496,-0.418],[103.431,-0.534],[103.532,-0.755],[103.722,-0.886],[103.938,-0.978],[104.061,-1.022],[104.198,-1.055],[104.259,-1.053],[104.36,-1.039],[104.424,-1.251],[104.446,-1.362],[104.478,-1.6],[104.518,-1.699],[104.514,-1.819],[104.568,-1.921],[104.676,-1.987],[104.792,-2.041],[104.846,-2.093],[104.846,-2.171],[104.828,-2.234],[104.669,-2.386],[104.63,-2.543],[104.651,-2.595],[104.734,-2.57],[104.878,-2.419],[104.972,-2.371],[105.026,-2.357],[105.285,-2.357],[105.396,-2.379],[105.494,-2.43],[105.584,-2.492],[105.9,-2.888],[106.044,-3.107],[106.055,-3.161],[106.059,-3.218],[105.9,-3.411],[105.843,-3.614],[105.85,-3.73],[105.897,-3.78],[105.929,-3.832],[105.839,-4.122],[105.886,-4.555],[105.89,-4.661],[105.879,-4.794],[105.886,-5.009],[105.818,-5.676],[105.749,-5.818],[105.677,-5.817],[105.62,-5.799],[105.555,-5.713],[105.35,-5.549],[105.126,-5.723],[105.022,-5.726],[104.932,-5.681],[104.64,-5.52],[104.622,-5.572],[104.619,-5.641],[104.676,-5.817],[104.684,-5.893],[104.63,-5.909],[104.482,-5.803],[104.37,-5.69],[104.244,-5.539],[104.151,-5.466],[104.068,-5.386],[103.83,-5.079],[103.769,-5.032],[103.406,-4.817],[103.334,-4.765],[103.24,-4.676],[103.139,-4.596],[102.92,-4.471],[102.538,-4.152],[102.372,-3.97],[102.189,-3.674],[102.128,-3.6],[101.818,-3.378],[101.649,-3.244],[101.577,-3.168],[101.415,-2.898],[101.364,-2.808],[101.307,-2.728],[101.206,-2.664],[101.12,-2.588],[100.943,-2.345],[100.889,-2.249],[100.85,-2.143],[100.857,-1.935],[100.486,-1.3],[100.392,-1.102],[100.31,-0.827],[100.086,-0.553],[100.018,-0.475],[99.932,-0.4],[99.86,-0.314],[99.723,-0.032],[99.669,0.046],[99.597,0.103],[99.334,0.209],[99.237,0.268],[99.158,0.351],[99.111,0.459],[99.06,0.686],[98.934,1.032],[98.798,1.495],[98.704,1.702],[98.596,1.865],[98.085,2.195],[98.006,2.238],[97.919,2.264],[97.797,2.283],[97.7,2.358],[97.664,2.494],[97.642,2.676],[97.617,2.785],[97.592,2.846],[97.39,2.976],[97.314,3.077],[97.25,3.19],[97.188,3.276],[96.969,3.575],[96.893,3.653],[96.8,3.709],[96.526,3.766],[96.443,3.816],[96.31,3.986],[96.231,4.073],[95.99,4.263],[95.579,4.662],[95.496,4.761],[95.432,4.865],[95.381,4.976],[95.208,5.283],[95.219,5.346],[95.248,5.41],[95.244,5.464],[95.223,5.518],[95.28,5.592],[95.396,5.629],[95.518,5.625],[95.63,5.61],[95.738,5.58],[95.842,5.514],[96.026,5.351],[96.134,5.294],[96.252,5.268],[96.494,5.229]]],[[[122.785,-8.612],[122.641,-8.646],[122.554,-8.681],[122.471,-8.726],[122.417,-8.735],[122.32,-8.738],[122.187,-8.73],[122.093,-8.745],[121.838,-8.86],[121.737,-8.87],[121.651,-8.898],[121.586,-8.82],[121.499,-8.813],[121.413,-8.815],[121.327,-8.917],[121.19,-8.895],[121.136,-8.905],[121.085,-8.926],[121.035,-8.935],[120.981,-8.928],[120.779,-8.85],[120.549,-8.803],[120.319,-8.82],[120.121,-8.777],[120.013,-8.81],[119.908,-8.858],[119.879,-8.808],[119.807,-8.698],[119.807,-8.622],[119.818,-8.57],[119.865,-8.473],[119.876,-8.419],[119.962,-8.436],[120.099,-8.377],[120.232,-8.291],[120.355,-8.258],[120.427,-8.249],[120.484,-8.266],[120.545,-8.259],[120.61,-8.24],[120.711,-8.308],[120.887,-8.327],[121.01,-8.365],[121.118,-8.424],[121.276,-8.478],[121.373,-8.551],[121.445,-8.577],[121.499,-8.586],[121.611,-8.527],[121.683,-8.506],[121.748,-8.506],[121.863,-8.494],[121.913,-8.481],[121.967,-8.455],[122.021,-8.471],[122.263,-8.626],[122.324,-8.629],[122.432,-8.601],[122.482,-8.513],[122.554,-8.431],[122.605,-8.402],[122.749,-8.353],[122.849,-8.304],[122.918,-8.221],[122.759,-8.186],[122.792,-8.127],[122.846,-8.093],[122.918,-8.105],[122.979,-8.152],[123.004,-8.329],[122.954,-8.355],[122.903,-8.416],[122.81,-8.481],[122.846,-8.561],[122.785,-8.612]]],[[[120.013,-9.376],[120.221,-9.506],[120.257,-9.603],[120.365,-9.655],[120.445,-9.646],[120.502,-9.674],[120.556,-9.719],[120.632,-9.806],[120.7,-9.903],[120.783,-9.957],[120.833,-10.037],[120.805,-10.108],[120.697,-10.207],[120.639,-10.228],[120.563,-10.235],[120.437,-10.294],[120.254,-10.242],[120.146,-10.2],[120.052,-10.122],[119.998,-10.04],[119.93,-9.966],[119.811,-9.917],[119.602,-9.773],[119.469,-9.761],[119.415,-9.771],[119.361,-9.771],[119.084,-9.707],[119.008,-9.62],[118.958,-9.52],[119.03,-9.44],[119.185,-9.384],[119.296,-9.367],[119.422,-9.37],[119.613,-9.353],[119.797,-9.381],[119.851,-9.36],[119.941,-9.301],[120.013,-9.376]]],[[[118.241,-8.318],[118.292,-8.356],[118.432,-8.294],[118.49,-8.271],[118.551,-8.27],[118.612,-8.28],[118.67,-8.324],[118.691,-8.393],[118.749,-8.33],[118.846,-8.292],[118.925,-8.297],[118.987,-8.337],[119.044,-8.457],[119.041,-8.561],[119.102,-8.629],[119.105,-8.711],[119.005,-8.749],[118.94,-8.712],[118.821,-8.712],[118.745,-8.735],[118.817,-8.79],[118.727,-8.806],[118.673,-8.811],[118.479,-8.856],[118.429,-8.855],[118.4,-8.704],[118.234,-8.808],[118.13,-8.856],[118.072,-8.851],[117.86,-8.931],[117.795,-8.921],[117.73,-8.921],[117.507,-9.007],[117.388,-9.032],[117.327,-9.034],[117.266,-9.027],[117.212,-9.034],[117.161,-9.07],[117.061,-9.1],[116.96,-9.077],[116.87,-9.046],[116.787,-9.006],[116.769,-8.955],[116.773,-8.895],[116.809,-8.811],[116.783,-8.666],[116.801,-8.598],[116.834,-8.532],[116.888,-8.508],[116.953,-8.504],[117.064,-8.445],[117.165,-8.367],[117.223,-8.374],[117.356,-8.428],[117.435,-8.435],[117.568,-8.426],[117.622,-8.459],[117.644,-8.535],[117.712,-8.582],[117.806,-8.711],[117.892,-8.704],[117.968,-8.728],[118.105,-8.65],[118.205,-8.652],[118.234,-8.593],[118.173,-8.528],[118.101,-8.475],[118.018,-8.468],[117.817,-8.343],[117.766,-8.278],[117.737,-8.204],[117.755,-8.15],[117.867,-8.101],[117.921,-8.089],[118.119,-8.122],[118.202,-8.268],[118.241,-8.318]]],[[[124.891,0.995],[124.7,0.825],[124.639,0.744],[124.588,0.655],[124.513,0.558],[124.426,0.471],[124.279,0.398],[124.217,0.381],[124.102,0.374],[123.753,0.306],[123.641,0.297],[123.526,0.301],[123.31,0.318],[123.181,0.416],[123.083,0.485],[122.997,0.494],[122.911,0.487],[122.281,0.482],[122.061,0.468],[121.841,0.436],[121.723,0.45],[121.604,0.487],[121.517,0.499],[121.427,0.495],[121.013,0.442],[120.909,0.447],[120.7,0.514],[120.578,0.528],[120.459,0.511],[120.347,0.449],[120.193,0.268],[120.128,0.167],[120.077,0.041],[120.038,-0.09],[120.013,-0.196],[120.013,-0.307],[120.031,-0.432],[120.063,-0.555],[120.099,-0.65],[120.239,-0.869],[120.427,-0.961],[120.517,-1.039],[120.607,-1.258],[120.668,-1.371],[120.729,-1.371],[120.797,-1.364],[120.916,-1.378],[121.035,-1.407],[121.15,-1.34],[121.211,-1.213],[121.276,-1.117],[121.431,-0.939],[121.521,-0.855],[121.575,-0.829],[121.633,-0.84],[121.737,-0.926],[121.852,-0.945],[121.971,-0.933],[122.093,-0.874],[122.176,-0.794],[122.281,-0.756],[122.529,-0.756],[122.659,-0.77],[122.889,-0.755],[122.842,-0.687],[123.019,-0.6],[123.17,-0.571],[123.281,-0.591],[123.379,-0.649],[123.418,-0.708],[123.433,-0.779],[123.397,-0.961],[123.299,-1.025],[123.227,-1.001],[123.152,-0.907],[123.051,-0.873],[122.903,-0.9],[122.853,-0.928],[122.723,-1.064],[122.655,-1.175],[122.507,-1.348],[122.335,-1.498],[122.252,-1.555],[122.158,-1.595],[121.859,-1.694],[121.78,-1.767],[121.719,-1.862],[121.651,-1.895],[121.571,-1.906],[121.514,-1.888],[121.395,-1.834],[121.348,-1.945],[121.406,-1.97],[121.503,-2.044],[121.575,-2.15],[121.726,-2.208],[121.849,-2.331],[121.971,-2.543],[122.014,-2.657],[122.083,-2.749],[122.291,-2.907],[122.291,-3.004],[122.381,-3.142],[122.399,-3.201],[122.317,-3.275],[122.313,-3.383],[122.263,-3.527],[122.252,-3.621],[122.327,-3.694],[122.385,-3.711],[122.435,-3.74],[122.529,-3.853],[122.579,-3.883],[122.608,-3.985],[122.691,-4.084],[122.749,-4.1],[122.799,-4.055],[122.849,-4.065],[122.893,-4.166],[122.9,-4.23],[122.896,-4.35],[122.817,-4.39],[122.72,-4.341],[122.723,-4.411],[122.673,-4.423],[122.615,-4.418],[122.471,-4.423],[122.209,-4.496],[122.115,-4.541],[122.054,-4.621],[122.05,-4.674],[122.072,-4.792],[121.917,-4.848],[121.748,-4.817],[121.647,-4.786],[121.589,-4.759],[121.514,-4.681],[121.485,-4.581],[121.543,-4.282],[121.582,-4.211],[121.611,-4.157],[121.618,-4.093],[121.539,-4.015],[121.417,-3.984],[121.312,-3.919],[120.913,-3.556],[120.891,-3.461],[120.905,-3.404],[121.039,-3.206],[121.071,-3.01],[121.067,-2.881],[121.053,-2.751],[120.992,-2.671],[120.88,-2.645],[120.765,-2.642],[120.653,-2.668],[120.545,-2.732],[120.34,-2.869],[120.261,-2.949],[120.254,-3.053],[120.301,-3.154],[120.362,-3.247],[120.391,-3.348],[120.437,-3.707],[120.383,-3.852],[120.362,-4.086],[120.383,-4.416],[120.419,-4.617],[120.405,-4.727],[120.311,-4.963],[120.283,-5.093],[120.279,-5.147],[120.391,-5.393],[120.416,-5.49],[120.43,-5.591],[120.311,-5.542],[120.257,-5.544],[120.2,-5.56],[120.077,-5.575],[119.951,-5.577],[119.818,-5.662],[119.764,-5.688],[119.559,-5.612],[119.462,-5.522],[119.375,-5.424],[119.361,-5.315],[119.39,-5.2],[119.433,-5.079],[119.519,-4.878],[119.516,-4.742],[119.545,-4.631],[119.595,-4.523],[119.613,-4.423],[119.624,-4.034],[119.494,-3.768],[119.48,-3.668],[119.491,-3.609],[119.494,-3.555],[119.419,-3.475],[119.361,-3.459],[119.239,-3.475],[118.994,-3.537],[118.922,-3.484],[118.868,-3.398],[118.832,-3.28],[118.814,-3.157],[118.821,-3.041],[118.857,-2.928],[118.828,-2.85],[118.785,-2.765],[118.81,-2.681],[118.907,-2.631],[118.958,-2.598],[119.091,-2.484],[119.134,-2.383],[119.138,-2.258],[119.174,-2.14],[119.242,-2.03],[119.321,-1.93],[119.347,-1.826],[119.307,-1.659],[119.325,-1.584],[119.311,-1.496],[119.311,-1.409],[119.357,-1.244],[119.509,-0.907],[119.653,-0.728],[119.71,-0.682],[119.786,-0.763],[119.843,-0.862],[119.847,-0.774],[119.829,-0.687],[119.771,-0.484],[119.721,-0.088],[119.786,-0.057],[119.84,-0.022],[119.865,0.041],[119.811,0.186],[119.811,0.238],[119.912,0.445],[119.998,0.52],[120.056,0.693],[120.157,0.775],[120.229,0.862],[120.268,0.971],[120.322,0.983],[120.365,0.888],[120.416,0.85],[120.517,0.818],[120.603,0.855],[120.661,0.943],[120.711,0.987],[120.805,1.15],[120.869,1.252],[120.967,1.311],[121.024,1.325],[121.082,1.327],[121.208,1.263],[121.283,1.251],[121.355,1.254],[121.406,1.244],[121.474,1.155],[121.514,1.105],[121.593,1.068],[121.867,1.089],[122.108,1.032],[122.435,1.018],[122.551,0.985],[122.659,0.94],[122.788,0.863],[122.839,0.846],[122.893,0.85],[122.961,0.922],[123.011,0.94],[123.065,0.942],[123.278,0.928],[123.847,0.837],[123.929,0.851],[124.275,1.023],[124.412,1.185],[124.534,1.23],[124.574,1.304],[124.599,1.393],[124.747,1.442],[124.862,1.575],[124.948,1.672],[125.11,1.686],[125.164,1.643],[125.233,1.502],[125.143,1.409],[125.027,1.179],[124.966,1.082],[124.891,0.995]]],[[[107.373,-6.008],[107.474,-6.122],[107.564,-6.183],[107.668,-6.216],[107.776,-6.219],[107.884,-6.233],[108.01,-6.277],[108.136,-6.296],[108.197,-6.289],[108.255,-6.266],[108.33,-6.285],[108.42,-6.383],[108.518,-6.471],[108.604,-6.73],[108.676,-6.791],[108.78,-6.808],[108.899,-6.808],[109.018,-6.817],[109.295,-6.867],[109.403,-6.86],[109.5,-6.81],[109.587,-6.843],[109.821,-6.902],[109.936,-6.916],[110.066,-6.898],[110.199,-6.895],[110.26,-6.912],[110.321,-6.938],[110.372,-6.949],[110.426,-6.947],[110.519,-6.897],[110.584,-6.806],[110.635,-6.69],[110.674,-6.57],[110.699,-6.518],[110.786,-6.443],[110.836,-6.424],[110.973,-6.436],[111.153,-6.669],[111.344,-6.7],[111.484,-6.652],[111.542,-6.648],[111.643,-6.699],[111.736,-6.773],[111.988,-6.806],[112.089,-6.893],[112.312,-6.895],[112.435,-6.903],[112.539,-6.926],[112.586,-7.051],[112.625,-7.178],[112.751,-7.265],[112.784,-7.431],[112.795,-7.553],[113.014,-7.657],[113.248,-7.718],[113.497,-7.725],[113.749,-7.704],[113.875,-7.678],[114.037,-7.633],[114.382,-7.771],[114.443,-7.896],[114.443,-8.004],[114.386,-8.263],[114.382,-8.334],[114.386,-8.405],[114.451,-8.56],[114.595,-8.685],[114.584,-8.77],[114.458,-8.74],[114.382,-8.705],[114.339,-8.648],[114.278,-8.615],[114.159,-8.627],[113.939,-8.568],[113.691,-8.478],[113.252,-8.287],[113.133,-8.289],[113.018,-8.313],[112.899,-8.362],[112.773,-8.396],[112.679,-8.409],[112.586,-8.4],[112.352,-8.353],[112.114,-8.324],[111.509,-8.304],[111.34,-8.261],[111.056,-8.24],[110.829,-8.202],[110.606,-8.15],[110.037,-7.891],[109.853,-7.829],[109.281,-7.705],[109.194,-7.695],[108.986,-7.704],[108.856,-7.667],[108.741,-7.667],[108.572,-7.707],[108.518,-7.737],[108.453,-7.798],[108.334,-7.794],[108.219,-7.782],[107.916,-7.725],[107.805,-7.688],[107.697,-7.636],[107.596,-7.567],[107.546,-7.542],[107.286,-7.471],[107.07,-7.447],[106.631,-7.416],[106.534,-7.395],[106.455,-7.369],[106.412,-7.311],[106.415,-7.239],[106.448,-7.176],[106.491,-7.114],[106.52,-7.054],[106.199,-6.928],[105.944,-6.858],[105.836,-6.846],[105.724,-6.846],[105.602,-6.86],[105.479,-6.853],[105.422,-6.834],[105.36,-6.825],[105.303,-6.841],[105.242,-6.778],[105.335,-6.674],[105.386,-6.751],[105.461,-6.787],[105.58,-6.671],[105.609,-6.617],[105.656,-6.469],[105.706,-6.497],[105.756,-6.48],[105.868,-6.117],[105.936,-6.016],[106.03,-5.935],[106.167,-5.964],[106.35,-5.983],[106.458,-6.018],[106.57,-6.022],[106.674,-6.039],[106.826,-6.098],[106.88,-6.093],[106.93,-6.074],[107.013,-6.008],[107.045,-5.904],[107.16,-5.957],[107.333,-5.978],[107.373,-6.008]]],[[[109.63,2.028],[109.54,1.896],[109.572,1.806],[109.637,1.777],[109.655,1.615],[109.734,1.523],[109.817,1.44],[109.878,1.398],[109.943,1.337],[109.99,1.282],[110.041,1.235],[110.116,1.19],[110.314,0.995],[110.401,0.94],[110.462,0.883],[110.617,0.877],[110.937,1.018],[110.995,1.027],[111.103,1.051],[111.286,1.044],[111.484,0.995],[111.545,0.994],[111.607,1.023],[111.693,1.014],[111.769,0.999],[111.923,1.113],[112.078,1.143],[112.129,1.244],[112.168,1.337],[112.186,1.44],[112.251,1.48],[112.341,1.514],[112.478,1.56],[112.942,1.567],[113,1.497],[113.007,1.435],[113.068,1.431],[113.126,1.409],[113.36,1.327],[113.457,1.303],[113.515,1.308],[113.623,1.237],[113.68,1.261],[113.759,1.311],[113.835,1.381],[113.903,1.435],[114.001,1.455],[114.127,1.452],[114.274,1.471],[114.386,1.501],[114.512,1.452],[114.566,1.514],[114.631,1.617],[114.659,1.686],[114.685,1.818],[114.749,1.869],[114.8,1.895],[114.832,1.98],[114.789,2.051],[114.76,2.162],[114.767,2.212],[114.836,2.27],[114.969,2.351],[115.088,2.447],[115.153,2.494],[115.181,2.566],[115.131,2.612],[115.081,2.634],[115.077,2.686],[115.095,2.757],[115.088,2.841],[115.117,2.895],[115.189,2.974],[115.246,3.026],[115.311,2.993],[115.383,3.009],[115.455,3.035],[115.495,3.129],[115.491,3.209],[115.513,3.342],[115.567,3.447],[115.57,3.502],[115.545,3.634],[115.559,3.733],[115.57,3.94],[115.628,4.082],[115.678,4.193],[115.783,4.254],[115.837,4.334],[115.898,4.349],[116.02,4.29],[116.135,4.355],[116.236,4.363],[116.319,4.355],[116.369,4.327],[116.513,4.37],[116.589,4.339],[116.639,4.339],[116.697,4.355],[116.845,4.341],[117.1,4.337],[117.277,4.299],[117.449,4.193],[117.536,4.172],[117.464,4.077],[117.561,3.988],[117.565,3.929],[117.64,3.877],[117.727,3.797],[117.763,3.733],[117.716,3.644],[117.629,3.636],[117.568,3.677],[117.511,3.73],[117.496,3.665],[117.287,3.639],[117.172,3.639],[117.057,3.622],[117.115,3.613],[117.165,3.592],[117.345,3.426],[117.385,3.365],[117.323,3.243],[117.352,3.193],[117.421,3.165],[117.507,3.105],[117.568,3.098],[117.611,3.006],[117.637,2.95],[117.568,2.929],[117.637,2.915],[117.698,2.888],[117.64,2.825],[117.748,2.775],[117.806,2.669],[117.885,2.542],[118.033,2.377],[118.065,2.318],[118.065,2.263],[117.957,2.16],[117.889,2.087],[117.788,2.027],[117.863,1.969],[117.928,1.867],[118.079,1.702],[118.159,1.641],[118.472,1.417],[118.637,1.318],[118.853,1.096],[118.965,1.044],[118.987,0.981],[118.893,0.888],[118.756,0.839],[118.533,0.813],[118.31,0.848],[118.195,0.874],[118.094,0.929],[118.015,1.039],[117.91,1.1],[117.953,1.032],[117.979,0.964],[117.964,0.889],[117.925,0.832],[117.853,0.789],[117.777,0.754],[117.554,0.341],[117.521,0.237],[117.464,-0.201],[117.464,-0.324],[117.55,-0.555],[117.557,-0.675],[117.575,-0.727],[117.521,-0.796],[117.356,-0.867],[117.241,-0.926],[117.147,-1.01],[117.071,-1.112],[117.003,-1.189],[116.913,-1.223],[116.848,-1.218],[116.798,-1.183],[116.762,-1.117],[116.74,-1.044],[116.726,-1.098],[116.729,-1.15],[116.758,-1.208],[116.773,-1.267],[116.755,-1.327],[116.611,-1.428],[116.553,-1.473],[116.546,-1.553],[116.477,-1.633],[116.333,-1.713],[116.276,-1.786],[116.355,-1.779],[116.423,-1.786],[116.431,-1.864],[116.452,-1.923],[116.423,-2.053],[116.315,-2.14],[116.369,-2.159],[116.42,-2.187],[116.528,-2.208],[116.564,-2.3],[116.549,-2.411],[116.528,-2.511],[116.452,-2.539],[116.402,-2.52],[116.351,-2.522],[116.308,-2.603],[116.377,-2.577],[116.373,-2.708],[116.355,-2.833],[116.33,-2.902],[116.29,-2.959],[116.225,-2.977],[116.168,-2.935],[116.171,-3.025],[116.258,-3.126],[116.204,-3.148],[116.15,-3.234],[116.056,-3.348],[116.017,-3.433],[115.999,-3.523],[115.955,-3.595],[115.257,-3.907],[114.695,-4.169],[114.627,-4.112],[114.605,-3.704],[114.537,-3.494],[114.526,-3.376],[114.447,-3.482],[114.397,-3.471],[114.343,-3.444],[114.303,-3.365],[114.343,-3.235],[114.292,-3.306],[114.235,-3.36],[114.177,-3.355],[114.127,-3.327],[113.957,-3.395],[113.795,-3.456],[113.705,-3.456],[113.633,-3.419],[113.637,-3.332],[113.63,-3.246],[113.612,-3.195],[113.525,-3.185],[113.41,-3.228],[113.342,-3.246],[113.036,-2.933],[112.971,-3.187],[112.759,-3.322],[112.6,-3.4],[112.445,-3.371],[112.283,-3.32],[112.125,-3.381],[111.956,-3.53],[111.859,-3.551],[111.833,-3.419],[111.837,-3.308],[111.823,-3.056],[111.761,-2.938],[111.697,-2.89],[111.625,-2.975],[111.495,-2.973],[111.369,-2.933],[111.261,-2.956],[111.045,-3.056],[110.93,-3.07],[110.869,-3.05],[110.829,-2.996],[110.851,-2.945],[110.901,-2.909],[110.811,-2.938],[110.735,-2.989],[110.667,-3.004],[110.573,-2.892],[110.379,-2.933],[110.303,-2.985],[110.231,-2.925],[110.224,-2.688],[110.123,-2.234],[110.098,-2.001],[110.077,-1.947],[109.961,-1.862],[109.965,-1.742],[110.023,-1.643],[110.037,-1.525],[110.019,-1.399],[109.983,-1.275],[109.94,-1.182],[109.875,-1.102],[109.788,-1.011],[109.68,-0.944],[109.454,-0.869],[109.335,-0.876],[109.259,-0.807],[109.27,-0.732],[109.313,-0.68],[109.367,-0.668],[109.256,-0.577],[109.162,-0.494],[109.122,-0.392],[109.122,-0.265],[109.151,-0.185],[109.194,-0.01],[109.259,0.032],[109.18,0.117],[109.148,0.167],[109.076,0.252],[108.946,0.357],[108.924,0.534],[108.906,0.794],[108.917,0.912],[108.957,1.134],[109.032,1.204],[109.09,1.225],[109.011,1.24],[109.054,1.438],[109.076,1.495],[109.166,1.606],[109.274,1.705],[109.317,1.822],[109.378,1.922],[109.63,2.028]]],[[[127.731,0.848],[127.807,0.825],[127.882,0.832],[127.929,0.935],[127.969,1.042],[128.055,1.115],[128.116,1.127],[128.152,1.238],[128.156,1.317],[128.221,1.4],[128.426,1.518],[128.537,1.56],[128.689,1.572],[128.689,1.464],[128.717,1.367],[128.703,1.106],[128.516,0.98],[128.347,0.907],[128.257,0.804],[128.26,0.733],[128.397,0.639],[128.609,0.549],[128.685,0.438],[128.692,0.36],[128.743,0.324],[128.815,0.306],[128.901,0.216],[128.541,0.337],[128.447,0.391],[128.332,0.398],[128.221,0.414],[128.105,0.461],[127.983,0.471],[127.925,0.438],[127.9,0.372],[127.886,0.297],[127.915,0.205],[127.911,0.15],[127.889,0.049],[127.979,-0.248],[128.091,-0.485],[128.253,-0.732],[128.336,-0.817],[128.426,-0.893],[128.278,-0.871],[128.235,-0.788],[128.048,-0.706],[127.889,-0.423],[127.742,-0.3],[127.691,-0.242],[127.673,-0.163],[127.688,-0.079],[127.681,0.035],[127.684,0.148],[127.709,0.289],[127.616,0.383],[127.555,0.49],[127.537,0.612],[127.54,0.681],[127.565,0.742],[127.601,0.796],[127.609,0.848],[127.519,0.924],[127.429,1.139],[127.421,1.252],[127.537,1.468],[127.533,1.572],[127.558,1.634],[127.569,1.7],[127.63,1.844],[127.731,1.966],[127.9,2.138],[127.965,2.174],[128.037,2.198],[128.03,2.12],[127.907,1.945],[127.886,1.832],[127.947,1.79],[128.012,1.702],[128.023,1.584],[128.026,1.459],[128.012,1.332],[127.886,1.162],[127.652,1.014],[127.634,0.936],[127.677,0.886],[127.731,0.848]]],[[[129.754,-2.866],[129.985,-2.977],[130.104,-2.992],[130.305,-2.978],[130.381,-2.989],[130.572,-3.131],[130.626,-3.228],[130.64,-3.312],[130.672,-3.392],[130.773,-3.419],[130.845,-3.534],[130.806,-3.859],[130.579,-3.749],[130.363,-3.626],[130.269,-3.579],[130.021,-3.475],[129.952,-3.392],[129.844,-3.327],[129.628,-3.317],[129.545,-3.319],[129.52,-3.433],[129.466,-3.454],[129.333,-3.409],[129.211,-3.393],[129.106,-3.35],[128.966,-3.326],[128.962,-3.272],[128.861,-3.235],[128.8,-3.265],[128.75,-3.301],[128.678,-3.397],[128.516,-3.449],[128.465,-3.44],[128.278,-3.24],[128.181,-3.171],[128.131,-3.157],[128.055,-3.239],[128.044,-3.303],[127.969,-3.444],[127.922,-3.506],[127.929,-3.397],[127.929,-3.341],[127.897,-3.282],[127.879,-3.221],[128.113,-2.935],[128.199,-2.866],[128.57,-2.843],[128.789,-2.857],[128.912,-2.85],[128.991,-2.829],[129.059,-2.838],[129.074,-2.895],[129.175,-2.933],[129.279,-2.89],[129.373,-2.82],[129.427,-2.791],[129.484,-2.786],[129.542,-2.791],[129.599,-2.806],[129.754,-2.866]]],[[[126.86,-3.088],[127.025,-3.166],[127.061,-3.216],[127.094,-3.277],[127.162,-3.338],[127.227,-3.392],[127.245,-3.471],[127.231,-3.633],[127.155,-3.647],[127.087,-3.671],[126.943,-3.765],[126.871,-3.782],[126.795,-3.789],[126.741,-3.813],[126.687,-3.824],[126.547,-3.772],[126.41,-3.711],[126.215,-3.605],[126.147,-3.523],[126.057,-3.421],[126.035,-3.355],[126.028,-3.171],[126.089,-3.105],[126.219,-3.148],[126.305,-3.103],[126.554,-3.065],[126.809,-3.069],[126.86,-3.088]]],[[[124.923,-8.943],[124.916,-9.032],[124.973,-9.065],[125.099,-9.004],[125.15,-9.042],[125.15,-9.124],[125.099,-9.19],[124.977,-9.195],[124.959,-9.254],[124.999,-9.325],[125.035,-9.382],[125.067,-9.513],[124.999,-9.565],[124.963,-9.665],[124.84,-9.759],[124.707,-9.914],[124.603,-9.994],[124.509,-10.086],[124.426,-10.148],[124.325,-10.171],[124.174,-10.183],[123.973,-10.296],[123.857,-10.344],[123.746,-10.348],[123.645,-10.311],[123.613,-10.216],[123.692,-10.129],[123.717,-10.079],[123.598,-10.014],[123.634,-9.837],[123.667,-9.705],[123.71,-9.615],[123.875,-9.454],[123.976,-9.374],[124.037,-9.341],[124.091,-9.417],[124.282,-9.428],[124.376,-9.349],[124.437,-9.238],[124.574,-9.155],[124.646,-9.117],[124.707,-9.061],[124.891,-8.969],[124.923,-8.943]]],[[[134.748,-5.707],[134.737,-5.817],[134.755,-5.883],[134.712,-5.95],[134.751,-6.049],[134.758,-6.1],[134.755,-6.171],[134.715,-6.296],[134.661,-6.338],[134.442,-6.334],[134.355,-6.27],[134.28,-6.2],[134.175,-6.091],[134.154,-6.02],[134.226,-6.008],[134.301,-6.009],[134.344,-5.832],[134.226,-5.744],[134.247,-5.681],[134.341,-5.713],[134.456,-5.558],[134.506,-5.438],[134.571,-5.428],[134.647,-5.492],[134.647,-5.581],[134.701,-5.603],[134.748,-5.707]]],[[[134.535,-6.442],[134.521,-6.513],[134.503,-6.591],[134.413,-6.68],[134.355,-6.815],[134.2,-6.909],[134.092,-6.834],[134.06,-6.77],[134.107,-6.471],[134.186,-6.48],[134.125,-6.426],[134.11,-6.256],[134.114,-6.19],[134.168,-6.176],[134.233,-6.226],[134.319,-6.317],[134.416,-6.386],[134.535,-6.442]]],[[[138.535,-8.273],[138.297,-8.405],[137.984,-8.383],[137.872,-8.379],[137.689,-8.412],[137.685,-8.263],[137.833,-7.933],[138.009,-7.641],[138.081,-7.567],[138.186,-7.495],[138.297,-7.438],[138.546,-7.379],[138.769,-7.391],[138.898,-7.511],[138.963,-7.587],[138.988,-7.697],[138.891,-7.883],[138.787,-8.06],[138.61,-8.199],[138.535,-8.273]]],[[[140.972,-2.61],[140.972,-2.681],[140.972,-2.803],[140.972,-3.006],[140.972,-3.209],[140.976,-3.414],[140.976,-3.617],[140.976,-3.82],[140.976,-4.023],[140.976,-4.227],[140.976,-4.43],[140.976,-4.633],[140.976,-4.836],[140.976,-5.039],[140.976,-5.242],[140.976,-5.447],[140.976,-5.65],[140.976,-5.853],[140.976,-6.056],[140.976,-6.259],[140.976,-6.346],[140.943,-6.452],[140.875,-6.612],[140.864,-6.74],[140.918,-6.839],[140.976,-6.905],[140.976,-7.072],[140.976,-7.277],[140.976,-7.48],[140.976,-7.683],[140.976,-7.886],[140.976,-8.089],[140.976,-8.292],[140.976,-8.495],[140.976,-8.698],[140.976,-8.902],[140.976,-9.105],[140.925,-9.086],[140.785,-8.975],[140.662,-8.846],[140.58,-8.728],[140.49,-8.62],[140.101,-8.301],[140.004,-8.195],[139.993,-8.139],[140.036,-8.084],[140.115,-7.924],[140.032,-8.023],[139.935,-8.101],[139.791,-8.107],[139.651,-8.126],[139.518,-8.172],[139.384,-8.19],[139.32,-8.166],[139.28,-8.107],[139.258,-8.046],[139.248,-7.983],[139.194,-8.086],[139.082,-8.143],[138.934,-8.263],[138.866,-8.192],[138.884,-8.094],[138.906,-8.041],[138.934,-7.914],[139.003,-7.837],[139.046,-7.692],[139.075,-7.64],[139.089,-7.587],[139.05,-7.528],[138.985,-7.508],[138.884,-7.374],[138.794,-7.299],[138.798,-7.216],[138.866,-7.202],[138.92,-7.204],[139.017,-7.226],[139.176,-7.19],[139.114,-7.202],[139.05,-7.2],[138.844,-7.136],[138.718,-7.07],[138.6,-6.936],[138.682,-6.886],[138.866,-6.858],[138.808,-6.791],[138.726,-6.732],[138.697,-6.626],[138.643,-6.56],[138.52,-6.454],[138.438,-6.343],[138.369,-6.119],[138.297,-5.949],[138.315,-5.888],[138.376,-5.844],[138.283,-5.839],[138.2,-5.806],[138.243,-5.725],[138.34,-5.676],[138.25,-5.688],[138.168,-5.713],[138.088,-5.709],[138.063,-5.629],[138.074,-5.546],[138.06,-5.466],[137.984,-5.428],[137.923,-5.371],[137.84,-5.35],[137.761,-5.256],[137.307,-5.015],[137.278,-4.945],[137.196,-4.99],[137.145,-4.95],[137.088,-4.924],[137.03,-4.928],[136.976,-4.907],[136.918,-4.895],[136.857,-4.893],[136.62,-4.819],[136.393,-4.7],[136.209,-4.65],[136.098,-4.584],[135.979,-4.53],[135.716,-4.478],[135.45,-4.444],[135.352,-4.442],[135.273,-4.454],[135.194,-4.45],[134.755,-4.195],[134.679,-4.079],[134.686,-4.011],[134.708,-3.954],[134.888,-3.938],[134.758,-3.923],[134.708,-3.93],[134.604,-3.977],[134.546,-3.98],[134.467,-3.949],[134.391,-3.911],[134.265,-3.945],[134.204,-3.886],[134.179,-3.826],[134.1,-3.799],[134.038,-3.822],[133.974,-3.819],[133.905,-3.72],[133.808,-3.65],[133.722,-3.577],[133.678,-3.48],[133.682,-3.31],[133.696,-3.247],[133.783,-3.148],[133.84,-3.055],[133.768,-3.044],[133.7,-3.088],[133.66,-3.185],[133.653,-3.364],[133.599,-3.416],[133.52,-3.412],[133.542,-3.517],[133.509,-3.615],[133.416,-3.732],[133.408,-3.786],[133.423,-3.843],[133.401,-3.898],[133.25,-4.062],[133.2,-4.07],[133.084,-4.069],[132.969,-4.095],[132.915,-4.056],[132.836,-3.949],[132.789,-3.827],[132.753,-3.704],[132.868,-3.551],[132.829,-3.412],[132.753,-3.294],[132.555,-3.131],[132.35,-2.975],[132.256,-2.944],[132.102,-2.93],[132.008,-2.857],[131.972,-2.789],[132.066,-2.76],[132.231,-2.68],[132.325,-2.685],[132.577,-2.727],[132.652,-2.767],[132.724,-2.789],[132.897,-2.659],[133.034,-2.487],[133.12,-2.451],[133.192,-2.438],[133.264,-2.454],[133.412,-2.513],[133.527,-2.541],[133.61,-2.548],[133.653,-2.6],[133.711,-2.544],[133.754,-2.451],[133.833,-2.421],[133.905,-2.392],[133.898,-2.305],[133.79,-2.294],[133.851,-2.22],[133.902,-2.183],[133.923,-2.102],[133.711,-2.188],[133.488,-2.225],[133.358,-2.216],[133.225,-2.215],[132.962,-2.272],[132.865,-2.27],[132.631,-2.247],[132.501,-2.218],[132.404,-2.241],[132.307,-2.242],[132.206,-2.176],[132.123,-2.093],[132.08,-2.034],[132.022,-1.991],[131.997,-1.933],[131.936,-1.715],[131.929,-1.56],[131.832,-1.557],[131.731,-1.541],[131.295,-1.393],[131.241,-1.43],[131.18,-1.449],[131.119,-1.456],[131.058,-1.447],[130.996,-1.425],[131.047,-1.284],[131.151,-1.218],[131.191,-1.166],[131.256,-1.006],[131.259,-0.952],[131.252,-0.897],[131.295,-0.834],[131.461,-0.782],[131.803,-0.704],[131.889,-0.657],[131.961,-0.583],[132.048,-0.538],[132.127,-0.454],[132.393,-0.355],[132.508,-0.348],[132.624,-0.359],[132.858,-0.418],[133.077,-0.511],[133.268,-0.636],[133.473,-0.727],[133.725,-0.741],[133.851,-0.732],[133.974,-0.744],[134.024,-0.77],[134.11,-0.847],[134.085,-0.897],[134.071,-1.001],[134.118,-1.102],[134.19,-1.202],[134.247,-1.31],[134.258,-1.362],[134.236,-1.475],[134.218,-1.529],[134.146,-1.621],[134.107,-1.721],[134.132,-1.845],[134.146,-1.968],[134.143,-2.083],[134.157,-2.195],[134.193,-2.308],[134.362,-2.621],[134.46,-2.833],[134.492,-2.714],[134.485,-2.583],[134.568,-2.51],[134.629,-2.537],[134.643,-2.589],[134.65,-2.706],[134.701,-2.933],[134.769,-2.944],[134.845,-2.909],[134.856,-2.978],[134.852,-3.107],[134.888,-3.209],[135.039,-3.332],[135.093,-3.348],[135.252,-3.369],[135.37,-3.374],[135.486,-3.345],[135.561,-3.268],[135.626,-3.187],[135.86,-2.996],[135.925,-2.904],[135.99,-2.765],[136.242,-2.583],[136.27,-2.529],[136.303,-2.426],[136.353,-2.326],[136.389,-2.274],[136.612,-2.225],[136.843,-2.197],[137.073,-2.105],[137.17,-2.025],[137.178,-1.973],[137.127,-1.881],[137.178,-1.801],[137.379,-1.685],[137.617,-1.565],[137.808,-1.484],[137.912,-1.484],[138.009,-1.557],[138.11,-1.616],[138.65,-1.791],[138.736,-1.845],[138.812,-1.918],[138.92,-1.968],[139.039,-1.992],[139.15,-2.039],[139.251,-2.1],[139.482,-2.211],[139.791,-2.348],[139.867,-2.357],[140.155,-2.35],[140.205,-2.376],[140.295,-2.421],[140.623,-2.445],[140.673,-2.471],[140.749,-2.607],[140.972,-2.61]]],[[[138.895,-8.389],[138.844,-8.402],[138.596,-8.372],[138.564,-8.31],[138.621,-8.268],[138.675,-8.199],[138.762,-8.174],[138.898,-8.337],[138.895,-8.389]]],[[[101.706,2.079],[101.764,1.997],[101.775,1.943],[101.735,1.882],[101.721,1.789],[101.602,1.716],[101.501,1.733],[101.404,1.902],[101.411,2.021],[101.544,2.061],[101.642,2.127],[101.706,2.079]]],[[[102.426,0.99],[102.326,1.008],[102.279,1.075],[102.257,1.146],[102.236,1.264],[102.228,1.348],[102.358,1.346],[102.412,1.261],[102.448,1.157],[102.43,1.067],[102.426,0.99]]],[[[102.491,1.459],[102.498,1.33],[102.426,1.365],[102.365,1.415],[102.275,1.454],[102.16,1.466],[102.077,1.499],[102.02,1.558],[102.023,1.608],[102.47,1.509],[102.491,1.459]]],[[[103.028,0.747],[102.97,0.737],[102.776,0.78],[102.711,0.784],[102.542,0.832],[102.491,0.856],[102.466,0.95],[102.506,1.089],[102.632,1.054],[102.725,0.988],[102.779,0.959],[102.945,0.893],[103.002,0.86],[103.028,0.747]]],[[[103.168,0.87],[103.085,0.848],[103.035,0.883],[102.963,0.943],[102.887,0.997],[102.786,1.032],[102.725,1.04],[102.725,1.159],[102.79,1.165],[102.999,1.068],[103.067,1.014],[103.168,0.87]]],[[[103.283,0.542],[103.172,0.535],[103.154,0.643],[103.186,0.7],[103.236,0.699],[103.294,0.613],[103.283,0.542]]],[[[103.449,0.664],[103.344,0.778],[103.366,0.851],[103.434,0.825],[103.499,0.723],[103.449,0.664]]],[[[104.025,1.181],[104.09,1.138],[104.14,1.165],[104.126,1.093],[104.064,0.99],[103.964,1.013],[103.931,1.072],[103.956,1.138],[104.025,1.181]]],[[[104.586,1.216],[104.59,1.141],[104.648,1.105],[104.662,1.049],[104.651,0.961],[104.601,0.858],[104.504,0.853],[104.471,0.914],[104.464,0.995],[104.439,1.051],[104.295,1.016],[104.244,1.077],[104.363,1.181],[104.428,1.197],[104.5,1.179],[104.586,1.216]]],[[[104.777,-0.176],[104.842,-0.14],[104.91,-0.211],[105.004,-0.282],[104.95,-0.284],[104.702,-0.209],[104.565,-0.246],[104.475,-0.213],[104.496,-0.126],[104.543,0.018],[104.637,-0.018],[104.651,-0.076],[104.712,-0.104],[104.777,-0.176]]],[[[104.475,-0.334],[104.568,-0.432],[104.543,-0.52],[104.507,-0.597],[104.414,-0.584],[104.363,-0.659],[104.331,-0.539],[104.259,-0.463],[104.302,-0.387],[104.363,-0.402],[104.475,-0.334]]],[[[103.737,-0.348],[103.607,-0.383],[103.46,-0.357],[103.478,-0.298],[103.55,-0.227],[103.611,-0.23],[103.722,-0.277],[103.737,-0.348]]],[[[109.709,-1.18],[109.511,-1.282],[109.428,-1.241],[109.45,-1.044],[109.475,-0.985],[109.616,-0.978],[109.698,-1.008],[109.76,-1.105],[109.709,-1.18]]],[[[113.846,-7.105],[113.655,-7.112],[113.547,-7.193],[113.471,-7.218],[113.198,-7.218],[113.14,-7.207],[113.039,-7.212],[112.762,-7.14],[112.726,-7.074],[112.769,-7.001],[112.867,-6.9],[113.068,-6.879],[113.975,-6.872],[114.073,-6.961],[113.885,-7.049],[113.846,-7.105]]],[[[134.964,-1.116],[134.863,-1.114],[134.809,-1.038],[134.827,-0.978],[134.888,-0.939],[134.942,-0.978],[134.956,-1.031],[134.964,-1.116]]],[[[127.249,-0.496],[127.187,-0.522],[127.119,-0.52],[127.105,-0.414],[127.126,-0.279],[127.191,-0.256],[127.288,-0.284],[127.281,-0.392],[127.249,-0.496]]],[[[127.565,-0.319],[127.681,-0.468],[127.605,-0.61],[127.659,-0.69],[127.803,-0.694],[127.864,-0.76],[127.843,-0.848],[127.76,-0.883],[127.666,-0.833],[127.623,-0.767],[127.497,-0.803],[127.439,-0.739],[127.468,-0.643],[127.382,-0.6],[127.299,-0.501],[127.328,-0.392],[127.324,-0.336],[127.454,-0.406],[127.493,-0.336],[127.565,-0.319]]],[[[132.926,-5.902],[132.847,-5.989],[132.922,-5.785],[132.937,-5.683],[133.009,-5.621],[133.113,-5.31],[133.174,-5.348],[133.12,-5.575],[132.973,-5.735],[132.926,-5.902]]],[[[132.807,-5.851],[132.746,-5.947],[132.681,-5.912],[132.667,-5.857],[132.681,-5.739],[132.631,-5.607],[132.699,-5.608],[132.739,-5.662],[132.804,-5.789],[132.807,-5.851]]],[[[128.275,-3.674],[128.192,-3.735],[128.141,-3.734],[128.145,-3.678],[128.051,-3.714],[127.979,-3.772],[127.925,-3.699],[128.015,-3.602],[128.12,-3.588],[128.264,-3.513],[128.329,-3.517],[128.293,-3.598],[128.275,-3.674]]],[[[126.817,4.033],[126.712,4.019],[126.705,4.072],[126.77,4.162],[126.813,4.259],[126.723,4.344],[126.719,4.415],[126.759,4.547],[126.813,4.537],[126.863,4.48],[126.885,4.372],[126.921,4.29],[126.849,4.179],[126.817,4.033]]],[[[125.657,3.436],[125.51,3.46],[125.517,3.549],[125.47,3.639],[125.47,3.733],[125.542,3.671],[125.585,3.572],[125.643,3.476],[125.657,3.436]]],[[[130.863,-8.318],[130.777,-8.35],[130.834,-8.271],[131.022,-8.091],[131.086,-8.124],[131.176,-8.131],[131.043,-8.212],[130.906,-8.245],[130.863,-8.318]]],[[[129.837,-7.954],[129.779,-8.046],[129.715,-8.041],[129.592,-7.917],[129.599,-7.83],[129.657,-7.794],[129.812,-7.82],[129.844,-7.89],[129.837,-7.954]]],[[[127.825,-8.1],[127.997,-8.139],[128.098,-8.134],[128.023,-8.256],[127.821,-8.19],[127.785,-8.12],[127.825,-8.1]]],[[[130.352,-1.69],[130.366,-1.749],[130.424,-1.805],[130.406,-1.89],[130.395,-1.942],[130.374,-1.992],[130.284,-2.01],[130.132,-2.063],[129.887,-1.987],[129.754,-1.895],[129.992,-1.76],[130.107,-1.73],[130.201,-1.732],[130.32,-1.692],[130.352,-1.69]]],[[[102.369,-5.478],[102.286,-5.483],[102.135,-5.36],[102.153,-5.286],[102.372,-5.367],[102.369,-5.478]]],[[[100.425,-3.183],[100.464,-3.329],[100.346,-3.228],[100.349,-3.159],[100.259,-3.056],[100.205,-2.987],[100.18,-2.82],[100.245,-2.784],[100.454,-3.003],[100.464,-3.117],[100.425,-3.183]]],[[[100.205,-2.741],[100.133,-2.822],[100.014,-2.82],[99.993,-2.77],[99.996,-2.649],[99.968,-2.595],[99.989,-2.525],[100.202,-2.68],[100.205,-2.741]]],[[[99.842,-2.343],[99.687,-2.282],[99.608,-2.258],[99.539,-2.161],[99.561,-2.051],[99.622,-2.017],[99.687,-2.063],[99.734,-2.178],[99.816,-2.284],[99.842,-2.343]]],[[[98.459,-0.531],[98.398,-0.577],[98.308,-0.532],[98.34,-0.468],[98.355,-0.38],[98.409,-0.308],[98.427,-0.227],[98.322,-0.001],[98.373,0.008],[98.484,-0.168],[98.546,-0.258],[98.52,-0.38],[98.459,-0.531]]],[[[96.465,2.36],[96.4,2.351],[96.342,2.372],[96.292,2.429],[96.022,2.596],[95.939,2.598],[95.882,2.641],[95.81,2.655],[95.734,2.766],[95.716,2.827],[95.774,2.855],[95.806,2.915],[95.896,2.889],[95.997,2.782],[96.101,2.742],[96.18,2.662],[96.418,2.514],[96.461,2.415],[96.465,2.36]]],[[[122.043,-5.438],[121.978,-5.464],[121.859,-5.35],[121.809,-5.256],[121.82,-5.202],[121.874,-5.145],[121.913,-5.072],[121.967,-5.075],[122,-5.141],[122.061,-5.221],[122.043,-5.438]]],[[[123.213,-1.171],[123.235,-1.234],[123.199,-1.287],[123.238,-1.39],[123.339,-1.255],[123.436,-1.237],[123.49,-1.26],[123.548,-1.338],[123.512,-1.447],[123.447,-1.499],[123.368,-1.508],[123.328,-1.444],[123.274,-1.437],[123.238,-1.577],[123.173,-1.616],[123.123,-1.557],[123.184,-1.492],[123.152,-1.305],[122.983,-1.511],[122.889,-1.588],[122.81,-1.432],[122.831,-1.282],[122.907,-1.182],[122.972,-1.189],[123.159,-1.157],[123.213,-1.171]]],[[[121.863,-0.407],[121.881,-0.503],[121.755,-0.491],[121.679,-0.525],[121.748,-0.407],[121.798,-0.418],[121.863,-0.407]]],[[[120.527,-6.298],[120.488,-6.464],[120.466,-6.407],[120.459,-6.254],[120.434,-6.18],[120.452,-6.094],[120.448,-5.876],[120.477,-5.775],[120.535,-5.904],[120.549,-5.969],[120.527,-6.298]]],[[[115.376,-6.971],[115.297,-6.989],[115.221,-6.952],[115.239,-6.862],[115.354,-6.839],[115.415,-6.839],[115.48,-6.87],[115.545,-6.938],[115.423,-6.94],[115.376,-6.971]]],[[[116.305,-3.869],[116.092,-4.055],[116.078,-3.817],[116.017,-3.701],[116.024,-3.612],[116.063,-3.457],[116.117,-3.339],[116.24,-3.26],[116.261,-3.395],[116.287,-3.449],[116.283,-3.536],[116.305,-3.718],[116.29,-3.82],[116.305,-3.869]]],[[[122.95,-10.908],[122.857,-10.91],[122.817,-10.811],[123.062,-10.698],[123.145,-10.639],[123.267,-10.518],[123.339,-10.487],[123.382,-10.568],[123.415,-10.622],[123.31,-10.698],[123.217,-10.806],[123.004,-10.877],[122.95,-10.908]]],[[[124.286,-8.329],[124.225,-8.391],[124.185,-8.499],[124.066,-8.551],[124.016,-8.443],[123.929,-8.449],[123.973,-8.355],[124.07,-8.318],[124.239,-8.204],[124.304,-8.228],[124.286,-8.329]]],[[[123.926,-8.273],[123.785,-8.299],[123.699,-8.424],[123.631,-8.422],[123.591,-8.478],[123.58,-8.546],[123.49,-8.532],[123.433,-8.575],[123.328,-8.535],[123.253,-8.539],[123.325,-8.44],[123.454,-8.353],[123.397,-8.301],[123.472,-8.268],[123.53,-8.264],[123.602,-8.291],[123.775,-8.19],[123.847,-8.214],[123.897,-8.238],[123.926,-8.273]]],[[[123.317,-8.355],[123.026,-8.395],[123.033,-8.337],[123.109,-8.275],[123.217,-8.235],[123.335,-8.27],[123.317,-8.355]]],[[[134.715,-6.549],[134.661,-6.56],[134.632,-6.476],[134.73,-6.506],[134.715,-6.549]]],[[[103.424,1.049],[103.431,0.994],[103.362,1.008],[103.316,1.072],[103.38,1.134],[103.406,1.072],[103.424,1.049]]],[[[103.827,0.801],[103.744,0.83],[103.751,0.891],[103.805,0.846],[103.827,0.801]]],[[[104.241,0.834],[104.176,0.804],[104.097,0.896],[104.169,0.896],[104.226,0.879],[104.241,0.834]]],[[[104.691,0.06],[104.622,0.08],[104.5,0.232],[104.658,0.103],[104.691,0.06]]],[[[106.286,3.157],[106.282,3.089],[106.214,3.129],[106.199,3.205],[106.271,3.216],[106.286,3.157]]],[[[105.76,2.863],[105.706,2.889],[105.71,2.94],[105.692,3.011],[105.692,3.063],[105.76,3.013],[105.821,2.985],[105.81,2.903],[105.76,2.863]]],[[[108.888,2.905],[108.838,2.853],[108.788,2.886],[108.867,2.992],[108.888,2.905]]],[[[108.953,-1.619],[108.838,-1.662],[108.802,-1.567],[108.878,-1.539],[108.957,-1.564],[108.953,-1.619]]],[[[107.474,-2.9],[107.409,-2.9],[107.42,-2.838],[107.474,-2.834],[107.474,-2.9]]],[[[106.887,-3.006],[106.815,-3.015],[106.75,-2.961],[106.797,-2.898],[106.912,-2.933],[106.887,-3.006]]],[[[114.411,-7.134],[114.346,-7.164],[114.299,-7.098],[114.35,-7.074],[114.411,-7.134]]],[[[112.719,-5.812],[112.604,-5.844],[112.647,-5.732],[112.726,-5.752],[112.719,-5.812]]],[[[105.252,-6.64],[105.191,-6.662],[105.123,-6.615],[105.191,-6.546],[105.26,-6.523],[105.252,-6.64]]],[[[97.336,2.075],[97.224,2.158],[97.109,2.218],[97.253,2.216],[97.329,2.148],[97.336,2.075]]],[[[95.363,5.813],[95.284,5.799],[95.219,5.889],[95.284,5.898],[95.36,5.877],[95.363,5.813]]],[[[123.598,-1.704],[123.53,-1.711],[123.487,-1.534],[123.548,-1.508],[123.58,-1.591],[123.598,-1.704]]],[[[123.242,-4.114],[123.145,-4.233],[123.076,-4.227],[122.993,-4.148],[122.972,-4.062],[123.026,-3.982],[123.213,-3.997],[123.242,-4.114]]],[[[123.847,-1.956],[123.865,-1.996],[123.803,-1.994],[123.778,-1.919],[123.782,-1.878],[123.847,-1.956]]],[[[123.152,-1.817],[123.08,-1.899],[123.087,-1.815],[123.137,-1.772],[123.152,-1.817]]],[[[119.465,-8.74],[119.386,-8.737],[119.401,-8.646],[119.379,-8.587],[119.429,-8.455],[119.483,-8.473],[119.548,-8.483],[119.555,-8.553],[119.483,-8.629],[119.465,-8.74]]],[[[119.073,-8.238],[119.023,-8.2],[119.08,-8.139],[119.134,-8.197],[119.073,-8.238]]],[[[115.61,-8.77],[115.502,-8.744],[115.541,-8.676],[115.613,-8.712],[115.61,-8.77]]],[[[117.647,4.169],[117.745,4.167],[117.885,4.186],[117.917,4.091],[117.737,4.004],[117.626,4.122],[117.647,4.169]]],[[[117.658,3.28],[117.561,3.329],[117.536,3.386],[117.637,3.436],[117.658,3.28]]],[[[124.052,-5.973],[123.973,-5.94],[123.976,-5.881],[124.052,-5.973]]],[[[123.627,-5.272],[123.623,-5.372],[123.551,-5.332],[123.544,-5.272],[123.627,-5.272]]],[[[120.776,-7.119],[120.671,-7.124],[120.632,-7.018],[120.747,-7.06],[120.776,-7.119]]],[[[117.557,-8.367],[117.489,-8.35],[117.482,-8.238],[117.489,-8.183],[117.547,-8.152],[117.665,-8.148],[117.557,-8.367]]],[[[116.423,-3.464],[116.387,-3.636],[116.326,-3.539],[116.395,-3.423],[116.423,-3.464]]],[[[127.371,0.791],[127.306,0.77],[127.292,0.843],[127.353,0.848],[127.371,0.791]]],[[[134.373,-2.124],[134.352,-2.037],[134.42,-2.051],[134.373,-2.124]]],[[[133.57,-4.246],[133.621,-4.299],[133.502,-4.258],[133.333,-4.169],[133.322,-4.11],[133.466,-4.201],[133.57,-4.246]]],[[[130.906,-0.777],[130.881,-0.829],[130.831,-0.862],[130.402,-0.925],[130.456,-0.852],[130.528,-0.838],[130.593,-0.827],[130.723,-0.822],[130.813,-0.814],[130.906,-0.777]]],[[[130.626,-0.529],[130.568,-0.531],[130.467,-0.487],[130.525,-0.449],[130.597,-0.418],[130.658,-0.437],[130.626,-0.529]]],[[[129.549,-0.187],[129.47,-0.131],[129.369,-0.067],[129.308,0.046],[129.542,-0.14],[129.549,-0.187]]],[[[127.454,-0.006],[127.396,0.016],[127.418,0.124],[127.45,0.068],[127.454,-0.006]]],[[[127.421,0.643],[127.364,0.676],[127.382,0.744],[127.443,0.733],[127.447,0.683],[127.421,0.643]]],[[[127.299,-0.781],[127.184,-0.775],[127.209,-0.619],[127.259,-0.623],[127.303,-0.758],[127.299,-0.781]]],[[[128.721,-3.546],[128.714,-3.603],[128.66,-3.588],[128.584,-3.513],[128.667,-3.517],[128.721,-3.546]]],[[[128.563,-3.586],[128.39,-3.638],[128.429,-3.541],[128.537,-3.541],[128.563,-3.586]]],[[[126.719,3.875],[126.662,3.929],[126.637,4.042],[126.687,4.002],[126.741,3.917],[126.719,3.875]]],[[[126.853,3.768],[126.799,3.783],[126.781,3.842],[126.856,3.813],[126.853,3.768]]],[[[125.409,2.652],[125.359,2.747],[125.391,2.806],[125.445,2.763],[125.405,2.707],[125.409,2.652]]],[[[131.983,-7.202],[131.925,-7.225],[131.886,-7.167],[131.824,-7.159],[131.752,-7.117],[131.922,-7.105],[131.983,-7.202]]],[[[128.671,-7.183],[128.552,-7.157],[128.577,-7.084],[128.627,-7.068],[128.667,-7.138],[128.671,-7.183]]],[[[127.418,-7.624],[127.357,-7.646],[127.375,-7.572],[127.371,-7.513],[127.475,-7.532],[127.465,-7.596],[127.418,-7.624]]],[[[123.415,-10.303],[123.325,-10.337],[123.325,-10.264],[123.397,-10.171],[123.458,-10.139],[123.497,-10.193],[123.404,-10.228],[123.415,-10.303]]],[[[121.885,-10.591],[121.834,-10.603],[121.726,-10.573],[121.795,-10.507],[121.867,-10.44],[121.949,-10.433],[122,-10.447],[121.982,-10.528],[121.885,-10.591]]],[[[134.82,-6.435],[134.823,-6.35],[134.884,-6.324],[134.82,-6.435]]],[[[134.676,-6.749],[134.665,-6.657],[134.737,-6.624],[134.676,-6.749]]],[[[127.987,-2.937],[127.936,-3.02],[127.85,-3.017],[127.94,-2.952],[127.987,-2.937]]],[[[127.605,-3.315],[127.529,-3.331],[127.529,-3.261],[127.605,-3.315]]],[[[122.979,-8.546],[122.947,-8.605],[122.889,-8.587],[122.903,-8.53],[123.011,-8.449],[123.091,-8.44],[123.152,-8.476],[123.029,-8.495],[122.979,-8.546]]]]}},{"type":"Feature","properties":{"name":"India"},"geometry":{"type":"MultiPolygon","coordinates":[[[[93.891,6.832],[93.83,6.748],[93.711,7],[93.657,7.016],[93.657,7.136],[93.822,7.236],[93.93,6.974],[93.891,6.832]]],[[[93.732,7.356],[93.639,7.262],[93.596,7.32],[93.653,7.38],[93.732,7.356]]],[[[93.142,8.25],[93.063,8.274],[93.077,8.328],[93.142,8.25]]],[[[93.444,7.879],[93.365,7.877],[93.311,7.964],[93.376,8.017],[93.434,7.948],[93.444,7.879]]],[[[93.538,8.057],[93.477,8.024],[93.462,8.108],[93.455,8.172],[93.495,8.224],[93.513,8.16],[93.538,8.057]]],[[[92.789,9.137],[92.717,9.165],[92.739,9.231],[92.811,9.174],[92.789,9.137]]],[[[92.501,10.556],[92.368,10.547],[92.379,10.651],[92.354,10.752],[92.447,10.866],[92.512,10.898],[92.555,10.8],[92.573,10.705],[92.501,10.556]]],[[[92.692,11.382],[92.595,11.387],[92.642,11.509],[92.688,11.411],[92.692,11.382]]],[[[92.724,11.536],[92.667,11.538],[92.577,11.719],[92.559,11.833],[92.566,11.93],[92.631,12.014],[92.642,12.113],[92.678,12.193],[92.768,12.215],[92.778,12.302],[92.721,12.357],[92.721,12.542],[92.732,12.616],[92.76,12.668],[92.739,12.779],[92.807,12.878],[92.832,13.003],[92.861,13.231],[92.858,13.357],[92.926,13.486],[93.03,13.543],[93.066,13.437],[93.016,13.337],[93.074,13.252],[93.045,13.154],[93.005,13.09],[92.951,13.062],[92.912,12.976],[92.966,12.851],[92.991,12.538],[92.933,12.453],[92.865,12.436],[92.879,12.227],[92.8,12.08],[92.746,11.993],[92.764,11.941],[92.796,11.875],[92.768,11.764],[92.764,11.639],[92.724,11.536]]],[[[93.016,12.036],[93.063,11.899],[92.984,11.96],[92.994,12.031],[93.016,12.036]]],[[[92.717,12.864],[92.685,12.8],[92.681,12.939],[92.732,12.948],[92.717,12.864]]]]}},{"type":"Feature","properties":{"name":"Cambodia"},"geometry":{"type":"MultiPolygon","coordinates":[[[[103.046,11.285],[102.992,11.29],[102.995,11.349],[103.046,11.285]]],[[[103.319,10.719],[103.28,10.681],[103.222,10.76],[103.222,10.781],[103.319,10.719]]],[[[107.52,14.705],[107.535,14.651],[107.492,14.547],[107.448,14.451],[107.366,14.37],[107.362,14.307],[107.33,14.126],[107.344,14.069],[107.362,14.019],[107.463,13.816],[107.528,13.654],[107.592,13.522],[107.607,13.437],[107.546,13.226],[107.474,13.031],[107.481,12.934],[107.513,12.835],[107.542,12.706],[107.556,12.54],[107.538,12.432],[107.506,12.364],[107.445,12.295],[107.394,12.26],[107.33,12.319],[107.279,12.321],[107.211,12.304],[107.16,12.278],[107.052,12.175],[106.93,12.078],[106.764,12.052],[106.7,11.979],[106.631,11.969],[106.498,11.965],[106.415,11.948],[106.412,11.738],[106.401,11.687],[106.34,11.682],[106.239,11.708],[106.102,11.752],[106.005,11.759],[105.954,11.682],[105.89,11.649],[105.839,11.601],[105.854,11.488],[105.861,11.373],[105.857,11.295],[105.893,11.245],[106.098,11.078],[106.16,11.036],[106.131,10.922],[106.163,10.795],[106.098,10.797],[105.99,10.852],[105.936,10.885],[105.875,10.859],[105.81,10.925],[105.756,10.99],[105.699,10.995],[105.576,10.969],[105.454,10.951],[105.386,10.941],[105.314,10.845],[105.159,10.898],[105.047,10.911],[105.036,10.809],[105.062,10.734],[104.982,10.661],[104.9,10.59],[104.849,10.535],[104.691,10.523],[104.565,10.516],[104.514,10.464],[104.428,10.411],[104.262,10.542],[103.938,10.587],[103.902,10.644],[103.841,10.58],[103.661,10.509],[103.586,10.552],[103.532,10.604],[103.539,10.668],[103.593,10.72],[103.679,10.759],[103.722,10.891],[103.654,11.059],[103.596,11.108],[103.532,11.148],[103.467,11.083],[103.413,10.977],[103.355,10.922],[103.272,10.91],[103.154,10.913],[103.107,11.075],[103.092,11.212],[103.107,11.368],[103.125,11.46],[103.01,11.588],[103.002,11.71],[102.948,11.774],[102.934,11.706],[102.736,12.09],[102.707,12.255],[102.736,12.384],[102.704,12.493],[102.628,12.569],[102.498,12.67],[102.491,12.828],[102.462,13.015],[102.423,13.078],[102.362,13.193],[102.329,13.288],[102.318,13.54],[102.43,13.567],[102.545,13.585],[102.545,13.66],[102.621,13.717],[102.729,13.842],[102.812,13.972],[102.873,14.055],[102.909,14.137],[103.031,14.253],[103.2,14.333],[103.312,14.352],[103.431,14.378],[103.546,14.418],[103.6,14.422],[103.74,14.375],[103.82,14.363],[103.899,14.363],[103.982,14.357],[104.054,14.363],[104.226,14.396],[104.41,14.37],[104.576,14.39],[104.777,14.429],[104.878,14.404],[104.968,14.366],[104.982,14.29],[105.033,14.227],[105.126,14.281],[105.17,14.337],[105.206,14.26],[105.245,14.201],[105.35,14.109],[105.533,14.156],[105.738,14.085],[105.832,13.977],[105.904,13.925],[106.066,13.922],[106.124,14.048],[106.098,14.126],[106.005,14.264],[105.98,14.343],[106.167,14.373],[106.224,14.475],[106.354,14.455],[106.448,14.515],[106.502,14.578],[106.563,14.505],[106.664,14.441],[106.739,14.387],[106.782,14.335],[106.912,14.33],[106.991,14.39],[107.063,14.416],[107.207,14.498],[107.261,14.573],[107.38,14.555],[107.466,14.665],[107.52,14.705]]]]}},{"type":"Feature","properties":{"name":"Myanmar"},"geometry":{"type":"MultiPolygon","coordinates":[[[[100.122,20.317],[100.004,20.38],[99.953,20.416],[99.892,20.425],[99.824,20.385],[99.773,20.341],[99.719,20.326],[99.64,20.321],[99.532,20.343],[99.46,20.362],[99.489,20.26],[99.503,20.189],[99.453,20.119],[99.399,20.093],[99.338,20.079],[99.284,20.081],[99.197,20.116],[99.132,20.117],[99.075,20.1],[99.021,20.041],[98.988,19.862],[98.96,19.805],[98.877,19.77],[98.819,19.779],[98.762,19.77],[98.495,19.701],[98.373,19.689],[98.294,19.687],[98.24,19.69],[98.11,19.762],[98.049,19.77],[97.991,19.654],[97.916,19.593],[97.818,19.459],[97.793,19.265],[97.804,19.13],[97.714,18.996],[97.707,18.932],[97.754,18.621],[97.671,18.562],[97.577,18.529],[97.516,18.498],[97.397,18.517],[97.451,18.359],[97.523,18.296],[97.599,18.303],[97.653,18.173],[97.721,18.038],[97.739,17.935],[97.7,17.833],[97.728,17.776],[97.793,17.682],[97.93,17.533],[98.063,17.373],[98.175,17.239],[98.258,17.147],[98.438,16.975],[98.47,16.895],[98.477,16.732],[98.524,16.638],[98.564,16.571],[98.592,16.515],[98.661,16.331],[98.837,16.418],[98.888,16.352],[98.888,16.298],[98.866,16.237],[98.819,16.18],[98.592,16.05],[98.574,15.939],[98.56,15.769],[98.553,15.56],[98.564,15.404],[98.538,15.35],[98.452,15.357],[98.33,15.279],[98.232,15.241],[98.178,15.147],[98.204,14.975],[98.247,14.814],[98.333,14.696],[98.402,14.602],[98.495,14.474],[98.571,14.359],[98.722,14.236],[98.934,14.05],[99.014,13.948],[99.086,13.823],[99.136,13.717],[99.158,13.576],[99.172,13.496],[99.176,13.232],[99.136,13.173],[99.107,13.104],[99.125,13.031],[99.172,12.962],[99.172,12.882],[99.219,12.739],[99.298,12.653],[99.374,12.594],[99.395,12.474],[99.417,12.396],[99.431,12.309],[99.464,12.191],[99.521,12.09],[99.615,11.781],[99.572,11.687],[99.514,11.63],[99.442,11.554],[99.359,11.389],[99.19,11.106],[99.024,10.92],[98.888,10.788],[98.787,10.708],[98.758,10.623],[98.776,10.557],[98.769,10.431],[98.747,10.351],[98.718,10.266],[98.704,10.191],[98.564,10.035],[98.52,10.108],[98.495,10.182],[98.524,10.352],[98.466,10.675],[98.535,10.741],[98.6,10.865],[98.675,10.986],[98.682,11.134],[98.744,11.24],[98.729,11.33],[98.733,11.436],[98.747,11.521],[98.74,11.592],[98.79,11.665],[98.877,11.72],[98.805,11.779],[98.693,11.719],[98.636,11.738],[98.625,11.802],[98.639,11.87],[98.69,11.956],[98.686,12.047],[98.664,12.127],[98.697,12.226],[98.632,12.226],[98.618,12.3],[98.679,12.349],[98.625,12.441],[98.664,12.54],[98.664,12.663],[98.636,12.771],[98.636,12.849],[98.596,12.986],[98.574,13.161],[98.488,13.293],[98.42,13.484],[98.247,13.734],[98.247,13.84],[98.24,13.934],[98.15,13.647],[98.11,13.713],[98.099,13.899],[98.074,13.986],[98.099,14.161],[97.998,14.335],[97.977,14.462],[97.908,14.652],[98.02,14.652],[97.937,14.764],[97.869,14.739],[97.811,14.859],[97.8,15.185],[97.743,15.307],[97.775,15.43],[97.71,15.876],[97.584,16.019],[97.61,16.144],[97.642,16.253],[97.635,16.458],[97.664,16.52],[97.725,16.569],[97.667,16.552],[97.505,16.526],[97.376,16.522],[97.332,16.671],[97.268,16.743],[97.21,16.892],[97.178,17.062],[97.102,17.164],[96.969,17.317],[96.85,17.401],[96.879,17.342],[96.85,17.203],[96.908,17.031],[96.857,16.921],[96.81,16.779],[96.767,16.71],[96.623,16.564],[96.508,16.513],[96.432,16.505],[96.364,16.52],[96.281,16.597],[96.263,16.659],[96.249,16.765],[96.188,16.769],[96.238,16.632],[96.238,16.567],[96.324,16.444],[96.134,16.343],[96.08,16.354],[96.033,16.284],[95.763,16.17],[95.712,16.073],[95.68,15.977],[95.554,15.838],[95.388,15.724],[95.302,15.757],[95.309,15.88],[95.363,15.986],[95.345,16.097],[95.334,16.033],[95.226,15.876],[95.176,15.826],[95.079,15.84],[94.942,15.819],[94.892,15.979],[94.892,16.038],[94.881,16.088],[94.899,16.14],[94.848,16.033],[94.798,15.972],[94.661,15.904],[94.658,15.989],[94.65,16.066],[94.679,16.133],[94.676,16.243],[94.719,16.399],[94.715,16.453],[94.704,16.512],[94.679,16.425],[94.665,16.336],[94.589,16.29],[94.496,16.185],[94.442,16.095],[94.298,16.008],[94.226,16.017],[94.215,16.126],[94.272,16.517],[94.326,16.573],[94.355,16.64],[94.398,16.868],[94.452,16.954],[94.474,17.135],[94.564,17.309],[94.589,17.569],[94.56,17.699],[94.496,17.824],[94.431,18.201],[94.265,18.506],[94.251,18.609],[94.172,18.732],[94.247,18.741],[94.092,18.848],[94.038,19.147],[94.046,19.288],[94.002,19.182],[93.941,19.145],[93.966,18.994],[93.93,18.9],[93.801,18.961],[93.707,19.027],[93.599,19.189],[93.495,19.369],[93.578,19.4],[93.729,19.267],[93.826,19.239],[93.887,19.272],[93.963,19.329],[93.999,19.44],[93.887,19.505],[93.768,19.609],[93.74,19.697],[93.668,19.732],[93.61,19.775],[93.66,19.854],[93.707,19.913],[93.581,19.909],[93.441,20.01],[93.362,20.058],[93.25,20.071],[93.156,20.041],[93.2,19.899],[93.131,19.859],[93.002,20.074],[93.041,20.13],[93.095,20.182],[93.016,20.185],[93.066,20.378],[92.991,20.288],[92.883,20.152],[92.829,20.178],[92.843,20.282],[92.89,20.34],[92.85,20.414],[92.786,20.47],[92.735,20.562],[92.732,20.454],[92.724,20.296],[92.609,20.47],[92.379,20.718],[92.325,20.791],[92.31,20.864],[92.285,20.932],[92.267,21.005],[92.264,21.062],[92.213,21.112],[92.192,21.202],[92.181,21.293],[92.21,21.359],[92.278,21.428],[92.332,21.44],[92.472,21.362],[92.541,21.32],[92.57,21.263],[92.631,21.307],[92.595,21.468],[92.584,21.609],[92.584,21.94],[92.631,22.011],[92.674,22.105],[92.771,22.105],[92.854,22.01],[92.908,21.989],[92.966,22.004],[93.023,22.145],[93.07,22.209],[93.12,22.206],[93.164,22.293],[93.164,22.36],[93.106,22.548],[93.088,22.633],[93.077,22.718],[93.113,22.807],[93.164,22.907],[93.153,22.997],[93.203,23.037],[93.254,23.015],[93.308,23.03],[93.351,23.084],[93.39,23.339],[93.408,23.529],[93.416,23.681],[93.372,23.773],[93.308,24.022],[93.354,24.074],[93.452,23.987],[93.563,23.985],[93.632,24.006],[93.682,24.006],[93.758,23.977],[93.855,23.944],[94.01,23.904],[94.074,23.872],[94.128,23.876],[94.172,23.973],[94.218,24.114],[94.294,24.322],[94.377,24.473],[94.492,24.638],[94.586,24.766],[94.665,24.931],[94.708,25.049],[94.676,25.138],[94.614,25.164],[94.553,25.216],[94.578,25.32],[94.622,25.411],[94.787,25.52],[94.863,25.598],[94.946,25.7],[94.992,25.77],[95.014,25.912],[95.093,25.987],[95.133,26.041],[95.108,26.091],[95.068,26.192],[95.05,26.348],[95.061,26.475],[95.09,26.525],[95.129,26.598],[95.201,26.641],[95.306,26.673],[95.464,26.756],[95.738,26.95],[95.838,27.015],[95.907,27.046],[95.972,27.127],[96.062,27.218],[96.191,27.261],[96.274,27.278],[96.666,27.339],[96.731,27.332],[96.8,27.296],[96.879,27.178],[96.954,27.133],[97.037,27.101],[97.102,27.115],[96.9,27.44],[96.882,27.515],[96.875,27.587],[96.9,27.643],[96.962,27.699],[97.048,27.759],[97.16,27.837],[97.224,27.89],[97.307,27.907],[97.343,27.982],[97.304,28.086],[97.311,28.155],[97.322,28.218],[97.433,28.355],[97.476,28.426],[97.538,28.511],[97.599,28.516],[97.66,28.501],[97.728,28.407],[97.768,28.357],[97.865,28.363],[97.934,28.313],[98.024,28.211],[98.099,28.143],[98.117,28.054],[98.132,27.968],[98.24,27.664],[98.276,27.6],[98.297,27.549],[98.351,27.539],[98.409,27.64],[98.506,27.648],[98.6,27.6],[98.65,27.572],[98.675,27.423],[98.682,27.245],[98.675,27.19],[98.715,27.044],[98.729,26.877],[98.74,26.785],[98.74,26.699],[98.733,26.584],[98.711,26.43],[98.672,26.299],[98.686,26.19],[98.664,26.14],[98.571,26.114],[98.592,26.004],[98.654,25.917],[98.657,25.864],[98.56,25.824],[98.466,25.789],[98.402,25.678],[98.333,25.588],[98.171,25.595],[98.099,25.416],[98.063,25.35],[98.009,25.292],[97.919,25.237],[97.818,25.253],[97.768,25.159],[97.714,25.034],[97.71,24.97],[97.739,24.871],[97.671,24.82],[97.584,24.775],[97.53,24.631],[97.53,24.492],[97.624,24.423],[97.671,24.313],[97.707,24.228],[97.692,24.131],[97.57,23.989],[97.563,23.911],[97.631,23.886],[97.685,23.898],[97.757,23.931],[97.836,23.987],[98.016,24.065],[98.211,24.11],[98.366,24.119],[98.499,24.115],[98.564,24.098],[98.765,24.115],[98.834,24.121],[98.7,23.964],[98.675,23.905],[98.682,23.841],[98.736,23.784],[98.787,23.737],[98.834,23.624],[98.798,23.52],[98.859,23.44],[98.884,23.381],[98.884,23.308],[98.862,23.192],[99.057,23.131],[99.219,23.103],[99.341,23.096],[99.417,23.069],[99.496,23.004],[99.467,22.928],[99.384,22.826],[99.338,22.688],[99.345,22.586],[99.338,22.497],[99.244,22.371],[99.204,22.282],[99.172,22.192],[99.194,22.126],[99.302,22.1],[99.388,22.11],[99.593,22.09],[99.824,22.05],[99.917,22.029],[99.939,21.902],[99.924,21.82],[99.942,21.758],[99.978,21.702],[100.04,21.683],[100.097,21.661],[100.09,21.558],[100.148,21.48],[100.216,21.463],[100.349,21.501],[100.446,21.484],[100.533,21.458],[100.605,21.472],[100.677,21.505],[100.835,21.656],[101.019,21.737],[101.08,21.756],[101.13,21.735],[101.148,21.581],[101.08,21.468],[100.929,21.366],[100.821,21.314],[100.756,21.312],[100.702,21.251],[100.659,21.13],[100.612,21.06],[100.536,20.992],[100.522,20.921],[100.619,20.88],[100.565,20.826],[100.493,20.814],[100.407,20.824],[100.328,20.796],[100.248,20.73],[100.184,20.59],[100.13,20.373],[100.122,20.317]]],[[[98.211,10.953],[98.294,10.779],[98.218,10.838],[98.157,10.898],[98.081,10.887],[98.142,10.963],[98.211,10.953]]],[[[98.182,9.934],[98.135,9.875],[98.139,9.974],[98.222,10.045],[98.29,10.052],[98.232,9.953],[98.182,9.934]]],[[[98.222,11.479],[98.2,11.568],[98.24,11.644],[98.279,11.759],[98.283,11.594],[98.265,11.524],[98.222,11.479]]],[[[98.517,11.904],[98.456,12.061],[98.524,12.005],[98.61,11.956],[98.517,11.904]]],[[[98.553,11.745],[98.528,11.538],[98.466,11.568],[98.398,11.684],[98.376,11.792],[98.524,11.805],[98.553,11.745]]],[[[98.412,12.599],[98.47,12.571],[98.459,12.474],[98.38,12.354],[98.315,12.337],[98.333,12.512],[98.301,12.611],[98.312,12.679],[98.398,12.647],[98.412,12.599]]],[[[98.135,12.151],[98.074,12.165],[98.038,12.233],[98.07,12.292],[98.121,12.279],[98.117,12.224],[98.135,12.151]]],[[[94.478,15.946],[94.413,15.849],[94.388,15.994],[94.496,16.076],[94.546,16.152],[94.6,16.206],[94.618,16.142],[94.568,16.019],[94.478,15.946]]],[[[98.542,10.962],[98.477,10.979],[98.528,11.087],[98.542,10.962]]],[[[98.074,11.693],[98.085,11.637],[98.02,11.696],[98.009,11.861],[98.06,11.757],[98.074,11.693]]],[[[98.067,12.39],[98.002,12.279],[97.952,12.323],[97.991,12.394],[98.045,12.387],[98.067,12.39]]],[[[98.315,13.099],[98.308,12.934],[98.258,13.014],[98.25,13.104],[98.254,13.189],[98.315,13.099]]],[[[94.805,15.819],[94.744,15.812],[94.827,15.934],[94.805,15.819]]]]}},{"type":"Feature","properties":{"name":"Brunei"},"geometry":{"type":"MultiPolygon","coordinates":[[[[115.142,4.9],[115.228,4.75],[115.268,4.634],[115.279,4.457],[115.325,4.381],[115.246,4.348],[115.171,4.365],[115.106,4.391],[115.052,4.582],[115.027,4.691],[115.03,4.822],[115.027,4.9],[115.142,4.9]]],[[[115.027,4.9],[114.944,4.856],[114.865,4.802],[114.785,4.756],[114.76,4.667],[114.778,4.552],[114.789,4.464],[114.839,4.393],[114.782,4.282],[114.775,4.169],[114.724,4.096],[114.656,4.037],[114.573,4.049],[114.512,4.113],[114.447,4.203],[114.418,4.256],[114.325,4.263],[114.289,4.355],[114.26,4.414],[114.224,4.478],[114.17,4.526],[114.094,4.565],[114.177,4.591],[114.299,4.608],[114.425,4.66],[114.544,4.724],[114.645,4.799],[114.742,4.881],[114.839,4.947],[114.994,5.023],[115.048,5.016],[115.048,4.962],[115.027,4.9]]]]}},{"type":"Feature","properties":{"name":"Australia"},"geometry":{"type":"MultiPolygon","coordinates":[[[[143.179,-11.955],[143.154,-12.075],[143.103,-12.17],[143.1,-12.226],[143.11,-12.304],[143.19,-12.361],[143.254,-12.398],[143.29,-12.499],[143.402,-12.639],[143.398,-12.736],[143.456,-12.856],[143.514,-13.094],[143.528,-13.304],[143.586,-13.443],[143.55,-13.742],[143.589,-13.863],[143.643,-13.964],[143.708,-14.165],[143.755,-14.349],[143.823,-14.401],[143.96,-14.464],[144.108,-14.394],[144.208,-14.302],[144.32,-14.28],[144.475,-14.231],[144.586,-14.354],[144.648,-14.493],[144.914,-14.674],[145.065,-14.792],[145.18,-14.856],[145.288,-14.943],[145.278,-15.03],[145.252,-15.097],[145.278,-15.203],[145.292,-15.327],[145.27,-15.476],[145.35,-15.702],[145.375,-15.88],[145.458,-16.056],[145.45,-16.236],[145.436,-16.306],[145.425,-16.406],[145.49,-16.531],[145.551,-16.625],[145.638,-16.726],[145.756,-16.88],[145.839,-16.91],[145.911,-16.913],[145.9,-17.069],[146.048,-17.38],[146.127,-17.635],[146.073,-17.977],[146.023,-18.175],[146.034,-18.273],[146.224,-18.51],[146.332,-18.554],[146.311,-18.667],[146.296,-18.842],[146.383,-18.977],[146.48,-19.078],[146.588,-19.139],[146.692,-19.187],[146.829,-19.236],[147.002,-19.257],[147.092,-19.333],[147.139,-19.394],[147.279,-19.415],[147.34,-19.403],[147.42,-19.378],[147.47,-19.42],[147.51,-19.474],[147.585,-19.623],[147.744,-19.771],[147.852,-19.795],[147.916,-19.87],[148.003,-19.889],[148.082,-19.899],[148.19,-19.956],[148.366,-20.087],[148.528,-20.109],[148.6,-20.146],[148.759,-20.29],[148.82,-20.366],[148.885,-20.481],[148.806,-20.491],[148.73,-20.469],[148.683,-20.58],[148.788,-20.736],[148.914,-20.845],[149.061,-20.962],[149.205,-21.125],[149.241,-21.25],[149.281,-21.3],[149.328,-21.475],[149.454,-21.578],[149.461,-21.765],[149.526,-22.024],[149.594,-22.258],[149.644,-22.328],[149.706,-22.441],[149.77,-22.427],[149.821,-22.39],[149.922,-22.501],[149.976,-22.55],[149.943,-22.309],[149.983,-22.184],[150.077,-22.165],[150.141,-22.265],[150.235,-22.373],[150.404,-22.468],[150.541,-22.559],[150.566,-22.486],[150.57,-22.383],[150.624,-22.368],[150.674,-22.418],[150.764,-22.576],[150.782,-22.902],[150.782,-23.177],[150.843,-23.458],[150.93,-23.533],[150.987,-23.602],[151.088,-23.696],[151.153,-23.784],[151.236,-23.824],[151.502,-24.012],[151.574,-24.034],[151.689,-24.038],[151.833,-24.123],[151.902,-24.201],[152.057,-24.494],[152.129,-24.597],[152.283,-24.699],[152.352,-24.732],[152.456,-24.802],[152.492,-24.904],[152.503,-24.963],[152.564,-25.072],[152.654,-25.203],[152.791,-25.274],[152.913,-25.432],[152.921,-25.689],[152.985,-25.815],[153.029,-25.871],[153.126,-25.923],[153.083,-26.303],[153.162,-26.982],[153.119,-27.194],[153.198,-27.404],[153.385,-27.768],[153.428,-27.897],[153.453,-28.048],[153.576,-28.241],[153.569,-28.534],[153.615,-28.673],[153.605,-28.855],[153.461,-29.05],[153.349,-29.291],[153.345,-29.496],[153.273,-29.892],[153.223,-29.999],[153.187,-30.164],[153.032,-30.563],[153.025,-30.72],[153.047,-30.907],[153.021,-31.086],[152.982,-31.209],[152.946,-31.435],[152.787,-31.786],[152.561,-32.046],[152.546,-32.244],[152.517,-32.331],[152.471,-32.438],[152.33,-32.558],[152.247,-32.608],[152.215,-32.678],[152.136,-32.678],[152.19,-32.721],[151.956,-32.82],[151.812,-32.902],[151.668,-33.098],[151.607,-33.202],[151.531,-33.301],[151.463,-33.397],[151.434,-33.522],[151.358,-33.544],[151.293,-33.581],[151.322,-33.699],[151.29,-33.834],[151.279,-33.926],[151.243,-33.985],[151.167,-33.973],[151.232,-34.03],[151.092,-34.162],[150.962,-34.298],[150.926,-34.386],[150.872,-34.499],[150.822,-34.749],[150.782,-34.893],[150.811,-34.994],[150.757,-35.008],[150.696,-35.042],[150.707,-35.12],[150.692,-35.178],[150.635,-35.178],[150.566,-35.214],[150.375,-35.584],[150.293,-35.683],[150.195,-35.834],[150.159,-35.971],[150.131,-36.12],[150.095,-36.372],[150.062,-36.551],[149.986,-36.723],[149.961,-36.846],[149.95,-37.08],[149.986,-37.259],[149.961,-37.353],[149.961,-37.443],[149.932,-37.528],[149.81,-37.547],[149.709,-37.617],[149.565,-37.73],[149.482,-37.771],[149.299,-37.803],[148.942,-37.789],[148.262,-37.83],[148.129,-37.856],[147.877,-37.935],[147.632,-38.056],[147.394,-38.219],[146.858,-38.664],[146.437,-38.712],[146.358,-38.712],[146.293,-38.7],[146.217,-38.728],[146.217,-38.783],[146.286,-38.841],[146.336,-38.895],[146.426,-38.82],[146.48,-38.978],[146.484,-39.065],[146.401,-39.146],[146.34,-39.124],[146.253,-38.964],[146.16,-38.865],[146.07,-38.834],[146.019,-38.867],[145.936,-38.901],[145.864,-38.776],[145.792,-38.667],[145.692,-38.655],[145.605,-38.657],[145.537,-38.61],[145.396,-38.535],[145.425,-38.478],[145.461,-38.417],[145.54,-38.395],[145.519,-38.311],[145.476,-38.244],[145.368,-38.226],[145.292,-38.238],[145.249,-38.29],[145.191,-38.384],[144.961,-38.5],[144.846,-38.436],[144.716,-38.341],[144.781,-38.348],[144.91,-38.344],[145.018,-38.259],[145.065,-38.205],[145.119,-38.091],[145.051,-38.011],[144.986,-37.952],[144.892,-37.9],[144.54,-38.077],[144.464,-38.103],[144.396,-38.138],[144.518,-38.167],[144.59,-38.158],[144.666,-38.211],[144.543,-38.283],[144.45,-38.304],[144.327,-38.348],[144.1,-38.462],[143.812,-38.698],[143.686,-38.766],[143.539,-38.822],[143.337,-38.757],[143.226,-38.743],[143.082,-38.646],[142.84,-38.58],[142.614,-38.452],[142.455,-38.386],[142.344,-38.372],[142.189,-38.4],[141.926,-38.283],[141.724,-38.271],[141.595,-38.388],[141.49,-38.379],[141.426,-38.363],[141.213,-38.172],[141.012,-38.077],[140.626,-38.028],[140.389,-37.896],[140.212,-37.643],[139.874,-37.351],[139.784,-37.245],[139.741,-37.141],[139.737,-37.06],[139.784,-36.903],[139.845,-36.749],[139.856,-36.662],[139.73,-36.372],[139.55,-36.096],[139.467,-36.011],[139.244,-35.827],[139.039,-35.69],[138.985,-35.617],[139.068,-35.598],[139.111,-35.542],[139.179,-35.523],[139.23,-35.598],[139.291,-35.612],[139.291,-35.487],[139.327,-35.426],[139.284,-35.376],[139.194,-35.348],[139.093,-35.39],[139.017,-35.443],[138.916,-35.488],[138.772,-35.539],[138.52,-35.643],[138.391,-35.645],[138.186,-35.613],[138.25,-35.487],[138.333,-35.412],[138.402,-35.325],[138.51,-35.025],[138.492,-34.763],[138.438,-34.657],[138.265,-34.44],[138.186,-34.308],[138.088,-34.169],[138.042,-34.249],[138.013,-34.334],[137.919,-34.456],[137.872,-34.728],[137.692,-35.143],[137.566,-35.148],[137.458,-35.131],[137.271,-35.179],[137.145,-35.237],[137.03,-35.237],[136.965,-35.254],[136.882,-35.24],[137.016,-34.916],[137.127,-34.924],[137.253,-34.912],[137.307,-34.917],[137.39,-34.914],[137.455,-34.765],[137.494,-34.598],[137.469,-34.49],[137.458,-34.379],[137.484,-34.252],[137.494,-34.16],[137.649,-33.858],[137.782,-33.704],[137.934,-33.579],[137.916,-33.461],[137.865,-33.313],[137.851,-33.2],[137.923,-33.166],[137.991,-33.095],[137.912,-32.77],[137.862,-32.674],[137.782,-32.579],[137.782,-32.702],[137.79,-32.824],[137.682,-32.978],[137.538,-33.089],[137.444,-33.193],[137.354,-33.43],[137.239,-33.629],[137.131,-33.704],[137.034,-33.72],[136.936,-33.751],[136.785,-33.829],[136.634,-33.897],[136.526,-33.983],[136.432,-34.03],[136.123,-34.43],[135.979,-34.561],[135.95,-34.615],[135.892,-34.66],[135.903,-34.725],[135.997,-34.943],[135.918,-34.962],[135.792,-34.864],[135.712,-34.9],[135.648,-34.94],[135.482,-34.758],[135.41,-34.716],[135.324,-34.643],[135.23,-34.581],[135.122,-34.586],[135.176,-34.497],[135.291,-34.546],[135.378,-34.598],[135.428,-34.601],[135.367,-34.376],[135.313,-34.195],[135.288,-34.143],[135.219,-33.959],[135.187,-33.907],[135.043,-33.779],[134.888,-33.626],[134.848,-33.445],[134.791,-33.329],[134.719,-33.256],[134.607,-33.19],[134.301,-33.166],[134.175,-32.98],[134.1,-32.749],[134.157,-32.733],[134.226,-32.73],[134.251,-32.659],[134.233,-32.548],[133.93,-32.412],[133.786,-32.268],[133.664,-32.207],[133.552,-32.183],[133.401,-32.188],[133.21,-32.183],[132.757,-31.956],[132.649,-31.949],[132.325,-32.02],[132.213,-32.008],[131.72,-31.697],[131.392,-31.548],[131.284,-31.522],[131.144,-31.496],[131.029,-31.532],[130.95,-31.565],[130.784,-31.603],[130.129,-31.579],[129.567,-31.628],[129.189,-31.661],[128.948,-31.702],[128.545,-31.888],[128.066,-32.067],[127.677,-32.152],[127.321,-32.265],[127.083,-32.298],[126.781,-32.312],[126.136,-32.256],[125.917,-32.298],[125.567,-32.506],[125.463,-32.556],[125.265,-32.614],[124.757,-32.883],[124.523,-32.94],[124.372,-32.959],[124.243,-33.015],[124.127,-33.129],[123.965,-33.447],[123.868,-33.596],[123.649,-33.836],[123.508,-33.916],[123.364,-33.905],[123.206,-33.989],[123.069,-33.9],[122.957,-33.884],[122.777,-33.891],[122.151,-33.992],[122.061,-33.874],[121.946,-33.857],[121.73,-33.862],[121.406,-33.827],[120.815,-33.871],[120.531,-33.919],[120.419,-33.963],[120.211,-33.935],[119.854,-33.975],[119.728,-34.041],[119.635,-34.101],[119.451,-34.369],[119.249,-34.457],[119.08,-34.459],[118.897,-34.48],[118.519,-34.737],[118.137,-34.987],[118.007,-35.013],[117.863,-35.054],[117.676,-35.075],[117.583,-35.098],[117.143,-35.034],[116.866,-35.027],[116.517,-34.989],[116.218,-34.865],[115.988,-34.796],[115.725,-34.527],[115.567,-34.426],[115.279,-34.305],[115.196,-34.308],[115.127,-34.341],[115.009,-34.256],[115.005,-34.145],[114.973,-34.051],[114.976,-33.805],[114.994,-33.515],[115.099,-33.581],[115.181,-33.643],[115.358,-33.64],[115.516,-33.532],[115.606,-33.372],[115.682,-33.193],[115.671,-33.003],[115.617,-32.667],[115.653,-32.596],[115.707,-32.569],[115.725,-32.402],[115.739,-31.888],[115.7,-31.695],[115.455,-31.303],[115.293,-30.961],[115.178,-30.808],[115.077,-30.56],[114.994,-30.216],[114.969,-30.043],[114.944,-29.721],[114.973,-29.539],[114.958,-29.433],[114.857,-29.143],[114.627,-28.873],[114.591,-28.772],[114.591,-28.666],[114.537,-28.543],[114.353,-28.294],[114.166,-28.081],[114.134,-27.977],[114.098,-27.545],[114.029,-27.347],[113.709,-26.848],[113.335,-26.418],[113.23,-26.241],[113.183,-26.182],[113.252,-26.197],[113.324,-26.244],[113.342,-26.126],[113.428,-26.197],[113.547,-26.437],[113.583,-26.558],[113.734,-26.595],[113.835,-26.501],[113.853,-26.333],[113.777,-26.256],[113.705,-26.223],[113.59,-26.098],[113.515,-25.899],[113.396,-25.713],[113.396,-25.647],[113.45,-25.598],[113.54,-25.625],[113.623,-25.732],[113.713,-25.831],[113.698,-26.005],[113.691,-26.092],[113.767,-26.159],[113.853,-26.015],[113.943,-26.258],[113.993,-26.321],[114.091,-26.394],[114.177,-26.338],[114.202,-26.126],[114.227,-25.968],[114.213,-25.852],[113.993,-25.545],[113.792,-25.166],[113.669,-24.977],[113.569,-24.692],[113.504,-24.595],[113.417,-24.435],[113.414,-24.255],[113.421,-24.132],[113.489,-23.869],[113.554,-23.732],[113.756,-23.418],[113.767,-23.283],[113.767,-23.18],[113.795,-23.024],[113.795,-22.915],[113.767,-22.812],[113.684,-22.639],[113.795,-22.331],[113.957,-21.939],[114.022,-21.882],[114.123,-21.828],[114.141,-21.909],[114.094,-22.182],[114.163,-22.323],[114.141,-22.482],[114.206,-22.456],[114.303,-22.425],[114.379,-22.342],[114.418,-22.262],[114.602,-21.942],[114.71,-21.823],[114.857,-21.736],[115.163,-21.63],[115.455,-21.491],[115.595,-21.357],[115.772,-21.243],[115.894,-21.116],[116.009,-21.031],[116.607,-20.713],[116.708,-20.654],[116.837,-20.647],[116.996,-20.658],[117.14,-20.64],[117.295,-20.713],[117.406,-20.722],[117.683,-20.642],[117.831,-20.573],[118.087,-20.418],[118.198,-20.375],[118.457,-20.326],[118.753,-20.262],[119.105,-19.995],[119.357,-20.012],[119.584,-20.038],[119.768,-19.958],[120.196,-19.91],[120.434,-19.842],[120.88,-19.665],[120.999,-19.604],[121.179,-19.477],[121.337,-19.319],[121.492,-19.106],[121.589,-18.915],[121.629,-18.816],[121.723,-18.66],[121.784,-18.536],[121.834,-18.477],[122.007,-18.394],[122.263,-18.16],[122.345,-18.111],[122.36,-18.036],[122.306,-17.995],[122.237,-17.969],[122.191,-17.72],[122.147,-17.549],[122.144,-17.429],[122.162,-17.314],[122.263,-17.135],[122.331,-17.059],[122.432,-16.971],[122.522,-16.943],[122.597,-16.865],[122.72,-16.788],[122.774,-16.71],[122.849,-16.552],[122.918,-16.432],[122.972,-16.438],[123.073,-16.715],[123.141,-16.863],[123.267,-17.037],[123.382,-17.293],[123.479,-17.41],[123.526,-17.486],[123.562,-17.415],[123.609,-17.221],[123.587,-17.083],[123.595,-17.03],[123.663,-17.023],[123.753,-17.099],[123.832,-17.122],[123.829,-16.997],[123.875,-16.918],[123.857,-16.865],[123.778,-16.868],[123.746,-16.8],[123.681,-16.724],[123.605,-16.668],[123.519,-16.54],[123.526,-16.467],[123.58,-16.471],[123.627,-16.417],[123.645,-16.344],[123.605,-16.224],[123.728,-16.193],[123.857,-16.382],[123.915,-16.363],[123.962,-16.287],[124.045,-16.266],[124.131,-16.28],[124.185,-16.333],[124.3,-16.389],[124.451,-16.382],[124.531,-16.396],[124.693,-16.386],[124.772,-16.403],[124.667,-16.339],[124.57,-16.332],[124.455,-16.335],[124.405,-16.299],[124.387,-16.203],[124.415,-16.134],[124.509,-16.116],[124.577,-16.113],[124.585,-16.021],[124.61,-15.938],[124.649,-15.87],[124.649,-15.806],[124.505,-15.972],[124.455,-15.851],[124.383,-15.759],[124.397,-15.625],[124.441,-15.493],[124.505,-15.476],[124.563,-15.497],[124.646,-15.419],[124.693,-15.36],[124.693,-15.274],[124.75,-15.285],[124.973,-15.405],[125.017,-15.467],[125.078,-15.375],[125.074,-15.307],[125.024,-15.316],[124.909,-15.311],[124.894,-15.24],[124.84,-15.16],[124.916,-15.11],[124.977,-15.106],[125.024,-15.024],[125.074,-15.033],[125.189,-15.045],[125.301,-15.106],[125.355,-15.12],[125.384,-15.016],[125.243,-14.945],[125.24,-14.875],[125.179,-14.794],[125.179,-14.715],[125.265,-14.648],[125.283,-14.584],[125.337,-14.557],[125.434,-14.557],[125.503,-14.502],[125.578,-14.483],[125.6,-14.361],[125.596,-14.278],[125.704,-14.292],[125.683,-14.387],[125.683,-14.479],[125.661,-14.53],[125.74,-14.445],[125.819,-14.469],[125.841,-14.533],[125.852,-14.597],[125.945,-14.521],[126.021,-14.495],[126.017,-14.372],[126.046,-14.283],[126.053,-14.217],[126.111,-14.115],[126.053,-13.978],[126.118,-13.959],[126.183,-14.002],[126.23,-14.113],[126.259,-14.163],[126.323,-14.063],[126.403,-14.019],[126.482,-14.078],[126.568,-14.162],[126.68,-14.089],[126.781,-13.955],[126.763,-13.874],[126.777,-13.788],[126.903,-13.743],[127.007,-13.776],[127.097,-13.867],[127.292,-13.934],[127.457,-14.031],[127.529,-14.094],[127.673,-14.195],[127.763,-14.299],[127.886,-14.485],[128.181,-14.712],[128.159,-14.827],[128.123,-14.924],[128.08,-15.089],[128.069,-15.33],[128.156,-15.226],[128.253,-15.299],[128.26,-15.245],[128.174,-15.103],[128.174,-15.044],[128.285,-14.939],[128.357,-14.901],[128.411,-14.828],[128.476,-14.788],[128.577,-14.774],[128.635,-14.781],[129.059,-14.884],[129.164,-14.988],[129.175,-15.115],[129.239,-15.08],[129.232,-14.906],[129.38,-14.898],[129.459,-14.932],[129.567,-15.047],[129.589,-15.103],[129.65,-15.087],[129.628,-15.012],[129.614,-14.926],[129.635,-14.851],[129.765,-14.846],[129.848,-14.828],[129.754,-14.79],[129.664,-14.721],[129.603,-14.648],[129.7,-14.575],[129.607,-14.559],[129.484,-14.49],[129.38,-14.393],[129.459,-14.214],[129.621,-14.038],[129.711,-13.979],[129.718,-13.92],[129.761,-13.813],[129.79,-13.721],[129.797,-13.648],[129.837,-13.573],[129.938,-13.502],[130.071,-13.476],[130.136,-13.448],[130.201,-13.382],[130.258,-13.302],[130.136,-13.146],[130.147,-13.059],[130.168,-12.957],[130.32,-12.882],[130.399,-12.688],[130.453,-12.658],[130.572,-12.664],[130.611,-12.492],[130.622,-12.431],[130.672,-12.407],[130.737,-12.427],[130.777,-12.495],[130.867,-12.558],[130.885,-12.455],[130.874,-12.367],[130.957,-12.348],[131.025,-12.342],[131.029,-12.271],[131.018,-12.214],[131.22,-12.177],[131.266,-12.118],[131.292,-12.068],[131.342,-12.21],[131.439,-12.276],[131.727,-12.278],[131.889,-12.231],[131.958,-12.259],[132.066,-12.282],[132.181,-12.228],[132.253,-12.186],[132.372,-12.24],[132.411,-12.295],[132.44,-12.176],[132.512,-12.134],[132.584,-12.11],[132.678,-12.131],[132.631,-12.035],[132.634,-11.955],[132.631,-11.835],[132.645,-11.728],[132.674,-11.65],[132.476,-11.492],[132.278,-11.467],[132.134,-11.5],[132.073,-11.474],[131.943,-11.349],[131.821,-11.302],[131.961,-11.181],[132.019,-11.197],[132.105,-11.282],[132.156,-11.311],[132.224,-11.238],[132.336,-11.224],[132.559,-11.367],[132.681,-11.506],[132.746,-11.469],[132.858,-11.391],[132.962,-11.407],[133.023,-11.454],[133.113,-11.622],[133.185,-11.705],[133.358,-11.728],[133.444,-11.761],[133.534,-11.816],[133.653,-11.811],[133.905,-11.832],[134.139,-11.94],[134.236,-12.007],[134.352,-12.026],[134.416,-12.052],[134.539,-12.061],[134.73,-11.985],[134.816,-12.054],[135.028,-12.193],[135.219,-12.221],[135.352,-12.129],[135.55,-12.061],[135.687,-11.957],[135.788,-11.907],[135.885,-11.822],[135.842,-11.905],[135.896,-11.969],[135.806,-12.054],[135.702,-12.151],[135.705,-12.21],[135.792,-12.228],[135.856,-12.179],[135.939,-12.151],[136.008,-12.191],[136.033,-12.33],[136.083,-12.422],[136.191,-12.434],[136.26,-12.434],[136.328,-12.306],[136.292,-12.197],[136.27,-12.132],[136.443,-11.952],[136.54,-11.957],[136.609,-12.134],[136.72,-12.226],[136.836,-12.219],[136.897,-12.243],[136.947,-12.349],[136.537,-12.785],[136.573,-12.912],[136.594,-13.004],[136.461,-13.226],[136.411,-13.236],[136.364,-13.176],[136.296,-13.137],[136.231,-13.165],[136.166,-13.181],[135.928,-13.304],[135.928,-13.622],[135.99,-13.811],[135.954,-13.934],[135.885,-14.153],[135.806,-14.235],[135.745,-14.287],[135.54,-14.585],[135.475,-14.656],[135.406,-14.759],[135.428,-14.856],[135.453,-14.924],[135.532,-15],[135.831,-15.16],[135.968,-15.271],[136.206,-15.403],[136.26,-15.495],[136.292,-15.57],[136.461,-15.655],[136.584,-15.707],[136.645,-15.675],[136.706,-15.686],[136.699,-15.752],[136.699,-15.835],[136.785,-15.894],[136.922,-15.892],[137.001,-15.879],[137.091,-15.941],[137.17,-15.983],[137.3,-16.066],[137.527,-16.167],[137.703,-16.233],[137.912,-16.476],[138.07,-16.616],[138.247,-16.719],[138.506,-16.79],[138.625,-16.778],[138.819,-16.861],[139.01,-16.899],[139.111,-17.014],[139.143,-17.101],[139.154,-17.168],[139.248,-17.328],[139.442,-17.38],[139.69,-17.54],[139.896,-17.611],[139.946,-17.653],[140.036,-17.703],[140.209,-17.705],[140.511,-17.625],[140.648,-17.543],[140.832,-17.415],[140.914,-17.193],[140.965,-17.014],[141.22,-16.646],[141.292,-16.464],[141.357,-16.221],[141.411,-16.07],[141.393,-15.905],[141.451,-15.606],[141.58,-15.195],[141.627,-15.057],[141.602,-14.853],[141.523,-14.471],[141.559,-14.337],[141.595,-14.153],[141.537,-14.019],[141.48,-13.927],[141.472,-13.797],[141.534,-13.554],[141.588,-13.426],[141.645,-13.259],[141.613,-12.943],[141.735,-12.834],[141.782,-12.778],[141.876,-12.778],[141.93,-12.74],[141.894,-12.681],[141.879,-12.613],[141.793,-12.566],[141.678,-12.492],[141.688,-12.351],[141.807,-12.08],[141.872,-11.976],[141.962,-12.054],[141.969,-11.976],[141.951,-11.896],[142.041,-11.632],[142.138,-11.273],[142.167,-10.947],[142.326,-10.884],[142.408,-10.803],[142.455,-10.707],[142.545,-10.707],[142.606,-10.749],[142.567,-10.82],[142.552,-10.874],[142.722,-11.011],[142.779,-11.115],[142.804,-11.214],[142.837,-11.308],[142.851,-11.433],[142.851,-11.632],[142.873,-11.822],[142.934,-11.881],[142.988,-11.919],[143.067,-11.924],[143.179,-11.955]]],[[[139.507,-16.573],[139.431,-16.662],[139.356,-16.696],[139.284,-16.719],[139.161,-16.741],[139.161,-16.625],[139.23,-16.528],[139.294,-16.467],[139.46,-16.439],[139.59,-16.396],[139.698,-16.516],[139.561,-16.53],[139.507,-16.573]]],[[[136.713,-13.804],[136.803,-13.842],[136.846,-13.75],[136.904,-13.827],[136.843,-13.896],[136.789,-13.946],[136.746,-14.073],[136.789,-14.158],[136.886,-14.196],[136.951,-14.184],[136.933,-14.247],[136.764,-14.273],[136.648,-14.28],[136.461,-14.235],[136.364,-14.229],[136.393,-14.176],[136.411,-14.011],[136.425,-13.865],[136.533,-13.794],[136.584,-13.721],[136.656,-13.676],[136.695,-13.726],[136.713,-13.804]]],[[[130.46,-11.679],[130.543,-11.704],[130.604,-11.773],[130.503,-11.835],[130.316,-11.771],[130.132,-11.825],[130.078,-11.825],[130.071,-11.681],[130.14,-11.697],[130.197,-11.658],[130.186,-11.542],[130.154,-11.478],[130.251,-11.36],[130.338,-11.337],[130.377,-11.421],[130.384,-11.509],[130.431,-11.592],[130.46,-11.679]]],[[[130.618,-11.375],[130.752,-11.384],[130.914,-11.309],[130.989,-11.341],[131.14,-11.263],[131.216,-11.242],[131.27,-11.19],[131.32,-11.247],[131.436,-11.313],[131.475,-11.382],[131.54,-11.436],[131.468,-11.509],[131.457,-11.587],[131.382,-11.582],[131.292,-11.71],[130.95,-11.926],[130.644,-11.742],[130.51,-11.618],[130.424,-11.447],[130.406,-11.304],[130.37,-11.216],[130.428,-11.183],[130.518,-11.28],[130.618,-11.375]]],[[[142.275,-10.705],[142.192,-10.763],[142.138,-10.731],[142.124,-10.669],[142.2,-10.592],[142.275,-10.705]]],[[[142.34,-10.191],[142.279,-10.254],[142.218,-10.235],[142.218,-10.15],[142.3,-10.141],[142.34,-10.191]]],[[[142.167,-10.153],[142.099,-10.122],[142.149,-10.053],[142.167,-10.153]]],[[[136.598,-11.379],[136.526,-11.44],[136.558,-11.358],[136.648,-11.212],[136.71,-11.158],[136.728,-11.105],[136.731,-11.025],[136.782,-11.013],[136.742,-11.195],[136.598,-11.379]]],[[[136.339,-11.603],[136.18,-11.677],[136.267,-11.577],[136.45,-11.487],[136.378,-11.584],[136.339,-11.603]]],[[[137.095,-15.778],[136.998,-15.776],[136.987,-15.726],[136.965,-15.665],[137.008,-15.596],[137.066,-15.663],[137.07,-15.738],[137.095,-15.778]]],[[[136.864,-15.62],[136.846,-15.627],[136.846,-15.544],[136.875,-15.502],[136.89,-15.589],[136.864,-15.62]]],[[[136.591,-15.629],[136.53,-15.632],[136.522,-15.544],[136.587,-15.533],[136.591,-15.629]]],[[[139.46,-17.115],[139.41,-17.09],[139.46,-17.049],[139.492,-16.99],[139.561,-17.042],[139.572,-17.094],[139.46,-17.115]]],[[[136.238,-13.825],[136.123,-13.816],[136.134,-13.754],[136.216,-13.665],[136.274,-13.792],[136.238,-13.825]]],[[[132.595,-11.302],[132.494,-11.164],[132.483,-11.037],[132.537,-11.028],[132.58,-10.969],[132.598,-11.106],[132.631,-11.169],[132.595,-11.302]]],[[[125.2,-14.58],[125.135,-14.643],[125.092,-14.592],[125.117,-14.492],[125.197,-14.474],[125.193,-14.552],[125.2,-14.58]]],[[[124.599,-15.401],[124.523,-15.422],[124.484,-15.34],[124.52,-15.268],[124.606,-15.356],[124.599,-15.401]]]]}},{"type":"Feature","properties":{"name":"Indian Ocean Ter."},"geometry":{"type":"MultiPolygon","coordinates":[[[[105.724,-10.494],[105.695,-10.565],[105.645,-10.525],[105.584,-10.513],[105.594,-10.461],[105.645,-10.452],[105.706,-10.431],[105.724,-10.494]]],[[[96.839,-12.183],[96.854,-12.186],[96.868,-12.181],[96.875,-12.188],[96.85,-12.197],[96.836,-12.179],[96.828,-12.151],[96.825,-12.125],[96.832,-12.125],[96.832,-12.136],[96.836,-12.144],[96.839,-12.16],[96.836,-12.17],[96.839,-12.183]]],[[[96.918,-12.195],[96.908,-12.2],[96.897,-12.195],[96.893,-12.193],[96.893,-12.188],[96.904,-12.186],[96.915,-12.183],[96.918,-12.174],[96.922,-12.162],[96.926,-12.174],[96.926,-12.184],[96.918,-12.195]]]]}},{"type":"Feature","properties":{"name":"Ashmore and Cartier Is."},"geometry":{"type":"Polygon","coordinates":[[[123.595,-12.426],[123.595,-12.436],[123.573,-12.434],[123.573,-12.424],[123.595,-12.426]]]}}]}