{"type":"FeatureCollection","features":[{"type":"Feature","properties":{"prvCode":"2019","prvName":"Rub al Khali Basin","oilMean":1946.67,"gasMean":41878.45,"boeMean":8926.4},"geometry":{"type":"Polygon","coordinates":[[[55.275,20.151],[55.141,19.738],[54.707,19.028],[54.295,18.227],[54.141,18.018],[53.99,17.981],[53.83,17.985],[51.95,18.246],[51.188,18.275],[49.383,18.271],[48.542,18.364],[47.802,18.555],[47.169,18.801],[46.95,18.959],[46.642,19.293],[46.255,19.9],[46.18,20.132],[46.176,20.823],[46.229,21.342],[46.384,21.962],[46.773,22.007],[47.84,22.333],[48.911,22.741],[49.854,23.21],[50.114,23.491],[50.267,23.787],[50.41,24.21],[50.526,24.907],[50.835,24.648],[50.865,24.932],[50.727,25.196],[50.713,25.419],[50.837,25.912],[50.9,26.425],[51.158,27.479],[51.298,27.744],[51.411,27.872],[51.664,27.805],[52.386,27.476],[52.637,27.074],[52.654,27.095],[52.773,27.024],[53.091,26.735],[53.83,26.5],[54.797,26.31],[55.115,26.316],[55.404,26.425],[55.793,26.651],[56.174,26.79],[56.465,26.784],[56.49,26.576],[56.556,26.437],[56.388,26.383],[56.293,26.315],[56.157,26.132],[55.988,25.553],[55.978,25.257],[55.849,24.908],[55.824,24.757],[55.896,24.2],[56.11,23.543],[56.47,23.119],[56.398,22.914],[56.267,22.817],[55.984,22.717],[55.614,22.656],[55.2,22.474],[55.348,21.733],[55.275,20.151]]]}},{"type":"Feature","properties":{"prvCode":"2016","prvName":"Fahud Salt Basin","oilMean":393.87,"gasMean":2199.87,"boeMean":760.5},"geometry":{"type":"Polygon","coordinates":[[[57.02,21.873],[56.451,21.888],[55.914,21.807],[55.875,22.095],[55.791,22.272],[55.607,22.448],[55.615,22.707],[55.668,22.856],[56.173,23.244],[56.472,23.169],[56.577,23.107],[56.829,22.844],[57.759,22.492],[57.952,22.366],[57.432,22.028],[57.02,21.873]]]}},{"type":"Feature","properties":{"prvCode":"2023","prvName":"Widyan Basin-Interior Platform","oilMean":8181.16,"gasMean":11939.35,"boeMean":10171.1},"geometry":{"type":"Polygon","coordinates":[[[43.657,32.976],[43.787,32.701],[43.903,32.657],[43.802,32.48],[43.823,32.362],[44.016,32.175],[44.408,31.981],[44.44,31.75],[44.478,31.683],[44.73,31.455],[44.798,31.353],[45.276,31.158],[45.331,31.055],[45.326,30.983],[45.826,30.729],[45.886,30.657],[46.084,30.56],[46.151,30.452],[46.258,30.406],[46.432,30.242],[46.512,30.221],[46.662,30.108],[46.929,29.798],[47.172,29.12],[47.342,28.933],[47.441,28.653],[47.487,28.358],[47.449,28.138],[47.568,27.483],[47.369,27.233],[46.978,26.944],[46.541,26.504],[47.012,24.54],[47.157,24.1],[47.87,22.772],[47.068,23.321],[46.412,23.877],[45.41,24.949],[44.772,25.984],[44.139,27.094],[43.0,28.191],[42.962,28.324],[42.775,28.423],[42.655,28.565],[42.279,29.372],[42.365,30.861],[42.455,31.567],[42.383,32.161],[42.378,32.959],[42.18,33.361],[42.02,34.165],[43.102,33.173],[43.147,33.098],[43.657,32.976]]]}},{"type":"Feature","properties":{"prvCode":"2004","prvName":"Ma'Rib-Al Jawf/Masila Basin","oilMean":439.16,"gasMean":1676.4499999999998,"boeMean":718.6},"geometry":{"type":"Polygon","coordinates":[[[52.647,16.672],[52.795,16.55],[52.75,16.393],[52.544,16.038],[52.183,15.613],[52.03,15.376],[51.457,14.834],[50.961,14.577],[50.355,14.498],[49.77,14.492],[49.213,14.57],[49.152,14.537],[48.882,14.153],[49.47,13.802],[49.11,13.472],[48.88,13.332],[48.755,13.334],[48.516,13.271],[48.165,13.394],[47.986,13.535],[47.698,13.823],[47.566,14.032],[47.626,14.063],[47.604,14.17],[47.457,14.205],[47.425,14.257],[47.052,14.457],[46.554,14.798],[46.32,14.894],[46.168,14.998],[45.852,15.003],[45.666,15.09],[45.462,15.44],[45.48,15.581],[45.431,15.588],[45.311,15.52],[45.224,15.523],[45.095,15.659],[45.034,15.664],[44.616,16.031],[44.596,16.246],[44.77,16.312],[45.41,16.012],[45.972,15.954],[46.271,15.821],[46.444,15.652],[46.89,15.789],[47.181,15.616],[47.393,15.111],[47.62,14.979],[47.863,15.082],[47.913,15.268],[47.712,15.54],[47.571,15.834],[47.671,16.079],[47.989,16.179],[48.599,16.16],[49.065,16.203],[49.798,16.52],[50.195,16.848],[50.61,16.826],[50.919,16.771],[51.331,16.926],[51.694,16.925],[52.647,16.672]]]}},{"type":"Feature","properties":{"prvCode":"2030","prvName":"Zagros Fold Belt","oilMean":39561.43,"gasMean":183138.4,"boeMean":70084.5},"geometry":{"type":"Polygon","coordinates":[[[42.341,37.207],[42.189,37.414],[41.969,37.457],[41.711,37.593],[41.337,37.694],[40.552,37.781],[40.323,37.882],[40.218,38.012],[40.167,38.031],[39.603,38.06],[39.402,38.142],[39.763,38.258],[39.994,38.411],[40.15,38.475],[40.395,38.533],[40.702,38.541],[41.167,38.427],[41.33,38.332],[41.355,38.259],[41.412,38.22],[41.907,38.086],[42.155,37.94],[42.584,37.851],[42.678,37.516],[42.809,37.423],[42.684,37.374],[42.706,37.309],[42.81,37.225],[43.146,37.223],[43.347,37.283],[43.698,37.22],[43.875,37.233],[44.067,37.135],[44.446,36.782],[44.799,36.637],[44.994,36.513],[45.246,36.078],[45.413,35.891],[45.681,35.679],[45.907,35.379],[46.094,35.222],[47.295,34.739],[47.909,34.407],[50.429,32.526],[51.286,31.682],[51.555,31.311],[51.874,30.966],[52.296,30.416],[52.488,30.211],[52.859,29.93],[53.692,29.394],[54.172,29.228],[54.227,29.166],[54.76,28.947],[55.735,28.349],[56.258,28.234],[56.679,28.1],[56.863,27.89],[57.121,27.294],[57.173,26.826],[57.14,26.784],[57.023,26.288],[57.08,25.83],[56.609,26.447],[56.556,26.437],[56.492,26.574],[56.365,26.713],[56.226,26.766],[56.134,26.763],[55.824,26.656],[55.425,26.416],[54.935,26.248],[54.401,26.159],[53.79,26.287],[53.26,26.463],[52.863,26.712],[52.613,27.113],[52.192,27.346],[51.597,27.771],[51.546,27.836],[51.411,27.872],[51.332,27.958],[50.825,28.739],[50.85,28.892],[50.714,28.944],[50.433,29.473],[49.337,30.596],[48.145,31.622],[47.924,31.686],[47.661,31.829],[46.7,32.626],[46.418,32.82],[45.977,33.03],[45.447,33.643],[44.778,34.226],[44.603,34.44],[44.288,34.661],[43.34,35.11],[43.086,35.28],[43.027,35.425],[42.966,35.476],[42.843,35.875],[42.581,36.233],[42.461,36.281],[41.86,36.868],[41.539,37.076],[41.118,37.242],[41.884,37.195],[42.341,37.207]]]}},{"type":"Feature","properties":{"prvCode":"2024","prvName":"Mesopotamian Foredeep Basin","oilMean":26879.75,"gasMean":46633.45,"boeMean":34652.0},"geometry":{"type":"Polygon","coordinates":[[[46.39,32.886],[47.455,31.994],[47.83,31.747],[48.194,31.612],[49.172,30.759],[50.112,29.831],[50.228,29.75],[50.392,29.55],[50.714,28.944],[50.85,28.892],[50.825,28.739],[51.05,28.367],[51.411,27.872],[51.298,27.744],[51.158,27.479],[51.023,26.888],[49.414,27.485],[47.787,27.658],[47.568,27.483],[47.449,28.138],[47.487,28.358],[47.441,28.653],[47.342,28.933],[47.172,29.12],[46.929,29.798],[46.662,30.108],[46.512,30.221],[46.432,30.242],[46.258,30.406],[46.151,30.452],[46.084,30.56],[45.886,30.657],[45.826,30.729],[45.507,30.912],[45.326,30.983],[45.331,31.055],[45.276,31.158],[44.798,31.353],[44.73,31.455],[44.478,31.683],[44.44,31.75],[44.408,31.981],[44.016,32.175],[43.823,32.362],[43.802,32.48],[43.903,32.657],[43.787,32.701],[43.657,32.976],[43.147,33.098],[43.102,33.173],[42.02,34.165],[42.007,34.312],[42.156,34.665],[42.533,35.221],[42.932,35.596],[42.966,35.476],[43.41,35.102],[43.793,34.942],[43.85,34.861],[44.398,34.628],[44.493,34.555],[44.792,34.213],[45.331,33.758],[45.922,33.172],[46.152,33.007],[46.39,32.886]]]}},{"type":"Feature","properties":{"prvCode":"2021","prvName":"Greater Ghawar Uplift","oilMean":3494.71,"gasMean":6286.16,"boeMean":4542.4},"geometry":{"type":"Polygon","coordinates":[[[50.339,21.862],[49.174,21.946],[48.53,22.274],[47.87,22.772],[47.157,24.1],[47.012,24.54],[46.541,26.504],[46.978,26.944],[47.369,27.233],[47.568,27.483],[47.787,27.658],[49.414,27.485],[51.023,26.888],[50.9,26.425],[50.837,25.912],[50.713,25.419],[50.727,25.196],[50.865,24.932],[50.833,24.634],[50.757,24.344],[50.749,23.657],[51.087,22.82],[51.203,21.949],[50.339,21.862]]]}},{"type":"Feature","properties":{"prvCode":"3824","prvName":"Northwest Java Basin","oilMean":726.36,"gasMean":4727.9400000000005,"boeMean":1514.4},"geometry":{"type":"MultiPolygon","coordinates":[[[[110.015,-7.119],[108.882,-6.949],[108.541,-6.821],[107.894,-6.666],[106.993,-6.555],[106.803,-6.452],[106.428,-6.068],[106.134,-5.918],[105.893,-5.72],[105.996,-5.042],[106.101,-4.667],[106.292,-4.316],[106.502,-4.148],[106.7,-4.114],[106.935,-4.177],[107.272,-4.44],[107.257,-4.594],[106.616,-5.745],[106.957,-5.169],[107.03,-5.115],[107.08,-5.117],[107.83,-5.417],[108.397,-5.691],[109.284,-5.945],[109.755,-6.304],[110.178,-6.472],[110.42,-6.625],[110.567,-6.772],[110.318,-7.093],[110.015,-7.119]],[[106.506,-5.931],[106.516,-5.914],[106.462,-5.957],[106.506,-5.931]]],[[[108.022,-5.459],[108.044,-5.33],[108.394,-5.053],[109.876,-4.121],[110.472,-3.905],[110.576,-3.913],[110.708,-3.998],[110.741,-4.114],[110.713,-4.235],[110.568,-4.459],[109.877,-5.088],[109.275,-5.693],[109.081,-5.796],[108.599,-5.726],[108.128,-5.549],[108.022,-5.459]]]]}},{"type":"Feature","properties":{"prvCode":"3817","prvName":"Kutei Basin","oilMean":3214.64,"gasMean":46001.229999999996,"boeMean":10881.5},"geometry":{"type":"Polygon","coordinates":[[[118.062,-2.631],[117.675,-2.291],[117.088,-1.913],[116.928,-1.821],[116.288,-1.574],[115.899,-1.235],[115.511,-1.162],[115.177,-0.809],[114.913,-0.705],[114.755,-0.526],[114.734,-0.442],[114.765,-0.358],[114.956,-0.15],[115.054,0.064],[115.148,0.164],[115.419,0.282],[115.724,0.331],[115.792,0.368],[115.979,0.523],[116.16,0.751],[116.583,1.042],[117.036,1.258],[117.069,1.225],[117.039,1.038],[117.075,0.987],[117.135,0.998],[117.274,1.198],[117.366,1.427],[117.831,1.255],[118.681,0.77],[119.031,0.626],[119.313,0.419],[119.474,0.258],[119.416,0.269],[119.521,0.216],[119.574,0.097],[119.501,-0.543],[119.25,-1.454],[118.96,-2.219],[118.709,-2.779],[118.661,-2.806],[118.385,-2.773],[118.062,-2.631]],[[117.664,-1.349],[117.678,-1.33],[117.088,-1.913],[117.664,-1.349]],[[117.811,-1.141],[117.819,-1.1],[117.774,-1.193],[117.811,-1.141]],[[117.813,0.401],[117.812,0.137],[117.833,-0.037],[117.813,0.401]]]}},{"type":"Feature","properties":{"prvCode":"3825","prvName":"Penyu-West Natuna Basin","oilMean":73.82,"gasMean":1422.72,"boeMean":310.9},"geometry":{"type":"Polygon","coordinates":[[[104.343,3.281],[104.22,3.33],[104.016,3.484],[103.899,3.659],[103.833,3.847],[103.856,3.999],[103.919,4.107],[104.056,4.22],[104.201,4.281],[105.286,4.411],[105.959,4.599],[106.195,4.751],[106.475,5.004],[106.915,5.599],[107.08,5.64],[107.198,5.583],[107.274,5.454],[107.295,5.319],[107.28,4.738],[107.141,4.292],[106.941,4.008],[106.69,3.83],[105.836,3.38],[104.857,3.246],[104.343,3.281]]]}},{"type":"Feature","properties":{"prvCode":"3702","prvName":"Greater Sarawak Basin","oilMean":642.84,"gasMean":38073.92,"boeMean":6988.5},"geometry":{"type":"Polygon","coordinates":[[[112.851,5.221],[113.178,5.01],[113.387,4.674],[114.014,3.936],[114.377,3.433],[114.037,3.33],[113.883,3.188],[113.692,2.901],[113.247,2.655],[113.002,2.59],[112.65,2.584],[111.82,2.693],[111.321,2.7],[111.089,2.77],[110.795,2.948],[110.489,3.222],[109.785,4.02],[109.514,4.254],[108.92,4.635],[108.477,4.784],[108.396,6.308],[109.285,6.929],[109.555,6.463],[109.768,6.187],[110.007,5.953],[110.723,5.54],[110.97,5.508],[111.172,5.544],[111.58,5.767],[112.211,5.827],[112.563,5.969],[112.632,5.908],[112.685,5.513],[112.754,5.318],[112.851,5.221]]]}},{"type":"Feature","properties":{"prvCode":"3703","prvName":"Malay Basin","oilMean":664.71,"gasMean":12088.07,"boeMean":2679.4},"geometry":{"type":"MultiPolygon","coordinates":[[[[104.524,4.598],[104.419,4.876],[104.06,5.383],[102.813,6.509],[102.256,6.971],[102.022,7.25],[101.949,7.488],[101.986,8.235],[101.953,8.523],[102.169,8.831],[102.379,8.882],[102.554,8.836],[102.727,8.745],[103.099,8.485],[103.794,7.887],[104.693,7.175],[105.725,6.485],[106.148,6.096],[106.857,5.61],[106.586,5.13],[106.336,4.87],[105.913,4.58],[105.387,4.435],[104.582,4.328],[104.524,4.598]]],[[[102.458,9.074],[102.013,9.412],[101.935,9.551],[101.928,9.954],[102.004,10.485],[102.025,10.899],[102.152,10.833],[102.464,10.578],[102.59,10.437],[102.68,10.276],[102.732,9.117],[102.658,9.002],[102.458,9.074]]]]}},{"type":"Feature","properties":{"prvCode":"3701","prvName":"Baram Delta/Brunei-Sabah Basin","oilMean":4277.55,"gasMean":26374.86,"boeMean":8673.4},"geometry":{"type":"Polygon","coordinates":[[[114.014,3.936],[113.387,4.674],[113.134,5.051],[112.798,5.265],[112.713,5.382],[112.685,5.513],[113.267,5.811],[113.49,5.977],[113.769,6.325],[114.849,7.365],[115.447,8.02],[116.075,8.522],[116.954,9.083],[117.112,8.945],[117.214,8.903],[117.112,8.523],[116.96,8.31],[116.872,8.063],[116.825,7.806],[116.864,7.584],[116.81,7.473],[116.783,7.16],[116.548,6.577],[116.111,5.961],[115.716,5.228],[115.383,4.829],[115.007,4.303],[114.605,3.592],[114.377,3.433],[114.014,3.936]],[[117.062,8.894],[116.944,8.773],[116.739,8.482],[117.062,8.894]]]}},{"type":"Feature","properties":{"prvCode":"3505","prvName":"Nam Con Son Basin","oilMean":685.33,"gasMean":14600.15,"boeMean":3118.7},"geometry":{"type":"Polygon","coordinates":[[[106.872,8.029],[107.801,8.779],[108.728,9.622],[108.905,9.756],[109.022,9.797],[109.065,9.779],[109.117,9.633],[109.104,8.901],[109.303,7.628],[109.244,7.347],[109.024,7.103],[108.635,6.841],[107.829,6.387],[107.407,6.28],[107.092,6.3],[106.878,6.41],[106.565,6.739],[106.433,6.988],[106.384,7.164],[106.381,7.347],[106.434,7.55],[106.571,7.737],[106.872,8.029]]]}},{"type":"Feature","properties":{"prvCode":"3503","prvName":"Cuu Long Basin","oilMean":1734.62,"gasMean":4397.15,"boeMean":2467.5},"geometry":{"type":"Polygon","coordinates":[[[106.908,9.944],[108.179,10.828],[108.672,11.053],[108.817,11.057],[108.918,11.015],[108.973,10.832],[109.009,10.16],[108.976,10.035],[108.866,9.881],[108.472,9.556],[106.903,8.542],[106.732,8.492],[106.521,8.481],[106.365,8.525],[106.218,8.614],[106.089,8.75],[105.961,8.982],[105.959,9.149],[106.041,9.266],[106.908,9.944]]]}},{"type":"Feature","properties":{"prvCode":"3507","prvName":"Thai Basin","oilMean":1211.71,"gasMean":14582.64,"boeMean":3642.2},"geometry":{"type":"Polygon","coordinates":[[[101.285,7.574],[101.147,7.706],[101.027,7.943],[101.02,7.513],[100.97,7.406],[100.687,7.23],[100.519,7.212],[100.138,7.572],[99.919,7.888],[99.897,8.051],[99.917,8.311],[100.174,9.575],[100.09,9.783],[99.935,9.908],[99.857,9.934],[99.709,9.729],[99.498,9.214],[99.244,8.356],[99.089,7.951],[98.896,7.544],[98.667,7.202],[98.333,7.66],[99.095,9.524],[99.112,9.668],[99.007,9.951],[99.06,10.127],[99.637,11.219],[100.027,12.058],[100.096,12.367],[100.113,12.926],[100.699,12.318],[101.034,12.056],[101.134,11.94],[101.169,11.697],[101.125,11.471],[101.156,11.56],[101.261,11.602],[101.48,11.538],[101.763,11.333],[101.88,11.194],[101.927,11.059],[101.926,10.69],[101.793,9.708],[101.814,8.763],[101.877,8.381],[101.813,7.452],[101.772,7.365],[101.538,7.409],[101.285,7.574]],[[101.102,11.349],[101.099,11.336],[100.956,8.625],[101.102,11.349]]]}},{"type":"Feature","properties":{"prvCode":"3822","prvName":"North Sumatra Basin","oilMean":453.68,"gasMean":10906.16,"boeMean":2271.4},"geometry":{"type":"Polygon","coordinates":[[[98.848,3.158],[98.237,3.566],[97.445,4.438],[97.228,4.596],[96.877,4.767],[96.059,5.019],[95.947,5.095],[95.439,5.872],[95.088,6.622],[95.053,6.934],[95.156,7.074],[95.475,7.841],[95.773,9.021],[96.575,8.788],[97.309,8.425],[97.955,8.029],[98.489,7.471],[98.98,6.71],[99.59,5.891],[100.007,5.06],[100.373,4.195],[100.624,3.719],[100.937,3.247],[99.499,2.429],[98.848,3.158]]]}},{"type":"Feature","properties":{"prvCode":"3808","prvName":"Central Sumatra Basin","oilMean":148.07,"gasMean":399.48,"boeMean":214.6},"geometry":{"type":"Polygon","coordinates":[[[102.474,-1.197],[102.135,-1.094],[101.786,-1.069],[101.618,-1.01],[101.247,-0.709],[100.707,-0.137],[100.21,0.466],[99.719,1.197],[99.643,1.562],[99.614,2.17],[99.499,2.429],[100.141,2.767],[100.937,3.247],[101.167,2.874],[101.782,2.142],[102.404,1.701],[102.799,1.179],[102.925,0.907],[103.358,0.2],[103.604,-0.09],[103.696,-0.309],[103.662,-0.507],[103.445,-0.735],[103.239,-0.863],[102.862,-0.973],[102.562,-1.197],[102.474,-1.197]]]}},{"type":"Feature","properties":{"prvCode":"3828","prvName":"South Sumatra Basin","oilMean":352.91,"gasMean":4857.27,"boeMean":1162.5},"geometry":{"type":"Polygon","coordinates":[[[104.629,-1.791],[104.82,-2.089],[105.03,-2.323],[105.537,-2.752],[105.74,-3.004],[105.83,-3.196],[105.836,-3.332],[105.745,-3.943],[105.74,-4.388],[105.694,-4.637],[105.608,-4.821],[105.458,-4.927],[105.285,-4.946],[105.021,-4.894],[104.64,-4.721],[103.188,-3.617],[102.882,-3.266],[102.42,-2.521],[102.278,-2.353],[101.87,-1.675],[101.809,-1.494],[101.894,-1.253],[102.025,-1.151],[102.191,-1.164],[102.658,-1.376],[102.826,-1.318],[103.067,-1.029],[103.167,-0.96],[103.397,-0.872],[103.632,-0.851],[103.921,-0.899],[104.084,-0.98],[104.297,-1.167],[104.43,-1.358],[104.629,-1.791]]]}},{"type":"Feature","properties":{"prvCode":"3606","prvName":"Tarakan Basin","oilMean":707.03,"gasMean":12675.56,"boeMean":2819.6},"geometry":{"type":"Polygon","coordinates":[[[119.606,0.937],[118.75,1.49],[118.386,1.778],[118.127,1.935],[117.847,2.062],[117.605,2.057],[117.284,2.116],[117.153,2.181],[117.073,2.294],[117.102,2.534],[117.25,2.803],[117.264,2.935],[116.939,3.716],[116.934,3.905],[117.015,4.067],[117.101,4.141],[117.427,4.293],[117.531,4.461],[118.588,3.905],[118.878,3.743],[119.027,3.726],[119.284,3.884],[119.485,3.916],[119.627,3.872],[119.768,3.732],[119.887,3.516],[120.001,3.081],[120.03,2.733],[120.016,2.158],[120.042,2.002],[119.548,1.741],[119.813,1.082],[119.606,0.937]],[[118.689,3.7],[118.686,3.72],[118.588,3.905],[118.689,3.7]],[[117.494,2.126],[117.987,2.393],[117.456,2.124],[117.494,2.126]],[[118.228,2.448],[118.208,2.452],[118.187,2.446],[118.228,2.448]],[[118.913,2.034],[118.716,2.242],[118.684,2.264],[118.913,2.034]],[[119.457,1.712],[119.483,1.72],[119.434,1.719],[119.457,1.712]],[[118.653,2.469],[118.669,2.411],[118.657,2.512],[118.653,2.469]],[[118.707,3.6],[118.716,3.491],[118.715,3.552],[118.707,3.6]]]}},{"type":"Feature","properties":{"prvCode":"3804","prvName":"Barito Basin","oilMean":145.98,"gasMean":2872.62,"boeMean":624.8},"geometry":{"type":"Polygon","coordinates":[[[115.416,-1.937],[115.488,-1.787],[115.514,-1.802],[115.52,-1.905],[115.585,-1.795],[115.639,-1.797],[115.632,-2.033],[115.712,-2.289],[115.705,-2.353],[115.373,-2.71],[115.203,-3.085],[115.107,-3.185],[115.045,-3.331],[114.948,-3.435],[114.864,-3.593],[114.468,-3.975],[114.194,-4.382],[114.095,-4.464],[113.926,-4.438],[113.604,-4.32],[113.347,-4.156],[113.942,-3.437],[113.998,-2.919],[114.199,-2.244],[114.28,-1.817],[114.358,-1.625],[114.751,-1.1],[114.905,-0.973],[115.029,-0.92],[115.235,-0.934],[115.403,-1.06],[115.439,-1.128],[115.281,-1.636],[115.271,-1.792],[115.331,-1.966],[115.416,-1.937]]]}},{"type":"Feature","properties":{"prvCode":"3502","prvName":"Khorat Plateau","oilMean":0.0,"gasMean":1942.83,"boeMean":323.8},"geometry":{"type":"Polygon","coordinates":[[[103.179,18.411],[103.401,18.465],[103.691,18.47],[103.889,18.385],[103.999,18.297],[104.216,17.999],[104.581,17.721],[105.144,17.175],[105.148,17.105],[105.01,16.982],[105.024,16.907],[105.123,16.879],[105.358,16.99],[105.539,16.977],[105.672,16.84],[105.821,16.552],[106.0,16.376],[106.066,16.188],[106.281,15.833],[106.029,15.756],[105.855,15.75],[105.803,15.709],[105.747,15.543],[105.757,15.376],[105.541,15.231],[105.483,15.157],[105.567,14.838],[105.486,14.481],[105.352,14.373],[105.192,14.324],[105.122,14.223],[105.07,14.214],[104.905,14.382],[104.489,14.348],[104.258,14.373],[103.959,14.317],[103.744,14.376],[103.605,14.378],[103.154,14.302],[102.949,14.186],[102.709,14.127],[102.663,14.036],[102.527,13.981],[102.19,13.981],[101.94,14.11],[101.901,14.179],[101.927,14.369],[101.72,14.644],[101.474,14.851],[101.393,15.136],[101.368,15.568],[101.539,16.167],[101.602,16.23],[101.7,16.168],[101.792,16.157],[101.882,16.239],[101.925,16.349],[101.891,16.503],[101.907,16.599],[102.083,16.798],[102.124,17.029],[102.254,17.254],[102.332,17.481],[102.318,17.761],[102.254,17.914],[102.306,18.094],[102.246,18.205],[102.237,18.433],[102.338,18.507],[102.397,18.6],[102.478,18.633],[102.627,18.405],[102.823,18.256],[102.935,18.216],[103.089,18.239],[103.179,18.411]]]}},{"type":"Feature","properties":{"prvCode":"3130","prvName":"Pearl River Mouth Basin","oilMean":607.87,"gasMean":9807.509999999998,"boeMean":2242.5},"geometry":{"type":"Polygon","coordinates":[[[112.21,18.376],[112.05,18.441],[110.771,19.289],[111.174,19.771],[111.702,20.25],[112.126,20.553],[113.363,21.3],[115.207,22.111],[116.105,22.369],[116.976,22.924],[117.365,23.039],[117.765,23.096],[118.002,22.644],[118.184,22.176],[118.164,22.058],[117.874,21.541],[117.263,20.896],[116.667,20.452],[116.297,20.235],[115.657,19.969],[114.476,19.6],[113.877,19.328],[113.676,19.216],[112.859,18.6],[112.513,18.441],[112.21,18.376]]]}},{"type":"Feature","properties":{"prvCode":"3159","prvName":"Song Hong Basin","oilMean":203.9,"gasMean":12265.519999999999,"boeMean":2248.2},"geometry":{"type":"Polygon","coordinates":[[[109.539,13.967],[109.33,14.744],[109.221,15.011],[109.08,15.304],[108.587,16.076],[108.435,16.205],[107.421,16.855],[107.169,17.06],[106.784,17.511],[106.758,17.644],[106.864,17.869],[106.864,18.154],[106.698,18.963],[106.211,20.125],[105.591,21.135],[105.51,21.376],[105.67,21.498],[105.774,21.475],[106.385,20.97],[106.652,20.711],[106.771,20.539],[107.243,20.351],[107.484,20.164],[107.63,19.981],[107.867,19.561],[108.328,18.927],[109.432,17.529],[109.625,17.13],[109.597,16.591],[109.657,16.165],[109.795,15.813],[110.127,15.318],[110.226,15.12],[110.405,14.674],[110.564,14.028],[109.539,13.967]]]}},{"type":"Feature","properties":{"prvCode":"3501","prvName":"Phu Khanh","oilMean":222.71,"gasMean":13040.039999999999,"boeMean":2396.0},"geometry":{"type":"Polygon","coordinates":[[[109.203,9.117],[109.061,11.678],[109.355,12.201],[109.456,12.585],[109.504,13.002],[109.539,13.967],[110.564,14.028],[110.794,12.277],[110.833,11.69],[110.581,9.913],[109.92,9.734],[109.665,9.624],[109.36,9.374],[109.203,9.117]]]}},{"type":"Feature","properties":{"prvCode":"3605","prvName":"Palawan Shelf","oilMean":270.2,"gasMean":1408.82,"boeMean":505.0},"geometry":{"type":"Polygon","coordinates":[[[118.432,10.913],[118.369,11.028],[118.384,11.17],[118.486,11.36],[119.236,12.443],[119.375,12.594],[119.646,12.832],[119.838,12.932],[120.046,12.964],[120.198,12.932],[120.28,12.862],[120.299,12.73],[119.834,12.264],[119.682,11.943],[119.315,11.328],[118.944,10.581],[118.851,10.523],[118.72,10.581],[118.432,10.913]]]}},{"type":"Feature","properties":{"prvCode":"3809","prvName":"East Java Basin","oilMean":2036.06,"gasMean":31488.2,"boeMean":7284.1},"geometry":{"type":"Polygon","coordinates":[[[117.649,-3.026],[117.873,-3.038],[117.724,-3.402],[117.687,-3.423],[117.554,-3.308],[117.306,-3.172],[117.182,-3.171],[117.111,-3.249],[117.519,-3.69],[117.557,-3.849],[117.454,-4.036],[117.188,-4.363],[117.041,-4.776],[117.09,-4.884],[117.246,-4.971],[117.956,-5.053],[118.237,-5.167],[118.377,-5.303],[118.32,-5.874],[118.463,-6.593],[118.116,-6.868],[117.859,-6.988],[117.461,-7.114],[116.761,-7.198],[116.376,-7.19],[115.604,-7.264],[114.472,-7.494],[113.988,-7.487],[112.409,-7.755],[111.985,-7.75],[111.749,-7.701],[111.365,-7.572],[110.837,-7.315],[110.613,-7.245],[110.16,-7.181],[110.066,-7.121],[110.272,-7.111],[110.392,-7.033],[110.796,-6.482],[111.248,-6.11],[111.78,-5.402],[112.16,-5.082],[113.075,-4.452],[113.347,-4.156],[113.604,-4.32],[113.926,-4.438],[114.177,-4.471],[114.466,-4.432],[114.669,-4.161],[114.837,-4.043],[115.766,-3.624],[115.94,-3.506],[116.062,-3.341],[116.327,-2.643],[116.385,-2.631],[116.47,-2.857],[116.527,-2.854],[116.749,-2.641],[116.917,-2.572],[117.039,-2.566],[117.053,-2.33],[117.112,-2.318],[117.212,-2.382],[117.308,-2.599],[117.406,-2.671],[117.454,-2.846],[117.558,-2.991],[117.649,-3.026]]]}},{"type":"Feature","properties":{"prvCode":"3506","prvName":"South China Sea Platform","oilMean":2522.4,"gasMean":25518.95,"boeMean":6775.6},"geometry":{"type":"Polygon","coordinates":[[[120.15,13.05],[119.858,12.974],[119.686,12.891],[119.445,12.691],[119.198,12.423],[118.905,11.966],[118.467,11.391],[118.329,11.12],[118.083,10.407],[117.747,9.905],[117.055,9.158],[116.358,8.724],[115.447,8.02],[114.849,7.365],[113.769,6.325],[113.49,5.977],[113.267,5.811],[112.685,5.513],[112.632,5.908],[112.563,5.969],[112.513,5.965],[112.211,5.827],[111.58,5.767],[111.172,5.544],[110.844,5.512],[110.622,5.585],[110.007,5.953],[109.768,6.187],[109.555,6.463],[109.285,6.929],[109.364,7.717],[109.273,8.228],[109.222,8.793],[110.215,8.862],[110.62,8.964],[110.86,9.144],[111.234,9.541],[111.4,9.675],[112.167,10.164],[112.514,10.599],[112.892,10.729],[113.293,10.752],[113.604,10.83],[113.719,10.94],[114.092,11.46],[114.42,11.688],[114.654,11.749],[114.896,11.748],[115.348,11.578],[115.667,11.542],[115.803,11.623],[115.989,11.883],[116.118,11.979],[116.408,12.122],[116.644,12.175],[117.047,12.145],[117.331,11.993],[117.487,11.952],[117.729,11.943],[117.968,11.985],[118.12,12.04],[118.236,12.149],[118.376,12.688],[118.476,12.811],[118.948,12.919],[119.267,13.162],[119.671,13.135],[119.86,13.181],[120.15,13.05]]]}},{"type":"Feature","properties":{"prvCode":"3508","prvName":"Thailand Cenozoic Basins","oilMean":391.12,"gasMean":635.8,"boeMean":497.1},"geometry":{"type":"Polygon","coordinates":[[[101.001,16.33],[101.175,17.003],[101.237,17.099],[101.303,17.099],[101.353,16.757],[101.242,15.907],[101.271,15.774],[101.375,15.619],[101.393,15.136],[101.474,14.851],[101.72,14.644],[101.9,14.413],[101.928,14.352],[101.913,14.146],[102.152,13.99],[102.199,13.798],[102.507,13.538],[102.717,13.108],[102.995,12.945],[103.129,12.656],[103.153,12.579],[103.133,12.501],[103.17,12.435],[103.328,12.396],[103.359,12.298],[103.302,12.129],[103.209,12.05],[103.149,12.038],[103.028,12.068],[102.762,12.215],[102.643,12.188],[102.595,12.146],[102.537,11.969],[102.153,11.657],[101.985,11.204],[101.206,11.835],[101.08,12.015],[100.834,12.191],[100.528,12.487],[100.113,12.926],[99.319,13.888],[99.474,14.504],[99.516,14.922],[99.471,15.342],[99.251,16.42],[99.14,16.648],[98.989,16.805],[98.287,17.298],[98.145,17.458],[98.031,17.623],[97.934,17.874],[97.834,18.384],[97.925,19.944],[98.901,20.363],[100.108,20.938],[100.898,21.356],[101.16,21.45],[101.798,21.185],[101.994,21.051],[102.081,20.858],[102.022,20.703],[101.331,20.102],[101.116,19.869],[100.954,19.617],[100.923,19.455],[100.932,19.281],[101.085,18.565],[101.048,18.244],[100.911,18.042],[100.469,17.588],[100.285,17.308],[100.285,17.196],[100.379,17.003],[100.917,16.327],[101.001,16.33]]]}},{"type":"Feature","properties":{"prvCode":"3611","prvName":"Sulu Sea","oilMean":338.55,"gasMean":8673.37,"boeMean":1784.1},"geometry":{"type":"Polygon","coordinates":[[[119.314,5.415],[118.886,5.541],[118.594,5.706],[118.064,6.076],[117.876,6.266],[117.863,6.388],[117.898,6.512],[118.138,6.88],[118.521,7.371],[118.62,7.384],[118.735,7.309],[119.671,6.277],[119.805,6.084],[119.804,6.001],[119.7,5.941],[119.628,5.853],[119.61,5.488],[119.554,5.362],[119.456,5.284],[119.314,5.415]]]}},{"type":"Feature","properties":{"prvCode":"2020","prvName":"Interior Homocline-Central Arch","oilMean":982.84,"gasMean":5549.18,"boeMean":1907.7},"geometry":{"type":"Polygon","coordinates":[[[50.267,23.787],[50.114,23.491],[49.854,23.21],[48.911,22.741],[47.84,22.333],[46.773,22.007],[46.384,21.962],[46.573,22.741],[46.622,23.437],[46.72,23.802],[46.903,24.006],[47.219,24.259],[47.458,24.582],[47.627,24.989],[47.718,25.453],[47.865,25.769],[48.069,25.98],[48.61,26.422],[48.94,26.78],[49.175,27.152],[49.226,27.437],[49.226,27.785],[49.039,28.622],[48.891,29.047],[48.704,29.459],[48.588,29.626],[48.473,29.71],[49.052,30.225],[49.48,30.457],[50.465,29.439],[50.842,28.975],[51.164,28.356],[51.456,27.924],[51.276,27.61],[51.172,27.358],[50.849,26.356],[50.643,25.549],[50.41,24.21],[50.267,23.787]],[[50.002,25.73],[50.018,25.683],[49.906,26.199],[50.002,25.73]],[[50.093,25.457],[50.122,25.405],[50.078,25.501],[50.093,25.457]]]}},{"type":"Feature","properties":{"prvCode":"2022","prvName":"Qatar Arch","oilMean":249.83,"gasMean":3005.48,"boeMean":750.7},"geometry":{"type":"Polygon","coordinates":[[[51.496,24.225],[50.757,24.698],[50.526,24.907],[50.643,25.549],[50.849,26.356],[51.172,27.358],[51.276,27.61],[51.456,27.924],[51.597,27.771],[52.072,27.424],[52.654,27.095],[52.07,26.356],[51.852,25.963],[51.728,25.621],[51.656,25.063],[51.496,24.225]]]}},{"type":"Feature","properties":{"prvCode":"2014","prvName":"Ghaba Salt Basin","oilMean":107.79,"gasMean":2276.94,"boeMean":487.3},"geometry":{"type":"Polygon","coordinates":[[[54.707,19.028],[55.141,19.738],[55.275,20.151],[55.348,21.733],[55.162,22.664],[55.182,22.829],[55.575,23.564],[55.71,23.998],[55.792,24.525],[55.831,24.603],[55.859,24.245],[55.995,23.769],[56.117,23.556],[56.481,23.152],[56.836,22.853],[57.66,22.545],[57.965,22.528],[58.104,22.483],[58.441,22.282],[58.194,21.499],[57.948,21.113],[57.809,20.957],[57.538,20.744],[57.384,20.564],[57.286,20.376],[56.744,20.337],[55.987,20.415],[55.99,20.447],[55.73,19.965],[55.492,19.303],[55.255,18.921],[54.944,18.59],[54.634,18.362],[54.286,18.213],[54.707,19.028]]]}},{"type":"Feature","properties":{"prvCode":"2011","prvName":"South Oman Salt Basin","oilMean":238.81,"gasMean":447.53,"boeMean":313.4},"geometry":{"type":"Polygon","coordinates":[[[56.744,20.337],[57.286,20.376],[56.393,18.52],[56.091,18.239],[55.016,17.613],[54.714,17.494],[54.468,17.473],[54.356,17.508],[54.208,17.691],[54.141,18.018],[54.286,18.213],[54.634,18.362],[54.944,18.59],[55.255,18.921],[55.492,19.303],[55.73,19.965],[55.987,20.415],[56.744,20.337]]]}},{"type":"Feature","properties":{"prvCode":"2031","prvName":"Zagros Thrust Zone","oilMean":174.6,"gasMean":9588.31,"boeMean":1772.7},"geometry":{"type":"Polygon","coordinates":[[[43.845,37.248],[44.799,36.637],[44.123,36.914],[43.611,37.042],[42.383,37.208],[41.884,37.195],[39.267,37.383],[38.746,37.36],[38.271,37.247],[37.988,37.122],[37.445,36.805],[36.755,36.172],[36.529,35.844],[36.281,35.333],[36.291,35.84],[36.369,36.173],[36.495,36.507],[36.731,36.955],[37.086,37.383],[37.453,37.686],[37.779,37.869],[38.71,38.179],[39.713,38.426],[40.255,38.482],[40.549,38.482],[41.083,38.41],[41.337,38.362],[42.165,38.084],[43.117,37.616],[43.403,37.437],[43.845,37.248]]]}},{"type":"Feature","properties":{"prvCode":"2077","prvName":"Palmyra Zone","oilMean":309.65,"gasMean":2509.08,"boeMean":727.8},"geometry":{"type":"Polygon","coordinates":[[[35.661,33.093],[35.744,33.526],[36.086,34.095],[36.619,34.569],[36.997,34.837],[37.788,35.284],[38.207,35.608],[38.847,35.807],[38.943,35.862],[39.924,34.891],[38.503,34.349],[37.192,33.777],[36.541,33.594],[36.268,33.48],[35.798,33.215],[35.661,33.093]]]}},{"type":"Feature","properties":{"prvCode":"2076","prvName":"Haleb","oilMean":145.24,"gasMean":264.47,"boeMean":189.3},"geometry":{"type":"Polygon","coordinates":[[[39.833,37.36],[41.118,37.242],[41.539,37.076],[41.942,36.786],[41.447,36.866],[41.083,36.777],[40.078,36.378],[38.847,35.807],[38.207,35.608],[37.788,35.284],[36.997,34.837],[36.619,34.569],[36.086,34.095],[36.192,34.284],[36.268,34.626],[36.281,35.333],[36.529,35.844],[36.755,36.172],[36.947,36.375],[37.445,36.805],[37.988,37.122],[38.271,37.247],[38.746,37.36],[39.267,37.383],[39.833,37.36]]]}},{"type":"Feature","properties":{"prvCode":"2075","prvName":"Euphrates/Mardin","oilMean":317.75,"gasMean":771.4300000000001,"boeMean":446.3},"geometry":{"type":"Polygon","coordinates":[[[42.461,36.281],[42.247,36.305],[41.984,36.269],[41.483,36.087],[41.219,35.946],[40.864,35.602],[39.973,36.33],[40.89,36.708],[41.447,36.866],[41.942,36.786],[42.461,36.281]]]}},{"type":"Feature","properties":{"prvCode":"2089","prvName":"Anah Graben","oilMean":48.63,"gasMean":103.74000000000001,"boeMean":65.9},"geometry":{"type":"Polygon","coordinates":[[[40.869,34.331],[40.593,34.368],[39.924,34.891],[38.943,35.862],[39.973,36.33],[40.274,36.063],[40.789,35.688],[41.489,35.0],[41.582,34.81],[41.514,34.687],[41.09,34.405],[40.869,34.331]]]}},{"type":"Feature","properties":{"prvCode":"2028","prvName":"Rutbah Uplift","oilMean":64.33,"gasMean":1630.14,"boeMean":336.0},"geometry":{"type":"Polygon","coordinates":[[[49.052,30.225],[48.473,29.71],[48.331,29.697],[48.183,29.562],[48.118,29.336],[48.061,28.86],[48.042,27.929],[47.993,27.573],[47.896,27.37],[47.665,27.188],[47.498,27.188],[47.421,27.237],[47.365,27.328],[47.086,28.026],[46.869,28.69],[46.506,29.213],[46.129,29.43],[45.878,29.458],[45.647,29.416],[45.466,29.297],[45.221,29.06],[44.928,28.697],[44.725,28.327],[44.607,27.978],[44.544,27.705],[44.593,27.363],[44.586,27.098],[44.537,26.958],[44.481,26.923],[44.153,26.944],[43.713,27.363],[43.273,27.719],[42.959,27.859],[42.463,28.012],[41.8,28.124],[41.318,28.292],[41.018,28.473],[40.62,28.85],[39.977,29.269],[39.642,29.479],[39.021,29.765],[38.832,29.821],[38.231,29.905],[36.074,29.926],[35.669,29.982],[35.389,30.093],[35.257,30.198],[35.466,31.015],[35.578,31.63],[35.661,33.093],[35.798,33.215],[36.268,33.48],[36.541,33.594],[37.192,33.777],[38.503,34.349],[39.924,34.891],[40.593,34.368],[40.869,34.331],[41.09,34.405],[41.514,34.687],[41.582,34.81],[41.489,35.0],[40.87,35.614],[41.219,35.946],[41.483,36.087],[41.984,36.269],[42.247,36.305],[42.461,36.281],[42.581,36.233],[42.759,36.018],[43.086,35.28],[43.34,35.11],[44.288,34.661],[44.653,34.405],[45.242,33.88],[45.977,33.03],[46.418,32.82],[46.718,32.614],[47.661,31.829],[48.254,31.551],[49.48,30.457],[49.052,30.225]]]}},{"type":"Feature","properties":{"prvCode":"5308","prvName":"Yucatan Platform","oilMean":1286.53,"gasMean":2980.63,"boeMean":1783.3},"geometry":{"type":"Polygon","coordinates":[[[-86.423,20.717],[-86.972,20.087],[-87.071,19.923],[-87.563,18.825],[-87.971,17.758],[-88.058,17.478],[-88.117,17.103],[-88.289,17.169],[-88.427,17.176],[-89.093,17.111],[-89.832,16.954],[-90.31,16.991],[-91.121,17.267],[-91.419,17.424],[-91.921,17.48],[-92.197,17.565],[-92.348,17.651],[-92.174,18.14],[-91.943,18.6],[-91.826,18.759],[-91.778,18.962],[-91.621,19.282],[-91.551,19.507],[-91.648,19.806],[-91.977,20.358],[-92.095,20.661],[-92.194,21.546],[-92.201,21.735],[-92.169,21.863],[-92.052,21.96],[-91.77,22.059],[-90.763,22.272],[-90.603,22.34],[-90.28,22.583],[-89.913,23.023],[-89.564,23.305],[-89.107,23.561],[-88.708,23.863],[-88.24,24.134],[-88.013,24.221],[-87.801,24.23],[-87.603,24.207],[-87.364,24.093],[-87.047,23.709],[-86.8,23.325],[-86.503,22.56],[-86.424,22.182],[-86.347,21.4],[-86.661,20.957],[-86.166,21.639],[-86.176,21.477],[-86.149,21.399],[-86.096,21.398],[-86.423,20.717]],[[-89.013,17.393],[-88.143,18.709],[-87.474,19.921],[-88.113,18.769],[-89.013,17.393]]]}},{"type":"Feature","properties":{"prvCode":"5306","prvName":"Macuspana Basin","oilMean":22.2,"gasMean":557.61,"boeMean":115.1},"geometry":{"type":"Polygon","coordinates":[[[-92.348,17.651],[-92.53,17.733],[-92.799,17.787],[-92.834,17.826],[-92.801,18.164],[-92.659,18.416],[-92.226,18.892],[-91.808,19.288],[-91.753,19.12],[-91.795,18.856],[-92.174,18.14],[-92.348,17.651]]]}},{"type":"Feature","properties":{"prvCode":"5302","prvName":"Veracruz Basin","oilMean":95.07,"gasMean":8813.1,"boeMean":1563.9},"geometry":{"type":"Polygon","coordinates":[[[-94.786,18.91],[-94.752,18.677],[-94.955,18.743],[-95.092,18.745],[-95.204,18.668],[-95.328,18.512],[-95.296,18.322],[-95.33,18.198],[-95.312,18.159],[-95.253,18.16],[-95.151,18.24],[-95.067,18.047],[-94.996,17.987],[-94.787,18.018],[-94.9,17.896],[-95.028,17.658],[-95.092,17.353],[-95.487,17.333],[-95.637,17.454],[-95.75,17.716],[-95.916,17.904],[-96.192,18.104],[-96.266,18.321],[-96.35,18.439],[-96.459,18.529],[-96.641,18.584],[-96.831,18.8],[-96.87,19.007],[-96.971,19.134],[-97.001,19.228],[-96.894,19.364],[-96.578,19.527],[-96.566,19.639],[-96.428,19.583],[-96.306,19.661],[-96.252,19.782],[-96.324,19.872],[-95.768,20.156],[-94.758,20.463],[-94.633,20.525],[-94.491,20.679],[-94.574,20.181],[-94.752,19.683],[-94.786,18.91]]]}},{"type":"Feature","properties":{"prvCode":"5304","prvName":"Saline-Comalcalco Basin","oilMean":1136.7,"gasMean":2819.46,"boeMean":1606.6},"geometry":{"type":"Polygon","coordinates":[[[-93.018,18.357],[-93.348,18.173],[-93.522,17.988],[-93.562,17.911],[-93.564,17.674],[-93.627,17.548],[-93.777,17.412],[-94.18,17.408],[-94.344,17.441],[-94.741,17.372],[-95.092,17.35],[-95.01,17.696],[-94.9,17.896],[-94.548,18.354],[-94.571,18.571],[-94.535,18.659],[-94.012,18.705],[-93.555,18.876],[-92.933,19.284],[-92.491,19.761],[-92.427,19.538],[-92.637,19.179],[-92.703,18.931],[-93.018,18.357]]]}},{"type":"Feature","properties":{"prvCode":"5303","prvName":"Tuxla Uplift","oilMean":25.33,"gasMean":945.97,"boeMean":183.0},"geometry":{"type":"Polygon","coordinates":[[[-94.812,18.706],[-94.634,18.613],[-94.546,18.362],[-94.771,18.04],[-94.901,17.984],[-94.996,17.987],[-95.061,18.037],[-95.151,18.24],[-95.278,18.149],[-95.33,18.198],[-95.296,18.322],[-95.317,18.55],[-95.121,18.734],[-94.99,18.746],[-94.812,18.706]]]}},{"type":"Feature","properties":{"prvCode":"5305","prvName":"Villahermosa Uplift","oilMean":1426.66,"gasMean":7824.1,"boeMean":2730.7},"geometry":{"type":"Polygon","coordinates":[[[-91.668,19.187],[-91.765,18.991],[-91.755,19.153],[-91.808,19.288],[-92.226,18.892],[-92.659,18.416],[-92.801,18.164],[-92.824,17.809],[-92.739,17.763],[-92.44,17.704],[-92.348,17.651],[-92.374,17.624],[-92.545,17.545],[-92.749,17.576],[-92.885,17.523],[-93.018,17.533],[-93.319,17.402],[-93.777,17.412],[-93.627,17.548],[-93.564,17.674],[-93.562,17.911],[-93.522,17.988],[-93.348,18.173],[-93.006,18.37],[-92.703,18.931],[-92.645,19.163],[-92.423,19.556],[-92.548,20.013],[-92.126,20.14],[-91.74,19.549],[-91.659,19.315],[-91.668,19.187]]]}},{"type":"Feature","properties":{"prvCode":"5301","prvName":"Tampico-Misantla Basin","oilMean":5449.07,"gasMean":24282.46,"boeMean":9496.1},"geometry":{"type":"Polygon","coordinates":[[[-95.088,22.749],[-95.011,22.451],[-94.865,22.135],[-94.711,21.949],[-94.547,21.877],[-94.312,21.827],[-93.94,21.827],[-93.75,21.869],[-94.243,21.472],[-94.298,21.355],[-94.393,20.908],[-94.491,20.679],[-94.633,20.525],[-94.758,20.463],[-95.768,20.156],[-96.324,19.872],[-96.365,19.946],[-96.459,20.011],[-96.703,19.988],[-96.82,20.007],[-97.07,20.133],[-97.268,20.141],[-97.362,20.04],[-97.615,20.132],[-97.718,20.109],[-97.903,20.382],[-98.11,20.558],[-98.194,20.534],[-98.247,20.557],[-98.377,20.804],[-98.411,20.826],[-98.488,20.805],[-98.655,21.149],[-98.956,21.553],[-98.97,21.708],[-98.866,21.945],[-98.833,22.108],[-98.863,22.331],[-98.629,22.39],[-98.326,22.665],[-98.242,22.646],[-98.148,22.702],[-98.073,23.036],[-97.995,23.172],[-98.05,23.303],[-97.629,23.219],[-96.115,23.04],[-95.759,23.029],[-95.103,23.075],[-95.088,22.749]],[[-97.293,21.688],[-97.304,21.696],[-97.309,21.696],[-97.293,21.688]],[[-97.155,21.589],[-97.162,21.6],[-97.177,21.61],[-97.155,21.589]],[[-97.008,21.34],[-97.015,21.362],[-97.093,21.488],[-97.008,21.34]],[[-96.793,20.63],[-96.793,20.671],[-96.98,21.254],[-96.793,20.63]],[[-96.802,20.453],[-96.794,20.465],[-96.794,20.499],[-96.802,20.453]],[[-96.938,20.292],[-96.889,20.322],[-96.815,20.433],[-96.938,20.292]],[[-96.999,20.276],[-96.965,20.276],[-96.959,20.28],[-96.999,20.276]],[[-97.205,20.29],[-97.137,20.275],[-97.118,20.275],[-97.205,20.29]],[[-97.442,20.372],[-97.362,20.324],[-97.287,20.308],[-97.442,20.372]],[[-97.918,20.954],[-97.543,20.433],[-97.526,20.423],[-97.918,20.954]],[[-97.81,21.572],[-97.877,21.42],[-97.887,21.365],[-97.81,21.572]],[[-97.554,21.693],[-97.671,21.691],[-97.674,21.688],[-97.554,21.693]],[[-96.895,20.476],[-96.924,20.455],[-96.902,20.46],[-96.895,20.476]],[[-96.852,20.577],[-96.858,20.595],[-96.867,20.543],[-96.852,20.577]],[[-97.029,20.434],[-97.002,20.439],[-97.085,20.461],[-97.029,20.434]]]}},{"type":"Feature","properties":{"prvCode":"5310","prvName":"Sierra Madre de Chiapas-Peten Foldbelt","oilMean":933.16,"gasMean":753.06,"boeMean":1058.7},"geometry":{"type":"Polygon","coordinates":[[[-96.851,18.076],[-96.81,17.996],[-96.716,17.936],[-96.318,17.825],[-96.079,17.638],[-95.877,17.611],[-95.487,17.333],[-95.537,17.287],[-95.37,17.203],[-95.26,17.008],[-95.093,16.917],[-95.062,16.949],[-95.133,17.26],[-95.208,17.339],[-94.741,17.372],[-94.344,17.441],[-94.138,17.406],[-93.338,17.399],[-93.018,17.533],[-92.885,17.523],[-92.749,17.576],[-92.523,17.55],[-92.348,17.651],[-92.197,17.565],[-91.921,17.48],[-91.419,17.424],[-91.121,17.267],[-90.419,17.018],[-89.851,16.953],[-89.61,16.752],[-89.428,16.467],[-89.325,16.381],[-89.095,16.373],[-88.429,16.492],[-88.716,16.144],[-89.194,15.655],[-89.608,15.548],[-90.297,15.472],[-91.091,15.418],[-92.017,15.42],[-92.284,15.494],[-92.514,15.631],[-92.809,15.959],[-92.871,16.132],[-92.962,16.259],[-93.182,16.385],[-93.271,16.491],[-93.409,16.558],[-93.688,16.832],[-94.002,16.984],[-94.107,17.145],[-94.244,17.243],[-94.707,17.148],[-94.846,17.099],[-94.892,17.052],[-94.839,16.938],[-94.546,16.943],[-94.588,16.885],[-94.717,16.824],[-94.713,16.779],[-94.313,16.764],[-94.264,16.7],[-94.273,16.639],[-94.619,16.658],[-94.886,16.585],[-95.121,16.638],[-95.367,16.779],[-95.391,17.023],[-95.746,17.066],[-95.882,17.17],[-96.014,17.373],[-96.115,17.383],[-96.148,17.266],[-96.203,17.252],[-96.276,17.375],[-96.363,17.395],[-96.446,17.495],[-96.542,17.534],[-96.661,17.678],[-96.846,17.743],[-97.013,18.079],[-96.999,18.127],[-96.851,18.076]]]}},{"type":"Feature","properties":{"prvCode":"5307","prvName":"Campeche-Sigsbee Salt Basin","oilMean":2864.63,"gasMean":13781.3,"boeMean":5161.5},"geometry":{"type":"Polygon","coordinates":[[[-89.463,24.518],[-89.38,24.397],[-89.402,24.263],[-89.688,24.109],[-90.183,23.993],[-90.656,23.821],[-90.921,23.583],[-91.232,23.114],[-91.456,22.972],[-91.678,22.906],[-91.812,22.905],[-91.955,22.845],[-92.193,22.62],[-92.814,22.242],[-92.868,22.11],[-92.829,21.516],[-92.704,20.63],[-92.491,19.761],[-92.933,19.284],[-93.345,18.998],[-93.572,18.868],[-94.012,18.705],[-94.497,18.68],[-94.551,18.639],[-94.572,18.51],[-94.622,18.604],[-94.752,18.677],[-94.784,18.845],[-94.752,19.683],[-94.578,20.163],[-94.527,20.558],[-94.393,20.908],[-94.281,21.405],[-94.189,21.527],[-93.853,21.762],[-93.502,22.119],[-93.349,22.406],[-93.325,22.812],[-93.167,23.043],[-92.945,23.215],[-92.862,23.632],[-92.626,23.82],[-92.397,23.922],[-92.227,23.958],[-91.788,24.231],[-91.347,24.424],[-90.796,24.46],[-90.183,24.59],[-89.751,24.622],[-89.599,24.59],[-89.463,24.518]]]}},{"type":"Feature","properties":{"prvCode":"6119","prvName":"Bahama Platform","oilMean":333.11,"gasMean":1687.29,"boeMean":614.3},"geometry":{"type":"Polygon","coordinates":[[[-76.743,21.728],[-76.758,21.543],[-76.81,21.427],[-77.331,21.825],[-77.981,22.435],[-78.116,22.507],[-78.844,22.733],[-79.203,22.684],[-79.351,22.722],[-80.284,23.216],[-80.467,23.278],[-80.653,23.285],[-80.84,23.42],[-81.083,23.74],[-81.313,23.877],[-80.454,24.117],[-80.225,24.25],[-79.865,24.601],[-79.688,24.912],[-79.603,25.348],[-79.557,25.964],[-79.455,26.276],[-79.301,26.417],[-78.996,26.502],[-78.652,26.476],[-78.344,26.381],[-78.18,26.24],[-78.072,26.0],[-78.085,25.84],[-78.163,25.613],[-78.173,25.42],[-77.937,25.052],[-77.886,24.866],[-77.707,24.651],[-77.674,24.34],[-77.331,23.738],[-77.151,23.322],[-76.905,22.594],[-76.793,22.122],[-76.743,21.728]],[[-80.069,23.866],[-80.111,23.872],[-80.258,23.828],[-80.069,23.866]],[[-79.159,23.738],[-79.202,23.753],[-79.524,23.795],[-79.159,23.738]],[[-77.442,22.602],[-78.442,23.372],[-78.81,23.621],[-77.442,22.602]]]}},{"type":"Feature","properties":{"prvCode":"3913","prvName":"Browse Basin","oilMean":632.8,"gasMean":38489.119999999995,"boeMean":7047.7},"geometry":{"type":"Polygon","coordinates":[[[121.69,-16.11],[121.255,-16.002],[120.272,-15.668],[119.834,-15.436],[119.762,-15.33],[119.777,-15.205],[119.995,-14.911],[120.338,-14.637],[121.118,-14.29],[121.569,-13.984],[121.696,-13.722],[121.611,-13.286],[121.649,-12.947],[121.722,-12.813],[122.086,-12.407],[122.477,-11.754],[122.616,-11.592],[122.706,-11.531],[122.841,-11.504],[123.827,-11.618],[124.033,-11.88],[124.349,-12.177],[124.624,-12.512],[124.871,-12.926],[124.892,-13.246],[124.752,-13.615],[124.597,-13.853],[124.317,-14.413],[124.324,-14.457],[124.242,-14.639],[124.031,-14.939],[123.711,-15.265],[123.456,-15.41],[121.69,-16.11]]]}},{"type":"Feature","properties":{"prvCode":"3910","prvName":"Bonaparte Basin","oilMean":930.06,"gasMean":55325.47,"boeMean":10151.0},"geometry":{"type":"Polygon","coordinates":[[[129.788,-14.18],[129.827,-14.295],[129.726,-14.631],[129.547,-14.977],[129.331,-15.321],[129.108,-15.6],[128.931,-15.741],[128.838,-15.746],[128.756,-15.698],[128.642,-15.492],[128.439,-15.331],[128.369,-15.148],[128.375,-14.756],[128.325,-14.482],[128.086,-14.12],[127.755,-13.983],[127.218,-13.473],[126.821,-13.198],[126.405,-13.069],[124.743,-12.724],[124.507,-12.366],[123.827,-11.618],[123.998,-11.597],[124.292,-11.445],[124.969,-10.944],[125.533,-10.493],[125.793,-10.233],[126.033,-9.912],[127.248,-9.44],[127.612,-9.26],[128.892,-9.008],[130.026,-8.912],[130.723,-8.817],[131.45,-8.611],[132.088,-8.659],[132.331,-8.709],[132.385,-8.747],[132.49,-9.423],[132.46,-10.097],[132.423,-10.183],[132.051,-10.337],[130.861,-10.547],[129.293,-10.751],[128.814,-10.74],[128.558,-10.868],[128.549,-11.009],[128.718,-11.38],[129.259,-12.341],[129.714,-12.907],[129.916,-13.277],[129.894,-13.547],[129.657,-14.055],[129.495,-13.97],[129.7,-14.086],[129.788,-14.18]],[[124.96,-12.643],[125.053,-12.574],[124.899,-12.666],[124.96,-12.643]],[[125.62,-12.177],[125.625,-12.154],[125.354,-12.395],[125.62,-12.177]],[[126.493,-12.365],[126.608,-12.366],[126.299,-12.315],[126.493,-12.365]],[[126.691,-12.367],[126.83,-12.313],[126.676,-12.367],[126.691,-12.367]],[[128.501,-11.55],[128.563,-11.501],[127.975,-11.868],[128.501,-11.55]],[[129.345,-13.891],[128.776,-13.685],[128.644,-13.65],[129.345,-13.891]],[[128.071,-14.062],[128.077,-14.084],[128.103,-14.002],[128.071,-14.062]],[[128.167,-13.765],[128.146,-13.864],[128.182,-13.748],[128.167,-13.765]],[[128.241,-13.683],[128.208,-13.72],[128.3,-13.661],[128.241,-13.683]],[[128.385,-13.63],[128.347,-13.644],[128.435,-13.645],[128.385,-13.63]],[[128.594,-13.636],[128.555,-13.645],[128.631,-13.646],[128.594,-13.636]],[[125.18,-11.672],[125.019,-11.632],[125.351,-11.73],[125.18,-11.672]],[[125.553,-11.886],[125.541,-11.866],[125.351,-11.73],[125.553,-11.886]]]}},{"type":"Feature","properties":{"prvCode":"3948","prvName":"Northwest Shelf","oilMean":2889.05,"gasMean":121958.64,"boeMean":23215.5},"geometry":{"type":"Polygon","coordinates":[[[122.474,-18.216],[122.31,-18.524],[121.838,-19.028],[121.042,-19.669],[120.743,-19.717],[120.395,-19.655],[120.091,-19.659],[119.992,-19.636],[119.642,-19.439],[119.443,-19.409],[118.918,-19.583],[118.614,-19.594],[118.203,-19.715],[117.347,-19.837],[116.958,-19.949],[116.594,-20.167],[116.388,-20.382],[116.125,-20.565],[116.059,-20.649],[115.977,-20.864],[115.89,-21.421],[115.84,-21.522],[115.249,-21.845],[114.906,-21.956],[114.613,-22.093],[114.362,-22.399],[114.121,-22.825],[113.926,-22.984],[113.721,-23.083],[112.889,-23.315],[112.676,-23.339],[112.716,-23.166],[112.024,-22.828],[112.632,-22.045],[112.758,-21.831],[110.314,-20.304],[110.124,-19.908],[110.247,-19.475],[110.318,-19.353],[110.447,-19.224],[110.842,-18.995],[111.28,-18.88],[111.636,-18.877],[112.023,-18.811],[112.169,-18.772],[112.535,-18.569],[112.738,-18.423],[113.267,-17.624],[113.396,-17.474],[113.747,-17.208],[114.027,-17.079],[114.101,-17.067],[114.155,-17.111],[114.613,-17.66],[115.122,-17.811],[115.723,-17.865],[116.363,-17.838],[117.294,-17.63],[117.625,-17.516],[117.797,-17.416],[118.133,-17.127],[118.664,-16.55],[119.299,-15.816],[119.617,-15.329],[120.457,-15.738],[120.97,-15.921],[121.837,-16.136],[122.039,-16.319],[122.505,-16.489],[122.63,-16.635],[122.671,-16.97],[122.631,-17.672],[122.474,-18.216]]]}},{"type":"Feature","properties":{"prvCode":"3930","prvName":"Gippsland Basin","oilMean":134.25,"gasMean":2497.89,"boeMean":550.6},"geometry":{"type":"Polygon","coordinates":[[[148.467,-37.769],[148.62,-37.784],[148.593,-37.966],[148.892,-37.981],[148.998,-37.927],[149.176,-37.94],[149.511,-38.08],[149.496,-38.368],[149.355,-38.485],[149.079,-39.011],[149.011,-39.282],[149.005,-39.507],[148.848,-39.421],[148.83,-39.494],[148.767,-39.518],[148.268,-39.494],[148.2,-39.424],[148.092,-39.507],[148.022,-39.461],[147.92,-39.501],[147.889,-39.47],[147.927,-39.341],[147.906,-39.323],[148.095,-39.191],[148.096,-39.153],[147.863,-39.238],[147.647,-39.227],[147.628,-39.323],[147.549,-39.335],[147.467,-39.299],[147.218,-39.281],[147.214,-39.159],[147.294,-39.078],[147.184,-38.933],[147.078,-38.935],[146.98,-38.886],[146.827,-38.902],[146.672,-38.976],[146.536,-38.981],[146.398,-38.975],[146.283,-38.928],[146.277,-38.844],[146.432,-38.788],[146.407,-38.701],[146.586,-38.593],[146.69,-38.431],[146.437,-38.431],[146.381,-38.358],[146.382,-38.219],[146.726,-37.941],[146.928,-37.853],[147.258,-37.771],[147.602,-37.757],[147.763,-37.71],[148.396,-37.65],[148.467,-37.769]]]}},{"type":"Feature","properties":{"prvCode":"3031","prvName":"Taranaki Basin","oilMean":121.71,"gasMean":2449.19,"boeMean":529.9},"geometry":{"type":"Polygon","coordinates":[[[175.333,-40.694],[175.109,-40.822],[174.856,-40.841],[174.009,-40.756],[173.841,-40.811],[173.59,-41.047],[173.443,-41.076],[173.3,-41.0],[173.174,-40.64],[173.065,-40.548],[172.931,-40.497],[172.73,-40.481],[172.584,-40.508],[171.795,-40.292],[171.448,-40.26],[171.634,-39.995],[171.641,-39.668],[171.448,-39.308],[171.071,-38.763],[170.837,-38.235],[170.803,-38.042],[170.828,-37.766],[170.912,-37.531],[171.13,-37.355],[172.772,-36.903],[173.734,-36.801],[174.306,-36.878],[174.599,-36.987],[174.935,-37.001],[175.15,-37.425],[175.354,-37.652],[175.457,-37.9],[175.473,-37.976],[175.403,-38.251],[175.392,-38.526],[175.48,-38.894],[175.765,-39.359],[175.853,-39.455],[175.957,-39.492],[176.055,-39.664],[176.0,-39.928],[175.747,-40.276],[175.571,-40.423],[175.333,-40.694]]]}},{"type":"Feature","properties":{"prvCode":"3144","prvName":"Songliao Basin","oilMean":426.04,"gasMean":4471.839999999999,"boeMean":1171.3},"geometry":{"type":"Polygon","coordinates":[[[124.673,43.541],[124.335,43.254],[124.147,43.17],[123.881,43.105],[123.73,43.12],[123.639,43.731],[123.567,43.487],[123.544,43.042],[123.6,42.666],[123.526,42.7],[123.342,42.666],[123.101,42.557],[123.008,42.719],[122.944,42.77],[122.751,42.784],[122.681,42.766],[122.657,42.623],[122.603,42.565],[122.421,42.538],[122.146,42.588],[121.978,42.76],[121.799,42.791],[121.244,42.698],[120.95,42.517],[120.764,42.515],[120.515,42.618],[120.392,42.725],[120.356,42.859],[120.422,42.992],[120.419,43.057],[120.229,43.069],[119.963,43.145],[119.489,43.132],[119.415,43.176],[119.324,43.299],[119.354,43.365],[119.461,43.45],[119.848,43.5],[120.003,43.68],[120.32,43.849],[120.55,44.084],[120.625,44.12],[120.936,44.125],[120.959,44.165],[120.901,44.24],[120.68,44.378],[120.569,44.559],[120.872,44.593],[121.115,44.469],[121.193,44.495],[121.257,44.562],[121.314,44.695],[121.403,45.187],[121.458,45.236],[121.836,45.386],[122.127,45.125],[122.672,44.757],[122.762,44.907],[122.853,45.344],[122.9,45.88],[123.077,46.04],[123.191,46.229],[123.288,46.658],[123.501,47.2],[123.602,47.371],[123.703,47.47],[124.157,47.69],[124.54,48.03],[124.778,48.188],[125.132,48.327],[125.265,48.324],[125.327,48.389],[125.321,48.443],[125.444,48.511],[125.685,48.518],[125.75,48.498],[125.845,48.392],[125.937,48.035],[126.036,48.006],[126.217,47.707],[126.334,47.638],[126.345,47.476],[126.447,47.395],[126.539,47.13],[126.504,46.924],[126.658,46.777],[126.664,46.724],[126.805,46.729],[126.889,46.646],[126.901,46.529],[126.854,46.453],[126.708,46.354],[126.774,46.163],[127.222,45.753],[127.219,45.633],[127.142,45.536],[127.145,45.461],[127.077,45.361],[127.099,45.295],[127.222,45.228],[127.137,45.111],[126.174,44.371],[125.873,44.177],[125.815,44.111],[125.78,43.999],[125.681,44.008],[125.427,43.868],[125.019,43.552],[124.673,43.541]],[[124.486,43.508],[124.581,43.561],[124.458,43.507],[124.486,43.508]],[[124.318,43.533],[124.35,43.501],[124.404,43.504],[124.318,43.533]],[[124.319,43.567],[124.318,43.541],[124.393,43.641],[124.319,43.567]],[[122.351,44.187],[122.367,44.238],[122.348,44.207],[122.351,44.187]],[[122.45,43.951],[122.368,44.09],[122.373,44.064],[122.45,43.951]],[[123.096,43.914],[122.742,43.891],[123.255,43.902],[123.096,43.914]],[[123.358,44.072],[123.35,44.072],[123.36,44.068],[123.358,44.072]],[[123.402,43.988],[123.398,43.996],[123.338,43.886],[123.402,43.988]],[[123.556,43.836],[123.527,43.843],[123.617,43.783],[123.556,43.836]]]}},{"type":"Feature","properties":{"prvCode":"3805","prvName":"Bintuni/Sulawati Province","oilMean":628.9,"gasMean":27191.79,"boeMean":5160.9},"geometry":{"type":"Polygon","coordinates":[[[133.853,-1.688],[133.779,-2.138],[133.788,-2.371],[133.679,-2.612],[133.654,-3.152],[133.571,-3.601],[133.587,-3.849],[133.67,-4.089],[133.321,-4.062],[132.926,-3.912],[132.339,-3.559],[131.961,-3.273],[131.445,-2.982],[130.712,-2.663],[128.638,-2.186],[128.49,-2.129],[128.347,-1.928],[128.4,-1.812],[128.698,-1.619],[129.545,-1.345],[130.678,-1.055],[131.582,-0.641],[131.698,-0.63],[132.667,-0.777],[133.472,-0.953],[133.735,-1.058],[133.826,-1.365],[133.853,-1.688]],[[130.543,-2.507],[130.962,-2.322],[131.004,-2.294],[130.543,-2.507]],[[131.232,-2.143],[131.476,-1.93],[131.058,-2.259],[131.232,-2.143]]]}},{"type":"Feature","properties":{"prvCode":"3801","prvName":"Arafura Basin-Irian Jaya","oilMean":1479.73,"gasMean":31311.47,"boeMean":6698.3},"geometry":{"type":"Polygon","coordinates":[[[140.859,-6.729],[140.903,-6.856],[140.949,-6.904],[141.006,-6.893],[141.006,-7.796],[140.766,-7.9],[140.56,-7.805],[140.062,-7.224],[139.844,-7.061],[139.275,-6.792],[138.567,-6.628],[137.826,-6.576],[137.048,-6.606],[134.544,-7.015],[133.509,-7.093],[133.297,-7.049],[133.111,-6.922],[133.008,-6.782],[132.97,-6.614],[133.008,-6.339],[133.086,-6.074],[133.358,-5.534],[133.659,-4.787],[133.736,-4.378],[133.676,-4.097],[133.78,-4.107],[133.67,-4.091],[133.587,-3.849],[133.571,-3.601],[133.654,-3.152],[133.679,-2.612],[133.788,-2.371],[133.779,-2.138],[133.853,-1.695],[133.832,-1.398],[133.749,-1.066],[134.027,-1.359],[134.254,-1.696],[134.66,-2.572],[134.978,-3.347],[135.136,-3.565],[135.423,-3.821],[135.353,-3.741],[135.57,-3.795],[136.753,-3.751],[137.942,-3.845],[138.648,-3.993],[140.288,-4.525],[140.693,-4.686],[141.006,-4.861],[141.006,-6.333],[140.967,-6.337],[140.932,-6.434],[140.947,-6.5],[140.863,-6.631],[140.859,-6.729]],[[134.161,-4.143],[134.234,-4.139],[134.084,-4.136],[134.161,-4.143]],[[135.387,-4.011],[134.97,-4.105],[135.378,-4.017],[135.387,-4.011]],[[135.441,-3.955],[135.415,-3.991],[135.437,-3.975],[135.441,-3.955]],[[135.431,-3.847],[135.446,-3.924],[135.45,-3.905],[135.431,-3.847]]]}},{"type":"Feature","properties":{"prvCode":"3966","prvName":"New Guinea Foreland Basin-Fold Belt","oilMean":1129.6,"gasMean":24901.34,"boeMean":5279.8},"geometry":{"type":"Polygon","coordinates":[[[141.22,-4.822],[141.846,-5.079],[142.83,-5.242],[143.275,-5.371],[143.562,-5.498],[143.825,-5.762],[144.07,-6.153],[144.38,-6.44],[144.485,-6.49],[144.665,-6.519],[144.921,-6.459],[145.331,-6.48],[145.589,-6.557],[145.804,-6.685],[145.919,-6.812],[145.997,-6.963],[146.092,-7.54],[146.231,-7.856],[146.318,-7.972],[146.529,-8.118],[146.611,-8.217],[146.741,-8.426],[146.832,-8.657],[146.869,-9.321],[146.812,-9.526],[146.699,-9.707],[146.611,-9.778],[146.464,-9.833],[146.326,-9.791],[145.475,-8.642],[145.194,-8.325],[144.145,-7.333],[143.237,-6.613],[142.733,-6.327],[141.697,-5.872],[141.006,-5.653],[141.006,-4.864],[141.22,-4.822]]]}},{"type":"Feature","properties":{"prvCode":"3969","prvName":"Papuan Basin-Shelf Platform","oilMean":336.19,"gasMean":11010.34,"boeMean":2171.2},"geometry":{"type":"Polygon","coordinates":[[[145.32,-8.459],[146.308,-9.772],[146.456,-9.834],[146.437,-9.898],[146.116,-10.157],[145.421,-10.526],[144.663,-10.745],[144.208,-10.823],[143.894,-10.826],[143.746,-10.752],[143.61,-10.576],[143.359,-9.707],[143.239,-9.491],[143.075,-9.307],[142.823,-9.161],[141.648,-8.819],[141.44,-8.7],[141.318,-8.58],[141.205,-8.331],[141.112,-7.979],[141.006,-7.796],[141.006,-6.893],[140.949,-6.904],[140.903,-6.856],[140.859,-6.729],[140.863,-6.631],[140.947,-6.5],[140.928,-6.451],[140.967,-6.337],[141.006,-6.333],[141.006,-5.653],[141.697,-5.872],[143.102,-6.519],[143.842,-7.076],[144.555,-7.708],[145.32,-8.459]]]}},{"type":"Feature","properties":{"prvCode":"3803","prvName":"Banda Arc","oilMean":2111.36,"gasMean":17278.09,"boeMean":4991.0},"geometry":{"type":"MultiPolygon","coordinates":[[[[128.041,-8.406],[130.141,-8.228],[130.453,-8.296],[130.584,-8.373],[130.632,-8.445],[130.602,-8.513],[130.537,-8.549],[130.169,-8.607],[129.59,-8.644],[128.003,-8.935],[126.027,-9.629],[124.719,-10.176],[123.347,-10.881],[123.089,-10.968],[123.039,-10.949],[123.045,-10.82],[123.648,-10.27],[124.205,-9.839],[125.071,-9.271],[125.752,-8.986],[127.041,-8.633],[128.041,-8.406]]],[[[127.297,-2.586],[127.786,-2.603],[128.263,-2.51],[128.505,-2.497],[128.811,-2.511],[129.122,-2.572],[129.302,-2.55],[129.791,-2.576],[130.733,-2.891],[131.208,-3.125],[131.633,-3.48],[131.749,-3.67],[131.802,-3.859],[131.718,-3.953],[131.54,-3.957],[130.895,-3.645],[130.253,-3.28],[129.347,-3.089],[128.644,-3.018],[128.092,-2.999],[126.802,-3.126],[126.456,-3.102],[126.181,-3.023],[126.105,-2.952],[126.09,-2.88],[126.113,-2.838],[126.261,-2.71],[126.447,-2.639],[127.297,-2.586]]]]}},{"type":"Feature","properties":{"prvCode":"4017","prvName":"Vestford-Helgeland","oilMean":1767.76,"gasMean":42518.14,"boeMean":8854.1},"geometry":{"type":"MultiPolygon","coordinates":[[[[2.192,64.576],[2.215,64.749],[2.17,64.944],[1.913,65.377],[1.815,65.648],[1.74,66.073],[1.758,66.5],[11.4,66.499],[11.861,66.417],[11.948,66.365],[12.005,66.284],[11.979,66.148],[11.501,65.579],[11.295,65.416],[9.812,64.719],[9.334,64.427],[8.538,64.057],[7.548,63.493],[6.782,63.139],[5.15,62.504],[4.813,62.465],[3.997,62.495],[1.905,62.387],[0.945,62.394],[0.088,62.455],[-2.553,62.749],[-2.724,62.773],[-2.781,62.83],[-2.73,62.892],[1.837,64.229],[1.988,64.298],[2.114,64.421],[2.192,64.576]]],[[[10.586,67.027],[11.035,67.091],[11.72,67.256],[12.479,67.533],[12.77,67.586],[13.104,67.835],[13.365,67.958],[13.842,68.048],[14.477,68.106],[14.672,68.098],[14.806,68.054],[14.822,68.022],[14.827,67.979],[14.736,67.881],[14.547,67.774],[14.478,67.686],[14.38,67.629],[14.319,67.519],[13.996,67.464],[13.586,67.294],[13.55,67.237],[13.535,67.086],[13.489,67.051],[12.915,66.925],[12.759,66.827],[12.112,66.601],[10.163,66.588],[9.361,66.551],[1.742,66.561],[1.94,66.859],[2.512,67.255],[2.973,67.439],[3.756,67.617],[3.806,67.651],[3.738,67.752],[4.095,67.872],[4.687,68.015],[5.348,68.101],[7.035,68.182],[8.063,68.267],[8.357,68.266],[8.356,68.216],[9.521,68.466],[10.864,68.804],[11.954,68.996],[12.633,69.19],[15.034,69.579],[16.19,69.877],[16.454,69.918],[16.896,69.851],[17.016,69.934],[17.019,70.056],[16.884,70.291],[16.862,70.548],[16.696,70.62],[16.454,70.63],[15.719,70.095],[15.141,69.864],[14.918,69.815],[13.966,69.733],[13.03,69.711],[12.273,69.731],[11.455,69.576],[11.174,69.619],[10.933,69.71],[10.814,69.807],[10.61,70.164],[10.353,70.942],[10.126,71.248],[9.782,71.542],[9.844,71.673],[9.922,71.708],[10.76,71.902],[11.314,72.217],[11.508,72.425],[11.622,72.675],[11.498,72.851],[11.443,73.038],[11.51,73.212],[11.588,73.289],[11.732,73.356],[12.076,73.45],[12.376,73.577],[12.47,73.672],[12.532,73.804],[12.636,74.123],[12.641,74.265],[11.918,74.441],[11.682,74.56],[11.576,74.66],[11.63,74.86],[11.59,74.929],[10.941,75.277],[10.795,75.384],[10.468,75.79],[10.423,76.025],[10.478,76.571],[10.533,76.705],[10.498,76.973],[10.402,77.168],[9.229,77.558],[8.726,77.777],[8.375,78.012],[8.259,78.239],[8.14,78.324],[7.911,78.403],[7.381,78.535],[5.968,78.727],[5.183,78.925],[3.749,79.163],[3.693,79.419],[3.606,79.594],[3.348,79.822],[3.137,79.962],[2.995,80.009],[2.799,80.289],[2.554,80.378],[2.411,80.517],[2.163,80.636],[2.067,80.865],[1.483,81.225],[1.367,81.363],[1.368,81.493],[1.482,81.567],[2.016,81.661],[2.315,81.758],[2.8,82.081],[3.396,82.19],[5.206,82.115],[5.945,82.189],[6.927,82.365],[9.519,82.589],[12.467,82.731],[13.749,82.65],[14.018,82.675],[14.502,82.818],[15.12,82.919],[16.062,82.89],[17.146,82.764],[17.787,82.603],[17.826,82.52],[17.826,82.412],[17.695,82.348],[16.925,82.229],[15.447,82.253],[14.009,82.173],[13.6,82.097],[10.473,81.703],[10.158,81.619],[10.028,81.534],[9.975,81.45],[10.009,81.358],[10.224,81.181],[10.499,81.112],[11.862,80.979],[13.332,80.939],[18.769,81.118],[19.671,81.072],[19.953,80.948],[19.597,80.781],[18.489,80.595],[16.19,80.445],[15.538,80.202],[14.867,80.056],[13.695,79.984],[12.104,79.99],[11.302,79.899],[10.73,79.76],[10.139,79.459],[10.946,79.09],[11.3,78.979],[13.356,78.781],[14.262,78.519],[14.345,78.477],[14.342,78.429],[14.138,78.196],[14.576,77.932],[15.259,77.67],[16.329,77.172],[16.916,76.97],[17.172,76.84],[17.211,76.799],[17.197,76.75],[17.073,76.595],[16.729,76.449],[16.703,76.405],[16.799,76.326],[17.235,76.12],[17.451,75.963],[17.501,75.909],[17.407,75.802],[17.677,75.657],[17.567,75.488],[17.569,75.358],[17.807,75.174],[18.211,74.939],[18.319,74.792],[18.323,74.716],[18.271,74.628],[18.072,74.422],[17.974,74.252],[17.953,74.157],[17.802,73.914],[17.805,73.827],[17.579,73.637],[17.439,73.576],[17.423,73.538],[17.448,73.511],[17.745,73.422],[18.29,73.428],[19.61,73.669],[19.999,73.786],[20.432,73.993],[22.004,74.11],[22.267,74.1],[22.585,74.035],[22.599,73.983],[22.258,73.745],[22.246,73.667],[22.38,73.388],[22.283,73.298],[22.189,73.239],[21.489,73.096],[20.741,72.854],[20.644,72.787],[20.623,72.138],[20.505,71.958],[20.596,71.841],[21.363,71.853],[22.292,71.914],[22.519,71.954],[22.89,72.084],[23.338,72.168],[23.844,72.215],[23.915,72.193],[23.943,72.096],[24.01,72.049],[24.361,71.92],[24.309,71.77],[23.903,71.635],[23.518,71.628],[22.224,71.291],[19.534,70.921],[19.351,70.874],[18.627,70.519],[18.167,70.22],[17.967,70.02],[17.431,69.708],[16.879,69.487],[16.478,69.403],[16.005,69.39],[16.403,69.581],[15.866,69.334],[14.411,68.816],[14.24,68.718],[14.218,68.662],[14.364,68.44],[12.94,68.041],[12.646,67.833],[12.244,67.622],[11.736,67.522],[11.049,67.266],[11.033,67.217],[10.914,67.143],[10.581,67.047],[10.586,67.027]],[[16.741,69.744],[16.823,69.8],[16.595,69.674],[16.741,69.744]]]]}},{"type":"Feature","properties":{"prvCode":"4060","prvName":"Po Basin","oilMean":90.32,"gasMean":8004.57,"boeMean":1424.4},"geometry":{"type":"Polygon","coordinates":[[[14.823,43.821],[14.918,43.702],[15.036,43.429],[15.051,43.139],[14.937,42.915],[14.626,42.665],[14.289,42.536],[13.946,42.513],[13.724,42.573],[13.528,42.691],[13.38,42.842],[13.205,43.116],[13.032,43.314],[12.808,43.494],[12.557,43.631],[11.712,43.82],[11.14,43.984],[10.487,44.225],[9.849,44.522],[9.606,44.588],[9.145,44.621],[8.519,44.527],[8.343,44.546],[8.174,44.633],[8.044,44.769],[7.991,44.891],[7.985,45.082],[8.032,45.25],[8.099,45.339],[8.417,45.53],[8.711,45.64],[9.341,45.648],[10.376,45.516],[10.702,45.519],[11.421,45.691],[12.365,46.092],[12.684,46.145],[13.01,46.134],[13.15,46.064],[13.27,45.958],[13.569,45.375],[13.879,45.009],[14.162,44.467],[14.311,44.26],[14.823,43.821]]]}},{"type":"Feature","properties":{"prvCode":"4025","prvName":"North Sea Graben","oilMean":5093.29,"gasMean":17920.6,"boeMean":8080.1},"geometry":{"type":"Polygon","coordinates":[[[3.125,55.546],[3.047,55.601],[2.537,55.759],[1.894,56.083],[0.482,56.563],[0.204,56.704],[-0.631,57.525],[-0.824,57.549],[-1.074,57.681],[-1.365,57.77],[-2.067,57.774],[-2.727,57.881],[-3.069,57.993],[-3.144,58.062],[-3.165,58.237],[-2.898,58.533],[-2.562,58.678],[-1.465,58.773],[-0.466,59.094],[0.11,59.019],[0.767,58.551],[0.063,59.067],[0.07,59.118],[0.14,59.186],[0.303,59.265],[0.37,59.335],[0.497,59.56],[0.601,59.874],[0.762,60.165],[0.766,60.392],[0.487,60.767],[0.424,60.954],[0.43,61.106],[0.498,61.3],[0.678,61.592],[0.799,61.665],[0.921,61.817],[1.485,62.135],[2.108,62.141],[2.437,62.055],[2.552,62.053],[3.132,62.121],[3.482,62.124],[3.582,61.961],[4.208,61.743],[4.275,61.677],[4.53,61.088],[4.592,60.797],[4.45,60.592],[4.338,60.527],[3.604,60.315],[3.294,60.089],[3.216,59.951],[3.18,59.655],[3.282,59.112],[3.452,58.529],[3.424,58.148],[3.476,57.896],[3.615,57.569],[4.055,56.784],[4.547,56.224],[5.087,55.811],[5.348,55.347],[5.404,55.153],[5.459,54.222],[5.408,53.97],[5.299,53.724],[5.153,53.599],[4.951,53.534],[4.529,53.564],[4.231,53.769],[4.095,53.909],[3.487,54.837],[3.125,55.546]],[[2.853,58.226],[2.69,58.23],[3.424,58.148],[2.853,58.226]],[[1.214,58.011],[1.295,58.068],[1.029,57.948],[1.214,58.011]],[[1.603,58.202],[1.521,58.194],[1.488,58.175],[1.603,58.202]],[[2.439,58.235],[2.045,58.244],[1.803,58.221],[2.439,58.235]]]}},{"type":"Feature","properties":{"prvCode":"4036","prvName":"Anglo-Dutch Basin","oilMean":78.71,"gasMean":6443.52,"boeMean":1152.6},"geometry":{"type":"Polygon","coordinates":[[[1.185,53.106],[0.698,53.16],[0.358,53.161],[-0.281,53.084],[-0.623,52.963],[-0.854,52.802],[-0.985,52.77],[-1.129,52.76],[-1.284,52.84],[-1.387,53.003],[-1.434,53.2],[-1.262,53.607],[-1.436,53.914],[-1.597,54.349],[-1.554,54.62],[-1.43,54.83],[-1.104,55.024],[-0.796,55.112],[-0.462,55.162],[-0.075,55.165],[1.109,55.037],[2.716,54.694],[3.631,54.641],[4.095,53.909],[4.231,53.769],[4.529,53.564],[4.951,53.534],[5.053,53.555],[5.238,53.656],[5.299,53.724],[5.408,53.97],[5.46,54.392],[5.415,54.643],[5.404,55.153],[6.147,55.433],[6.62,55.551],[7.39,55.638],[8.149,55.651],[8.418,55.602],[9.169,55.186],[9.746,54.938],[10.471,54.715],[11.665,54.456],[11.102,54.154],[10.665,53.776],[10.584,53.637],[10.542,53.348],[10.555,53.229],[10.621,53.077],[11.174,52.978],[11.411,52.9],[11.502,52.246],[11.203,52.454],[11.0,52.517],[10.819,52.479],[10.703,52.297],[10.695,52.22],[10.949,51.825],[11.295,51.612],[11.241,51.595],[10.514,51.807],[10.262,51.806],[10.144,51.737],[8.811,52.206],[7.98,52.4],[7.521,52.304],[7.285,52.174],[6.991,52.156],[6.884,52.062],[6.828,51.92],[6.9,51.705],[6.909,51.549],[6.862,51.285],[7.092,50.985],[7.198,50.612],[7.126,50.546],[6.972,50.537],[6.478,50.671],[5.895,50.942],[4.98,51.096],[4.555,51.231],[4.165,51.404],[3.688,51.711],[2.453,52.658],[2.076,52.849],[1.648,53.0],[1.185,53.106]],[[8.087,55.555],[8.093,55.549],[8.149,55.651],[8.087,55.555]],[[10.755,54.047],[10.758,54.043],[10.802,54.096],[10.755,54.047]],[[10.79,53.997],[10.799,53.996],[10.771,54.024],[10.79,53.997]],[[8.708,53.88],[8.776,53.841],[8.839,53.835],[8.708,53.88]],[[8.666,53.894],[8.655,53.89],[8.67,53.893],[8.666,53.894]],[[8.58,53.859],[8.483,53.69],[8.595,53.865],[8.58,53.859]],[[8.341,53.614],[8.293,53.611],[8.373,53.589],[8.341,53.614]],[[8.273,53.61],[8.271,53.606],[8.278,53.61],[8.273,53.61]],[[8.314,53.498],[8.32,53.515],[8.315,53.515],[8.314,53.498]],[[8.284,53.42],[8.289,53.422],[8.292,53.43],[8.284,53.42]],[[8.217,53.405],[8.223,53.401],[8.261,53.413],[8.217,53.405]],[[8.081,53.466],[8.096,53.437],[8.125,53.445],[8.081,53.466]],[[8.026,53.704],[8.01,53.706],[8.046,53.636],[8.026,53.704]],[[7.907,53.719],[7.519,53.672],[7.99,53.709],[7.907,53.719]],[[7.033,53.485],[7.029,53.428],[7.047,53.491],[7.033,53.485]],[[7.024,53.365],[7.058,53.337],[7.025,53.374],[7.024,53.365]],[[7.084,53.277],[7.089,53.257],[7.201,53.24],[7.084,53.277]],[[6.931,53.342],[6.871,53.432],[6.865,53.434],[6.906,53.349],[6.931,53.342]],[[5.416,52.264],[5.425,52.266],[5.279,52.326],[5.416,52.264]],[[5.791,52.429],[5.856,52.492],[5.852,52.508],[5.791,52.429]],[[5.602,52.656],[5.597,52.754],[5.714,52.84],[5.563,52.831],[5.369,52.878],[5.421,52.964],[5.376,53.071],[5.056,52.93],[5.116,52.856],[5.137,52.758],[5.278,52.751],[5.304,52.707],[5.134,52.62],[5.302,52.691],[5.457,52.607],[5.485,52.565],[5.451,52.52],[5.65,52.607],[5.841,52.559],[5.855,52.604],[5.665,52.608],[5.602,52.656]],[[5.127,52.632],[5.12,52.631],[5.134,52.62],[5.127,52.632]],[[5.625,52.354],[5.774,52.405],[5.79,52.421],[5.625,52.354]],[[-0.632,53.729],[-0.719,53.7],[-0.692,53.703],[-0.632,53.729]],[[0.115,53.614],[0.109,53.619],[0.102,53.619],[0.115,53.614]],[[0.118,53.564],[0.139,53.596],[0.13,53.603],[0.118,53.564]],[[0.154,53.605],[0.145,53.613],[0.15,53.6],[0.154,53.605]],[[-0.174,54.082],[-0.215,54.015],[-0.212,54.009],[-0.174,54.082]],[[-0.083,54.119],[-0.243,54.162],[-0.09,54.116],[-0.083,54.119]],[[8.104,55.538],[8.323,55.463],[8.1,55.542],[8.104,55.538]],[[9.661,53.572],[9.832,53.536],[9.787,53.55],[9.661,53.572]],[[9.503,53.657],[9.573,53.591],[9.579,53.59],[9.503,53.657]],[[9.276,53.859],[9.243,53.857],[9.301,53.836],[9.276,53.859]],[[8.873,53.831],[8.907,53.828],[9.021,53.842],[8.873,53.831]],[[9.526,53.69],[9.513,53.692],[9.528,53.669],[9.526,53.69]],[[7.684,53.778],[7.665,53.759],[7.673,53.759],[7.684,53.778]],[[6.048,53.459],[6.058,53.452],[6.066,53.453],[6.048,53.459]],[[8.453,55.334],[8.473,55.342],[8.426,55.373],[8.453,55.334]],[[5.094,52.509],[5.061,52.447],[5.093,52.436],[5.094,52.509]],[[5.106,52.635],[5.115,52.636],[5.101,52.644],[5.106,52.635]],[[11.021,54.439],[11.097,54.448],[11.02,54.453],[11.021,54.439]]]}},{"type":"Feature","properties":{"prvCode":"4068","prvName":"Provence Basin","oilMean":534.79,"gasMean":13569.05,"boeMean":2796.3},"geometry":{"type":"Polygon","coordinates":[[[6.251,42.729],[6.68,42.82],[7.121,42.983],[7.717,43.278],[8.006,43.361],[8.276,43.38],[8.547,43.346],[8.643,43.296],[8.716,43.198],[8.745,43.067],[8.714,42.936],[8.423,42.577],[8.23,42.271],[8.16,42.131],[8.071,41.731],[7.925,41.353],[7.744,41.029],[7.444,40.615],[7.312,40.335],[7.227,39.868],[7.247,39.586],[7.339,39.203],[7.287,39.114],[7.218,39.11],[6.303,39.443],[5.014,40.0],[4.547,40.451],[4.202,40.998],[4.054,41.387],[4.03,41.58],[4.093,41.867],[4.252,42.127],[4.44,42.3],[4.662,42.413],[5.11,42.563],[5.608,42.671],[6.251,42.729]]]}},{"type":"Feature","properties":{"prvCode":"6059","prvName":"Magallanes Basin","oilMean":205.12,"gasMean":6393.12,"boeMean":1270.6},"geometry":{"type":"Polygon","coordinates":[[[-70.95,-54.002],[-71.405,-53.837],[-71.832,-53.579],[-72.11,-53.345],[-72.467,-52.966],[-72.675,-52.693],[-72.925,-52.284],[-73.087,-51.945],[-73.148,-51.414],[-73.079,-50.827],[-72.889,-50.121],[-72.578,-49.378],[-72.227,-48.741],[-71.876,-48.347],[-71.582,-48.173],[-70.881,-48.046],[-70.599,-48.067],[-70.342,-48.167],[-70.206,-48.285],[-69.847,-48.497],[-69.569,-48.817],[-69.074,-49.486],[-68.163,-50.36],[-67.855,-50.743],[-67.551,-51.309],[-67.256,-51.956],[-67.056,-52.485],[-66.429,-53.547],[-66.113,-53.965],[-66.096,-54.04],[-66.137,-54.21],[-66.458,-54.656],[-66.585,-54.72],[-68.534,-54.503],[-70.95,-54.002]],[[-72.262,-49.214],[-72.259,-49.554],[-72.227,-48.741],[-72.262,-49.214]],[[-72.251,-50.498],[-72.244,-50.592],[-72.254,-50.197],[-72.251,-50.498]],[[-72.215,-51.013],[-72.201,-51.067],[-72.229,-50.815],[-72.215,-51.013]],[[-71.736,-51.792],[-71.762,-51.759],[-72.003,-51.567],[-71.736,-51.792]]]}},{"type":"Feature","properties":{"prvCode":"6029","prvName":"Sergipe-Alagoas Basin","oilMean":1986.09,"gasMean":8336.18,"boeMean":3375.5},"geometry":{"type":"Polygon","coordinates":[[[-36.105,-11.227],[-36.682,-11.945],[-36.791,-11.939],[-36.937,-11.854],[-37.185,-11.6],[-37.403,-11.312],[-37.46,-11.116],[-37.463,-10.931],[-37.336,-10.728],[-36.952,-10.436],[-36.589,-10.049],[-35.879,-9.523],[-35.233,-8.964],[-35.006,-8.968],[-34.891,-9.023],[-34.889,-9.105],[-35.172,-9.712],[-35.465,-10.537],[-36.105,-11.227]],[[-36.394,-10.375],[-36.426,-10.389],[-36.427,-10.391],[-36.394,-10.375]],[[-36.103,-10.33],[-36.094,-10.326],[-36.287,-10.329],[-36.103,-10.33]],[[-36.039,-10.3],[-36.032,-10.289],[-36.065,-10.312],[-36.039,-10.3]],[[-35.167,-9.121],[-35.432,-9.421],[-35.512,-9.537],[-35.167,-9.121]]]}},{"type":"Feature","properties":{"prvCode":"6034","prvName":"Espirito Santo Basin","oilMean":1907.77,"gasMean":18813.51,"boeMean":5043.4},"geometry":{"type":"Polygon","coordinates":[[[-38.989,-20.771],[-40.274,-20.553],[-40.022,-19.671],[-40.0,-18.972],[-39.834,-18.416],[-39.521,-18.477],[-38.929,-18.291],[-38.449,-17.784],[-38.187,-17.587],[-38.082,-17.566],[-37.508,-17.718],[-37.341,-17.803],[-37.215,-17.925],[-37.211,-18.053],[-37.284,-18.193],[-37.711,-18.568],[-37.86,-19.076],[-37.876,-19.357],[-37.655,-19.833],[-37.359,-20.283],[-37.311,-20.555],[-37.349,-20.697],[-37.411,-20.781],[-37.628,-20.917],[-37.828,-20.928],[-38.444,-20.785],[-38.989,-20.771]],[[-39.488,-18.612],[-39.465,-18.625],[-39.492,-18.597],[-39.488,-18.612]],[[-39.396,-18.664],[-39.052,-18.692],[-39.414,-18.654],[-39.396,-18.664]],[[-39.058,-19.061],[-39.057,-19.086],[-38.918,-18.821],[-39.058,-19.061]],[[-39.049,-19.273],[-39.04,-19.282],[-39.052,-19.208],[-39.049,-19.273]]]}},{"type":"Feature","properties":{"prvCode":"6037","prvName":"Pelotas Basin","oilMean":782.18,"gasMean":20633.89,"boeMean":4221.2},"geometry":{"type":"Polygon","coordinates":[[[-46.398,-28.459],[-45.03,-28.477],[-43.318,-28.57],[-43.188,-28.663],[-43.141,-28.766],[-43.234,-29.194],[-44.007,-30.618],[-44.999,-32.082],[-45.508,-32.611],[-45.958,-33.233],[-46.508,-33.693],[-46.923,-33.97],[-48.181,-34.55],[-48.594,-34.926],[-48.976,-35.345],[-49.534,-35.782],[-49.739,-35.912],[-49.934,-35.968],[-50.148,-35.996],[-50.791,-35.94],[-51.433,-35.791],[-52.466,-35.484],[-53.163,-35.112],[-53.433,-34.935],[-53.554,-34.814],[-53.592,-34.665],[-53.508,-34.424],[-52.4,-32.776],[-50.204,-30.138],[-49.116,-29.096],[-48.641,-28.542],[-48.501,-28.328],[-48.297,-28.282],[-46.398,-28.459]]]}},{"type":"Feature","properties":{"prvCode":"6103","prvName":"Tobago Trough","oilMean":0.0,"gasMean":15741.95,"boeMean":2623.7},"geometry":{"type":"Polygon","coordinates":[[[-60.655,11.729],[-60.409,11.459],[-60.821,11.233],[-61.039,10.955],[-61.26,10.868],[-62.215,10.794],[-62.986,10.805],[-63.354,10.772],[-63.533,10.801],[-63.688,10.967],[-62.538,11.648],[-62.086,11.774],[-61.69,11.93],[-61.333,11.953],[-60.976,11.905],[-60.655,11.729]]]}},{"type":"Feature","properties":{"prvCode":"6099","prvName":"Maracaibo Basin","oilMean":928.72,"gasMean":7927.799999999999,"boeMean":2250.0},"geometry":{"type":"Polygon","coordinates":[[[-72.185,7.861],[-72.283,7.7],[-72.365,7.634],[-72.47,7.636],[-72.638,7.755],[-72.75,7.782],[-72.791,7.876],[-72.798,8.082],[-72.945,8.532],[-73.054,9.062],[-72.867,9.639],[-72.711,9.926],[-72.615,10.218],[-72.525,10.333],[-72.47,10.491],[-72.256,10.843],[-72.19,11.066],[-72.133,11.149],[-71.331,10.948],[-71.192,10.594],[-71.001,10.249],[-70.72,9.779],[-70.517,9.52],[-70.597,9.365],[-70.691,9.266],[-70.848,9.164],[-71.081,9.12],[-71.419,8.857],[-71.735,8.539],[-71.947,8.402],[-72.167,8.021],[-72.185,7.861]],[[-72.597,9.768],[-72.619,9.813],[-72.711,9.926],[-72.597,9.768]],[[-72.292,8.207],[-72.289,8.201],[-72.167,8.021],[-72.292,8.207]],[[-72.501,9.56],[-72.506,9.587],[-72.541,9.657],[-72.501,9.56]],[[-72.459,9.272],[-72.463,9.352],[-72.481,9.451],[-72.459,9.272]],[[-72.446,8.75],[-72.424,8.645],[-72.453,9.166],[-72.446,8.75]],[[-72.381,8.432],[-72.345,8.341],[-72.394,8.497],[-72.381,8.432]]]}},{"type":"Feature","properties":{"prvCode":"6058","prvName":"San Jorge Basin","oilMean":67.12,"gasMean":260.43,"boeMean":110.5},"geometry":{"type":"Polygon","coordinates":[[[-68.769,-44.705],[-68.49,-44.82],[-68.21,-45.042],[-68.036,-45.128],[-67.251,-45.413],[-65.965,-45.573],[-65.512,-45.707],[-65.454,-45.769],[-65.434,-46.073],[-65.506,-46.421],[-65.573,-46.576],[-65.724,-46.646],[-66.624,-46.896],[-67.177,-46.987],[-68.187,-47.081],[-69.4,-46.962],[-69.618,-46.879],[-69.925,-46.618],[-70.476,-46.356],[-70.51,-46.291],[-70.542,-46.004],[-70.85,-45.795],[-70.721,-45.434],[-70.709,-45.194],[-70.596,-44.986],[-70.35,-44.839],[-69.721,-44.723],[-69.34,-44.669],[-68.769,-44.705]]]}},{"type":"Feature","properties":{"prvCode":"6036","prvName":"Santos Basin","oilMean":59689.35,"gasMean":209819.31,"boeMean":94659.2},"geometry":{"type":"Polygon","coordinates":[[[-44.007,-27.297],[-44.376,-27.197],[-44.892,-27.349],[-45.803,-27.247],[-46.548,-27.294],[-47.085,-27.405],[-47.476,-27.436],[-47.743,-27.417],[-47.776,-26.48],[-47.714,-26.146],[-47.633,-25.923],[-47.273,-25.395],[-47.068,-25.245],[-45.669,-24.795],[-45.067,-24.405],[-44.605,-24.003],[-44.215,-23.725],[-43.834,-23.482],[-43.644,-23.411],[-43.254,-23.342],[-42.29,-23.363],[-42.135,-23.397],[-41.831,-23.494],[-40.74,-24.096],[-40.083,-24.351],[-39.388,-24.547],[-39.485,-24.679],[-39.573,-24.927],[-39.594,-25.055],[-39.57,-25.441],[-39.646,-25.622],[-39.848,-25.945],[-40.109,-26.142],[-40.941,-26.48],[-41.126,-26.591],[-42.253,-26.89],[-42.808,-26.98],[-43.445,-27.182],[-43.757,-27.325],[-44.007,-27.297]],[[-46.183,-25.852],[-46.198,-25.874],[-45.701,-25.44],[-46.183,-25.852]],[[-43.919,-24.257],[-43.984,-24.304],[-43.562,-24.086],[-43.919,-24.257]]]}},{"type":"Feature","properties":{"prvCode":"6041","prvName":"Putumayo-Oriente-Maranon Basin","oilMean":4697.66,"gasMean":2143.91,"boeMean":5055.0},"geometry":{"type":"Polygon","coordinates":[[[-77.599,-3.487],[-77.681,-3.158],[-77.786,-2.951],[-77.794,-2.856],[-77.702,-2.087],[-77.738,-1.957],[-77.937,-1.698],[-77.971,-1.449],[-77.91,-1.296],[-77.873,-0.853],[-77.783,-0.565],[-77.418,0.307],[-77.179,0.578],[-77.15,0.659],[-76.673,1.042],[-76.379,1.146],[-76.292,1.116],[-76.089,0.954],[-75.865,0.931],[-75.467,1.392],[-75.217,1.58],[-75.118,1.88],[-75.019,2.022],[-74.712,2.322],[-74.569,2.405],[-74.317,2.317],[-73.847,2.054],[-73.653,2.001],[-72.413,1.777],[-71.752,1.71],[-71.484,1.729],[-70.957,1.624],[-70.667,1.531],[-70.237,1.496],[-70.28,1.233],[-70.475,0.757],[-70.5,0.603],[-71.465,-0.063],[-71.987,-0.298],[-73.464,-0.588],[-73.74,-0.704],[-73.922,-0.938],[-73.971,-1.089],[-73.98,-1.287],[-73.894,-1.679],[-73.473,-2.439],[-72.774,-3.156],[-72.439,-3.576],[-72.287,-3.906],[-72.217,-4.217],[-72.333,-5.308],[-72.393,-5.554],[-72.693,-5.763],[-73.123,-6.24],[-73.307,-6.49],[-73.52,-6.685],[-73.752,-6.814],[-73.924,-6.956],[-74.254,-6.879],[-74.921,-6.826],[-75.281,-6.901],[-75.464,-6.73],[-75.672,-6.435],[-76.121,-5.928],[-76.331,-5.769],[-76.934,-5.405],[-77.422,-4.982],[-77.589,-4.668],[-77.561,-3.804],[-77.599,-3.487]]]}},{"type":"Feature","properties":{"prvCode":"6055","prvName":"Neuquen Basin","oilMean":333.61,"gasMean":4273.92,"boeMean":1045.9},"geometry":{"type":"Polygon","coordinates":[[[-70.203,-39.035],[-70.185,-38.941],[-70.212,-38.765],[-70.346,-38.449],[-70.368,-38.001],[-70.467,-37.686],[-70.49,-37.402],[-70.426,-37.02],[-70.469,-36.711],[-70.544,-36.497],[-70.532,-36.372],[-70.312,-36.118],[-69.949,-35.551],[-69.771,-35.047],[-69.754,-34.852],[-69.791,-34.654],[-69.638,-34.575],[-69.504,-34.61],[-69.426,-34.684],[-69.309,-34.842],[-69.14,-35.219],[-69.126,-35.487],[-69.056,-35.676],[-69.017,-35.928],[-69.082,-36.516],[-68.949,-36.796],[-68.699,-37.097],[-67.931,-37.414],[-67.434,-37.832],[-67.19,-38.241],[-66.953,-38.537],[-66.923,-38.644],[-66.76,-38.923],[-66.768,-38.993],[-66.84,-39.082],[-67.133,-39.177],[-67.476,-39.186],[-68.079,-39.119],[-68.294,-39.16],[-68.457,-39.248],[-68.739,-39.535],[-68.922,-39.648],[-69.176,-39.713],[-69.983,-39.801],[-70.285,-39.79],[-70.453,-39.722],[-70.537,-39.619],[-70.466,-39.442],[-70.287,-39.2],[-70.148,-38.937],[-70.203,-39.035]],[[-69.54,-38.847],[-68.979,-38.718],[-69.782,-38.882],[-70.148,-38.937],[-69.54,-38.847]],[[-69.684,-38.736],[-69.673,-38.694],[-69.782,-38.882],[-69.684,-38.736]],[[-68.386,-38.68],[-68.436,-38.668],[-68.462,-38.67],[-68.386,-38.68]],[[-68.289,-38.715],[-68.328,-38.693],[-68.335,-38.691],[-68.289,-38.715]],[[-68.132,-38.797],[-67.592,-38.89],[-68.139,-38.793],[-68.132,-38.797]],[[-69.675,-38.277],[-69.666,-38.666],[-69.659,-38.637],[-69.675,-38.277]],[[-69.812,-37.786],[-69.804,-37.813],[-69.801,-37.715],[-69.812,-37.786]],[[-69.363,-36.168],[-69.336,-36.243],[-69.334,-36.231],[-69.363,-36.168]],[[-69.451,-35.925],[-69.427,-35.991],[-69.501,-35.663],[-69.451,-35.925]]]}},{"type":"Feature","properties":{"prvCode":"6098","prvName":"East Venezuela Basin","oilMean":3379.19,"gasMean":40348.18,"boeMean":10103.9},"geometry":{"type":"Polygon","coordinates":[[[-57.792,11.04],[-57.637,11.215],[-57.516,11.415],[-57.57,11.223],[-57.607,10.682],[-57.525,10.526],[-57.339,10.288],[-57.107,10.095],[-56.841,9.954],[-56.55,9.872],[-57.617,9.247],[-59.53,8.281],[-60.654,8.306],[-60.775,8.338],[-60.932,8.441],[-61.441,8.665],[-61.834,8.69],[-62.214,8.673],[-62.544,8.911],[-62.892,8.905],[-63.081,8.837],[-63.154,8.92],[-63.376,8.896],[-63.449,8.926],[-63.571,8.796],[-63.659,8.782],[-63.779,8.689],[-64.287,8.71],[-64.358,8.663],[-64.451,8.655],[-64.494,8.598],[-64.545,8.663],[-64.705,8.686],[-64.798,8.762],[-65.053,9.166],[-64.831,8.8],[-65.311,8.834],[-65.994,8.808],[-66.392,8.869],[-66.771,8.849],[-67.203,8.949],[-67.451,8.902],[-67.521,8.771],[-67.51,8.642],[-67.345,8.434],[-67.16,8.059],[-67.479,8.401],[-68.039,8.732],[-68.298,8.923],[-68.936,9.603],[-68.079,9.627],[-67.521,9.571],[-66.863,9.796],[-66.515,9.832],[-64.922,10.119],[-64.619,10.13],[-64.46,10.07],[-64.175,10.088],[-63.286,10.355],[-62.763,10.583],[-61.278,10.648],[-60.928,10.702],[-60.893,10.829],[-60.935,10.973],[-60.328,11.293],[-60.174,11.129],[-59.991,11.024],[-58.825,10.749],[-58.563,10.743],[-58.303,10.778],[-58.05,10.856],[-58.108,10.807],[-57.792,11.04]],[[-64.895,9.135],[-64.879,9.137],[-65.056,9.182],[-64.895,9.135]],[[-64.769,9.152],[-64.724,9.18],[-64.852,9.141],[-64.769,9.152]],[[-64.071,9.59],[-64.088,9.589],[-64.295,9.449],[-64.071,9.59]],[[-63.87,9.505],[-64.036,9.591],[-64.06,9.59],[-63.87,9.505]],[[-61.39,9.735],[-61.395,9.736],[-61.828,9.72],[-61.39,9.735]],[[-61.102,9.693],[-60.301,9.615],[-60.242,9.619],[-61.102,9.693]],[[-64.788,10.002],[-64.695,10.038],[-65.671,9.8],[-64.788,10.002]],[[-64.43,9.94],[-64.573,10.068],[-64.593,10.063],[-64.43,9.94]],[[-64.692,9.692],[-64.662,9.714],[-64.43,9.94],[-64.692,9.692]]]}},{"type":"Feature","properties":{"prvCode":"6096","prvName":"Llanos Basin","oilMean":2664.62,"gasMean":8403.23,"boeMean":4065.2},"geometry":{"type":"Polygon","coordinates":[[[-70.8,7.455],[-70.304,7.142],[-69.506,6.438],[-69.27,6.343],[-68.365,6.153],[-67.917,5.967],[-67.874,5.979],[-67.916,5.919],[-67.947,5.645],[-68.12,5.371],[-68.117,5.284],[-68.022,5.114],[-67.915,5.033],[-67.877,4.95],[-67.728,4.021],[-67.915,3.9],[-68.203,3.782],[-69.192,3.692],[-69.484,3.63],[-69.823,3.502],[-69.979,3.424],[-70.22,3.218],[-70.56,3.015],[-71.159,2.454],[-71.488,2.354],[-72.333,2.44],[-72.646,2.56],[-72.8,2.572],[-73.105,2.42],[-73.261,2.392],[-73.816,2.392],[-74.116,2.292],[-74.323,2.417],[-74.514,2.597],[-74.612,2.997],[-74.805,3.417],[-74.806,3.55],[-74.275,4.289],[-74.156,4.672],[-74.01,4.946],[-73.734,5.238],[-73.491,5.391],[-73.29,5.588],[-73.136,5.905],[-72.966,6.127],[-72.717,6.712],[-72.641,7.119],[-72.544,7.365],[-72.445,7.507],[-72.229,7.56],[-71.981,7.669],[-71.578,7.645],[-71.35,7.735],[-70.8,7.455]]]}},{"type":"Feature","properties":{"prvCode":"6090","prvName":"Middle Magdalena Valley Basin","oilMean":533.53,"gasMean":1608.26,"boeMean":801.6},"geometry":{"type":"Polygon","coordinates":[[[-75.132,4.399],[-75.018,4.705],[-74.843,5.512],[-74.668,6.032],[-74.504,6.45],[-74.055,7.242],[-73.95,7.901],[-73.92,8.322],[-73.935,8.645],[-73.982,8.889],[-73.912,8.958],[-73.686,9.04],[-73.543,8.622],[-73.468,8.229],[-73.306,7.871],[-73.239,7.625],[-73.233,7.231],[-73.338,6.837],[-73.468,6.612],[-73.889,6.124],[-73.996,5.911],[-74.457,5.336],[-74.524,5.107],[-74.516,4.856],[-74.579,4.68],[-74.576,4.469],[-74.717,4.424],[-75.132,4.399]]]}},{"type":"Feature","properties":{"prvCode":"6091","prvName":"Lower Magdalena Valley Basin","oilMean":96.95,"gasMean":3244.0600000000004,"boeMean":637.6},"geometry":{"type":"Polygon","coordinates":[[[-74.27,9.037],[-74.383,8.943],[-74.672,8.396],[-74.798,8.025],[-75.151,7.601],[-75.339,7.6],[-75.515,7.71],[-75.533,7.779],[-75.639,7.761],[-76.092,7.373],[-76.271,7.304],[-76.362,7.323],[-76.445,7.43],[-76.698,8.117],[-76.816,8.918],[-76.816,9.119],[-76.615,9.477],[-76.571,9.76],[-76.457,10.131],[-76.313,10.263],[-75.929,10.495],[-75.571,11.017],[-75.156,11.331],[-74.941,11.406],[-74.616,11.409],[-74.356,11.267],[-74.143,10.644],[-73.981,10.043],[-73.83,9.647],[-73.767,9.358],[-73.78,9.213],[-73.912,9.056],[-74.27,9.037]],[[-75.27,9.039],[-75.309,8.969],[-75.407,8.627],[-75.27,9.039]],[[-74.442,10.495],[-74.511,10.46],[-74.628,10.357],[-74.442,10.495]]]}},{"type":"Feature","properties":{"prvCode":"6095","prvName":"Guarija Basin","oilMean":62.84,"gasMean":2575.54,"boeMean":492.1},"geometry":{"type":"Polygon","coordinates":[[[-70.961,12.432],[-70.943,12.35],[-71.12,12.017],[-71.369,11.854],[-71.908,11.42],[-72.133,11.15],[-72.467,11.242],[-73.16,11.302],[-73.845,11.305],[-74.058,11.364],[-74.303,11.33],[-74.638,11.432],[-75.218,11.464],[-74.467,12.004],[-74.241,12.265],[-73.977,12.69],[-72.175,12.535],[-71.022,12.481],[-70.961,12.432]]]}},{"type":"Feature","properties":{"prvCode":"6089","prvName":"Upper Magdalena Valley Basin","oilMean":390.06,"gasMean":1055.55,"boeMean":566.0},"geometry":{"type":"Polygon","coordinates":[[[-74.475,4.128],[-74.869,3.602],[-74.902,3.0],[-75.184,2.781],[-75.295,2.625],[-75.415,2.182],[-75.656,1.678],[-75.808,1.523],[-75.96,1.5],[-76.047,1.53],[-76.085,1.621],[-76.073,1.665],[-75.774,2.258],[-75.715,2.511],[-75.595,2.816],[-75.571,3.586],[-75.498,3.888],[-75.132,4.399],[-74.717,4.424],[-74.576,4.469],[-74.475,4.128]]]}},{"type":"Feature","properties":{"prvCode":"6097","prvName":"Barinas-Apure Basin","oilMean":550.93,"gasMean":926.97,"boeMean":705.4},"geometry":{"type":"Polygon","coordinates":[[[-68.936,9.603],[-68.298,8.923],[-67.777,8.586],[-67.742,8.523],[-67.404,8.24],[-67.145,7.901],[-66.966,7.427],[-66.979,7.231],[-67.159,7.018],[-67.811,6.3],[-68.07,6.166],[-68.611,6.24],[-69.393,6.399],[-69.622,6.536],[-70.092,6.981],[-70.505,7.281],[-71.35,7.735],[-71.259,7.873],[-70.405,8.645],[-70.156,9.014],[-70.028,9.04],[-69.275,9.549],[-69.163,9.6],[-68.936,9.603]]]}},{"type":"Feature","properties":{"prvCode":"6035","prvName":"Campos Basin","oilMean":14735.97,"gasMean":32862.17,"boeMean":20213.0},"geometry":{"type":"Polygon","coordinates":[[[-38.126,-20.861],[-38.202,-21.196],[-38.25,-21.662],[-38.421,-21.91],[-38.492,-22.445],[-38.457,-22.55],[-38.291,-22.665],[-38.219,-22.779],[-38.202,-22.989],[-38.271,-23.183],[-38.516,-23.618],[-38.609,-23.968],[-38.747,-24.139],[-39.223,-24.408],[-39.388,-24.547],[-40.083,-24.351],[-40.74,-24.096],[-41.472,-23.72],[-41.831,-23.494],[-41.671,-23.479],[-41.46,-23.378],[-41.17,-23.075],[-40.992,-22.641],[-41.085,-22.286],[-40.891,-21.905],[-40.87,-21.663],[-40.793,-21.51],[-40.541,-21.173],[-40.274,-20.553],[-39.084,-20.758],[-38.444,-20.785],[-38.126,-20.861]]]}},{"type":"Feature","properties":{"prvCode":"6107","prvName":"Lesser Antilles Deformed Belt","oilMean":153.87,"gasMean":14908.75,"boeMean":2638.7},"geometry":{"type":"Polygon","coordinates":[[[-60.655,11.729],[-60.976,11.905],[-60.759,11.982],[-60.561,12.104],[-60.395,12.263],[-60.266,12.452],[-60.017,13.173],[-59.86,13.982],[-59.823,14.376],[-59.847,15.032],[-59.82,15.457],[-59.763,15.566],[-59.668,15.641],[-59.402,15.682],[-59.129,15.615],[-58.863,15.422],[-58.076,15.024],[-57.918,14.838],[-57.819,14.495],[-57.846,13.872],[-57.697,13.635],[-57.603,13.107],[-57.453,12.535],[-57.461,11.929],[-57.516,11.415],[-57.708,11.126],[-57.975,10.9],[-58.241,10.793],[-58.58,10.742],[-58.953,10.768],[-59.906,10.993],[-60.145,11.107],[-60.328,11.293],[-60.409,11.459],[-60.655,11.729]],[[-59.735,13.874],[-59.751,13.907],[-59.86,13.982],[-59.735,13.874]],[[-59.705,13.802],[-59.706,13.814],[-59.707,13.816],[-59.705,13.802]],[[-59.681,13.297],[-59.674,13.382],[-59.685,13.534],[-59.681,13.297]],[[-59.729,12.856],[-59.707,12.954],[-59.696,13.092],[-59.729,12.856]],[[-59.822,12.486],[-59.799,12.545],[-59.776,12.646],[-59.822,12.486]],[[-59.97,12.118],[-59.95,12.154],[-59.911,12.256],[-59.97,12.118]],[[-60.164,11.778],[-60.153,11.792],[-60.106,11.875],[-60.164,11.778]]]}},{"type":"Feature","properties":{"prvCode":"6021","prvName":"Guyana-Suriname Basin","oilMean":13738.18,"gasMean":38656.17,"boeMean":20180.9},"geometry":{"type":"Polygon","coordinates":[[[-51.612,5.882],[-51.566,5.622],[-51.612,5.501],[-51.732,5.356],[-52.129,5.031],[-52.331,4.93],[-52.444,4.942],[-52.97,5.301],[-53.425,5.551],[-53.607,5.611],[-54.346,5.542],[-55.688,5.313],[-56.439,5.151],[-57.2,5.108],[-57.462,5.126],[-57.878,5.269],[-58.177,5.579],[-58.343,5.954],[-58.422,6.461],[-58.534,6.825],[-58.831,7.257],[-58.975,7.631],[-59.18,7.972],[-59.36,8.177],[-59.527,8.283],[-57.617,9.247],[-56.55,9.872],[-55.278,9.749],[-53.88,9.725],[-53.679,9.516],[-52.809,8.222],[-52.483,7.489],[-52.313,6.909],[-52.162,6.563],[-51.848,6.116],[-51.612,5.882]],[[-56.639,6.822],[-56.173,6.734],[-56.696,6.848],[-56.639,6.822]],[[-52.385,6.515],[-52.373,6.514],[-52.399,6.52],[-52.385,6.515]],[[-52.267,6.502],[-52.251,6.511],[-52.307,6.506],[-52.267,6.502]]]}},{"type":"Feature","properties":{"prvCode":"6022","prvName":"Foz do Amazonas Basin","oilMean":389.83,"gasMean":19870.94,"boeMean":3701.7},"geometry":{"type":"Polygon","coordinates":[[[-52.055,4.766],[-52.07,4.969],[-52.03,5.068],[-51.579,5.479],[-51.515,5.643],[-51.515,5.747],[-51.614,6.004],[-52.164,6.862],[-52.387,7.56],[-52.545,7.927],[-53.056,8.699],[-53.165,8.937],[-53.199,9.076],[-53.184,9.309],[-53.061,9.497],[-52.927,9.557],[-52.555,9.586],[-52.065,9.557],[-51.475,9.378],[-51.297,9.269],[-50.727,8.843],[-50.242,8.387],[-49.816,7.793],[-49.073,7.08],[-48.243,6.095],[-47.173,5.398],[-46.506,5.011],[-45.154,3.493],[-43.91,1.952],[-42.984,0.664],[-42.726,0.396],[-42.513,-0.069],[-42.508,-0.287],[-42.558,-0.416],[-42.806,-0.748],[-43.346,-1.337],[-43.474,-1.392],[-43.787,-1.407],[-44.198,-1.293],[-44.47,-1.169],[-45.228,-0.669],[-45.53,-0.54],[-47.14,0.035],[-47.794,0.203],[-48.087,0.312],[-48.726,0.847],[-48.978,1.115],[-50.504,3.116],[-51.941,4.583],[-52.055,4.766]]]}},{"type":"Feature","properties":{"prvCode":"6060","prvName":"Falklands Plateau","oilMean":5302.16,"gasMean":51000.2,"boeMean":13802.2},"geometry":{"type":"MultiPolygon","coordinates":[[[[-58.955,-53.098],[-56.95,-52.125],[-56.033,-51.514],[-55.565,-51.097],[-55.263,-50.885],[-54.501,-50.438],[-53.702,-50.093],[-53.326,-49.995],[-53.088,-49.986],[-52.857,-50.114],[-52.738,-50.231],[-52.564,-50.452],[-52.506,-50.586],[-52.405,-50.949],[-52.313,-51.648],[-52.33,-51.987],[-52.468,-52.605],[-52.631,-52.953],[-52.909,-53.319],[-53.283,-53.601],[-53.649,-53.776],[-53.954,-53.844],[-54.732,-53.928],[-58.206,-53.947],[-61.043,-53.862],[-61.25,-53.772],[-61.204,-53.244],[-60.943,-53.117],[-59.327,-53.153],[-58.955,-53.098]]],[[[-59.038,-48.685],[-58.781,-48.812],[-58.554,-49.002],[-57.35,-50.147],[-57.23,-50.33],[-57.133,-50.654],[-57.16,-50.934],[-57.236,-51.061],[-57.366,-51.138],[-57.567,-51.195],[-57.797,-51.205],[-59.596,-50.984],[-60.096,-50.864],[-60.507,-50.721],[-60.76,-50.604],[-60.867,-50.511],[-60.987,-50.284],[-61.011,-50.117],[-60.977,-49.77],[-60.864,-49.333],[-60.49,-48.839],[-60.2,-48.682],[-59.906,-48.615],[-59.399,-48.595],[-59.038,-48.685]]]]}},{"type":"Feature","properties":{"prvCode":"6063","prvName":"Malvinas Basin","oilMean":137.85,"gasMean":6093.6,"boeMean":1153.5},"geometry":{"type":"Polygon","coordinates":[[[-61.257,-53.85],[-62.911,-53.821],[-64.055,-53.957],[-65.53,-54.243],[-65.946,-53.966],[-66.22,-53.693],[-66.405,-53.579],[-66.603,-53.254],[-66.322,-53.059],[-66.124,-52.839],[-65.944,-52.397],[-65.824,-51.907],[-65.795,-51.53],[-65.819,-51.264],[-66.029,-50.277],[-66.002,-50.059],[-65.943,-49.969],[-65.878,-49.897],[-65.657,-49.807],[-65.149,-49.783],[-64.293,-49.911],[-63.776,-50.049],[-63.61,-50.125],[-63.288,-50.364],[-63.17,-50.505],[-62.988,-50.827],[-62.865,-51.155],[-62.36,-51.673],[-61.631,-52.335],[-61.282,-52.919],[-61.204,-53.244],[-61.257,-53.85]]]}},{"type":"Feature","properties":{"prvCode":"6045","prvName":"Santa Cruz-Tarija Basin","oilMean":110.12,"gasMean":24472.45,"boeMean":4188.9},"geometry":{"type":"Polygon","coordinates":[[[-63.785,-22.876],[-64.306,-23.002],[-64.591,-22.999],[-64.905,-22.899],[-64.644,-22.176],[-64.489,-21.586],[-64.365,-20.449],[-64.208,-19.547],[-64.173,-19.061],[-64.204,-18.659],[-64.306,-18.336],[-64.525,-17.964],[-64.779,-17.679],[-65.086,-17.436],[-65.503,-17.165],[-65.55,-17.082],[-65.491,-16.941],[-65.172,-16.782],[-63.558,-16.614],[-62.295,-16.608],[-61.515,-16.756],[-61.072,-16.91],[-60.492,-17.224],[-59.004,-18.117],[-58.448,-18.517],[-58.176,-18.776],[-57.808,-19.366],[-57.731,-19.561],[-57.622,-20.023],[-57.608,-20.303],[-57.689,-21.312],[-57.727,-21.603],[-57.789,-21.705],[-57.984,-21.793],[-58.712,-21.938],[-60.139,-22.193],[-61.263,-22.34],[-62.819,-22.742],[-63.785,-22.876]],[[-62.782,-17.741],[-62.803,-17.636],[-62.836,-17.566],[-62.782,-17.741]],[[-62.739,-18.383],[-62.725,-18.019],[-62.739,-17.95],[-62.739,-18.383]]]}},{"type":"Feature","properties":{"prvCode":"6011","prvName":"Solimoes Basin","oilMean":573.87,"gasMean":23127.34,"boeMean":4428.4},"geometry":{"type":"Polygon","coordinates":[[[-62.764,-2.721],[-62.677,-2.888],[-62.516,-3.526],[-62.392,-4.43],[-62.29,-4.723],[-62.086,-5.128],[-62.083,-5.265],[-62.122,-5.395],[-62.389,-5.538],[-64.611,-6.467],[-65.338,-6.633],[-65.825,-6.633],[-66.307,-6.574],[-66.845,-6.447],[-67.487,-6.211],[-67.809,-6.191],[-68.275,-6.271],[-68.949,-6.475],[-69.859,-6.969],[-70.369,-7.116],[-70.562,-7.088],[-70.721,-6.976],[-71.086,-6.313],[-71.32,-5.71],[-71.484,-5.091],[-71.459,-4.917],[-71.361,-4.769],[-70.907,-4.432],[-70.555,-4.215],[-69.867,-4.007],[-68.831,-3.92],[-68.586,-3.727],[-68.242,-3.347],[-67.293,-2.608],[-67.059,-2.493],[-65.743,-2.157],[-65.391,-2.137],[-64.454,-2.212],[-63.592,-2.374],[-62.901,-2.578],[-62.764,-2.721]]]}},{"type":"Feature","properties":{"prvCode":"6012","prvName":"Amazonas Basin","oilMean":369.09,"gasMean":9653.21,"boeMean":1978.0},"geometry":{"type":"Polygon","coordinates":[[[-51.251,-2.667],[-51.414,-2.84],[-52.818,-3.379],[-53.707,-3.587],[-54.953,-3.713],[-55.267,-3.811],[-55.826,-4.073],[-56.661,-4.216],[-57.014,-4.358],[-58.061,-4.941],[-58.97,-5.087],[-59.897,-5.16],[-60.699,-5.164],[-61.509,-5.112],[-61.662,-5.056],[-61.794,-4.963],[-61.938,-4.764],[-62.067,-4.434],[-62.205,-3.535],[-62.365,-2.87],[-62.341,-2.751],[-62.273,-2.649],[-61.976,-2.563],[-60.492,-2.49],[-59.323,-2.295],[-59.001,-2.142],[-58.658,-1.834],[-58.451,-1.709],[-57.862,-1.554],[-57.258,-1.306],[-56.841,-1.191],[-56.572,-1.159],[-55.816,-1.302],[-54.434,-1.777],[-54.208,-1.803],[-53.965,-1.731],[-53.648,-1.498],[-53.382,-1.352],[-52.397,-0.938],[-52.061,-0.827],[-51.878,-0.851],[-51.713,-0.934],[-51.432,-1.674],[-51.206,-2.433],[-51.251,-2.667]]]}},{"type":"Feature","properties":{"prvCode":"6054","prvName":"Salado-Punta del Este Basin","oilMean":671.35,"gasMean":9102.83,"boeMean":2188.5},"geometry":{"type":"Polygon","coordinates":[[[-53.2,-35.395],[-52.528,-35.709],[-51.847,-35.949],[-50.818,-36.238],[-50.532,-36.449],[-50.427,-36.583],[-50.382,-36.701],[-50.385,-36.883],[-50.467,-37.047],[-52.411,-39.321],[-52.833,-39.766],[-52.943,-39.808],[-53.113,-39.805],[-53.865,-39.574],[-55.014,-39.096],[-56.651,-38.2],[-56.8,-38.053],[-56.881,-37.861],[-56.872,-37.603],[-56.739,-37.365],[-56.05,-36.568],[-55.742,-36.046],[-55.393,-35.631],[-54.989,-35.291],[-54.538,-35.026],[-54.255,-34.93],[-53.966,-34.947],[-53.2,-35.395]]]}},{"type":"Feature","properties":{"prvCode":"6016","prvName":"Parnaiba Basin","oilMean":2971.95,"gasMean":41955.94,"boeMean":9964.6},"geometry":{"type":"Polygon","coordinates":[[[-47.281,-3.33],[-46.639,-2.964],[-46.304,-2.831],[-46.068,-2.793],[-45.856,-2.797],[-45.628,-2.945],[-45.445,-3.019],[-45.23,-3.054],[-44.928,-3.04],[-44.414,-2.957],[-43.729,-2.933],[-43.284,-3.002],[-42.865,-3.173],[-42.546,-3.157],[-42.254,-3.238],[-41.692,-3.594],[-41.507,-3.763],[-41.264,-4.144],[-41.131,-4.47],[-40.94,-5.424],[-40.938,-5.791],[-40.99,-6.057],[-40.94,-6.331],[-40.933,-6.745],[-41.009,-6.98],[-41.088,-7.08],[-41.578,-7.397],[-42.806,-8.101],[-43.886,-8.52],[-44.688,-8.929],[-45.202,-9.062],[-45.599,-9.072],[-45.863,-9.117],[-46.794,-9.517],[-47.02,-9.565],[-47.127,-9.543],[-47.201,-9.438],[-47.581,-8.358],[-47.636,-7.975],[-47.605,-7.354],[-47.641,-6.988],[-47.803,-6.252],[-48.045,-5.462],[-48.121,-5.001],[-48.095,-4.549],[-48.031,-4.325],[-47.91,-4.094],[-47.572,-3.613],[-47.281,-3.33]]]}},{"type":"Feature","properties":{"prvCode":"6020","prvName":"Parana Basin","oilMean":429.01,"gasMean":10101.26,"boeMean":2112.6},"geometry":{"type":"Polygon","coordinates":[[[-53.163,-23.649],[-53.026,-23.605],[-52.923,-23.531],[-52.749,-23.272],[-52.593,-22.649],[-52.347,-22.149],[-52.133,-22.007],[-51.776,-21.915],[-51.381,-21.877],[-50.96,-21.942],[-50.003,-22.589],[-49.595,-22.79],[-49.326,-22.866],[-48.978,-22.879],[-48.757,-22.849],[-47.924,-22.52],[-47.62,-22.521],[-47.468,-22.603],[-47.415,-22.774],[-47.457,-22.949],[-47.839,-23.451],[-48.05,-23.659],[-48.263,-23.77],[-48.454,-23.818],[-49.355,-23.837],[-49.976,-23.958],[-50.242,-24.073],[-50.386,-24.174],[-50.585,-24.392],[-50.675,-24.566],[-50.671,-24.8],[-50.525,-25.203],[-50.067,-26.073],[-49.744,-26.921],[-49.672,-27.207],[-49.377,-27.664],[-49.279,-27.905],[-49.317,-28.444],[-49.397,-28.641],[-49.595,-28.951],[-50.294,-28.707],[-53.122,-28.305],[-53.669,-28.155],[-53.896,-27.989],[-53.927,-27.808],[-53.862,-27.629],[-53.665,-27.373],[-53.26,-27.024],[-53.162,-26.853],[-53.139,-26.683],[-53.167,-25.988],[-53.079,-25.491],[-53.084,-25.181],[-53.257,-24.825],[-53.798,-24.318],[-53.835,-23.969],[-53.794,-23.782],[-53.717,-23.722],[-53.163,-23.649]]]}},{"type":"Feature","properties":{"prvCode":"6117","prvName":"Greater Antilles Deformed Belt","oilMean":5622.92,"gasMean":13230.74,"boeMean":7828.0},"geometry":{"type":"Polygon","coordinates":[[[-80.377,23.259],[-79.734,22.943],[-79.444,22.762],[-79.256,22.691],[-78.923,22.736],[-78.744,22.714],[-78.116,22.507],[-77.962,22.398],[-78.15,22.255],[-78.478,22.129],[-78.828,22.065],[-79.301,22.084],[-80.008,22.241],[-80.232,22.334],[-80.734,22.653],[-81.086,22.776],[-81.452,22.819],[-82.473,22.824],[-83.315,22.629],[-83.644,22.519],[-83.739,22.462],[-83.867,22.291],[-83.97,21.934],[-84.203,21.87],[-84.36,21.786],[-84.65,21.767],[-85.117,21.886],[-85.533,21.799],[-85.728,21.727],[-85.88,21.615],[-86.03,21.444],[-86.149,21.399],[-86.178,21.563],[-86.109,21.81],[-86.004,22.043],[-85.719,22.438],[-85.633,22.879],[-85.412,23.193],[-85.407,23.385],[-85.343,23.507],[-85.331,23.657],[-84.914,23.89],[-84.543,23.971],[-84.158,24.009],[-83.751,23.971],[-83.634,23.902],[-83.337,23.871],[-82.963,23.776],[-82.723,23.795],[-82.195,23.914],[-81.724,23.954],[-81.371,23.897],[-81.15,23.802],[-80.836,23.414],[-80.713,23.313],[-80.377,23.259]],[[-84.843,22.466],[-84.952,22.378],[-85.533,21.799],[-84.843,22.466]],[[-84.296,22.825],[-84.681,22.596],[-84.7,22.581],[-84.296,22.825]],[[-80.869,23.339],[-80.959,23.356],[-80.933,23.349],[-80.869,23.339]],[[-81.576,23.51],[-81.988,23.539],[-81.557,23.508],[-81.576,23.51]],[[-81.362,23.482],[-81.47,23.496],[-81.122,23.401],[-81.362,23.482]]]}},{"type":"Feature","properties":{"prvCode":"1015","prvName":"Volga-Ural Region","oilMean":1416.38,"gasMean":2376.83,"boeMean":1812.5},"geometry":{"type":"Polygon","coordinates":[[[47.227,51.175],[46.769,51.033],[46.447,50.864],[46.115,50.552],[45.164,49.353],[44.571,48.716],[43.984,48.144],[43.761,47.773],[43.674,47.268],[43.509,47.326],[43.142,47.574],[43.223,47.666],[43.345,48.012],[43.372,48.264],[43.299,48.522],[43.144,48.778],[42.989,49.127],[42.952,49.416],[43.214,49.902],[43.342,50.414],[43.452,50.606],[43.626,50.782],[44.144,51.174],[44.314,51.404],[44.295,51.799],[44.336,51.873],[44.456,51.967],[44.676,52.043],[45.424,52.154],[45.628,52.234],[45.896,52.576],[46.037,52.834],[46.301,53.151],[46.549,53.321],[46.888,53.462],[47.334,53.544],[47.62,53.636],[47.85,53.753],[47.92,53.874],[48.068,54.288],[48.254,54.551],[48.276,54.638],[48.28,54.831],[48.192,55.341],[48.219,55.752],[48.316,56.047],[48.332,56.208],[48.196,56.603],[48.235,56.919],[48.375,57.289],[48.415,57.511],[48.368,57.632],[48.334,57.923],[48.609,58.181],[49.561,58.746],[49.917,58.991],[50.106,59.171],[50.278,59.409],[50.629,60.31],[50.92,61.348],[50.904,61.421],[50.938,61.643],[50.905,61.911],[50.795,62.172],[50.774,62.304],[50.842,62.318],[50.983,62.259],[51.758,61.714],[52.158,61.518],[52.485,61.496],[53.204,61.644],[53.63,61.624],[54.876,61.26],[56.042,60.846],[56.612,60.789],[56.741,60.75],[57.043,60.58],[57.138,60.576],[57.181,60.501],[57.471,60.276],[57.513,60.063],[57.474,59.876],[57.495,59.466],[57.575,59.3],[57.565,59.123],[57.503,58.905],[57.834,58.39],[58.15,58.22],[58.901,57.506],[59.227,57.037],[59.292,56.805],[59.342,56.389],[59.339,56.069],[59.259,55.694],[59.097,55.447],[58.966,55.355],[58.492,55.245],[58.349,55.156],[58.163,54.981],[57.943,54.95],[57.749,54.988],[57.652,55.071],[57.805,55.155],[57.745,55.258],[58.003,55.287],[58.075,55.326],[57.74,55.369],[57.427,55.337],[57.359,55.262],[57.364,55.213],[57.514,55.029],[57.513,54.936],[57.427,54.704],[57.258,54.417],[57.089,54.401],[56.931,54.257],[56.732,53.886],[56.591,53.343],[56.602,53.171],[56.672,53.065],[56.869,52.96],[56.941,52.692],[56.903,52.577],[56.852,51.91],[56.869,51.739],[57.302,51.172],[57.395,50.839],[57.076,50.924],[56.756,50.907],[56.403,50.942],[56.15,50.918],[55.782,50.78],[55.595,50.785],[54.483,51.227],[53.593,51.454],[51.856,51.53],[51.542,51.501],[51.243,51.42],[50.989,51.443],[50.483,51.371],[49.621,51.438],[49.037,51.435],[47.227,51.175]],[[48.254,52.279],[48.152,52.334],[47.522,52.572],[48.254,52.279]],[[55.665,53.447],[55.621,53.385],[55.706,53.466],[55.665,53.447]],[[55.935,53.572],[55.838,53.527],[55.995,53.582],[55.935,53.572]],[[56.506,53.662],[56.279,53.626],[56.658,53.661],[56.506,53.662]]]}},{"type":"Feature","properties":{"prvCode":"1016","prvName":"North Caspian Basin","oilMean":4670.98,"gasMean":33099.25,"boeMean":10187.5},"geometry":{"type":"Polygon","coordinates":[[[56.27,50.939],[57.076,50.924],[57.414,50.819],[57.603,50.163],[57.679,49.211],[57.81,48.664],[57.803,48.542],[57.702,48.27],[56.914,47.182],[56.686,46.925],[56.424,46.761],[55.974,46.609],[54.7,46.045],[54.542,45.917],[54.221,45.743],[53.544,45.48],[53.209,45.412],[52.657,45.374],[51.579,45.452],[50.529,45.485],[47.841,46.059],[46.71,46.119],[46.175,46.261],[45.451,46.712],[44.914,46.981],[44.64,47.063],[43.94,47.136],[43.674,47.268],[43.761,47.773],[44.066,48.251],[44.571,48.716],[45.164,49.353],[46.115,50.552],[46.447,50.864],[46.66,50.987],[47.227,51.175],[48.973,51.431],[49.506,51.442],[50.483,51.371],[50.989,51.443],[51.243,51.42],[51.771,51.527],[53.593,51.454],[54.483,51.227],[55.515,50.803],[55.698,50.767],[56.27,50.939]]]}},{"type":"Feature","properties":{"prvCode":"1109","prvName":"Middle Caspian Basin","oilMean":1907.66,"gasMean":8656.15,"boeMean":3350.4},"geometry":{"type":"Polygon","coordinates":[[[50.932,44.361],[51.213,44.344],[51.448,44.387],[51.791,44.363],[52.843,44.122],[53.154,43.81],[53.886,43.223],[54.069,43.13],[54.328,43.063],[54.861,42.765],[55.452,42.492],[55.656,42.26],[55.952,41.735],[55.755,41.755],[55.357,41.911],[55.018,41.976],[55.459,41.408],[55.621,41.274],[56.173,41.024],[56.254,41.018],[56.435,40.896],[56.765,40.284],[57.439,39.503],[57.072,39.262],[56.907,39.227],[56.53,39.532],[56.329,39.576],[55.443,39.975],[54.494,40.289],[53.853,40.622],[53.294,40.86],[53.2,40.867],[52.345,41.495],[51.928,41.7],[51.612,41.772],[51.087,41.988],[50.713,42.074],[49.858,42.347],[49.449,42.548],[49.262,42.663],[49.025,42.886],[48.802,42.979],[48.622,43.008],[48.644,42.843],[48.773,42.577],[49.097,42.16],[49.801,41.6],[51.365,40.475],[50.814,40.687],[48.983,40.949],[48.209,41.172],[48.043,41.286],[48.022,41.375],[48.112,41.503],[48.118,41.631],[47.958,41.899],[47.708,42.197],[47.476,42.663],[47.273,42.796],[46.917,42.916],[46.68,42.949],[46.134,42.772],[45.445,42.74],[45.085,42.772],[44.597,42.749],[44.23,42.784],[43.674,43.062],[43.416,43.14],[43.216,43.324],[42.9,43.495],[42.858,43.666],[42.427,43.67],[42.219,43.705],[42.119,43.675],[41.847,43.726],[41.66,43.673],[41.456,43.691],[41.191,43.787],[40.614,44.155],[41.463,44.015],[41.954,44.004],[42.301,44.049],[42.569,44.121],[42.709,44.203],[42.745,44.286],[42.726,44.355],[42.654,44.448],[42.542,44.49],[42.455,44.571],[42.309,44.527],[41.929,44.623],[41.609,44.664],[41.324,45.058],[41.978,45.615],[42.009,45.786],[41.932,45.891],[41.881,46.064],[41.963,46.25],[42.154,46.477],[42.41,46.446],[43.041,46.268],[43.712,46.023],[44.017,45.862],[44.089,45.863],[44.257,45.981],[44.41,46.349],[44.562,46.48],[44.788,46.606],[45.059,46.909],[45.542,46.662],[46.954,45.757],[47.304,45.571],[47.729,45.493],[48.328,45.466],[48.739,45.335],[49.077,45.158],[50.167,44.809],[50.557,44.634],[50.624,44.505],[50.708,44.435],[50.932,44.361]],[[47.687,42.93],[47.634,42.956],[47.833,42.812],[47.687,42.93]],[[47.456,43.046],[47.21,43.124],[47.548,43.0],[47.456,43.046]],[[47.112,43.155],[46.404,43.279],[47.128,43.15],[47.112,43.155]],[[44.856,43.702],[44.875,43.69],[44.892,43.687],[44.856,43.702]],[[43.573,44.107],[43.186,43.997],[43.188,43.99],[43.392,44.037],[43.573,44.107]],[[43.662,44.141],[43.671,44.153],[43.638,44.132],[43.662,44.141]],[[43.87,44.35],[43.816,44.337],[43.805,44.32],[43.87,44.35]],[[43.978,44.365],[43.952,44.37],[43.943,44.368],[43.978,44.365]],[[45.671,44.237],[45.495,44.262],[44.964,44.29],[45.671,44.237]],[[42.853,44.362],[42.844,44.361],[42.87,44.357],[42.853,44.362]],[[43.05,44.304],[43.03,44.31],[43.062,44.293],[43.05,44.304]],[[43.134,44.224],[43.117,44.241],[43.136,44.211],[43.134,44.224]]]}},{"type":"Feature","properties":{"prvCode":"1113","prvName":"Kura Basin","oilMean":160.41,"gasMean":195.11,"boeMean":192.9},"geometry":{"type":"Polygon","coordinates":[[[48.46,40.632],[48.46,40.465],[48.555,40.153],[48.847,39.424],[48.946,38.893],[48.868,38.321],[48.784,38.271],[48.601,38.43],[48.098,39.121],[47.461,39.385],[46.554,40.438],[46.185,40.752],[45.908,40.898],[45.476,41.047],[44.623,41.149],[44.517,41.192],[44.274,41.388],[44.205,41.503],[44.256,41.603],[44.522,41.705],[44.514,41.738],[43.938,41.766],[43.563,41.747],[43.392,41.842],[43.633,42.086],[43.913,42.29],[44.04,42.338],[44.226,42.314],[45.001,42.125],[46.555,41.608],[47.298,41.305],[47.98,40.964],[48.503,40.779],[48.46,40.632]]]}},{"type":"Feature","properties":{"prvCode":"1112","prvName":"South Caspian Basin","oilMean":12671.47,"gasMean":196835.81,"boeMean":45477.4},"geometry":{"type":"Polygon","coordinates":[[[54.415,38.025],[54.39,37.508],[54.506,37.133],[54.366,36.923],[54.122,36.761],[53.586,36.737],[53.222,36.537],[53.072,36.496],[52.694,36.448],[52.378,36.456],[52.057,36.546],[51.632,36.595],[51.48,36.668],[50.989,36.774],[50.498,37.017],[50.356,37.128],[50.116,37.228],[49.89,37.219],[49.646,37.146],[49.43,37.246],[49.256,37.371],[49.059,37.758],[48.976,38.019],[48.784,38.271],[48.868,38.321],[48.946,38.893],[48.847,39.424],[48.46,40.465],[48.46,40.632],[48.503,40.779],[49.269,40.651],[49.422,40.661],[49.489,40.707],[49.504,40.761],[49.461,40.868],[49.502,40.877],[50.909,40.661],[51.314,40.502],[51.966,40.11],[52.175,40.023],[53.813,39.671],[54.464,39.442],[54.78,39.293],[54.821,39.189],[54.798,39.007],[54.415,38.025]],[[54.798,39.007],[54.183,39.166],[54.061,39.178],[54.798,39.007]],[[51.515,39.048],[51.602,39.171],[51.382,38.896],[51.515,39.048]],[[51.649,39.237],[51.664,39.296],[51.63,39.211],[51.649,39.237]],[[51.701,39.446],[51.703,39.622],[51.685,39.38],[51.701,39.446]],[[52.153,39.396],[52.376,39.33],[52.104,39.422],[52.153,39.396]],[[51.055,39.884],[50.939,39.843],[51.064,39.884],[51.055,39.884]],[[51.239,39.886],[51.133,39.885],[51.246,39.881],[51.239,39.886]],[[51.34,39.807],[51.307,39.833],[51.321,39.816],[51.34,39.807]]]}},{"type":"Feature","properties":{"prvCode":"1150","prvName":"North Ustyurt Basin","oilMean":342.29,"gasMean":4649.93,"boeMean":1117.3},"geometry":{"type":"Polygon","coordinates":[[[57.39,46.546],[57.869,46.221],[58.134,46.131],[58.4,46.171],[58.65,46.322],[59.022,46.429],[59.167,46.438],[59.328,46.404],[59.469,46.303],[59.264,45.53],[59.015,44.777],[58.918,44.316],[58.813,43.352],[58.83,43.113],[58.937,42.735],[56.899,43.325],[54.634,43.732],[53.127,44.082],[52.626,44.156],[51.791,44.363],[51.448,44.387],[51.083,44.344],[50.824,44.389],[50.624,44.505],[50.557,44.634],[50.167,44.809],[49.077,45.158],[48.739,45.335],[48.328,45.466],[47.729,45.493],[47.304,45.571],[46.954,45.757],[46.175,46.261],[46.705,46.12],[47.841,46.059],[50.529,45.485],[51.499,45.458],[52.684,45.379],[53.209,45.412],[53.544,45.48],[54.068,45.673],[54.526,45.914],[55.271,46.126],[55.692,46.282],[55.911,46.386],[56.149,46.573],[56.358,46.657],[56.525,46.681],[56.923,46.576],[57.226,46.58],[57.39,46.546]]]}},{"type":"Feature","properties":{"prvCode":"5215","prvName":"Labrador-Newfoundland Shelf","oilMean":1233.34,"gasMean":6293.34,"boeMean":2282.2},"geometry":{"type":"Polygon","coordinates":[[[-47.651,46.606],[-47.773,46.511],[-48.041,46.452],[-48.246,46.357],[-48.358,46.294],[-48.521,46.101],[-48.916,45.915],[-49.187,45.828],[-49.345,45.811],[-49.133,46.409],[-48.928,46.629],[-48.856,46.788],[-48.852,46.841],[-48.895,46.865],[-49.007,46.764],[-49.049,46.805],[-49.012,46.952],[-48.876,47.192],[-48.727,47.326],[-48.286,47.548],[-47.654,47.741],[-47.57,47.726],[-47.58,47.745],[-46.935,47.91],[-46.527,48.2],[-46.046,48.598],[-45.737,48.574],[-45.682,48.483],[-45.463,48.3],[-45.564,48.156],[-46.036,47.844],[-46.121,47.736],[-46.004,47.46],[-45.815,47.271],[-45.835,47.134],[-45.922,47.035],[-46.018,47.022],[-46.185,47.154],[-46.318,47.378],[-46.414,47.431],[-46.503,47.414],[-46.536,47.359],[-46.533,47.276],[-46.641,47.193],[-46.665,47.134],[-46.583,47.023],[-46.728,46.962],[-46.76,46.913],[-46.738,46.865],[-46.496,46.677],[-46.53,46.439],[-46.5,46.345],[-46.659,46.162],[-46.777,46.133],[-46.867,46.198],[-46.878,46.501],[-47.058,46.753],[-47.282,46.854],[-47.506,46.85],[-47.651,46.606]],[[-47.381,47.252],[-47.374,47.266],[-47.388,47.357],[-47.381,47.252]],[[-47.471,46.909],[-47.372,47.05],[-47.375,47.07],[-47.471,46.909]]]}},{"type":"Feature","properties":{"prvCode":"8048","prvName":"Irrawaddy","oilMean":1752.27,"gasMean":45432.45,"boeMean":9324.3},"geometry":{"type":"Polygon","coordinates":[[[96.575,8.788],[95.773,9.021],[96.082,10.225],[96.213,11.158],[96.283,12.754],[96.236,13.26],[96.101,13.655],[95.992,13.787],[95.894,13.853],[95.604,13.984],[95.245,14.096],[93.729,14.448],[94.244,16.041],[94.324,16.202],[94.493,16.838],[94.585,17.088],[94.743,17.299],[94.858,17.687],[94.963,18.73],[94.898,18.961],[94.624,19.186],[94.542,19.342],[94.37,19.839],[94.099,20.3],[93.982,20.64],[94.09,21.271],[94.101,21.871],[94.0,22.583],[93.869,22.786],[93.833,22.987],[93.907,23.376],[94.206,24.033],[94.239,24.559],[94.396,24.999],[94.616,25.049],[94.648,25.097],[94.645,25.225],[94.689,25.304],[94.674,25.487],[94.776,25.615],[94.894,25.649],[94.952,25.721],[95.121,25.994],[95.164,26.095],[95.153,26.186],[95.361,26.361],[95.408,26.453],[95.635,26.565],[95.652,26.666],[95.827,26.802],[95.857,26.771],[95.915,26.778],[96.091,27.036],[96.165,27.045],[96.228,27.112],[96.342,27.436],[96.309,27.594],[96.209,27.76],[96.517,27.615],[96.916,27.265],[96.989,27.27],[97.122,27.155],[97.053,27.027],[97.196,26.856],[97.345,26.952],[97.367,27.013],[97.36,27.103],[97.325,27.141],[97.323,27.277],[97.523,27.325],[97.611,27.255],[97.665,26.957],[97.625,26.941],[97.514,26.978],[97.547,26.893],[97.519,26.862],[97.586,26.748],[97.479,26.593],[97.416,26.583],[97.395,26.542],[97.442,26.457],[97.496,26.469],[97.616,26.268],[97.521,25.923],[97.665,25.903],[97.715,25.794],[97.444,25.474],[97.38,25.285],[97.389,25.242],[97.49,25.236],[97.497,25.2],[97.383,25.042],[97.304,25.002],[97.056,25.019],[96.779,24.981],[96.763,25.063],[96.902,25.256],[96.876,25.329],[96.72,25.254],[96.359,24.899],[96.146,24.773],[95.947,24.015],[95.93,23.853],[95.828,23.684],[95.697,23.583],[95.596,23.598],[95.564,23.266],[95.568,23.202],[95.611,23.183],[95.667,23.217],[95.687,23.289],[95.747,23.229],[95.741,23.068],[95.828,23.042],[95.847,22.944],[95.923,22.905],[95.972,22.824],[95.904,22.619],[96.025,22.18],[95.99,22.002],[96.147,21.559],[96.249,21.091],[96.276,20.749],[96.385,20.682],[96.416,20.253],[96.383,20.183],[96.418,20.109],[96.36,19.855],[96.463,19.617],[96.456,19.492],[96.629,19.286],[96.699,19.143],[96.748,18.923],[96.898,18.723],[96.895,18.343],[96.999,18.197],[97.019,17.947],[96.951,17.735],[97.686,15.473],[97.846,14.113],[97.784,13.261],[97.65,12.74],[97.593,11.909],[97.62,11.026],[97.591,10.4],[97.941,8.876],[97.965,8.023],[97.309,8.425],[96.575,8.788]]]}},{"type":"Feature","properties":{"prvCode":"8034","prvName":"Assam","oilMean":273.08,"gasMean":1558.67,"boeMean":532.9},"geometry":{"type":"Polygon","coordinates":[[[96.075,27.823],[96.209,27.76],[96.309,27.594],[96.342,27.436],[96.264,27.182],[96.165,27.045],[96.091,27.036],[95.958,26.815],[95.857,26.771],[95.827,26.802],[95.652,26.666],[95.635,26.565],[95.408,26.453],[95.361,26.361],[95.153,26.186],[95.164,26.095],[95.121,25.994],[94.952,25.721],[94.894,25.649],[94.776,25.615],[94.674,25.487],[94.689,25.304],[94.645,25.225],[94.648,25.097],[94.616,25.049],[94.396,24.999],[93.18,25.448],[93.595,25.793],[93.715,25.939],[93.84,26.156],[93.905,26.49],[94.108,26.768],[94.375,26.928],[94.894,27.434],[95.548,27.817],[96.024,27.909],[96.075,27.823]]]}},{"type":"Feature","properties":{"prvCode":"8043","prvName":"Bombay","oilMean":1853.32,"gasMean":15415.740000000002,"boeMean":4422.6},"geometry":{"type":"Polygon","coordinates":[[[69.253,22.838],[69.329,22.698],[69.314,22.566],[69.254,22.51],[69.033,22.486],[68.951,22.444],[68.9,22.301],[68.937,22.213],[69.507,21.704],[69.664,21.607],[70.225,21.004],[70.473,20.848],[70.847,20.694],[72.116,21.185],[72.154,21.321],[72.23,21.402],[72.386,22.278],[72.188,22.79],[71.955,23.557],[71.918,23.984],[71.775,24.733],[71.669,25.073],[71.305,25.908],[71.321,26.028],[71.416,26.106],[71.506,26.109],[71.585,26.065],[71.775,25.748],[72.523,23.865],[72.758,23.562],[73.025,23.132],[73.49,21.947],[73.49,21.796],[73.211,21.773],[73.188,21.552],[73.072,21.459],[72.883,20.58],[72.683,20.294],[72.624,19.905],[72.694,19.56],[72.775,19.408],[72.786,19.127],[72.84,18.911],[72.927,18.857],[72.932,18.512],[72.862,18.279],[73.099,17.75],[73.224,17.129],[73.272,16.686],[73.254,16.132],[72.495,15.816],[72.321,16.147],[71.964,16.288],[71.918,16.391],[71.778,16.506],[71.751,16.598],[71.803,16.681],[71.712,16.88],[71.614,17.007],[71.44,17.122],[71.263,17.12],[71.148,17.172],[70.325,17.95],[70.147,18.236],[69.84,18.512],[69.724,18.694],[69.35,19.047],[69.267,19.366],[68.942,19.974],[68.59,21.089],[68.465,21.119],[67.962,21.026],[67.525,21.152],[67.052,21.178],[68.054,23.071],[68.413,23.382],[68.783,23.19],[69.253,22.838]]]}},{"type":"Feature","properties":{"prvCode":"8005","prvName":"Indo-Burman","oilMean":94.27,"gasMean":30700.13,"boeMean":5211.0},"geometry":{"type":"Polygon","coordinates":[[[93.432,20.035],[93.434,19.913],[93.548,19.839],[93.683,19.471],[94.266,18.651],[94.398,18.417],[94.511,18.137],[94.573,17.807],[94.605,17.299],[94.585,17.088],[94.324,16.202],[94.244,16.041],[93.729,14.448],[92.947,14.654],[92.963,14.77],[93.025,14.895],[93.125,14.942],[93.122,15.075],[93.335,15.231],[93.352,15.358],[93.397,15.42],[93.458,15.442],[93.461,15.539],[93.535,15.625],[93.586,16.181],[93.64,16.327],[93.758,16.458],[93.842,16.612],[93.898,17.042],[93.959,17.142],[93.925,17.172],[93.842,17.141],[93.813,17.192],[93.79,17.308],[93.82,17.492],[93.625,17.779],[93.473,17.84],[93.302,18.236],[93.258,18.479],[93.208,18.545],[92.969,18.702],[92.855,18.817],[92.052,19.223],[91.352,19.682],[91.11,19.927],[90.969,20.141],[93.111,20.087],[93.432,20.035]]]}},{"type":"Feature","properties":{"prvCode":"8044","prvName":"Cauvery","oilMean":917.28,"gasMean":24580.78,"boeMean":5014.1},"geometry":{"type":"Polygon","coordinates":[[[80.123,8.235],[79.933,8.137],[79.903,8.085],[79.988,7.901],[79.996,7.67],[79.908,7.439],[79.837,7.039],[79.77,7.005],[79.854,6.583],[80.005,6.092],[80.212,5.901],[79.708,5.941],[79.546,5.994],[79.154,6.352],[78.898,6.661],[78.619,7.091],[78.578,7.34],[78.517,7.341],[78.024,7.867],[77.892,8.266],[77.881,8.392],[77.93,8.502],[78.011,8.586],[78.043,8.664],[77.992,8.716],[78.177,9.073],[78.315,9.155],[78.28,9.279],[78.309,9.472],[78.293,9.516],[78.105,9.65],[78.095,9.73],[78.144,9.774],[78.129,9.846],[78.336,9.856],[78.364,9.891],[78.449,9.848],[78.497,9.92],[78.61,9.951],[78.613,10.0],[78.542,10.066],[78.677,10.069],[78.862,10.313],[78.835,10.384],[78.909,10.47],[79.006,10.732],[78.912,10.956],[78.808,11.068],[78.894,11.224],[79.113,11.356],[79.081,11.388],[79.159,11.448],[79.425,11.803],[79.612,11.924],[79.883,12.212],[80.067,12.264],[80.186,12.472],[80.605,12.676],[80.917,12.97],[80.854,12.875],[80.841,12.626],[80.716,12.142],[80.714,11.942],[80.81,11.825],[80.852,11.492],[80.789,11.425],[80.794,11.375],[80.704,11.192],[80.798,10.992],[80.809,10.692],[80.899,10.408],[80.898,10.242],[81.066,10.083],[81.13,9.908],[81.058,9.788],[81.021,9.559],[80.939,9.385],[80.817,9.243],[80.587,9.113],[80.361,8.913],[80.254,8.608],[80.098,8.346],[80.123,8.235]],[[78.892,9.242],[78.885,9.242],[78.823,9.228],[78.892,9.242]],[[79.343,9.181],[79.271,9.215],[79.244,9.217],[79.343,9.181]],[[79.827,8.928],[79.724,9.005],[79.622,9.052],[79.827,8.928]]]}},{"type":"Feature","properties":{"prvCode":"8045","prvName":"Krishna-Godavari","oilMean":396.37,"gasMean":31592.86,"boeMean":5661.8},"geometry":{"type":"Polygon","coordinates":[[[80.605,12.676],[80.186,12.472],[80.258,12.632],[80.313,12.886],[80.297,13.089],[80.144,13.078],[80.05,13.017],[79.963,12.855],[80.003,12.801],[79.956,12.713],[79.874,12.806],[79.758,12.796],[79.739,12.718],[79.698,12.715],[79.613,12.758],[79.53,12.749],[79.516,12.787],[79.514,12.878],[79.677,13.117],[79.703,13.269],[79.843,13.38],[79.999,13.895],[80.0,13.941],[79.943,13.998],[79.912,14.166],[79.952,14.405],[79.806,14.492],[79.823,14.567],[79.983,14.575],[80.018,14.667],[79.992,14.909],[79.778,15.058],[79.725,15.117],[79.707,15.216],[79.707,15.308],[79.909,15.493],[79.92,15.572],[79.972,15.63],[80.063,15.649],[80.049,15.716],[79.947,15.815],[79.956,15.882],[80.082,15.962],[80.152,16.088],[80.33,16.269],[80.5,16.324],[80.632,16.501],[80.62,16.578],[80.747,16.661],[80.951,16.677],[81.073,16.804],[81.259,16.849],[81.244,16.922],[81.28,16.955],[81.496,16.982],[81.596,17.074],[81.662,17.081],[81.689,17.219],[82.01,17.216],[82.109,17.148],[82.375,17.276],[83.062,17.196],[83.38,17.108],[83.596,16.938],[83.793,16.716],[83.952,16.458],[83.933,16.367],[83.808,16.158],[83.671,16.075],[83.553,15.93],[83.278,15.705],[83.184,15.675],[83.065,15.458],[82.892,15.308],[82.775,15.142],[82.375,15.072],[82.058,14.966],[81.442,14.592],[81.392,14.596],[81.192,14.744],[81.033,14.725],[81.006,14.642],[81.02,14.43],[80.908,14.26],[80.771,14.258],[80.717,14.134],[80.743,14.008],[80.704,13.975],[80.736,13.919],[80.737,13.775],[80.778,13.708],[80.836,13.258],[80.925,13.092],[80.917,12.97],[80.605,12.676]]]}},{"type":"Feature","properties":{"prvCode":"2043","prvName":"Sirte Basin","oilMean":3409.68,"gasMean":30998.14,"boeMean":8576.0},"geometry":{"type":"Polygon","coordinates":[[[21.101,32.766],[21.219,32.536],[21.256,32.233],[21.219,32.152],[21.057,32.048],[20.938,31.782],[20.799,31.656],[20.803,31.591],[20.887,31.469],[21.266,31.148],[21.279,30.716],[21.504,30.137],[21.544,29.687],[21.606,29.551],[22.34,29.352],[22.904,29.102],[23.132,29.044],[23.995,28.939],[24.348,28.863],[23.994,28.059],[23.608,27.405],[23.428,26.864],[22.781,26.685],[22.27,26.645],[21.739,26.736],[21.148,26.926],[20.677,26.896],[20.407,26.635],[20.183,26.248],[19.937,26.265],[18.956,26.194],[18.502,26.214],[18.29,26.347],[18.226,26.45],[18.532,27.225],[18.41,27.22],[18.285,27.262],[18.147,27.482],[17.936,27.722],[17.911,27.949],[17.476,28.045],[17.283,28.263],[17.136,28.363],[16.716,28.446],[16.416,28.627],[16.332,28.759],[16.236,29.053],[15.981,29.339],[15.852,29.545],[15.786,29.784],[15.748,30.197],[16.108,30.746],[16.161,30.985],[16.159,31.139],[16.032,31.342],[16.037,31.436],[16.119,31.569],[16.419,31.844],[16.65,32.146],[16.657,31.95],[16.661,32.223],[16.811,32.656],[16.817,33.193],[17.054,33.703],[17.261,33.77],[17.735,33.733],[17.964,33.607],[18.267,33.378],[18.615,33.2],[19.096,33.156],[19.18,33.177],[19.336,33.134],[19.466,33.173],[19.73,33.177],[19.872,33.265],[20.101,33.174],[20.211,33.186],[20.247,33.153],[20.247,32.733],[20.251,32.95],[20.522,32.896],[20.968,32.884],[21.101,32.766]],[[16.713,31.843],[16.724,31.834],[16.657,31.95],[16.713,31.843]],[[17.573,31.455],[17.791,31.44],[17.057,31.558],[17.573,31.455]],[[17.915,31.407],[17.844,31.431],[17.805,31.437],[17.915,31.407]],[[18.311,31.234],[18.181,31.315],[18.112,31.339],[18.311,31.234]],[[18.696,30.943],[18.494,31.121],[18.455,31.145],[18.696,30.943]],[[18.934,30.745],[19.183,30.648],[19.205,30.651],[18.934,30.745]],[[19.273,30.66],[19.349,30.744],[19.239,30.656],[19.273,30.66]],[[19.409,30.81],[19.519,31.05],[19.389,30.788],[19.409,30.81]]]}},{"type":"Feature","properties":{"prvCode":"2054","prvName":"Trias/Ghadames Basin","oilMean":2297.21,"gasMean":7903.4,"boeMean":3614.4},"geometry":{"type":"Polygon","coordinates":[[[11.497,27.388],[11.264,27.159],[11.073,26.783],[11.018,26.753],[10.608,26.77],[10.089,26.903],[9.863,26.984],[9.812,27.125],[9.815,27.242],[9.927,27.564],[9.962,27.815],[9.912,28.177],[10.054,28.511],[10.256,28.717],[10.342,29.385],[10.559,30.023],[9.817,29.956],[8.758,29.656],[8.159,29.443],[7.902,29.238],[7.261,28.989],[7.146,28.914],[6.897,28.869],[6.746,28.78],[6.594,28.75],[6.264,28.596],[6.029,28.437],[5.432,28.272],[4.753,28.188],[3.948,28.159],[3.372,28.003],[3.167,28.67],[3.081,28.853],[2.388,30.005],[2.276,30.449],[2.276,30.793],[2.44,31.201],[2.716,31.476],[3.504,32.433],[3.666,32.556],[4.524,33.059],[5.026,33.144],[4.381,33.556],[3.875,33.625],[3.568,33.604],[2.863,33.715],[3.369,34.007],[3.578,34.061],[3.646,34.154],[4.111,34.453],[4.427,34.761],[4.574,34.738],[4.907,34.799],[5.143,34.708],[5.321,34.69],[5.608,34.751],[5.769,34.852],[6.073,34.758],[6.768,34.76],[7.266,34.678],[7.469,34.524],[7.461,34.471],[7.583,34.413],[7.887,34.384],[8.015,34.338],[8.272,34.339],[8.358,34.376],[8.313,34.438],[8.338,34.503],[8.48,34.519],[8.525,34.457],[8.501,34.379],[8.671,34.434],[8.787,34.375],[9.001,34.348],[9.031,34.31],[8.792,34.176],[8.305,34.133],[8.195,34.09],[8.171,34.028],[8.442,34.079],[9.041,34.049],[9.225,34.078],[9.174,33.987],[9.242,33.928],[9.238,33.885],[9.069,33.785],[9.158,33.718],[9.306,33.694],[9.917,33.879],[10.102,33.735],[10.105,33.634],[10.189,33.52],[10.259,33.529],[10.323,33.46],[10.36,33.52],[10.39,33.451],[10.347,33.384],[10.216,33.417],[10.185,33.393],[10.347,33.292],[10.473,33.14],[10.497,33.064],[10.461,32.941],[10.522,32.779],[10.448,32.621],[10.837,32.604],[11.647,32.244],[12.005,32.124],[12.101,32.046],[12.065,31.9],[11.9,31.72],[12.155,31.601],[12.326,31.435],[12.526,31.382],[12.792,31.373],[12.896,31.399],[13.415,31.334],[13.67,31.357],[13.894,31.473],[14.032,31.673],[14.089,31.839],[14.189,31.887],[14.53,31.866],[14.851,31.953],[15.055,31.934],[15.441,31.815],[15.841,31.566],[16.126,31.309],[16.164,31.228],[16.154,31.152],[15.917,30.585],[15.897,30.439],[15.779,30.259],[15.626,30.133],[15.431,30.043],[15.299,30.078],[15.129,30.209],[14.986,30.243],[14.628,30.165],[14.206,30.019],[14.02,29.898],[13.849,29.492],[13.569,28.952],[13.431,28.749],[13.093,28.561],[12.837,28.373],[12.55,28.233],[12.431,27.979],[11.834,27.698],[11.7,27.553],[11.553,27.488],[11.497,27.388]],[[11.023,30.616],[10.739,30.28],[10.559,30.023],[11.023,30.616]],[[10.831,28.159],[11.028,28.055],[11.834,27.698],[10.831,28.159]],[[11.808,31.621],[11.659,31.458],[11.461,31.176],[11.808,31.621]],[[7.891,32.679],[7.828,32.704],[7.879,32.678],[7.891,32.679]],[[6.089,29.43],[6.092,29.48],[6.053,29.853],[6.089,29.43]],[[5.912,30.324],[5.899,30.548],[5.901,30.361],[5.912,30.324]],[[6.02,30.896],[6.126,30.969],[6.023,30.903],[6.02,30.896]],[[6.407,31.158],[6.423,31.169],[6.436,31.187],[6.407,31.158]]]}},{"type":"Feature","properties":{"prvCode":"2058","prvName":"Grand Erg-Ahnet Basin","oilMean":951.23,"gasMean":21077.57,"boeMean":4464.2},"geometry":{"type":"Polygon","coordinates":[[[0.771,24.848],[0.805,24.891],[0.884,24.896],[0.861,24.989],[0.925,25.047],[0.984,25.193],[1.029,25.226],[1.19,25.223],[1.099,25.408],[1.045,25.425],[1.016,25.367],[0.967,25.409],[0.931,25.402],[0.918,25.361],[0.859,25.386],[0.751,25.299],[0.653,25.319],[0.714,25.443],[0.672,25.509],[0.502,25.612],[0.52,25.688],[0.621,25.739],[0.559,25.79],[0.49,25.932],[0.533,26.056],[0.506,26.198],[0.462,26.172],[0.419,25.839],[0.357,25.802],[0.326,25.884],[0.267,25.887],[0.311,26.039],[0.397,26.079],[0.39,26.206],[0.46,26.258],[0.353,26.359],[0.415,26.48],[0.416,26.727],[0.447,26.731],[0.522,26.465],[0.557,26.488],[0.575,26.64],[0.629,26.602],[0.761,26.374],[0.895,26.412],[0.998,27.026],[0.95,26.819],[0.93,26.911],[0.811,27.103],[0.356,27.578],[-0.529,27.991],[-0.871,28.682],[-1.097,29.315],[-1.612,29.589],[-1.679,29.709],[-1.801,29.812],[-2.257,30.037],[-2.485,30.11],[-2.739,30.147],[-3.034,30.265],[-3.173,30.372],[-3.519,30.436],[-3.654,30.624],[-3.687,30.814],[-3.588,31.064],[-3.628,31.146],[-3.722,31.137],[-3.766,31.166],[-3.789,31.232],[-3.764,31.316],[-3.975,31.45],[-4.349,31.525],[-4.579,31.624],[-5.029,31.703],[-5.456,31.609],[-5.456,31.708],[-5.297,31.736],[-5.177,31.817],[-5.101,31.823],[-5.061,31.902],[-4.624,31.997],[-4.518,32.068],[-4.397,32.005],[-3.944,32.176],[-3.752,32.126],[-2.852,32.137],[-2.491,32.08],[-2.14,31.982],[-1.861,32.041],[-1.784,32.012],[-1.698,31.894],[-1.509,31.807],[-1.423,31.886],[-1.25,31.934],[-1.163,32.009],[-0.788,32.149],[-0.744,32.159],[-0.71,32.097],[-0.569,32.147],[-0.009,32.505],[0.339,32.815],[0.618,32.984],[0.713,33.017],[0.951,32.987],[1.181,33.009],[1.525,33.201],[1.616,33.15],[1.573,33.054],[1.733,33.14],[1.816,33.241],[1.992,33.274],[2.175,33.491],[2.398,33.525],[2.511,33.567],[2.562,33.631],[2.772,33.657],[2.863,33.715],[3.568,33.604],[4.004,33.621],[4.381,33.556],[5.026,33.144],[4.619,33.085],[4.446,33.027],[3.592,32.508],[3.443,32.367],[2.716,31.476],[2.483,31.258],[2.276,30.793],[2.27,30.506],[2.388,30.005],[3.081,28.853],[3.167,28.67],[3.372,28.003],[3.948,28.159],[4.753,28.188],[5.432,28.272],[6.029,28.437],[5.887,28.04],[5.748,27.324],[5.703,27.223],[5.53,27.009],[5.394,26.666],[5.38,26.757],[5.343,26.782],[5.239,26.758],[5.208,26.69],[5.128,26.708],[5.121,26.647],[5.196,26.587],[5.128,26.496],[5.128,26.436],[4.993,26.567],[4.912,26.184],[4.884,26.121],[4.851,26.138],[4.824,25.818],[4.789,25.727],[4.68,25.675],[4.629,25.563],[4.426,25.523],[4.271,25.417],[4.018,25.399],[3.93,25.297],[3.761,25.298],[3.672,25.568],[3.632,25.82],[3.537,25.875],[3.528,25.717],[3.484,25.701],[3.444,25.616],[3.405,25.618],[3.329,25.71],[3.272,25.655],[3.267,25.547],[3.335,25.523],[3.373,25.439],[3.298,25.305],[3.304,25.181],[3.357,25.047],[3.3,24.978],[3.268,24.748],[3.201,24.768],[3.125,24.92],[2.994,24.88],[2.845,25.086],[2.84,24.889],[2.795,24.852],[2.774,24.583],[2.787,24.471],[2.86,24.464],[2.853,24.327],[2.908,24.166],[2.869,24.14],[2.722,24.311],[2.67,24.308],[2.607,24.391],[2.56,24.375],[2.579,24.253],[2.499,24.353],[2.422,24.39],[2.258,24.32],[2.066,24.399],[1.887,24.569],[1.833,24.777],[1.765,24.852],[1.711,24.827],[1.762,24.779],[1.718,24.718],[1.779,24.595],[1.769,24.525],[1.724,24.482],[1.727,24.349],[1.697,24.285],[1.556,24.337],[1.276,24.549],[1.118,24.793],[1.059,24.744],[0.886,24.742],[0.771,24.848]],[[0.972,27.272],[0.869,27.497],[0.978,27.214],[0.972,27.272]],[[0.992,27.537],[0.933,27.524],[0.869,27.497],[0.992,27.537]],[[2.752,27.704],[2.303,27.687],[1.382,27.624],[2.752,27.704]],[[3.405,27.691],[2.964,27.712],[2.863,27.708],[3.405,27.691]]]}},{"type":"Feature","properties":{"prvCode":"2056","prvName":"Illizi Basin","oilMean":1033.28,"gasMean":15870.720000000001,"boeMean":3678.4},"geometry":{"type":"MultiPolygon","coordinates":[[[[10.342,29.385],[10.256,28.717],[10.056,28.515],[9.912,28.177],[9.953,27.727],[9.807,27.157],[9.96,26.765],[9.983,26.557],[9.929,26.493],[9.87,26.574],[9.778,26.605],[9.753,26.657],[9.549,26.547],[9.456,26.538],[9.377,26.137],[9.268,25.96],[9.171,25.883],[9.129,25.764],[9.026,25.73],[8.909,25.747],[8.897,25.691],[8.928,25.641],[8.883,25.606],[8.752,25.732],[8.7,25.764],[8.654,25.753],[8.388,25.587],[8.344,25.27],[8.264,25.261],[8.198,25.293],[8.15,25.254],[8.095,25.287],[7.968,25.255],[7.862,25.376],[7.426,25.383],[7.374,25.429],[7.258,25.411],[7.0,25.574],[6.867,25.589],[6.667,25.738],[6.514,25.769],[6.464,25.745],[6.399,25.909],[6.211,26.039],[6.135,26.237],[6.095,26.225],[6.103,26.125],[6.056,26.111],[5.977,26.19],[5.988,26.273],[5.599,26.321],[5.439,26.267],[5.4,26.288],[5.432,26.439],[5.424,26.514],[5.378,26.566],[5.383,26.634],[5.502,26.959],[5.669,27.167],[5.748,27.324],[5.887,28.04],[6.03,28.446],[6.264,28.596],[6.594,28.75],[6.746,28.78],[6.886,28.865],[7.697,29.143],[7.902,29.238],[8.123,29.39],[9.281,29.815],[9.873,29.964],[10.572,30.012],[10.476,29.813],[10.342,29.385]]],[[[10.435,29.631],[10.572,30.012],[10.575,30.011],[10.435,29.631]]]]}},{"type":"Feature","properties":{"prvCode":"2071","prvName":"Red Sea Basin","oilMean":5040.66,"gasMean":112349.72,"boeMean":23765.6},"geometry":{"type":"Polygon","coordinates":[[[39.6,20.671],[39.769,20.505],[39.908,20.45],[40.062,20.303],[40.611,20.061],[40.926,19.767],[41.199,19.284],[41.382,18.523],[41.511,18.198],[41.658,17.967],[41.802,17.835],[42.178,17.67],[42.308,17.567],[42.541,17.365],[42.739,17.098],[42.984,16.605],[43.067,16.312],[43.059,15.797],[43.095,15.406],[43.171,15.129],[43.304,14.95],[43.347,14.734],[43.323,14.588],[43.261,14.479],[43.157,14.455],[42.929,14.499],[42.843,14.557],[42.681,14.761],[42.401,14.673],[42.199,14.462],[42.193,14.482],[42.192,14.422],[42.109,14.35],[41.716,14.397],[41.409,14.317],[41.111,14.63],[40.756,14.708],[40.542,14.91],[40.134,15.057],[39.752,15.142],[39.653,15.279],[39.608,15.484],[39.389,15.631],[39.142,16.021],[39.045,16.624],[38.604,17.812],[38.442,17.95],[38.203,18.093],[37.886,18.236],[37.627,18.305],[37.512,18.405],[37.258,19.189],[37.201,19.713],[37.081,20.209],[37.102,20.434],[37.172,20.692],[37.111,20.905],[36.941,21.252],[36.823,21.659],[36.806,21.78],[36.838,22.062],[36.648,22.219],[36.026,22.571],[35.749,22.801],[35.649,22.939],[35.55,23.197],[35.557,23.911],[35.628,23.943],[35.756,23.92],[35.79,23.953],[35.568,24.027],[35.275,24.298],[34.842,25.091],[34.601,25.603],[34.038,26.456],[33.87,26.882],[33.27,27.555],[32.819,28.248],[32.669,28.706],[32.637,28.89],[32.651,29.142],[32.59,29.34],[32.373,29.519],[32.328,29.594],[32.48,29.93],[32.644,29.961],[32.799,29.924],[32.957,29.354],[33.038,29.198],[33.335,28.784],[33.725,28.405],[34.23,27.796],[34.43,28.088],[34.412,28.328],[34.623,28.735],[34.671,29.05],[34.756,29.321],[34.878,29.485],[34.953,29.547],[35.012,29.535],[35.041,29.49],[35.041,29.312],[34.92,29.088],[34.893,28.941],[34.776,28.673],[34.805,28.522],[34.661,28.231],[34.692,28.285],[34.781,28.293],[34.783,28.216],[34.968,28.403],[34.968,28.436],[34.887,28.503],[34.951,28.57],[35.036,28.561],[35.153,28.403],[35.235,28.216],[35.205,28.177],[35.098,28.168],[35.247,28.056],[35.347,27.84],[35.509,27.609],[35.585,27.402],[35.886,27.141],[35.931,26.949],[36.153,26.701],[36.536,26.14],[36.816,25.993],[36.874,25.921],[36.91,25.778],[37.04,25.659],[37.145,25.337],[37.212,25.239],[37.294,24.732],[37.439,24.471],[37.606,24.345],[37.9,24.27],[38.191,24.153],[38.313,24.051],[38.484,23.809],[38.698,23.646],[38.872,23.133],[39.099,22.799],[39.176,22.612],[39.222,22.39],[39.103,22.036],[39.219,21.304],[39.6,20.671]],[[39.849,20.356],[39.879,20.323],[39.908,20.303],[39.849,20.356]],[[40.809,19.483],[40.404,19.958],[40.814,19.475],[40.809,19.483]],[[34.145,27.039],[34.231,27.271],[34.145,27.04],[34.145,27.039]],[[34.512,27.93],[34.365,27.634],[34.231,27.271],[34.512,27.93]],[[35.825,23.622],[35.836,23.498],[35.845,23.482],[35.825,23.622]],[[35.916,23.91],[35.911,23.926],[35.825,23.622],[35.916,23.91]],[[35.904,23.37],[35.891,23.392],[35.901,23.373],[35.904,23.37]],[[37.384,21.42],[37.131,21.784],[37.395,21.375],[37.384,21.42]],[[37.436,21.203],[37.419,21.273],[37.428,21.158],[37.436,21.203]],[[37.342,20.695],[37.37,20.845],[37.343,20.728],[37.342,20.695]],[[37.341,20.525],[37.338,20.569],[37.337,20.54],[37.341,20.525]],[[34.682,25.861],[34.405,26.347],[34.416,26.321],[34.682,25.861]],[[35.213,24.799],[35.045,25.206],[35.187,24.831],[35.213,24.799]],[[35.843,24.133],[35.832,24.143],[35.881,24.018],[35.843,24.133]],[[37.843,20.251],[37.848,20.238],[38.019,20.015],[37.843,20.251]],[[36.634,25.878],[36.582,25.913],[36.707,25.789],[36.634,25.878]],[[36.797,25.681],[36.757,25.729],[37.001,25.299],[36.797,25.681]],[[34.844,28.065],[34.648,28.031],[34.654,28.026],[34.844,28.065]],[[37.462,24.429],[37.502,24.357],[37.521,24.343],[37.462,24.429]],[[37.554,24.318],[37.628,24.262],[38.045,24.057],[37.554,24.318]]]}},{"type":"Feature","properties":{"prvCode":"2032","prvName":"Levant Basin","oilMean":1689.0,"gasMean":122378.75,"boeMean":22085.5},"geometry":{"type":"Polygon","coordinates":[[[34.346,30.75],[33.586,32.365],[33.434,32.572],[33.075,32.936],[32.77,33.142],[33.377,33.729],[33.825,34.252],[34.042,34.45],[34.096,34.478],[34.437,34.488],[34.71,34.536],[35.143,34.714],[35.376,34.954],[35.736,35.495],[35.912,35.635],[36.278,36.049],[36.197,35.84],[36.128,35.414],[36.107,34.714],[36.043,34.431],[35.688,33.698],[35.576,33.351],[35.526,32.042],[35.327,31.043],[34.346,30.75]],[[35.569,34.759],[35.575,34.803],[35.553,34.709],[35.569,34.759]]]}},{"type":"Feature","properties":{"prvCode":"2035","prvName":"Nile Delta Basin","oilMean":1762.61,"gasMean":223241.75,"boeMean":38969.6},"geometry":{"type":"Polygon","coordinates":[[[32.24,30.245],[31.588,30.16],[31.091,30.148],[30.708,30.184],[30.082,30.393],[29.259,30.826],[28.417,31.361],[28.031,31.73],[27.767,32.04],[26.889,33.451],[27.044,33.574],[28.069,34.145],[29.504,34.795],[30.132,34.992],[31.989,34.569],[32.526,34.3],[32.973,34.288],[33.261,34.212],[33.523,34.21],[33.825,34.252],[33.377,33.729],[32.77,33.142],[33.317,32.713],[33.586,32.365],[34.036,31.456],[34.346,30.75],[33.644,30.54],[32.24,30.245]],[[28.57,33.729],[28.457,33.693],[28.162,33.517],[28.57,33.729]],[[28.807,33.788],[28.746,33.785],[28.701,33.771],[28.807,33.788]],[[31.307,33.536],[31.164,33.55],[30.531,33.541],[31.307,33.536]],[[31.703,33.485],[31.564,33.512],[31.476,33.52],[31.703,33.485]],[[32.152,33.388],[32.075,33.412],[32.022,33.422],[32.152,33.388]]]}},{"type":"Feature","properties":{"prvCode":"2048","prvName":"Pelagian Basin","oilMean":483.69,"gasMean":6255.36,"boeMean":1526.2},"geometry":{"type":"Polygon","coordinates":[[[11.256,37.238],[11.739,37.011],[12.222,36.608],[12.655,36.125],[13.084,35.805],[13.512,35.625],[14.102,35.471],[14.81,35.22],[16.019,34.989],[16.152,34.927],[16.273,34.823],[16.263,34.681],[16.033,34.324],[15.906,34.214],[15.606,34.055],[14.889,33.891],[14.522,33.662],[14.478,33.547],[14.479,33.266],[14.431,33.09],[14.196,32.854],[14.012,32.731],[13.776,32.8],[13.579,32.796],[13.225,32.912],[12.814,32.799],[12.344,32.828],[11.878,33.065],[11.638,33.102],[11.526,33.171],[11.445,33.139],[10.814,33.221],[10.363,33.489],[10.355,33.529],[10.323,33.46],[10.259,33.529],[10.189,33.52],[10.105,33.634],[10.112,33.722],[9.942,33.841],[9.728,34.16],[9.712,34.283],[9.775,34.729],[9.703,35.068],[9.806,35.359],[9.848,35.858],[10.061,36.014],[10.175,36.28],[10.358,36.56],[10.364,36.668],[10.191,36.911],[10.191,37.028],[10.355,37.384],[10.465,37.526],[10.584,37.579],[10.979,37.414],[11.256,37.238]]]}},{"type":"Feature","properties":{"prvCode":"2064","prvName":"Essaouira Basin","oilMean":7684.46,"gasMean":58308.9,"boeMean":17402.6},"geometry":{"type":"Polygon","coordinates":[[[-7.151,31.79],[-7.346,31.674],[-7.688,31.619],[-7.827,31.392],[-7.996,31.245],[-8.2,31.213],[-8.518,31.235],[-8.928,31.148],[-9.039,31.006],[-9.074,30.806],[-9.265,30.569],[-9.528,30.502],[-9.87,30.509],[-9.819,30.831],[-9.916,30.373],[-10.043,30.199],[-10.568,29.853],[-10.775,29.668],[-11.451,29.379],[-11.967,29.094],[-12.655,28.797],[-13.029,28.549],[-13.351,28.263],[-13.416,28.248],[-13.464,28.299],[-13.405,28.649],[-13.285,28.82],[-13.004,29.032],[-11.902,29.721],[-11.587,30.01],[-11.372,30.289],[-11.256,30.515],[-11.228,30.645],[-11.337,31.174],[-11.315,31.307],[-11.141,31.531],[-10.853,32.18],[-10.132,33.352],[-9.874,34.054],[-9.567,34.68],[-9.325,34.53],[-9.131,34.465],[-8.419,34.394],[-9.021,33.991],[-9.357,33.583],[-9.581,33.138],[-9.66,32.774],[-9.708,32.205],[-9.876,31.811],[-9.855,31.676],[-9.663,31.675],[-9.43,31.752],[-9.231,31.774],[-8.691,31.68],[-8.43,31.701],[-8.03,31.676],[-7.776,31.739],[-7.69,31.844],[-7.591,31.899],[-7.256,31.97],[-7.125,31.9],[-7.151,31.79]]]}},{"type":"Feature","properties":{"prvCode":"7013","prvName":"Senegal","oilMean":2349.93,"gasMean":18705.16,"boeMean":5467.5},"geometry":{"type":"Polygon","coordinates":[[[-17.148,22.692],[-16.253,22.729],[-16.258,22.652],[-16.175,22.62],[-16.177,22.589],[-16.258,22.575],[-16.322,22.499],[-16.395,22.204],[-16.541,21.976],[-16.583,21.784],[-16.566,21.693],[-16.518,21.636],[-16.453,21.664],[-16.372,21.641],[-16.251,21.539],[-16.187,21.568],[-16.164,21.469],[-16.077,21.409],[-16.061,21.363],[-16.102,21.337],[-16.135,21.188],[-16.081,20.975],[-16.089,20.836],[-15.794,20.112],[-15.305,19.188],[-15.069,18.664],[-14.407,16.437],[-14.239,15.717],[-14.219,15.292],[-14.361,14.703],[-14.489,14.512],[-14.769,14.316],[-15.006,14.091],[-15.073,13.909],[-15.047,13.67],[-14.991,13.589],[-14.775,13.402],[-14.416,13.163],[-14.282,12.972],[-14.252,12.838],[-14.348,12.595],[-14.436,12.514],[-14.558,12.487],[-14.794,12.187],[-14.921,12.149],[-15.057,11.964],[-14.995,11.803],[-15.02,11.592],[-15.07,11.545],[-15.059,11.418],[-14.904,11.2],[-14.839,11.031],[-14.779,10.985],[-14.724,10.996],[-14.794,10.897],[-14.989,9.946],[-15.417,8.408],[-15.708,8.742],[-15.708,8.792],[-15.892,8.729],[-16.025,8.769],[-16.092,8.824],[-16.289,8.758],[-16.656,8.492],[-16.858,8.541],[-16.946,8.425],[-17.042,8.408],[-17.108,8.352],[-17.137,8.392],[-17.113,8.447],[-16.97,8.52],[-16.992,8.561],[-17.025,8.553],[-17.057,8.625],[-17.087,8.725],[-17.075,8.813],[-17.208,8.835],[-17.242,8.925],[-17.325,8.884],[-17.425,8.896],[-17.466,8.942],[-17.467,9.042],[-17.508,9.062],[-17.579,8.996],[-17.666,8.984],[-17.857,9.058],[-18.02,9.08],[-18.175,9.196],[-18.308,9.159],[-18.409,9.225],[-18.65,9.483],[-18.723,9.627],[-18.667,9.858],[-18.542,10.076],[-18.421,10.158],[-18.41,10.358],[-18.27,10.608],[-18.24,10.808],[-18.254,10.912],[-18.325,11.042],[-18.402,11.075],[-18.329,11.429],[-18.248,11.475],[-18.325,11.502],[-18.342,11.542],[-18.334,11.817],[-18.275,11.858],[-18.324,11.893],[-18.395,12.058],[-18.375,12.092],[-18.404,12.175],[-18.341,12.242],[-18.425,12.242],[-18.459,12.308],[-18.426,12.493],[-18.372,12.558],[-18.472,12.575],[-18.435,12.642],[-18.464,12.708],[-18.458,12.842],[-18.558,13.012],[-18.773,13.227],[-18.883,13.392],[-18.883,13.458],[-19.08,13.525],[-19.155,13.692],[-19.692,14.146],[-20.0,14.508],[-20.278,14.742],[-20.258,14.783],[-20.108,14.788],[-19.992,14.84],[-20.008,14.873],[-20.168,14.898],[-20.325,15.092],[-20.443,15.157],[-20.549,15.285],[-20.622,15.405],[-20.592,15.48],[-20.725,15.485],[-20.825,15.625],[-20.945,15.675],[-20.942,15.775],[-21.202,16.376],[-21.377,17.203],[-21.345,18.061],[-21.202,18.873],[-21.138,19.874],[-20.995,20.399],[-20.808,20.712],[-20.408,20.887],[-20.358,20.942],[-20.408,20.958],[-20.408,20.992],[-20.315,21.058],[-20.222,21.472],[-20.131,21.558],[-20.108,21.625],[-20.039,21.642],[-19.973,21.758],[-19.965,21.875],[-20.019,21.958],[-19.95,22.108],[-19.992,22.225],[-20.108,22.308],[-20.054,22.542],[-20.108,22.575],[-20.106,22.642],[-20.177,22.742],[-20.125,22.825],[-20.175,22.892],[-20.2,23.092],[-20.108,23.171],[-20.123,23.273],[-17.842,22.805],[-17.148,22.692]]]}},{"type":"Feature","properties":{"prvCode":"7183","prvName":"Gulf of Guinea","oilMean":4070.69,"gasMean":34460.41,"boeMean":9814.1},"geometry":{"type":"Polygon","coordinates":[[[2.824,7.326],[2.871,7.301],[2.916,7.322],[2.912,7.431],[2.959,7.376],[3.052,7.373],[3.053,7.331],[3.16,7.329],[3.189,7.223],[3.247,7.223],[3.313,7.079],[3.37,7.035],[3.561,7.047],[3.636,6.991],[3.733,6.989],[3.884,6.85],[4.29,6.754],[4.376,6.767],[4.523,6.658],[4.643,6.621],[4.661,6.231],[4.609,5.963],[4.516,5.857],[4.371,5.824],[3.348,5.192],[2.14,4.338],[2.058,4.322],[1.792,4.161],[1.658,4.177],[1.375,4.288],[0.825,4.298],[0.692,4.334],[0.575,4.412],[0.442,4.415],[-0.092,4.597],[-0.192,4.606],[-0.425,4.515],[-0.742,4.325],[-0.795,4.328],[-1.025,4.203],[-1.125,4.198],[-1.208,4.118],[-1.675,4.003],[-2.125,3.84],[-2.174,3.774],[-2.658,3.49],[-3.025,3.397],[-3.184,3.416],[-3.25,3.467],[-3.292,3.564],[-3.439,3.594],[-3.447,3.642],[-3.692,3.639],[-3.758,3.668],[-3.808,3.642],[-3.925,3.681],[-3.992,3.751],[-4.091,3.775],[-4.375,3.736],[-4.425,3.808],[-4.458,3.686],[-5.108,3.642],[-5.225,3.61],[-5.358,3.676],[-5.875,3.623],[-5.914,3.653],[-6.425,3.722],[-6.692,3.681],[-6.742,3.711],[-6.825,3.642],[-7.124,3.61],[-7.158,3.658],[-7.292,3.601],[-7.642,3.568],[-7.853,3.613],[-7.644,4.332],[-7.462,4.336],[-7.172,4.511],[-7.042,4.523],[-6.867,4.659],[-6.639,4.697],[-6.417,4.83],[-6.248,4.844],[-6.111,4.904],[-5.798,5.098],[-5.229,5.207],[-5.18,5.258],[-5.016,5.297],[-4.983,5.353],[-4.844,5.43],[-4.67,5.428],[-4.539,5.474],[-4.281,5.426],[-4.167,5.459],[-4.042,5.45],[-3.96,5.523],[-3.691,5.465],[-3.546,5.531],[-3.461,5.533],[-3.393,5.432],[-3.301,5.435],[-3.091,5.356],[-3.055,5.39],[-3.019,5.38],[-2.861,5.224],[-2.688,5.113],[-2.539,5.06],[-2.465,4.945],[-2.274,4.884],[-2.102,4.742],[-1.929,4.738],[-1.895,4.797],[-1.731,4.865],[-1.708,4.922],[-1.628,4.961],[-1.611,5.02],[-1.401,5.107],[-1.257,5.083],[-0.994,5.193],[-0.836,5.193],[-0.722,5.295],[-0.494,5.354],[-0.402,5.482],[-0.33,5.479],[-0.007,5.623],[0.111,5.718],[0.22,5.747],[0.374,5.854],[0.49,5.884],[0.53,5.829],[0.606,5.857],[0.629,5.899],[0.511,5.982],[0.399,6.03],[0.263,6.023],[0.215,6.086],[0.263,6.12],[0.509,6.091],[0.611,6.026],[0.66,6.031],[0.777,6.139],[1.039,6.2],[1.101,6.29],[1.361,6.481],[1.511,6.804],[1.603,6.854],[1.658,7.002],[1.912,7.09],[1.931,7.198],[2.075,7.352],[2.113,7.325],[2.204,7.333],[2.209,7.273],[2.289,7.19],[2.318,7.319],[2.413,7.244],[2.551,7.44],[2.711,7.492],[2.776,7.461],[2.824,7.326]]]}},{"type":"Feature","properties":{"prvCode":"7192","prvName":"Niger Delta","oilMean":15533.85,"gasMean":58221.64,"boeMean":25237.5},"geometry":{"type":"Polygon","coordinates":[[[5.159,6.478],[5.719,6.513],[5.893,6.464],[6.196,6.075],[6.321,5.97],[6.652,5.79],[6.955,5.683],[7.447,5.447],[7.599,5.317],[7.701,5.166],[7.837,5.079],[7.938,5.065],[8.061,5.14],[8.131,5.045],[8.224,5.055],[8.637,4.818],[8.7,4.831],[8.709,4.891],[8.758,4.876],[8.822,4.922],[8.944,4.753],[8.962,4.606],[9.024,4.516],[8.923,4.374],[8.943,4.033],[8.907,3.938],[8.685,3.767],[8.583,3.643],[8.548,3.463],[8.442,3.443],[8.426,3.414],[8.36,2.848],[7.063,1.353],[6.93,1.169],[6.689,0.685],[6.535,0.468],[5.784,-0.114],[5.687,-0.157],[5.428,-0.195],[5.296,-0.178],[5.234,-0.062],[5.313,0.128],[5.501,0.429],[5.505,0.617],[5.374,0.946],[5.045,1.205],[5.051,1.32],[5.137,1.476],[5.124,1.587],[5.006,1.616],[4.785,1.567],[4.641,1.576],[4.602,1.671],[4.682,1.918],[4.611,2.008],[4.105,1.895],[3.992,2.192],[4.058,2.225],[3.882,2.358],[3.808,2.558],[3.642,2.578],[3.458,2.518],[3.382,2.608],[3.398,2.718],[3.578,2.875],[3.623,2.958],[3.592,3.058],[3.442,3.112],[3.242,3.125],[3.225,3.192],[3.13,3.263],[2.983,3.558],[2.725,3.742],[2.608,3.908],[2.292,4.242],[2.113,4.32],[3.348,5.192],[4.371,5.824],[4.562,5.887],[4.661,6.231],[4.643,6.621],[5.159,6.478]]]}},{"type":"Feature","properties":{"prvCode":"7203","prvName":"West-Central Coastal","oilMean":49736.01,"gasMean":75791.18,"boeMean":62367.9},"geometry":{"type":"Polygon","coordinates":[[[14.219,-9.207],[14.363,-9.266],[14.382,-9.349],[14.45,-9.414],[14.538,-9.601],[14.469,-9.937],[14.399,-10.052],[14.293,-10.356],[14.305,-10.433],[14.259,-10.642],[14.141,-10.917],[14.12,-11.288],[14.071,-11.288],[14.009,-11.352],[14.013,-11.417],[13.953,-11.549],[13.962,-11.744],[13.844,-12.118],[13.779,-12.197],[13.762,-12.336],[13.671,-12.438],[13.626,-12.583],[13.455,-12.77],[13.45,-12.835],[13.304,-12.8],[13.271,-12.819],[13.203,-12.947],[12.904,-13.139],[12.802,-13.275],[12.74,-13.317],[12.697,-13.31],[12.661,-13.376],[12.578,-13.402],[12.594,-13.552],[12.553,-13.88],[12.577,-14.014],[12.541,-14.226],[12.455,-14.363],[12.414,-14.541],[12.477,-14.772],[12.322,-14.882],[12.324,-14.954],[12.209,-14.948],[12.155,-15.121],[12.186,-15.182],[12.107,-15.229],[12.045,-15.611],[11.897,-15.794],[11.808,-15.764],[11.764,-15.84],[11.841,-16.122],[11.878,-16.657],[11.855,-16.784],[11.812,-16.804],[11.839,-16.852],[11.775,-17.116],[11.791,-17.246],[11.753,-17.255],[11.732,-17.372],[11.722,-17.625],[11.22,-17.885],[11.044,-18.066],[10.938,-18.254],[10.819,-18.363],[10.472,-18.392],[10.146,-18.554],[10.108,-18.39],[10.008,-18.422],[9.958,-18.342],[9.974,-18.175],[10.069,-17.908],[9.937,-17.208],[9.942,-17.072],[9.908,-17.02],[9.758,-16.975],[9.838,-16.858],[9.875,-16.586],[9.642,-16.275],[9.692,-16.235],[9.825,-16.283],[9.908,-16.25],[10.06,-16.293],[10.129,-16.258],[10.16,-16.19],[10.008,-15.992],[9.942,-15.808],[9.797,-15.653],[9.746,-15.542],[9.654,-14.996],[9.737,-14.742],[9.675,-14.575],[9.708,-14.542],[9.776,-14.557],[9.675,-14.267],[9.655,-14.092],[9.692,-13.925],[9.875,-13.625],[9.935,-13.092],[9.925,-12.992],[9.845,-12.872],[9.742,-12.788],[9.733,-12.742],[9.792,-12.718],[9.892,-12.733],[9.954,-12.675],[9.96,-12.608],[9.901,-12.492],[10.006,-11.975],[10.092,-11.942],[10.256,-11.692],[10.344,-11.408],[10.386,-10.992],[10.442,-10.792],[10.472,-10.755],[10.512,-10.758],[10.627,-10.956],[10.675,-10.932],[10.696,-10.875],[10.664,-10.742],[10.408,-10.558],[10.325,-10.442],[10.318,-10.375],[10.342,-10.342],[10.408,-10.358],[10.66,-10.523],[10.925,-10.559],[10.972,-10.525],[10.908,-10.416],[10.708,-10.248],[10.436,-10.081],[10.387,-9.992],[10.61,-9.242],[10.558,-8.78],[10.348,-8.486],[10.27,-8.297],[10.303,-7.992],[10.242,-7.804],[10.192,-7.762],[9.942,-7.719],[9.892,-7.625],[9.775,-7.558],[9.775,-7.508],[9.742,-7.492],[9.758,-7.442],[9.625,-7.408],[8.886,-6.825],[8.942,-6.725],[8.681,-6.558],[8.608,-6.567],[8.442,-6.467],[8.35,-6.467],[8.392,-6.292],[8.325,-6.264],[8.242,-6.15],[8.179,-5.992],[8.208,-5.942],[8.204,-5.754],[8.359,-5.698],[8.325,-5.675],[8.342,-5.575],[8.308,-5.542],[8.312,-5.448],[8.183,-5.408],[8.148,-5.192],[8.208,-4.858],[8.278,-4.808],[8.275,-4.708],[8.342,-4.642],[8.325,-4.592],[8.258,-4.558],[8.258,-4.425],[8.308,-4.313],[8.575,-3.977],[8.565,-3.692],[8.525,-3.623],[8.414,-3.553],[8.202,-3.282],[8.094,-3.058],[7.575,-3.097],[7.233,-2.967],[7.694,-2.42],[7.881,-2.118],[7.644,-1.853],[7.377,-1.959],[7.197,-1.957],[6.986,-1.91],[6.76,-1.796],[6.51,-1.575],[6.371,-1.362],[6.328,-1.183],[6.342,-1.025],[6.149,-0.895],[6.156,-0.838],[6.309,-0.628],[7.116,0.009],[7.219,0.312],[7.143,0.438],[6.91,0.54],[6.744,0.535],[6.547,0.482],[6.689,0.685],[6.93,1.169],[7.063,1.353],[8.36,2.848],[8.383,3.266],[8.434,3.441],[8.548,3.463],[8.571,3.628],[8.933,3.989],[8.948,4.223],[8.923,4.374],[9.026,4.493],[8.962,4.606],[8.944,4.753],[9.459,4.605],[9.519,4.643],[9.487,4.481],[9.516,4.489],[9.519,4.535],[9.612,4.52],[9.649,4.578],[9.754,4.598],[9.78,4.52],[9.911,4.464],[9.969,4.251],[9.965,4.03],[10.062,3.752],[10.08,3.419],[9.943,3.123],[9.83,2.622],[9.839,2.31],[9.901,2.174],[9.916,1.991],[9.547,1.309],[9.409,1.152],[9.508,1.148],[9.563,1.103],[9.635,0.928],[9.789,0.762],[9.893,0.567],[10.054,0.415],[10.141,0.402],[10.241,0.225],[10.375,0.139],[10.386,0.08],[10.468,0.033],[10.552,-0.101],[10.513,-0.312],[10.505,-0.64],[10.656,-0.779],[10.675,-0.835],[10.645,-0.856],[10.561,-0.834],[10.448,-0.737],[10.368,-0.608],[10.32,-0.605],[10.361,-0.776],[10.356,-0.972],[10.301,-1.215],[10.225,-1.33],[10.213,-1.48],[10.136,-1.535],[10.154,-1.679],[10.122,-1.769],[10.138,-1.878],[10.185,-1.936],[10.171,-2.047],[10.208,-2.096],[10.158,-2.425],[10.412,-2.696],[10.439,-2.798],[10.63,-3.109],[10.703,-3.3],[10.681,-3.392],[10.719,-3.449],[10.784,-3.389],[10.802,-3.442],[11.076,-3.557],[11.085,-3.661],[11.142,-3.666],[11.195,-3.726],[11.259,-3.711],[11.333,-3.774],[11.482,-3.794],[11.583,-3.916],[11.784,-3.929],[12.197,-4.472],[12.295,-4.527],[12.369,-4.637],[12.425,-4.638],[12.562,-4.794],[12.659,-4.972],[12.719,-5.189],[12.795,-5.233],[12.792,-5.287],[12.84,-5.329],[12.834,-5.407],[12.885,-5.47],[12.877,-5.626],[12.984,-5.709],[12.975,-5.815],[13.166,-5.9],[13.076,-5.946],[13.059,-6.001],[13.19,-6.219],[13.264,-6.22],[13.304,-6.284],[13.143,-6.323],[13.097,-6.702],[13.039,-6.851],[13.054,-6.956],[12.974,-7.246],[13.056,-7.576],[13.323,-8.07],[13.541,-8.308],[13.562,-8.391],[13.901,-8.692],[14.058,-8.861],[14.071,-8.944],[14.231,-9.076],[14.248,-9.129],[14.219,-9.207]]]}},{"type":"Feature","properties":{"prvCode":"7066","prvName":"Chad","oilMean":2314.59,"gasMean":14647.68,"boeMean":4755.9},"geometry":{"type":"Polygon","coordinates":[[[10.732,22.282],[10.871,22.144],[10.959,22.124],[11.142,21.961],[11.252,21.799],[11.376,21.449],[11.479,21.407],[11.522,21.319],[11.581,21.327],[11.605,21.297],[11.509,21.064],[11.628,20.757],[11.794,20.638],[11.973,20.323],[12.253,19.512],[12.575,19.205],[12.753,18.924],[13.791,18.441],[14.109,17.894],[14.416,17.192],[14.73,16.885],[14.83,16.288],[14.916,16.112],[15.054,15.943],[15.38,15.693],[15.344,15.31],[15.194,14.891],[14.935,14.384],[14.833,13.768],[14.564,13.028],[14.086,12.493],[14.005,12.198],[14.107,11.983],[14.271,11.8],[14.526,11.603],[14.98,11.577],[15.637,11.693],[16.346,12.288],[16.672,12.743],[17.046,13.078],[17.493,13.321],[18.526,14.039],[18.906,14.894],[19.14,15.3],[19.532,15.855],[19.604,16.231],[19.506,16.616],[19.627,16.971],[20.018,17.647],[20.258,17.613],[20.272,16.947],[20.132,16.402],[20.032,15.517],[19.53,14.506],[19.087,13.975],[18.561,13.513],[17.983,13.099],[17.541,12.697],[16.457,11.55],[15.007,11.38],[14.645,11.39],[14.547,11.353],[14.423,11.412],[14.162,11.42],[13.524,11.574],[13.093,11.634],[12.77,11.6],[11.944,11.435],[11.858,11.349],[11.811,11.424],[11.728,11.475],[11.472,11.5],[11.406,11.367],[11.39,11.459],[11.362,11.467],[11.424,11.649],[11.352,11.78],[11.373,11.993],[11.856,12.231],[12.018,12.973],[12.049,13.516],[11.973,14.132],[11.906,14.427],[11.742,14.694],[11.511,14.977],[11.252,15.155],[10.919,15.315],[10.783,15.515],[10.688,15.881],[10.609,16.419],[10.457,16.842],[9.814,17.429],[9.822,17.603],[9.732,17.724],[9.678,17.753],[9.581,17.729],[9.547,17.78],[9.474,17.796],[9.337,17.986],[9.115,18.181],[9.118,18.223],[9.029,18.324],[9.0,18.427],[8.913,18.471],[8.875,18.616],[8.918,18.632],[9.024,18.55],[9.194,18.568],[9.439,18.444],[9.466,18.46],[9.544,18.284],[9.751,18.084],[10.136,17.904],[10.3,18.08],[10.274,18.401],[10.395,18.639],[10.457,18.863],[10.017,19.843],[9.812,20.945],[9.75,21.456],[9.587,21.894],[9.754,22.077],[9.845,21.986],[9.902,21.582],[10.1,21.144],[10.44,20.107],[10.826,19.25],[10.966,19.2],[11.078,19.262],[11.204,19.512],[11.225,20.155],[11.123,20.638],[10.89,21.085],[10.262,21.939],[10.034,22.198],[10.08,22.304],[10.271,22.455],[10.473,22.491],[10.612,22.328],[10.732,22.282]]]}},{"type":"Feature","properties":{"prvCode":"7417","prvName":"Seychelles","oilMean":2394.1,"gasMean":20376.03,"boeMean":5790.1},"geometry":{"type":"Polygon","coordinates":[[[58.734,-10.159],[58.379,-9.867],[57.087,-8.198],[56.821,-7.921],[56.564,-7.724],[55.914,-7.365],[55.164,-7.04],[54.57,-6.834],[53.648,-6.622],[53.138,-6.449],[52.717,-6.134],[52.649,-5.904],[52.872,-5.218],[53.28,-4.435],[53.532,-4.025],[53.744,-3.767],[53.994,-3.547],[54.454,-3.287],[54.752,-3.208],[55.105,-3.167],[55.39,-3.182],[55.673,-3.241],[56.229,-3.493],[56.733,-3.871],[57.954,-5.063],[59.445,-6.596],[60.26,-7.613],[60.535,-8.146],[60.636,-8.579],[60.614,-8.97],[60.494,-9.43],[60.301,-9.741],[59.765,-10.203],[59.44,-10.326],[59.26,-10.347],[59.088,-10.323],[58.734,-10.159]]]}},{"type":"Feature","properties":{"prvCode":"7303","prvName":"Orange River Basin","oilMean":1057.1,"gasMean":27839.37,"boeMean":5697.0},"geometry":{"type":"Polygon","coordinates":[[[12.021,-18.471],[12.307,-18.717],[12.461,-18.928],[13.056,-20.074],[13.175,-20.181],[13.253,-20.469],[13.353,-20.647],[13.404,-20.862],[13.859,-21.508],[13.878,-21.595],[13.968,-21.735],[13.953,-21.779],[14.286,-22.123],[14.511,-22.553],[14.535,-22.882],[14.49,-22.962],[14.481,-22.887],[14.447,-22.93],[14.437,-22.882],[14.411,-22.967],[14.498,-23.324],[14.434,-23.415],[14.495,-23.583],[14.51,-23.826],[14.46,-23.959],[14.463,-24.103],[14.614,-24.462],[14.598,-24.56],[14.779,-24.804],[14.792,-24.938],[14.857,-25.059],[14.801,-25.28],[14.881,-25.567],[14.838,-25.762],[14.981,-26.063],[14.974,-26.13],[14.947,-26.137],[14.97,-26.34],[15.088,-26.403],[15.172,-26.602],[15.094,-26.634],[15.084,-26.697],[15.158,-26.903],[15.235,-26.969],[15.294,-27.322],[15.519,-27.627],[15.531,-27.73],[15.671,-27.873],[15.736,-28.011],[16.354,-28.563],[16.452,-28.615],[16.49,-28.578],[16.492,-28.646],[16.615,-28.876],[16.667,-28.902],[16.818,-29.094],[17.001,-29.52],[17.086,-29.84],[17.278,-30.342],[17.804,-31.219],[18.254,-31.724],[18.308,-31.874],[18.391,-32.558],[18.625,-32.855],[18.934,-33.155],[19.039,-33.335],[19.085,-33.561],[19.106,-33.973],[19.005,-34.198],[18.659,-34.462],[18.086,-34.729],[17.213,-34.961],[16.454,-35.082],[16.468,-34.958],[16.382,-34.875],[16.377,-34.758],[16.299,-34.658],[16.258,-34.452],[16.153,-34.358],[16.166,-34.292],[15.825,-34.087],[15.744,-33.975],[15.349,-33.758],[15.275,-33.671],[15.158,-33.648],[14.968,-33.465],[14.902,-33.342],[14.442,-33.258],[14.333,-33.158],[14.008,-33.119],[13.842,-33.05],[13.771,-33.055],[13.642,-33.129],[13.308,-33.081],[13.042,-33.128],[12.915,-33.058],[12.881,-32.936],[12.742,-32.858],[12.723,-32.71],[12.673,-32.658],[12.662,-32.571],[12.592,-32.508],[12.539,-32.342],[12.556,-32.158],[12.528,-32.025],[12.417,-31.975],[12.392,-31.9],[12.304,-31.808],[12.153,-31.758],[12.056,-31.625],[12.057,-31.542],[12.125,-31.5],[12.16,-31.258],[12.123,-30.875],[12.066,-30.725],[12.066,-30.408],[11.968,-30.308],[11.908,-30.075],[11.908,-29.846],[11.858,-29.808],[11.792,-29.808],[11.825,-29.742],[11.708,-29.65],[11.7,-29.425],[11.742,-29.286],[11.832,-29.208],[11.882,-29.075],[12.128,-28.825],[12.135,-28.608],[12.21,-28.36],[12.221,-28.025],[12.344,-27.642],[12.334,-27.492],[12.175,-27.25],[12.008,-27.065],[11.911,-26.875],[11.779,-26.092],[11.708,-25.852],[11.562,-25.608],[11.536,-25.308],[11.308,-25.008],[11.142,-24.558],[11.008,-24.427],[10.842,-24.408],[10.605,-24.108],[10.525,-23.792],[10.427,-23.625],[10.354,-23.408],[10.322,-22.875],[10.211,-22.625],[9.988,-22.262],[10.085,-22.158],[10.064,-22.075],[9.792,-21.837],[9.725,-21.806],[9.608,-21.836],[9.425,-21.758],[9.358,-21.692],[9.362,-21.475],[9.248,-21.175],[9.271,-20.971],[9.236,-20.729],[9.284,-20.418],[9.297,-19.464],[9.375,-19.404],[9.863,-19.208],[9.995,-19.095],[10.163,-19.075],[10.113,-18.992],[10.193,-18.857],[10.146,-18.554],[10.472,-18.392],[10.819,-18.363],[10.938,-18.254],[11.044,-18.066],[11.22,-17.885],[11.722,-17.625],[11.768,-17.988],[11.998,-18.374],[12.021,-18.471]]]}},{"type":"Feature","properties":{"prvCode":"7173","prvName":"West African Coastal","oilMean":3199.76,"gasMean":23629.5,"boeMean":7138.0},"geometry":{"type":"Polygon","coordinates":[[[-12.705,7.635],[-12.885,7.614],[-12.952,7.567],[-12.619,7.478],[-12.504,7.389],[-11.82,7.137],[-11.381,6.832],[-11.383,6.739],[-11.351,6.695],[-10.871,6.481],[-10.793,6.376],[-10.81,6.309],[-10.764,6.271],[-10.372,6.162],[-10.366,6.114],[-10.241,6.055],[-9.779,5.607],[-9.593,5.478],[-9.408,5.256],[-9.143,5.056],[-8.242,4.571],[-7.946,4.501],[-7.777,4.388],[-7.638,4.348],[-7.731,4.103],[-7.853,3.613],[-8.058,3.637],[-8.275,3.589],[-8.358,3.538],[-8.858,3.53],[-9.008,3.604],[-9.01,3.758],[-9.15,3.908],[-9.374,3.959],[-9.492,3.926],[-9.808,3.97],[-9.892,3.917],[-9.958,3.979],[-10.008,3.901],[-10.325,3.791],[-10.592,3.724],[-10.819,3.725],[-10.848,3.792],[-10.971,3.892],[-11.175,3.975],[-11.277,4.175],[-11.233,4.208],[-11.225,4.275],[-11.297,4.308],[-11.442,4.461],[-11.642,4.562],[-11.742,4.668],[-11.958,4.975],[-12.008,5.108],[-12.021,5.275],[-12.225,5.425],[-12.292,5.508],[-12.325,5.629],[-12.442,5.71],[-12.708,6.068],[-12.777,6.092],[-12.922,6.225],[-13.035,6.425],[-13.358,6.673],[-13.763,6.92],[-13.992,6.993],[-14.042,7.037],[-14.214,7.058],[-14.398,7.258],[-14.383,7.375],[-14.525,7.358],[-14.612,7.438],[-14.71,7.442],[-14.792,7.491],[-14.825,7.572],[-15.127,7.775],[-15.2,8.042],[-15.391,8.258],[-15.417,8.408],[-14.989,9.946],[-14.804,10.822],[-14.747,10.834],[-14.699,10.64],[-14.517,10.843],[-14.611,10.698],[-14.661,10.473],[-14.536,10.507],[-14.547,10.415],[-14.457,10.294],[-14.225,10.105],[-14.066,10.032],[-13.822,9.849],[-13.733,9.873],[-13.689,9.952],[-13.747,9.761],[-13.676,9.744],[-13.655,9.835],[-13.595,9.76],[-13.68,9.541],[-13.544,9.501],[-13.493,9.56],[-13.521,9.457],[-13.412,9.283],[-13.273,9.202],[-13.27,9.14],[-13.326,9.07],[-13.266,8.954],[-13.132,8.862],[-13.205,8.856],[-13.237,8.819],[-13.241,8.665],[-13.189,8.557],[-13.149,8.516],[-13.104,8.575],[-12.897,8.568],[-13.014,8.556],[-13.096,8.485],[-13.123,8.447],[-13.039,8.374],[-13.198,8.494],[-13.285,8.498],[-13.278,8.424],[-13.133,8.195],[-12.974,8.248],[-12.987,8.213],[-12.908,8.1],[-12.886,7.964],[-12.959,7.903],[-12.692,7.701],[-12.705,7.635]]]}},{"type":"Feature","properties":{"prvCode":"7363","prvName":"South African Coastal","oilMean":2128.65,"gasMean":35964.600000000006,"boeMean":8122.8},"geometry":{"type":"Polygon","coordinates":[[[26.804,-34.692],[26.803,-34.792],[26.61,-34.942],[26.525,-34.964],[26.408,-34.885],[26.225,-34.981],[26.108,-34.975],[25.844,-35.039],[25.727,-34.973],[25.487,-35.137],[25.192,-35.224],[24.924,-35.374],[24.797,-35.531],[24.575,-35.682],[24.346,-35.692],[24.342,-35.793],[24.43,-35.742],[24.441,-35.792],[24.512,-35.825],[24.509,-35.875],[24.442,-35.913],[24.358,-35.905],[24.342,-36.005],[24.125,-36.051],[24.025,-36.182],[23.908,-36.258],[23.892,-36.402],[23.808,-36.469],[23.525,-36.608],[23.358,-36.539],[23.275,-36.556],[23.292,-36.612],[23.225,-36.669],[23.125,-36.594],[22.945,-36.642],[22.901,-36.725],[22.965,-36.835],[22.971,-36.946],[22.92,-37.008],[22.916,-37.075],[22.642,-37.09],[22.584,-37.066],[22.575,-37.008],[22.425,-37.013],[22.332,-37.149],[22.092,-37.138],[22.053,-37.203],[21.808,-37.239],[21.74,-37.323],[21.525,-37.409],[21.502,-37.268],[21.625,-37.175],[21.525,-37.189],[21.498,-37.265],[21.375,-37.27],[21.303,-37.242],[21.331,-37.192],[21.292,-37.121],[21.252,-37.202],[21.14,-37.225],[21.122,-37.262],[21.163,-37.308],[21.092,-37.345],[21.053,-37.342],[21.044,-37.275],[20.925,-37.235],[20.783,-37.266],[20.708,-37.319],[20.442,-37.344],[20.283,-37.408],[20.175,-37.505],[19.956,-37.573],[19.684,-37.592],[19.586,-37.53],[19.567,-37.458],[19.443,-37.39],[19.426,-37.308],[19.493,-37.192],[19.478,-37.042],[19.392,-36.996],[19.404,-36.854],[19.377,-36.808],[19.008,-36.718],[18.842,-36.573],[18.725,-36.523],[18.575,-36.524],[18.425,-36.457],[18.158,-36.442],[18.125,-36.346],[17.992,-36.394],[17.883,-36.392],[17.872,-36.275],[17.665,-36.208],[17.647,-36.125],[17.592,-36.083],[17.608,-36.004],[17.425,-35.848],[17.325,-35.828],[17.225,-35.735],[17.108,-35.723],[16.999,-35.625],[16.779,-35.608],[16.795,-35.492],[16.712,-35.408],[16.554,-35.342],[16.454,-35.092],[17.213,-34.961],[17.906,-34.783],[18.358,-34.616],[18.81,-34.366],[18.992,-34.338],[19.125,-34.321],[19.143,-34.407],[19.342,-34.424],[19.379,-34.525],[19.337,-34.6],[19.424,-34.622],[19.646,-34.773],[19.858,-34.752],[20.0,-34.822],[20.09,-34.726],[20.23,-34.661],[20.481,-34.472],[20.662,-34.441],[20.799,-34.459],[20.887,-34.372],[20.943,-34.36],[21.063,-34.364],[21.301,-34.433],[21.532,-34.352],[21.775,-34.386],[21.9,-34.338],[21.944,-34.23],[22.133,-34.107],[22.297,-34.054],[22.403,-34.068],[22.539,-34.011],[22.783,-34.011],[22.812,-34.047],[22.959,-34.091],[23.366,-34.091],[23.389,-34.029],[23.649,-33.984],[24.208,-34.059],[24.282,-34.084],[24.105,-34.058],[24.386,-34.107],[24.516,-34.17],[24.825,-34.201],[24.919,-34.067],[24.918,-34.008],[24.987,-33.977],[25.164,-33.959],[25.393,-34.027],[25.627,-34.048],[25.702,-34.032],[25.616,-33.937],[25.629,-33.851],[25.763,-33.751],[26.058,-33.712],[26.46,-33.772],[27.131,-33.521],[26.804,-34.692]]]}},{"type":"Feature","properties":{"prvCode":"7343","prvName":"Mozambique Coastal","oilMean":6542.04,"gasMean":102115.34,"boeMean":23561.3},"geometry":{"type":"Polygon","coordinates":[[[37.042,-20.689],[36.897,-20.904],[36.626,-21.481],[36.488,-22.032],[36.432,-22.601],[36.46,-23.003],[36.352,-23.202],[36.367,-23.367],[36.261,-23.743],[36.321,-23.999],[36.545,-24.278],[36.317,-24.396],[34.654,-24.8],[34.417,-23.14],[34.12,-21.725],[34.068,-21.067],[34.207,-20.047],[34.538,-18.945],[34.881,-18.335],[35.566,-17.798],[35.836,-17.729],[35.939,-17.649],[36.181,-17.621],[36.319,-17.51],[36.435,-17.522],[36.498,-17.47],[36.747,-17.426],[36.924,-17.473],[37.084,-17.37],[37.16,-17.375],[37.183,-17.331],[37.316,-17.365],[37.336,-17.321],[37.498,-17.28],[37.548,-17.192],[37.629,-17.238],[37.761,-17.185],[37.88,-17.199],[37.962,-17.142],[38.037,-17.144],[38.134,-17.096],[38.308,-17.096],[38.7,-16.946],[38.735,-16.976],[38.791,-16.939],[38.975,-16.914],[39.161,-16.824],[39.289,-16.64],[39.427,-16.593],[39.476,-16.54],[39.521,-16.538],[39.6,-16.441],[39.684,-16.414],[39.627,-16.296],[39.714,-16.347],[39.769,-16.222],[39.828,-16.225],[39.869,-16.163],[39.934,-16.179],[39.946,-16.107],[40.013,-16.113],[40.084,-16.01],[40.228,-15.885],[40.295,-15.867],[40.319,-15.777],[40.235,-15.801],[40.233,-15.73],[40.326,-15.666],[40.358,-15.565],[40.394,-15.574],[40.455,-15.51],[40.459,-15.315],[40.505,-15.266],[40.566,-15.286],[40.636,-15.211],[40.554,-15.213],[40.539,-15.182],[40.578,-15.13],[40.54,-15.041],[40.582,-14.989],[40.57,-14.917],[40.61,-14.762],[40.585,-14.637],[40.623,-14.616],[40.636,-14.488],[40.52,-14.046],[40.44,-13.937],[40.452,-13.829],[40.405,-13.716],[40.402,-13.59],[40.356,-13.517],[40.265,-13.031],[40.191,-12.975],[40.209,-12.89],[40.178,-12.645],[39.999,-12.27],[39.942,-12.027],[39.926,-12.002],[39.88,-12.023],[39.791,-11.9],[39.684,-11.852],[39.528,-11.661],[39.359,-11.642],[39.336,-11.449],[39.282,-11.42],[39.294,-11.234],[39.431,-11.166],[39.452,-11.137],[39.404,-11.069],[39.504,-10.998],[39.767,-10.921],[40.346,-10.564],[40.446,-10.472],[41.617,-10.107],[41.64,-11.499],[41.355,-12.295],[41.538,-14.045],[41.658,-16.326],[41.747,-17.41],[41.607,-17.744],[41.552,-18.029],[41.572,-18.495],[41.661,-18.872],[41.164,-19.231],[40.498,-19.564],[40.225,-19.992],[39.725,-20.29],[39.399,-20.277],[38.392,-20.319],[37.042,-20.689]]]}},{"type":"Feature","properties":{"prvCode":"7373","prvName":"Morondava","oilMean":8600.08,"gasMean":133775.13,"boeMean":30895.9},"geometry":{"type":"Polygon","coordinates":[[[47.395,-12.927],[47.401,-12.781],[47.553,-12.543],[47.581,-12.373],[47.681,-12.253],[47.787,-11.992],[47.869,-11.931],[48.05,-11.971],[48.857,-12.553],[48.945,-12.842],[48.918,-12.956],[48.83,-13.097],[48.793,-13.368],[48.745,-13.409],[48.882,-13.478],[48.751,-13.669],[48.639,-13.738],[48.565,-13.859],[48.672,-13.984],[48.675,-14.027],[48.628,-14.031],[48.513,-13.92],[48.425,-13.955],[48.345,-13.945],[48.323,-14.049],[48.394,-14.11],[48.462,-14.087],[48.467,-14.121],[48.35,-14.459],[48.257,-14.527],[48.234,-14.641],[48.146,-14.78],[48.084,-14.976],[48.03,-15.392],[47.953,-15.629],[47.863,-15.812],[47.662,-16.0],[47.624,-16.162],[47.34,-16.576],[46.986,-16.817],[46.758,-17.041],[46.633,-17.11],[46.481,-17.277],[46.363,-17.349],[46.26,-17.492],[45.878,-17.516],[45.661,-17.708],[45.515,-17.764],[45.419,-17.764],[45.278,-17.985],[45.22,-18.024],[45.261,-18.399],[45.321,-18.592],[45.3,-18.7],[45.395,-18.834],[45.427,-19.217],[45.486,-19.285],[45.483,-19.587],[45.621,-19.925],[45.752,-20.085],[45.848,-20.293],[45.783,-20.383],[45.885,-20.633],[45.897,-20.833],[45.792,-20.932],[45.815,-21.276],[45.674,-21.29],[45.497,-21.511],[45.475,-21.601],[45.562,-21.832],[45.579,-22.095],[45.612,-22.123],[45.529,-22.201],[45.551,-22.464],[45.427,-22.638],[45.377,-22.793],[45.339,-23.013],[45.356,-23.142],[45.307,-23.315],[45.226,-23.444],[45.171,-23.456],[45.113,-23.65],[44.992,-23.782],[44.961,-23.788],[44.956,-23.752],[45.023,-23.612],[45.0,-23.56],[44.88,-23.651],[44.86,-23.748],[44.825,-23.722],[44.765,-23.884],[44.675,-23.873],[44.623,-23.913],[44.482,-24.119],[44.515,-24.463],[44.553,-24.486],[44.63,-24.437],[44.604,-24.512],[44.652,-24.529],[44.693,-24.618],[44.651,-24.744],[44.772,-24.772],[44.775,-24.959],[44.893,-25.041],[44.474,-25.842],[44.284,-26.009],[44.189,-25.835],[44.108,-25.437],[43.991,-25.341],[43.875,-25.358],[43.817,-25.325],[43.675,-25.163],[43.692,-25.008],[43.581,-24.942],[43.512,-24.858],[43.382,-24.425],[43.345,-24.058],[43.292,-23.855],[43.154,-23.746],[43.092,-23.64],[42.996,-23.625],[42.946,-23.575],[42.958,-23.523],[43.058,-23.458],[43.075,-23.308],[43.0,-23.15],[42.946,-22.775],[42.882,-22.658],[42.875,-22.57],[42.798,-22.419],[42.487,-21.5],[42.124,-20.341],[41.721,-17.796],[41.747,-17.709],[41.859,-17.659],[41.992,-17.443],[42.245,-17.185],[42.468,-16.895],[42.721,-16.437],[42.808,-16.128],[42.913,-16.03],[43.206,-15.958],[43.235,-15.868],[43.328,-15.858],[43.625,-15.598],[43.692,-15.637],[43.929,-15.642],[43.975,-15.508],[43.892,-15.478],[43.875,-15.408],[43.925,-15.413],[44.075,-15.275],[44.181,-15.243],[44.392,-15.295],[44.525,-15.445],[44.925,-15.305],[45.258,-15.316],[45.392,-15.175],[45.558,-14.793],[45.792,-14.666],[45.866,-14.549],[46.025,-14.427],[46.35,-14.325],[46.408,-14.247],[46.392,-14.075],[46.525,-13.818],[46.708,-13.725],[46.823,-13.727],[46.942,-13.656],[47.092,-13.679],[47.258,-13.594],[47.275,-13.468],[47.413,-13.408],[47.36,-13.34],[47.331,-13.225],[47.358,-13.17],[47.475,-13.115],[47.395,-12.927]]]}},{"type":"Feature","properties":{"prvCode":"7273","prvName":"Tanzania Coastal","oilMean":4213.72,"gasMean":89698.24,"boeMean":19163.4},"geometry":{"type":"Polygon","coordinates":[[[40.446,-10.472],[40.346,-10.564],[39.767,-10.921],[39.504,-10.998],[39.404,-11.069],[39.374,-11.053],[39.349,-10.957],[39.287,-10.905],[39.196,-10.701],[39.18,-10.494],[39.21,-10.354],[39.116,-10.273],[39.045,-10.104],[39.156,-9.81],[39.107,-9.683],[39.129,-9.567],[39.243,-9.512],[39.219,-9.359],[39.163,-9.32],[39.132,-9.221],[39.221,-9.03],[39.15,-9.035],[39.13,-8.932],[39.039,-8.938],[38.996,-8.847],[38.921,-8.831],[38.961,-8.765],[38.896,-8.515],[38.763,-8.571],[38.617,-8.53],[38.387,-8.392],[38.2,-8.211],[38.014,-7.995],[37.765,-7.551],[37.852,-7.469],[38.07,-7.384],[38.155,-7.302],[38.212,-7.016],[38.154,-6.732],[38.374,-6.583],[38.408,-6.366],[38.52,-6.234],[38.619,-5.961],[38.681,-5.924],[38.719,-5.701],[38.698,-5.427],[39.056,-5.219],[39.207,-4.594],[39.52,-4.293],[39.735,-3.935],[39.841,-3.606],[39.828,-3.339],[40.011,-3.076],[40.01,-3.136],[40.15,-3.193],[41.264,-3.239],[41.256,-3.444],[41.329,-3.492],[41.254,-3.575],[41.273,-3.642],[41.242,-3.775],[41.287,-4.092],[41.267,-4.242],[41.175,-4.292],[41.226,-4.357],[41.184,-4.425],[41.177,-4.708],[41.142,-4.778],[41.025,-4.758],[40.975,-4.825],[40.775,-4.937],[40.775,-4.999],[40.877,-5.106],[40.875,-5.18],[40.725,-5.331],[40.679,-5.492],[40.589,-5.639],[40.447,-5.692],[40.481,-5.758],[40.446,-5.858],[40.525,-5.906],[40.592,-5.892],[40.683,-5.808],[40.758,-5.827],[40.759,-5.892],[40.686,-5.942],[40.673,-6.025],[40.775,-6.083],[40.789,-6.125],[40.748,-6.182],[40.722,-6.358],[40.699,-6.592],[40.727,-6.708],[40.656,-6.825],[40.725,-7.208],[40.687,-7.325],[40.558,-7.428],[40.574,-7.708],[40.473,-7.858],[40.487,-7.958],[40.412,-8.142],[40.443,-8.242],[40.413,-8.392],[40.363,-8.442],[40.367,-8.608],[40.28,-8.758],[40.192,-8.78],[40.12,-8.763],[40.008,-8.666],[39.892,-9.058],[39.919,-9.275],[40.0,-9.492],[40.125,-9.558],[40.208,-9.668],[40.275,-9.693],[40.408,-9.659],[40.562,-9.665],[40.808,-9.861],[41.431,-10.011],[41.593,-10.069],[41.617,-10.107],[40.446,-10.472]]]}},{"type":"Feature","properties":{"prvCode":"3142","prvName":"Sichuan Basin","oilMean":119.29,"gasMean":27905.539999999997,"boeMean":4770.2},"geometry":{"type":"Polygon","coordinates":[[[108.932,31.859],[109.177,31.775],[109.609,31.77],[109.917,31.629],[109.911,31.571],[109.965,31.484],[110.181,31.383],[110.426,31.353],[110.753,31.388],[110.811,31.146],[110.797,30.98],[110.423,31.049],[110.075,30.995],[110.014,31.058],[109.929,31.082],[109.486,30.822],[109.303,30.496],[109.098,30.397],[108.937,30.189],[108.827,30.101],[108.767,30.112],[108.744,30.216],[108.671,30.194],[108.298,29.931],[108.144,29.872],[107.918,29.837],[107.812,29.712],[107.729,29.719],[107.715,29.828],[107.674,29.844],[107.558,29.57],[107.409,29.421],[107.147,29.283],[106.982,29.149],[106.893,29.046],[106.727,28.696],[106.4,28.477],[106.118,28.205],[105.867,28.148],[105.603,28.182],[105.652,28.119],[105.612,28.088],[105.416,28.133],[105.182,27.996],[105.113,27.994],[104.633,28.217],[104.354,28.227],[104.191,28.277],[103.97,28.425],[103.914,28.421],[103.799,28.304],[103.743,28.306],[103.747,28.375],[103.898,28.531],[103.884,28.564],[103.674,28.498],[103.53,28.494],[103.484,28.524],[103.534,28.635],[103.536,28.82],[103.769,29.201],[103.733,29.341],[103.681,29.389],[103.594,29.406],[103.743,29.476],[103.353,29.333],[103.354,29.408],[103.521,29.569],[103.435,29.6],[103.2,29.56],[103.064,29.709],[102.976,30.013],[102.758,30.103],[102.928,30.341],[103.38,30.805],[103.542,31.042],[104.166,31.335],[104.735,31.821],[105.371,32.231],[105.665,32.467],[106.076,32.682],[106.125,32.659],[106.168,32.498],[106.238,32.414],[106.429,32.372],[107.242,32.469],[107.69,32.703],[107.963,32.715],[108.047,32.678],[108.236,32.365],[108.35,32.236],[108.932,31.859]],[[104.025,29.329],[104.018,29.326],[104.017,29.317],[104.025,29.329]],[[106.568,30.153],[106.599,30.197],[106.467,30.061],[106.568,30.153]],[[107.37,31.308],[106.756,30.437],[106.728,30.383],[107.37,31.308]],[[104.087,29.701],[103.815,29.509],[103.906,29.552],[104.087,29.701]],[[104.153,29.794],[104.566,30.651],[104.087,29.701],[104.153,29.794]],[[104.658,31.392],[104.663,31.364],[104.683,31.415],[104.658,31.392]],[[104.885,31.6],[104.863,31.58],[105.623,32.17],[104.885,31.6]],[[105.936,32.334],[106.073,32.431],[105.623,32.17],[105.936,32.334]]]}},{"type":"Feature","properties":{"prvCode":"3127","prvName":"Bohaiwan Basin","oilMean":2698.59,"gasMean":5681.34,"boeMean":3645.5},"geometry":{"type":"Polygon","coordinates":[[[123.71,42.695],[123.888,42.65],[124.222,42.83],[124.076,42.516],[123.528,41.936],[122.847,41.344],[121.366,40.157],[120.544,39.369],[120.362,39.115],[120.03,38.513],[119.197,37.201],[118.904,36.656],[118.829,36.626],[118.739,36.646],[118.437,36.816],[118.268,36.874],[117.933,36.753],[117.877,36.624],[117.785,36.629],[117.539,36.728],[116.901,36.702],[116.768,36.511],[116.353,36.222],[116.155,35.572],[115.998,34.884],[115.955,34.818],[115.807,34.734],[115.45,34.682],[114.823,34.764],[114.461,34.73],[113.278,34.723],[113.133,34.766],[112.965,34.751],[112.605,34.795],[112.516,34.841],[112.492,34.998],[112.622,35.013],[112.542,35.044],[112.515,35.16],[112.59,35.135],[112.688,35.241],[113.185,35.275],[113.345,35.329],[113.648,35.512],[113.782,35.685],[113.955,35.499],[113.996,35.475],[114.049,35.492],[114.11,35.538],[114.203,35.734],[114.365,35.855],[114.418,35.981],[114.272,36.304],[114.254,36.423],[114.269,36.493],[114.436,36.575],[114.515,36.8],[114.499,36.87],[114.311,36.706],[114.221,36.678],[114.255,36.882],[114.37,36.96],[114.578,37.262],[114.334,37.203],[114.335,37.245],[114.514,37.38],[114.567,37.604],[114.542,37.764],[114.447,37.877],[114.409,38.011],[114.4,38.147],[114.454,38.211],[114.512,38.396],[114.459,38.504],[114.633,38.586],[114.601,38.761],[114.66,38.783],[114.717,38.732],[114.709,38.647],[114.778,38.619],[115.105,38.823],[115.159,38.899],[115.511,39.165],[115.54,39.248],[115.502,39.303],[115.688,39.439],[115.732,39.54],[116.136,39.773],[116.171,39.871],[116.246,39.941],[116.39,39.996],[116.293,40.103],[116.134,40.14],[116.111,40.191],[116.254,40.289],[116.46,40.268],[116.605,40.35],[116.773,40.394],[116.904,40.374],[116.887,40.342],[116.66,40.316],[116.656,40.29],[116.781,40.246],[116.842,40.17],[117.025,40.124],[117.094,40.061],[117.169,40.043],[117.666,40.13],[117.793,40.207],[118.108,40.247],[118.253,40.194],[118.609,40.176],[118.77,40.003],[118.919,39.907],[118.943,39.818],[119.007,39.853],[119.091,39.823],[119.124,39.748],[119.172,39.742],[119.283,39.873],[119.436,39.954],[119.622,39.958],[119.804,39.891],[120.017,40.048],[120.581,40.315],[120.568,40.41],[120.929,40.729],[121.013,40.763],[121.0,40.901],[120.914,41.029],[120.846,41.059],[120.752,41.049],[120.761,41.114],[120.927,41.289],[120.954,41.161],[121.013,41.135],[121.1,41.171],[121.223,41.277],[121.38,41.537],[121.412,41.517],[121.372,41.301],[121.388,41.235],[121.482,41.231],[121.558,41.272],[121.699,41.537],[121.761,41.543],[121.834,41.497],[121.918,41.515],[121.876,41.584],[121.889,41.737],[122.046,41.651],[122.124,41.646],[122.224,41.844],[122.602,42.25],[122.778,42.298],[122.856,42.262],[122.945,42.139],[123.022,42.179],[123.131,42.452],[123.193,42.265],[123.523,42.38],[123.631,42.496],[123.656,42.563],[123.636,42.649],[123.71,42.695]]]}},{"type":"Feature","properties":{"prvCode":"3128","prvName":"Ordos Basin","oilMean":4137.28,"gasMean":6533.139999999999,"boeMean":5226.1},"geometry":{"type":"Polygon","coordinates":[[[112.099,40.863],[112.181,40.742],[112.159,40.672],[112.081,40.633],[111.801,40.644],[111.727,40.599],[111.486,40.294],[111.512,40.151],[111.571,40.101],[111.68,40.099],[111.276,39.916],[111.266,39.483],[111.319,39.423],[111.331,39.207],[111.219,39.009],[111.141,38.651],[111.182,38.508],[111.168,38.363],[111.219,38.229],[111.084,38.133],[111.213,38.027],[111.204,37.955],[111.002,37.714],[110.828,37.647],[110.885,37.626],[110.893,37.579],[110.83,37.518],[110.817,37.448],[111.004,37.293],[111.112,36.936],[111.15,36.567],[111.261,36.282],[111.18,36.046],[110.841,35.916],[110.668,35.811],[110.467,35.585],[110.355,35.509],[110.307,35.34],[110.211,35.296],[110.185,35.251],[110.204,35.203],[110.35,35.106],[110.469,34.906],[110.467,34.787],[110.366,34.587],[110.293,34.542],[110.017,34.567],[109.732,34.404],[109.618,34.251],[109.213,34.087],[108.812,34.135],[108.284,34.141],[108.04,34.251],[107.776,34.283],[107.733,34.351],[107.231,34.364],[107.004,34.438],[106.909,34.705],[106.803,34.839],[106.354,35.045],[106.298,35.113],[106.207,35.131],[106.175,35.242],[106.218,35.3],[106.19,35.375],[105.893,35.366],[105.698,35.469],[105.71,35.384],[105.384,35.404],[105.211,35.442],[104.924,35.632],[104.897,35.777],[105.043,36.11],[104.86,36.085],[104.805,36.139],[104.779,36.262],[104.678,36.331],[104.743,36.598],[104.815,36.707],[104.957,36.71],[105.045,36.754],[105.216,36.664],[105.335,36.696],[105.621,36.506],[105.7,36.482],[105.834,36.499],[105.809,36.545],[105.652,36.616],[105.384,36.83],[105.164,36.947],[105.127,36.982],[105.122,37.054],[105.148,37.093],[105.329,37.083],[105.5,37.133],[105.597,37.283],[105.712,37.319],[105.724,37.395],[105.689,37.415],[105.294,37.546],[105.615,37.704],[105.671,37.818],[105.646,37.866],[105.436,37.9],[105.563,38.0],[105.559,38.055],[105.513,38.09],[105.56,38.314],[105.601,38.375],[105.644,38.428],[105.713,38.391],[105.685,38.328],[105.7,38.257],[105.784,38.093],[105.88,38.067],[105.815,38.34],[105.934,38.694],[106.402,39.131],[106.665,39.155],[106.677,39.215],[106.604,39.558],[106.435,39.624],[106.156,39.606],[106.089,39.655],[106.082,39.728],[106.168,39.934],[106.373,40.258],[106.485,40.606],[106.677,40.85],[106.923,40.957],[107.278,41.191],[107.718,41.317],[107.99,41.271],[108.269,41.303],[109.091,41.139],[109.241,41.062],[109.209,40.994],[108.658,40.95],[108.595,40.899],[108.607,40.828],[108.679,40.782],[109.535,40.731],[110.0,40.788],[110.045,40.7],[110.173,40.602],[110.785,40.624],[110.986,40.702],[111.175,40.82],[111.48,40.822],[111.856,41.034],[112.059,40.967],[112.227,41.01],[112.254,40.947],[112.099,40.863]]]}},{"type":"Feature","properties":{"prvCode":"3154","prvName":"Tarim Basin","oilMean":5140.7,"gasMean":37990.520000000004,"boeMean":11472.5},"geometry":{"type":"Polygon","coordinates":[[[74.468,39.812],[74.893,39.753],[75.158,39.774],[75.183,39.816],[75.369,39.777],[75.734,39.915],[76.097,39.928],[76.586,40.055],[76.826,40.164],[76.779,40.193],[76.461,40.218],[76.53,40.281],[78.064,40.953],[78.49,41.076],[78.712,41.252],[78.992,41.321],[79.09,41.465],[79.537,41.744],[79.827,41.86],[80.192,41.828],[80.936,41.883],[80.999,41.817],[81.093,41.825],[81.243,42.052],[81.475,42.234],[82.162,42.21],[82.243,42.234],[82.27,42.299],[82.56,42.412],[82.786,42.42],[82.87,42.505],[83.166,42.606],[83.807,42.562],[83.95,42.636],[84.103,42.652],[85.275,42.299],[86.095,42.093],[86.126,41.995],[86.313,41.928],[86.153,41.74],[86.136,41.654],[86.179,41.613],[86.369,41.579],[86.513,41.458],[86.755,41.392],[87.102,41.433],[87.602,41.314],[87.669,41.221],[87.766,41.172],[88.079,41.116],[88.163,41.033],[88.317,41.01],[88.71,40.84],[88.944,40.842],[89.136,40.919],[89.711,41.033],[90.132,41.194],[90.413,41.205],[90.589,41.155],[90.784,41.299],[91.253,41.268],[91.404,41.288],[91.457,41.187],[91.437,41.097],[91.323,40.872],[91.248,40.801],[91.409,40.825],[91.482,40.811],[91.494,40.77],[91.254,40.693],[91.185,40.46],[91.428,40.449],[92.012,40.587],[92.291,40.584],[92.64,40.654],[92.601,40.7],[92.616,40.734],[92.953,40.769],[93.199,40.677],[93.582,40.647],[93.851,40.442],[93.816,40.305],[93.849,40.166],[94.009,40.094],[94.134,39.961],[93.906,39.899],[93.787,39.952],[93.488,39.945],[93.361,40.002],[93.362,39.945],[93.18,39.874],[93.099,39.897],[92.944,39.871],[92.524,39.711],[92.199,39.643],[92.065,39.499],[91.832,39.439],[91.678,39.445],[91.494,39.377],[91.313,39.431],[91.213,39.412],[91.096,39.48],[91.034,39.466],[91.119,39.361],[91.095,39.322],[90.184,39.419],[89.951,39.303],[89.734,39.344],[89.729,39.303],[89.911,39.078],[89.692,39.102],[89.527,39.187],[89.403,39.139],[89.279,39.133],[88.851,39.156],[88.178,38.901],[87.815,38.648],[87.565,38.525],[87.273,38.41],[87.187,38.395],[87.033,38.425],[87.017,38.379],[86.641,38.165],[86.388,38.151],[86.175,38.054],[86.129,38.06],[85.9,37.864],[85.803,37.665],[84.98,37.419],[84.482,37.429],[84.377,37.385],[84.248,37.262],[84.079,37.168],[83.848,37.111],[83.68,36.932],[83.409,36.847],[82.743,36.817],[82.64,36.758],[82.174,36.699],[81.817,36.409],[81.622,36.393],[81.583,36.263],[81.517,36.251],[81.482,36.344],[81.405,36.366],[81.299,36.257],[80.803,36.157],[80.64,36.182],[80.516,36.252],[79.818,36.317],[79.854,36.502],[79.908,36.565],[80.033,36.578],[80.066,36.627],[80.467,36.593],[80.526,36.651],[80.541,36.786],[80.392,36.844],[80.216,37.028],[80.171,37.033],[80.12,36.875],[79.896,36.986],[78.762,37.089],[78.012,37.285],[77.891,37.297],[77.739,37.251],[77.609,37.277],[77.376,37.262],[77.207,37.196],[76.959,37.22],[76.731,37.4],[76.497,37.503],[76.247,37.866],[76.22,38.109],[76.119,38.194],[76.082,38.064],[75.976,38.055],[75.813,38.115],[75.759,38.197],[75.683,38.509],[75.6,38.575],[75.525,38.775],[75.401,38.823],[74.722,39.306],[74.544,39.351],[73.835,39.34],[74.077,39.612],[74.468,39.812]]]}},{"type":"Feature","properties":{"prvCode":"3115","prvName":"Junggar Basin","oilMean":2422.53,"gasMean":5022.04,"boeMean":3259.5},"geometry":{"type":"Polygon","coordinates":[[[82.285,44.885],[82.616,44.926],[82.624,44.971],[82.553,45.026],[82.651,45.12],[83.509,45.067],[83.735,45.18],[83.921,45.198],[84.033,45.262],[84.181,45.292],[84.284,45.424],[84.371,45.473],[84.649,45.423],[84.7,45.446],[84.683,45.51],[84.865,45.615],[85.08,45.67],[85.2,45.869],[85.269,45.9],[85.273,46.095],[85.395,46.204],[85.633,46.233],[85.89,46.32],[85.673,46.317],[85.301,46.239],[85.313,46.319],[85.211,46.387],[85.01,46.355],[84.851,46.382],[85.06,46.476],[86.139,46.605],[86.694,46.762],[86.916,46.927],[87.181,47.049],[87.187,47.098],[87.014,47.217],[86.986,47.332],[87.017,47.363],[87.342,47.408],[87.75,47.67],[88.076,47.524],[88.298,47.514],[88.309,47.485],[88.196,47.434],[88.167,47.322],[88.457,47.234],[88.474,47.201],[88.447,47.168],[88.757,47.081],[88.753,47.049],[88.653,47.029],[88.644,46.943],[88.712,46.931],[88.833,46.811],[88.973,46.76],[88.943,46.689],[89.039,46.588],[89.108,46.449],[89.119,46.317],[89.011,46.164],[89.037,46.091],[89.156,46.076],[89.28,45.933],[89.535,45.891],[89.822,45.749],[89.891,45.639],[89.89,45.606],[89.471,45.58],[89.423,45.507],[89.543,45.383],[89.49,45.359],[89.126,45.379],[88.825,45.34],[88.659,45.369],[88.708,45.258],[88.917,45.202],[88.919,45.072],[88.951,45.038],[89.604,44.996],[89.755,45.047],[90.241,44.822],[90.439,44.62],[90.512,44.458],[90.738,44.456],[90.862,44.487],[91.163,44.437],[91.27,44.483],[91.305,44.541],[91.186,44.664],[91.035,44.742],[91.03,44.788],[90.85,44.933],[90.9,45.038],[90.962,45.049],[91.152,44.969],[91.274,44.864],[91.424,44.843],[91.512,44.722],[91.714,44.599],[91.725,44.453],[91.804,44.341],[91.747,44.293],[91.604,44.35],[91.548,44.339],[91.481,44.223],[91.419,44.182],[91.302,44.166],[91.167,44.051],[91.006,44.025],[90.958,43.966],[90.946,43.801],[91.089,43.738],[91.093,43.693],[90.922,43.645],[90.727,43.698],[90.54,43.698],[90.276,43.774],[89.926,43.649],[89.728,43.647],[89.471,43.729],[89.465,43.651],[89.353,43.596],[88.881,43.769],[88.497,43.966],[88.286,44.041],[88.157,44.051],[87.757,43.932],[87.479,43.774],[87.816,43.603],[87.765,43.491],[87.42,43.544],[87.374,43.504],[87.24,43.491],[86.912,43.567],[86.791,43.681],[86.464,43.7],[86.402,43.67],[86.42,43.627],[86.656,43.615],[86.7,43.546],[86.877,43.504],[87.187,43.333],[87.645,43.266],[87.323,43.252],[87.103,43.281],[86.386,43.565],[85.933,43.647],[85.816,43.721],[85.017,43.903],[84.712,44.05],[84.351,44.135],[84.324,44.211],[84.204,44.269],[83.866,44.289],[83.676,44.424],[83.495,44.48],[83.372,44.479],[83.025,44.597],[82.955,44.582],[83.072,44.489],[82.937,44.378],[82.864,44.476],[82.684,44.466],[82.576,44.404],[82.586,44.3],[82.497,44.289],[82.421,44.406],[82.311,44.488],[81.958,44.61],[81.891,44.659],[81.926,44.757],[82.092,44.842],[82.169,44.934],[82.285,44.885]]]}},{"type":"Feature","properties":{"prvCode":"1010","prvName":"Pripyat Basin","oilMean":38.52,"gasMean":48.06,"boeMean":46.5},"geometry":{"type":"Polygon","coordinates":[[[30.678,51.942],[30.524,51.82],[30.39,51.791],[30.244,51.706],[30.07,51.672],[29.878,51.498],[29.564,51.494],[29.007,51.554],[28.177,51.587],[27.858,51.653],[27.383,51.867],[27.229,52.003],[27.249,52.13],[27.182,52.214],[27.267,52.272],[27.611,52.278],[28.097,52.351],[28.282,52.419],[27.589,52.48],[27.448,52.564],[27.429,52.637],[27.475,52.7],[27.46,52.743],[27.226,52.847],[27.164,52.933],[27.209,52.996],[27.363,53.093],[27.881,53.233],[28.759,53.062],[29.71,52.942],[30.783,52.552],[31.11,52.318],[31.184,52.209],[30.678,51.942]]]}},{"type":"Feature","properties":{"prvCode":"1009","prvName":"Dnieper-Donets Basin","oilMean":83.89,"gasMean":4739.5199999999995,"boeMean":873.8},"geometry":{"type":"Polygon","coordinates":[[[40.767,48.303],[39.584,48.42],[38.488,48.582],[38.402,48.524],[38.309,48.522],[38.155,48.399],[38.059,48.38],[37.68,48.569],[37.646,48.535],[37.771,48.396],[37.801,48.291],[37.726,48.167],[37.367,48.011],[37.028,47.981],[36.874,48.072],[36.788,48.196],[36.761,48.394],[36.581,48.555],[36.372,48.638],[35.566,48.722],[34.932,48.947],[34.531,49.024],[34.305,49.159],[34.037,49.386],[33.753,49.551],[33.387,49.699],[33.182,49.745],[33.011,49.889],[32.639,50.088],[32.458,50.216],[32.306,50.417],[32.106,50.58],[31.801,50.699],[31.667,50.666],[31.576,50.698],[31.316,50.874],[31.041,51.008],[30.813,51.179],[30.468,51.348],[30.367,51.423],[30.338,51.499],[30.384,51.596],[30.535,51.737],[30.542,51.836],[30.678,51.942],[31.184,52.209],[31.255,52.167],[31.477,51.896],[31.589,51.817],[32.893,51.233],[34.893,50.454],[37.386,49.665],[38.073,49.342],[38.505,49.224],[40.697,48.853],[41.608,48.634],[41.858,48.514],[41.929,48.372],[41.89,48.248],[41.692,48.118],[40.767,48.303]]]}},{"type":"Feature","properties":{"prvCode":"1108","prvName":"Azov-Kuban Basin","oilMean":218.39,"gasMean":4093.16,"boeMean":900.6},"geometry":{"type":"Polygon","coordinates":[[[41.963,46.25],[41.881,46.064],[41.932,45.891],[42.009,45.786],[41.978,45.615],[41.324,45.058],[41.609,44.664],[41.929,44.623],[42.309,44.527],[42.455,44.571],[42.515,44.507],[42.687,44.419],[42.745,44.286],[42.709,44.203],[42.569,44.121],[42.239,44.037],[41.876,44.0],[41.463,44.015],[40.798,44.136],[40.378,44.179],[40.197,44.123],[40.075,43.941],[40.013,43.928],[39.545,44.222],[39.414,44.275],[39.262,44.287],[38.867,44.478],[38.764,44.499],[38.695,44.476],[38.564,44.606],[38.186,44.655],[37.468,44.896],[37.282,44.865],[37.164,44.786],[36.957,44.734],[35.595,44.604],[35.335,44.607],[35.213,44.675],[35.21,44.822],[35.158,44.899],[34.732,45.078],[34.641,45.267],[34.696,45.375],[35.066,45.646],[35.023,45.725],[34.915,45.812],[34.943,45.937],[35.263,46.164],[35.589,46.579],[36.193,46.636],[36.785,46.827],[37.744,47.199],[38.211,47.563],[38.435,47.653],[38.623,47.671],[39.083,47.605],[40.306,47.338],[40.777,47.196],[41.079,47.19],[41.255,47.125],[41.452,46.931],[41.795,46.755],[41.924,46.572],[42.154,46.477],[41.963,46.25]]]}},{"type":"Feature","properties":{"prvCode":"1156","prvName":"Afghan-Tajik Basin","oilMean":946.25,"gasMean":7072.23,"boeMean":2125.0},"geometry":{"type":"Polygon","coordinates":[[[70.805,38.706],[70.768,38.656],[70.743,38.681],[70.665,38.613],[70.68,38.547],[70.6,38.569],[70.55,38.55],[70.368,38.445],[70.196,38.283],[70.192,38.213],[70.238,38.154],[70.2,38.071],[70.243,37.96],[70.182,37.897],[70.274,37.769],[70.221,37.372],[70.297,37.257],[70.244,37.116],[70.342,36.969],[70.322,36.884],[70.232,36.834],[70.124,36.834],[70.102,36.783],[70.014,36.734],[69.859,36.701],[69.759,36.486],[69.697,36.467],[69.58,36.492],[69.481,36.463],[69.395,36.326],[69.24,36.226],[68.925,35.856],[68.794,35.763],[68.655,35.719],[68.55,35.801],[68.54,35.904],[68.622,36.051],[68.633,36.317],[68.592,36.449],[68.484,36.544],[68.342,36.576],[67.986,36.584],[67.664,36.653],[66.942,36.553],[66.696,36.613],[66.199,36.659],[66.287,36.905],[66.279,37.195],[65.636,37.336],[65.646,37.442],[65.791,37.662],[65.94,38.042],[66.048,38.159],[66.161,38.219],[66.134,38.247],[65.957,38.255],[65.965,38.313],[66.082,38.344],[66.291,38.495],[66.31,38.583],[66.369,38.652],[66.674,38.826],[67.12,38.817],[67.164,38.779],[67.308,38.801],[67.352,38.789],[67.348,38.753],[68.059,38.681],[68.315,38.711],[68.22,38.652],[68.217,38.595],[68.532,38.748],[68.671,38.764],[68.99,38.687],[69.132,38.707],[69.182,38.652],[69.376,38.626],[69.41,38.678],[69.521,38.697],[69.498,38.738],[69.544,38.721],[69.597,38.754],[69.79,38.765],[69.907,38.897],[70.017,38.938],[70.032,39.003],[70.696,39.206],[70.937,39.13],[71.072,38.978],[70.849,38.807],[70.843,38.706],[70.805,38.706]],[[67.168,37.173],[67.155,37.138],[67.12,36.904],[67.168,37.173]],[[67.374,37.7],[67.349,37.663],[67.254,37.406],[67.374,37.7]],[[67.686,38.133],[67.649,38.101],[67.522,37.915],[67.686,38.133]]]}},{"type":"Feature","properties":{"prvCode":"1154","prvName":"Amu-Darya Basin","oilMean":961.73,"gasMean":52024.2,"boeMean":9632.4},"geometry":{"type":"Polygon","coordinates":[[[66.078,36.483],[66.162,36.342],[66.108,36.214],[66.0,36.097],[65.826,36.045],[65.546,36.08],[65.049,36.016],[64.944,35.975],[64.79,35.825],[64.446,35.761],[64.28,35.636],[64.151,35.581],[63.102,35.47],[62.989,35.409],[63.002,35.145],[63.054,34.902],[62.823,34.847],[62.679,34.735],[61.992,34.793],[61.912,34.872],[61.66,34.978],[61.606,35.291],[61.305,35.77],[61.17,35.927],[60.745,36.174],[60.406,36.638],[60.321,36.817],[60.209,36.934],[59.815,37.109],[59.491,37.172],[59.034,37.341],[58.882,37.522],[58.752,37.6],[58.221,37.737],[57.933,37.967],[57.755,38.056],[57.506,38.078],[57.044,38.448],[56.734,38.499],[56.159,38.787],[55.0,39.29],[55.017,39.531],[55.348,39.719],[55.442,39.734],[55.699,39.671],[56.005,39.652],[56.243,39.577],[56.446,39.567],[56.53,39.532],[56.907,39.227],[56.999,39.232],[57.45,39.51],[58.471,40.352],[59.064,40.791],[59.903,41.278],[60.483,41.446],[61.01,41.544],[61.446,41.482],[62.023,41.116],[62.489,40.945],[63.487,40.723],[64.061,40.632],[64.849,40.365],[65.137,40.212],[65.158,40.128],[65.032,40.02],[65.083,39.951],[65.801,39.658],[66.352,39.335],[66.95,39.138],[67.121,39.042],[67.192,38.903],[67.12,38.817],[66.673,38.826],[66.387,38.667],[66.315,38.594],[66.277,38.484],[66.082,38.344],[65.965,38.313],[65.957,38.255],[66.134,38.247],[66.161,38.219],[66.048,38.159],[65.94,38.042],[65.791,37.662],[65.646,37.442],[65.636,37.336],[66.279,37.195],[66.287,36.905],[66.23,36.704],[65.991,36.534],[66.078,36.483]],[[66.666,38.826],[66.652,38.819],[66.673,38.826],[66.666,38.826]],[[61.349,36.656],[61.482,36.712],[61.271,36.649],[61.349,36.656]],[[60.477,37.114],[60.427,37.143],[60.637,37.022],[60.477,37.114]],[[59.914,37.751],[59.973,37.631],[60.025,37.561],[59.914,37.751]],[[59.81,37.979],[59.789,38.026],[59.887,37.803],[59.81,37.979]],[[59.673,38.501],[59.686,38.339],[59.722,38.231],[59.673,38.501]],[[61.707,40.379],[61.552,40.465],[61.387,40.529],[61.707,40.379]],[[63.752,36.659],[62.434,36.806],[63.967,36.629],[63.752,36.659]],[[65.956,36.837],[65.95,36.837],[65.962,36.826],[65.956,36.837]],[[66.021,36.715],[66.009,36.737],[66.012,36.718],[66.021,36.715]],[[61.9,36.91],[61.476,36.912],[62.032,36.884],[61.9,36.91]]]}},{"type":"Feature","properties":{"prvCode":"1210","prvName":"Nepa-Botuoba High","oilMean":1819.51,"gasMean":38039.83,"boeMean":8159.5},"geometry":{"type":"Polygon","coordinates":[[[111.37,66.318],[112.184,66.016],[112.659,65.531],[112.823,65.419],[113.414,65.055],[114.353,64.658],[115.2,64.46],[115.785,64.472],[115.287,64.039],[115.079,63.778],[114.887,63.454],[114.825,63.236],[114.722,62.587],[114.724,62.378],[114.8,62.232],[115.026,62.089],[115.355,62.036],[115.993,62.03],[116.136,61.993],[116.444,61.834],[116.718,61.771],[116.958,61.814],[117.45,61.813],[118.111,61.722],[118.643,61.56],[119.151,61.288],[119.499,60.833],[119.462,60.639],[119.516,60.293],[119.627,60.057],[119.743,59.623],[119.705,59.283],[119.584,59.134],[119.178,58.846],[118.74,58.651],[118.755,58.628],[118.401,58.537],[118.112,58.507],[117.83,58.534],[117.789,58.587],[117.724,59.238],[117.602,59.582],[117.438,59.848],[117.381,60.023],[117.411,60.151],[117.651,60.463],[117.678,60.618],[117.631,60.805],[117.458,60.857],[116.992,60.821],[116.678,60.649],[116.368,60.376],[116.081,60.25],[114.732,60.157],[114.101,60.033],[113.684,59.895],[113.165,59.613],[112.448,59.156],[111.909,58.764],[111.517,58.532],[111.119,58.339],[109.486,57.782],[109.143,57.589],[108.736,57.283],[108.536,57.085],[108.305,56.747],[108.212,56.4],[108.237,55.993],[108.283,55.815],[108.526,55.292],[108.575,55.119],[108.372,54.956],[107.896,54.667],[106.888,54.174],[106.321,53.848],[105.754,53.392],[105.592,53.223],[105.418,52.968],[104.959,52.501],[104.737,52.346],[104.533,52.269],[104.091,52.269],[103.733,52.333],[103.406,52.448],[102.598,52.808],[102.445,52.921],[102.234,53.017],[101.121,53.754],[99.806,54.508],[99.507,54.717],[99.068,55.196],[99.97,55.35],[100.417,55.5],[100.95,55.783],[101.254,55.985],[101.387,56.091],[101.591,56.326],[101.586,56.413],[101.512,56.527],[101.044,56.88],[100.788,57.147],[100.717,57.266],[100.704,57.36],[100.767,57.558],[100.944,57.652],[101.119,57.674],[101.382,57.628],[101.555,57.559],[102.181,57.161],[102.446,57.087],[102.591,57.112],[102.964,57.314],[103.278,57.6],[103.403,57.749],[103.554,58.014],[103.587,58.256],[104.976,58.794],[104.91,58.913],[104.378,59.444],[104.264,59.602],[104.196,59.786],[104.293,60.108],[104.512,60.419],[104.489,60.571],[104.362,60.67],[104.342,60.769],[104.46,61.022],[104.465,61.104],[104.918,61.318],[105.609,61.413],[106.395,61.585],[107.358,61.623],[107.659,61.75],[107.726,61.839],[107.705,61.937],[107.742,62.294],[107.833,62.704],[107.827,63.021],[107.916,63.453],[108.048,63.585],[109.37,64.503],[109.529,64.626],[109.62,64.757],[109.586,64.855],[109.442,64.933],[107.929,65.197],[107.543,65.286],[107.35,65.392],[107.296,65.483],[107.296,65.566],[107.414,65.779],[107.442,65.958],[107.415,66.024],[107.26,66.166],[106.644,66.464],[107.298,66.436],[109.595,66.504],[110.532,66.444],[111.37,66.318]]]}},{"type":"Feature","properties":{"prvCode":"1174","prvName":"West Siberian Basin","oilMean":8000.07,"gasMean":670143.4400000001,"boeMean":119690.6},"geometry":{"type":"Polygon","coordinates":[[[87.823,63.875],[87.924,63.523],[88.027,63.325],[88.19,62.834],[88.443,62.555],[88.809,62.026],[88.953,61.771],[89.155,61.157],[89.464,60.67],[89.877,60.109],[90.425,59.459],[90.901,59.065],[91.094,58.863],[91.197,58.646],[91.182,58.399],[91.125,58.244],[90.999,58.068],[90.483,57.729],[89.903,57.464],[89.146,57.282],[88.715,57.277],[88.055,57.334],[87.697,57.392],[86.735,57.647],[85.598,57.754],[85.172,57.731],[84.495,57.553],[84.074,57.378],[83.429,57.017],[82.288,56.732],[81.736,56.541],[81.396,56.381],[80.354,55.772],[79.857,55.602],[78.956,55.429],[78.409,55.227],[78.02,55.001],[77.856,54.847],[77.721,54.56],[77.857,54.247],[77.856,54.134],[77.722,54.063],[77.311,54.041],[76.078,54.178],[75.5,54.087],[75.248,54.082],[73.247,54.229],[72.497,54.4],[71.241,54.947],[70.647,55.345],[69.992,55.404],[69.63,55.481],[69.375,55.571],[68.778,55.859],[68.473,56.087],[68.339,56.278],[68.353,56.523],[68.451,57.063],[68.426,57.13],[68.296,57.194],[67.427,57.201],[66.904,57.046],[66.547,56.982],[66.194,56.975],[65.936,57.061],[65.647,57.333],[65.484,57.58],[65.372,57.829],[65.315,57.859],[65.328,57.971],[65.213,58.396],[65.173,58.704],[65.078,59.055],[64.96,59.264],[64.715,59.45],[63.728,59.916],[63.332,60.211],[63.035,60.571],[62.906,60.872],[62.734,61.417],[62.673,61.485],[62.424,61.727],[61.543,62.206],[61.341,62.377],[61.29,62.486],[61.289,62.569],[61.349,62.653],[61.587,62.876],[61.566,62.962],[61.411,63.148],[61.43,63.268],[61.728,63.46],[62.209,63.653],[62.518,63.819],[62.706,64.039],[62.73,64.292],[62.844,64.401],[62.968,64.44],[63.17,64.447],[63.695,64.356],[64.059,64.328],[64.402,64.377],[64.771,64.483],[65.251,64.702],[65.716,65.116],[65.856,65.202],[67.616,66.016],[68.688,66.485],[69.017,66.6],[69.658,66.746],[70.332,66.843],[70.562,66.912],[70.911,67.107],[70.981,67.206],[70.99,67.314],[70.111,67.296],[68.262,67.365],[68.357,67.617],[68.265,67.752],[67.97,68.037],[67.382,68.46],[66.796,68.686],[65.484,69.055],[64.854,69.188],[64.741,69.274],[64.627,69.304],[64.15,69.334],[62.817,69.623],[61.598,69.953],[60.819,70.117],[58.089,70.797],[56.921,71.206],[56.365,71.487],[56.063,71.699],[55.923,72.004],[55.91,72.238],[56.077,72.477],[56.397,72.818],[56.91,73.159],[58.485,74.011],[60.322,74.745],[61.331,75.043],[62.793,75.364],[67.675,75.939],[68.737,76.132],[69.347,76.358],[70.081,76.473],[70.3,76.502],[72.634,76.141],[76.079,75.899],[77.699,75.674],[78.677,75.599],[79.081,75.539],[79.133,75.509],[78.978,75.305],[78.885,75.025],[78.941,74.884],[79.388,74.332],[79.382,74.202],[79.524,73.922],[79.55,73.741],[80.145,72.862],[80.795,72.401],[79.713,72.552],[79.53,72.547],[78.103,72.36],[77.869,72.275],[77.732,72.184],[77.684,72.088],[77.687,71.883],[77.733,71.754],[77.751,71.56],[77.864,71.344],[78.049,71.111],[78.254,70.998],[78.627,70.879],[79.26,70.809],[79.484,70.737],[79.483,70.673],[79.397,70.616],[78.876,70.439],[78.492,70.25],[78.433,70.182],[78.444,70.155],[78.58,70.065],[79.386,69.749],[79.896,69.708],[80.174,69.622],[80.562,69.278],[80.957,69.005],[81.679,68.928],[82.315,68.947],[82.425,68.927],[82.527,68.819],[82.722,68.79],[82.976,68.814],[83.395,68.966],[83.946,69.116],[85.21,69.701],[86.0,69.946],[86.479,70.055],[86.543,69.411],[86.465,69.224],[86.47,69.017],[86.559,68.824],[86.686,68.332],[86.782,68.197],[86.791,67.904],[86.753,67.739],[86.873,67.202],[86.971,67.036],[87.143,66.865],[87.711,66.449],[87.887,66.244],[88.112,66.07],[88.167,65.908],[88.139,65.688],[87.94,65.225],[87.912,64.762],[87.794,64.385],[87.823,63.875]],[[76.06,64.19],[75.645,64.339],[76.044,64.193],[76.06,64.19]],[[76.44,64.116],[77.089,64.112],[76.412,64.122],[76.44,64.116]],[[77.309,64.004],[77.356,63.792],[77.489,63.699],[77.54,63.701],[77.41,63.785],[77.341,64.021],[77.254,64.085],[77.149,64.102],[77.309,64.004]],[[77.976,63.716],[77.99,63.721],[77.54,63.701],[77.976,63.716]],[[77.505,64.623],[77.444,64.59],[77.444,64.566],[77.505,64.623]],[[77.75,64.712],[77.57,64.658],[77.545,64.645],[77.75,64.712]],[[78.048,64.775],[77.888,64.754],[77.883,64.753],[78.048,64.775]],[[80.865,65.22],[80.966,64.911],[81.468,64.545],[81.022,64.904],[80.914,65.223],[80.711,65.271],[80.865,65.22]],[[81.654,64.425],[81.956,64.27],[81.615,64.45],[81.654,64.425]],[[82.041,64.227],[82.322,64.139],[82.38,64.136],[82.041,64.227]],[[83.081,64.096],[83.232,64.097],[82.7,64.118],[83.081,64.096]],[[71.591,67.252],[71.19,67.318],[71.104,67.316],[71.591,67.252]],[[71.951,67.137],[71.939,67.147],[71.884,67.164],[71.951,67.137]],[[72.363,66.632],[72.233,66.92],[72.227,66.924],[72.363,66.632]],[[72.408,66.356],[72.473,66.191],[72.408,66.363],[72.408,66.356]],[[72.425,65.747],[72.437,65.624],[72.467,66.087],[72.425,65.747]],[[72.668,65.382],[72.69,65.373],[72.437,65.624],[72.668,65.382]],[[73.08,65.21],[73.124,65.202],[72.825,65.316],[73.08,65.21]],[[75.179,64.648],[75.171,64.653],[74.8,64.799],[75.179,64.648]]]}},{"type":"Feature","properties":{"prvCode":"1207","prvName":"Baykit High","oilMean":425.74,"gasMean":2071.05,"boeMean":770.9},"geometry":{"type":"Polygon","coordinates":[[[97.186,62.373],[97.612,62.297],[98.447,62.445],[98.808,62.438],[99.05,62.388],[100.219,61.953],[100.881,61.612],[102.158,61.248],[102.369,61.092],[102.463,60.865],[102.75,60.755],[103.065,60.743],[103.45,60.795],[104.465,61.104],[104.46,61.022],[104.342,60.769],[104.362,60.67],[104.489,60.571],[104.512,60.419],[104.293,60.108],[104.196,59.786],[104.264,59.602],[104.378,59.444],[104.91,58.913],[104.976,58.794],[103.587,58.256],[103.411,58.509],[103.25,58.638],[102.386,58.96],[102.152,59.14],[102.108,59.258],[102.144,59.39],[102.426,59.623],[102.397,59.67],[102.301,59.689],[101.592,59.615],[100.966,59.498],[100.356,59.302],[100.373,59.117],[100.562,58.797],[100.628,58.617],[100.603,58.463],[100.552,58.393],[100.455,58.372],[100.131,58.44],[100.002,58.55],[99.609,58.671],[99.491,58.679],[98.498,58.493],[97.896,58.456],[97.197,58.461],[96.382,58.553],[96.277,58.59],[96.176,58.778],[95.92,59.105],[95.335,59.731],[94.904,60.111],[94.408,60.467],[93.782,60.815],[93.053,61.136],[91.585,61.539],[92.431,61.724],[92.574,61.953],[92.582,62.122],[92.655,62.386],[92.733,62.447],[93.144,62.496],[93.775,62.508],[94.037,62.47],[94.403,62.366],[94.777,62.35],[95.208,62.466],[95.264,62.533],[95.289,62.683],[95.33,62.731],[95.481,62.78],[96.057,62.83],[96.297,62.807],[96.669,62.692],[97.186,62.373]]]}},{"type":"Feature","properties":{"prvCode":"1322","prvName":"North Sakhalin Basin","oilMean":2832.8,"gasMean":23217.5,"boeMean":6702.4},"geometry":{"type":"Polygon","coordinates":[[[145.975,55.194],[146.017,55.136],[146.099,53.214],[146.212,52.507],[146.066,52.166],[146.086,51.852],[146.231,51.671],[146.402,51.586],[146.456,51.477],[146.731,51.179],[146.883,51.077],[147.179,50.728],[147.408,50.187],[147.622,49.495],[147.799,49.091],[147.825,48.961],[147.802,48.854],[147.967,48.763],[148.002,48.772],[148.075,48.645],[148.102,48.518],[148.06,48.483],[147.859,48.459],[147.591,48.496],[147.021,48.689],[146.8,48.844],[146.577,48.914],[146.365,48.909],[146.071,48.723],[145.779,48.653],[145.651,48.535],[145.841,48.376],[145.866,48.303],[145.738,48.254],[145.64,48.163],[145.54,47.533],[145.446,47.444],[145.329,47.407],[145.188,47.461],[145.006,47.655],[144.926,48.083],[145.013,48.165],[144.76,48.813],[144.666,48.927],[144.323,49.149],[144.267,49.357],[143.984,49.914],[143.668,50.127],[143.642,50.283],[143.738,50.517],[143.681,50.593],[143.444,50.707],[143.419,50.752],[143.407,50.834],[143.491,51.046],[143.444,51.201],[143.354,51.257],[143.065,51.222],[142.946,51.295],[142.836,51.428],[142.734,51.416],[142.762,51.312],[142.865,51.196],[142.892,51.11],[142.598,50.678],[142.507,50.601],[142.446,50.598],[142.425,50.702],[142.542,50.984],[142.279,51.595],[142.187,51.92],[142.221,52.153],[142.338,52.364],[142.332,52.487],[142.24,52.581],[141.738,52.602],[141.351,52.702],[141.241,52.896],[141.251,52.946],[141.417,53.13],[141.432,53.184],[141.399,53.299],[140.899,53.666],[140.748,53.869],[140.681,53.865],[140.585,53.73],[140.461,53.772],[140.402,53.833],[140.353,54.048],[140.347,54.258],[140.255,54.432],[140.116,54.562],[140.124,54.727],[140.346,55.092],[140.365,55.386],[140.443,55.484],[141.181,55.641],[141.731,55.636],[141.894,55.718],[141.935,55.831],[141.943,56.043],[141.722,56.465],[141.725,56.582],[141.899,56.735],[142.352,56.974],[142.51,57.154],[142.525,57.225],[142.63,57.273],[142.797,57.247],[143.1,57.097],[143.253,57.096],[143.321,57.15],[143.355,57.235],[143.39,56.891],[143.437,56.763],[143.788,56.197],[144.248,55.656],[144.386,55.644],[144.542,55.678],[144.781,55.599],[145.084,55.395],[145.341,55.293],[145.975,55.194]]]}},{"type":"Feature","properties":{"prvCode":"8023","prvName":"Farah","oilMean":12.71,"gasMean":46.260000000000005,"boeMean":20.4},"geometry":{"type":"Polygon","coordinates":[[[60.725,34.515],[60.847,34.544],[60.895,34.568],[60.912,34.623],[60.989,34.635],[60.982,34.697],[61.057,34.794],[61.053,34.911],[61.122,35.078],[61.086,35.162],[61.096,35.269],[61.145,35.286],[61.665,34.878],[61.945,34.714],[62.317,34.578],[62.853,34.56],[62.793,34.483],[62.34,34.411],[62.025,34.452],[61.825,34.341],[61.334,34.205],[60.935,34.306],[60.725,34.515]]]}},{"type":"Feature","properties":{"prvCode":"5300","prvName":"Burgos Basin","oilMean":6164.51,"gasMean":20290.84,"boeMean":9546.3},"geometry":{"type":"Polygon","coordinates":[[[-94.923,25.29],[-95.396,24.525],[-95.398,23.854],[-95.481,23.518],[-95.519,23.17],[-95.722,23.096],[-96.094,23.084],[-96.907,23.127],[-97.205,23.183],[-97.297,23.228],[-97.529,23.558],[-97.59,23.744],[-97.613,23.712],[-97.745,23.735],[-97.925,23.585],[-98.114,23.572],[-98.635,24.45],[-98.719,24.642],[-99.247,25.153],[-99.505,25.479],[-99.719,26.061],[-99.763,26.264],[-99.934,26.677],[-100.088,27.195],[-100.697,28.376],[-100.809,28.824],[-100.765,28.94],[-100.686,28.958],[-100.64,28.935],[-100.402,28.529],[-100.339,28.496],[-100.374,28.48],[-100.285,28.265],[-100.094,28.147],[-100.007,28.017],[-99.938,27.973],[-99.842,27.777],[-99.681,27.643],[-99.522,27.595],[-99.524,27.517],[-99.483,27.489],[-99.496,27.363],[-99.534,27.317],[-99.498,27.302],[-99.496,27.254],[-99.447,27.264],[-99.442,27.033],[-99.244,26.792],[-99.179,26.535],[-99.114,26.503],[-99.079,26.395],[-98.8,26.339],[-98.645,26.237],[-98.626,25.523],[-98.639,26.232],[-98.434,26.185],[-98.183,26.03],[-97.656,26.0],[-97.555,25.899],[-97.423,25.834],[-97.358,25.924],[-97.22,25.948],[-94.453,25.938],[-94.67,25.558],[-94.923,25.29]],[[-98.49,24.762],[-98.482,24.792],[-98.568,24.817],[-98.49,24.762]],[[-98.419,24.819],[-98.414,24.9],[-98.433,24.813],[-98.419,24.819]],[[-99.679,27.561],[-99.675,27.405],[-99.612,27.056],[-99.679,27.561]]]}},{"type":"Feature","properties":{"prvCode":"5243","prvName":"Alberta Basin","oilMean":929.69,"gasMean":17320.15,"boeMean":3816.4},"geometry":{"type":"MultiPolygon","coordinates":[[[[-97.25,49.0],[-97.242,49.0],[-97.245,48.996],[-97.25,49.0]]],[[[-125.459,59.342],[-125.165,59.663],[-124.838,59.942],[-124.682,60.135],[-124.432,60.203],[-124.152,60.39],[-124.066,60.512],[-123.92,60.599],[-123.542,61.008],[-123.367,61.009],[-123.311,61.155],[-123.234,61.185],[-123.113,61.169],[-120.288,62.024],[-118.327,62.502],[-118.126,62.516],[-117.894,62.482],[-117.557,62.072],[-116.899,61.95],[-116.523,61.824],[-115.93,61.554],[-115.434,61.206],[-115.023,60.987],[-114.921,60.795],[-114.524,60.313],[-114.055,59.376],[-114.062,58.79],[-114.124,58.59],[-114.118,58.477],[-113.685,58.154],[-113.42,58.147],[-113.885,57.85],[-113.081,57.51],[-111.137,56.554],[-109.797,55.498],[-108.678,54.528],[-108.43,53.872],[-108.398,53.745],[-108.404,53.551],[-108.051,53.832],[-107.472,54.226],[-105.697,55.245],[-105.676,55.212],[-105.104,54.952],[-104.746,54.886],[-104.127,54.832],[-103.643,54.525],[-103.589,54.353],[-103.307,54.03],[-103.215,53.984],[-102.778,53.866],[-101.896,53.808],[-101.783,53.753],[-101.643,53.567],[-101.556,53.356],[-101.549,53.106],[-101.499,52.897],[-101.199,52.837],[-101.097,52.738],[-101.008,52.704],[-100.954,52.365],[-100.896,52.297],[-100.614,52.164],[-100.471,52.047],[-100.424,51.672],[-100.303,51.449],[-99.882,51.067],[-99.658,50.985],[-99.512,50.973],[-99.032,50.762],[-98.655,50.513],[-98.132,50.033],[-97.498,49.233],[-97.25,49.0],[-114.463,49.001],[-114.769,49.331],[-114.844,49.527],[-114.913,49.896],[-114.941,50.437],[-117.092,51.693],[-117.527,51.914],[-117.873,52.134],[-118.126,52.391],[-119.234,53.132],[-121.503,54.224],[-122.12,54.706],[-123.104,55.285],[-123.182,55.413],[-123.193,55.675],[-124.011,56.011],[-124.06,56.063],[-124.06,56.121],[-123.902,56.424],[-123.881,56.529],[-124.069,56.975],[-124.257,57.204],[-124.503,57.433],[-124.78,57.578],[-124.608,57.825],[-124.504,58.1],[-124.5,58.267],[-124.454,58.432],[-124.466,58.554],[-124.537,58.654],[-125.082,59.128],[-125.459,59.342]],[[-108.574,53.644],[-109.153,53.7],[-110.112,53.575],[-110.937,53.38],[-110.323,53.284],[-109.797,53.246],[-108.777,53.254],[-108.405,53.55],[-108.574,53.644]]]]}},{"type":"Feature","properties":{"prvCode":"7146","prvName":"Sud","oilMean":4897.46,"gasMean":8855.94,"boeMean":6373.4},"geometry":{"type":"MultiPolygon","coordinates":[[[[30.427,14.936],[30.513,14.896],[30.758,14.922],[30.903,14.824],[30.943,14.465],[31.101,14.127],[31.261,14.011],[31.359,13.987],[31.941,13.535],[32.364,13.511],[32.838,13.119],[32.954,12.919],[32.942,12.843],[32.846,12.833],[32.812,12.625],[32.827,12.513],[32.97,12.433],[33.014,12.351],[33.003,12.238],[32.924,12.214],[32.943,12.148],[32.987,12.105],[33.094,12.191],[33.129,12.107],[33.255,11.97],[33.143,11.902],[33.114,11.828],[33.132,11.745],[33.185,11.741],[33.199,11.688],[33.251,11.679],[33.253,11.457],[33.129,11.371],[33.09,11.409],[32.974,11.434],[32.954,11.406],[32.993,11.292],[32.964,11.212],[33.039,11.178],[33.055,11.078],[33.162,10.919],[33.168,10.825],[33.245,10.844],[33.252,10.762],[33.302,10.686],[33.383,10.701],[33.344,10.645],[33.391,10.517],[33.555,10.644],[33.762,10.66],[33.719,10.552],[33.65,10.481],[33.657,10.41],[33.57,10.34],[33.539,10.225],[33.84,10.265],[33.95,10.159],[34.033,10.178],[33.964,10.1],[34.016,10.016],[34.099,10.028],[34.083,9.959],[34.116,9.89],[34.084,9.808],[33.926,9.712],[33.904,9.644],[33.938,9.35],[33.955,9.332],[34.059,9.419],[34.048,9.333],[33.999,9.295],[34.062,9.18],[34.119,9.166],[34.106,9.143],[33.973,9.15],[33.986,8.992],[34.086,8.807],[34.194,8.766],[34.297,8.65],[34.186,8.441],[34.195,8.394],[34.382,8.419],[34.462,8.288],[34.602,8.222],[34.565,8.062],[34.636,7.989],[34.6,7.765],[34.439,7.564],[34.316,7.541],[34.272,7.468],[34.301,7.423],[34.362,7.429],[34.394,7.254],[34.37,7.243],[34.3,7.351],[34.242,7.342],[34.21,7.285],[34.276,7.213],[34.27,7.091],[34.363,6.978],[34.488,6.938],[34.518,6.856],[34.353,6.768],[34.096,6.756],[33.977,6.63],[33.865,6.261],[33.906,5.982],[33.906,5.697],[33.996,5.428],[34.292,5.16],[34.492,5.099],[35.022,5.297],[35.932,4.971],[36.172,4.732],[36.266,4.543],[36.414,4.352],[36.535,4.26],[37.035,3.922],[37.643,3.698],[38.35,3.242],[38.922,2.813],[39.245,2.452],[39.617,2.118],[39.851,1.796],[39.961,1.21],[40.049,0.113],[40.137,0.082],[40.352,0.405],[40.432,0.473],[40.527,0.462],[40.84,0.307],[40.911,0.212],[40.929,0.059],[40.796,-0.372],[40.752,-0.764],[40.793,-1.84],[40.68,-2.153],[40.22,-2.598],[40.102,-2.916],[39.828,-3.339],[39.841,-3.606],[39.735,-3.935],[39.52,-4.293],[39.207,-4.594],[39.056,-5.219],[38.902,-5.294],[38.987,-4.599],[38.926,-4.284],[38.935,-3.841],[38.881,-3.439],[38.98,-2.95],[38.891,-2.839],[38.724,-2.416],[38.836,-2.082],[38.917,-1.425],[38.924,-0.553],[39.023,-0.021],[38.998,0.132],[38.817,0.435],[38.837,0.665],[38.793,0.888],[38.752,0.944],[38.663,0.96],[38.268,1.206],[38.151,1.393],[38.021,1.493],[37.982,1.631],[37.795,1.809],[37.607,2.102],[37.609,2.326],[37.705,2.658],[37.476,2.773],[37.418,2.962],[37.314,3.151],[36.571,3.242],[35.399,3.281],[35.217,2.851],[34.878,2.929],[34.69,3.32],[34.683,3.691],[34.494,3.932],[34.37,3.984],[34.221,4.18],[34.201,4.432],[34.084,4.593],[34.042,4.783],[33.839,4.657],[33.761,4.659],[33.608,4.831],[33.311,4.974],[33.116,5.016],[32.807,5.002],[32.659,5.14],[32.552,4.969],[32.362,4.959],[31.931,5.083],[31.726,5.39],[31.531,5.614],[31.346,6.037],[31.272,6.435],[31.036,6.772],[30.639,7.089],[30.358,7.203],[30.13,7.22],[29.751,7.056],[29.466,7.163],[29.228,7.443],[29.199,7.829],[29.078,7.986],[28.885,8.148],[28.823,8.331],[28.652,8.469],[28.421,8.512],[28.036,8.645],[27.817,8.804],[26.375,9.671],[25.578,10.223],[25.123,10.311],[24.881,10.196],[24.112,10.508],[23.779,10.589],[23.363,10.613],[23.215,10.601],[22.879,10.318],[22.411,10.075],[21.504,9.63],[21.119,9.511],[20.7,9.287],[20.6,9.204],[20.536,9.08],[20.098,9.109],[19.41,8.971],[19.127,8.735],[17.702,8.179],[17.221,8.164],[16.51,8.2],[15.955,8.343],[14.669,8.991],[14.424,9.169],[14.37,9.275],[14.599,9.243],[14.674,9.282],[14.663,9.34],[14.497,9.508],[14.498,9.564],[14.901,9.383],[15.854,9.504],[16.611,9.466],[17.098,9.411],[17.708,9.273],[18.205,9.242],[17.85,9.445],[17.667,9.514],[17.351,9.521],[16.87,9.771],[16.304,9.649],[16.02,9.749],[15.482,10.158],[15.252,10.458],[15.101,10.88],[15.096,11.047],[15.177,11.185],[15.422,11.249],[16.3,10.942],[17.031,10.864],[17.552,10.643],[17.833,10.29],[18.268,10.131],[18.708,9.836],[19.055,9.697],[19.306,9.645],[20.238,10.06],[20.583,10.364],[21.373,10.621],[22.387,11.121],[23.291,10.952],[23.47,10.98],[23.474,11.061],[23.579,11.066],[23.815,11.259],[24.031,11.166],[24.267,11.18],[24.617,11.578],[25.245,11.73],[25.521,11.654],[27.51,12.449],[28.102,12.655],[28.219,12.727],[28.3,12.629],[28.237,12.566],[28.171,12.271],[28.26,12.238],[28.185,12.015],[28.295,11.91],[28.29,11.78],[28.506,11.6],[28.553,11.414],[28.495,11.303],[28.529,11.106],[28.942,10.765],[29.101,10.677],[29.276,10.718],[29.429,10.677],[29.484,10.705],[29.537,10.673],[29.869,10.312],[29.887,10.188],[30.091,10.034],[30.44,9.243],[30.732,8.458],[31.415,7.066],[31.779,6.593],[32.017,5.972],[32.178,5.674],[32.899,5.566],[33.085,5.702],[32.973,6.325],[32.638,6.622],[32.364,7.274],[32.171,8.257],[31.867,8.985],[31.782,9.611],[31.91,10.071],[32.241,10.971],[32.316,11.821],[32.291,11.827],[32.276,11.957],[32.14,12.142],[31.801,12.221],[31.599,12.41],[31.423,12.456],[31.364,12.51],[31.153,12.531],[31.113,12.646],[31.057,12.696],[30.967,12.707],[30.906,12.77],[30.797,12.795],[30.72,12.758],[30.663,12.937],[30.574,12.959],[30.593,13.088],[30.5,13.14],[30.493,13.229],[30.429,13.273],[30.437,13.426],[30.386,13.476],[30.331,13.461],[30.256,13.536],[30.219,13.508],[30.191,13.545],[30.124,13.418],[30.126,13.583],[29.893,13.501],[29.813,13.593],[29.7,13.622],[29.61,13.689],[29.669,13.73],[29.798,13.99],[30.054,14.173],[30.173,14.301],[30.349,14.377],[30.525,14.548],[30.284,14.667],[30.137,14.813],[30.192,14.982],[30.325,14.902],[30.427,14.936]]],[[[34.735,16.634],[34.467,16.786],[34.467,16.643],[34.526,16.581],[34.612,15.891],[34.44,15.915],[34.329,15.865],[34.267,15.934],[34.086,15.908],[33.96,15.848],[33.912,15.713],[33.594,15.679],[33.647,15.54],[33.621,15.333],[33.698,15.256],[33.788,15.004],[33.855,14.555],[33.967,14.31],[33.958,14.185],[34.232,13.896],[34.594,13.622],[34.704,13.45],[35.086,13.082],[35.421,12.673],[35.451,12.55],[35.431,12.384],[35.3,12.291],[35.238,12.112],[35.078,12.09],[35.013,12.099],[34.788,12.539],[34.636,12.596],[34.393,12.501],[33.694,12.64],[33.754,12.755],[33.685,12.789],[33.681,12.877],[33.561,13.09],[33.551,13.184],[33.59,13.303],[33.548,13.376],[33.478,13.393],[33.43,13.461],[33.441,13.524],[33.396,13.556],[33.4,13.609],[33.312,13.627],[33.338,13.73],[33.286,13.708],[32.899,13.746],[32.708,13.819],[32.395,14.023],[32.466,13.86],[32.392,13.878],[32.204,14.0],[32.044,14.295],[32.101,14.666],[32.347,14.813],[32.342,15.073],[32.456,15.38],[32.758,15.499],[32.925,15.639],[33.339,15.894],[33.274,16.315],[33.079,16.358],[33.127,16.933],[33.279,17.195],[33.51,17.198],[33.622,17.041],[33.467,16.891],[33.546,16.617],[33.551,16.196],[33.603,15.929],[33.636,15.917],[33.95,16.241],[34.15,16.538],[34.048,17.207],[34.276,17.362],[34.583,17.248],[35.083,16.596],[34.735,16.634]]]]}},{"type":"Feature","properties":{"prvCode":"8024","prvName":"Katawaz","oilMean":null,"gasMean":null,"boeMean":null},"geometry":{"type":"Polygon","coordinates":[[[66.764,31.296],[66.822,31.487],[66.955,31.66],[67.124,31.778],[67.186,31.931],[67.544,32.277],[67.683,32.506],[67.937,32.487],[68.197,32.532],[68.189,32.69],[68.221,32.747],[68.478,32.73],[68.559,32.759],[68.686,32.993],[68.849,33.057],[68.884,33.173],[69.051,33.315],[69.082,33.461],[69.221,33.569],[69.314,33.567],[69.521,33.389],[69.529,33.311],[69.466,33.194],[69.392,32.772],[69.246,32.713],[69.2,32.653],[69.281,32.501],[69.249,32.456],[69.293,32.333],[69.14,32.322],[69.172,32.282],[69.278,32.271],[69.299,32.09],[69.278,32.056],[69.202,32.027],[69.087,32.084],[69.014,32.009],[68.971,32.02],[68.928,32.104],[68.973,32.175],[68.839,32.297],[68.806,32.416],[68.643,32.281],[68.541,32.325],[67.99,32.14],[67.922,31.971],[67.759,31.883],[67.78,31.764],[67.693,31.607],[67.362,31.449],[67.509,31.348],[67.41,31.224],[67.305,31.196],[67.028,31.295],[66.809,31.221],[66.764,31.296]]]}},{"type":"Feature","properties":{"prvCode":"8022","prvName":"Helmund-Baluchistan","oilMean":null,"gasMean":null,"boeMean":null},"geometry":{"type":"Polygon","coordinates":[[[62.831,30.741],[63.085,30.922],[63.371,30.999],[63.48,31.071],[63.688,31.08],[64.137,31.181],[64.176,31.209],[64.229,31.346],[64.57,31.384],[64.682,31.319],[64.761,31.223],[64.731,31.067],[64.359,30.746],[64.272,30.541],[64.272,30.338],[64.38,30.284],[64.455,30.292],[64.776,30.448],[64.852,30.42],[64.688,29.984],[64.609,29.903],[64.456,29.839],[64.35,29.838],[64.19,29.93],[63.638,30.123],[62.851,30.237],[62.73,30.352],[62.666,30.556],[62.831,30.741]]]}},{"type":"Feature","properties":{"prvCode":"1218","prvName":"Laptev Sea Shelf","oilMean":3115.57,"gasMean":32562.84,"boeMean":8542.7},"geometry":{"type":"Polygon","coordinates":[[[131.54,70.291],[131.484,70.418],[131.267,70.553],[131.245,70.607],[131.276,70.706],[130.979,70.745],[130.86,70.967],[130.807,70.94],[130.771,70.869],[130.642,70.847],[130.539,70.909],[130.267,70.942],[130.283,71.011],[130.147,71.077],[129.785,70.84],[129.573,70.599],[129.473,70.58],[129.541,70.836],[129.53,71.11],[129.736,71.218],[129.521,71.288],[129.27,71.548],[128.978,71.746],[128.78,71.77],[128.747,71.843],[128.676,71.881],[128.484,71.928],[128.248,72.1],[127.811,72.237],[127.764,72.296],[127.09,72.369],[127.035,72.322],[127.05,72.216],[127.13,72.099],[127.046,72.02],[126.963,72.026],[126.61,72.083],[125.555,72.381],[124.69,72.578],[123.921,72.696],[123.254,72.715],[122.484,72.849],[121.49,72.949],[119.741,73.0],[118.995,73.086],[117.911,73.294],[115.183,73.721],[114.338,73.749],[114.011,73.789],[113.852,73.857],[113.674,73.983],[113.699,74.122],[113.776,74.231],[113.433,74.736],[113.451,74.776],[114.91,75.054],[118.394,75.789],[124.093,77.029],[124.94,77.06],[125.987,76.99],[127.442,77.101],[127.766,77.148],[128.279,77.339],[129.796,77.518],[129.629,77.254],[129.799,77.518],[130.152,77.58],[130.849,77.767],[131.381,77.803],[132.31,78.004],[133.378,78.168],[135.413,78.176],[136.228,78.348],[137.078,78.456],[138.934,78.488],[140.03,78.548],[141.351,78.794],[142.206,78.823],[142.591,78.676],[143.389,78.48],[143.715,78.323],[143.852,78.163],[143.475,77.793],[143.451,77.737],[143.507,77.675],[145.86,76.943],[146.451,76.67],[147.509,76.363],[147.757,76.236],[147.813,76.166],[147.658,76.083],[147.358,76.052],[147.084,76.06],[146.693,76.134],[146.196,76.158],[146.073,76.134],[146.365,75.994],[146.578,75.669],[146.177,75.571],[146.131,75.515],[145.849,75.358],[145.802,75.302],[145.816,75.193],[145.777,75.117],[145.314,75.063],[144.867,75.202],[144.071,75.582],[142.748,75.849],[142.402,76.132],[142.059,76.336],[141.735,76.472],[140.085,77.02],[139.949,77.093],[139.6,77.454],[139.286,77.525],[138.998,77.483],[138.886,77.435],[138.816,77.21],[138.765,77.171],[138.098,76.965],[138.111,76.908],[138.545,76.785],[138.567,76.751],[138.521,76.713],[137.551,76.469],[137.457,76.419],[137.452,76.365],[137.391,76.293],[137.353,75.982],[137.177,75.813],[137.028,75.75],[137.023,75.632],[136.877,75.524],[136.56,75.386],[136.365,75.353],[136.186,75.37],[136.133,75.408],[136.108,75.496],[136.324,75.626],[136.153,75.678],[136.048,75.772],[136.019,75.902],[135.862,75.961],[135.643,75.952],[135.729,75.763],[135.545,75.489],[135.532,75.391],[135.629,75.3],[135.945,75.112],[136.271,75.012],[136.614,74.809],[136.832,74.741],[137.763,74.557],[138.42,74.47],[140.07,74.069],[140.403,73.819],[140.536,73.754],[141.365,73.477],[141.402,73.434],[141.305,73.377],[141.301,73.319],[141.75,73.141],[142.596,72.976],[143.631,72.87],[144.102,72.753],[144.434,72.607],[144.521,72.445],[144.449,72.18],[144.443,72.056],[144.491,71.946],[144.715,71.79],[145.176,71.631],[145.7,71.4],[145.82,71.3],[145.85,71.191],[145.813,71.12],[145.709,71.053],[145.356,70.953],[144.673,70.876],[144.205,70.885],[142.449,71.495],[141.585,71.755],[141.281,71.907],[141.112,72.125],[140.966,72.162],[140.768,72.159],[140.606,72.094],[140.419,71.85],[140.435,71.783],[140.551,71.692],[140.83,71.529],[140.912,71.448],[140.916,71.377],[140.681,71.258],[140.625,71.175],[140.349,70.952],[140.033,70.849],[139.874,70.842],[139.43,71.01],[139.143,71.079],[138.79,71.069],[138.758,71.028],[138.848,70.935],[138.894,70.813],[138.857,70.515],[138.664,70.368],[138.269,70.226],[137.134,70.196],[136.888,70.218],[136.667,70.285],[136.128,70.605],[135.449,70.71],[134.749,70.974],[134.449,71.012],[134.242,70.979],[133.887,70.722],[133.62,70.645],[133.187,70.453],[133.056,70.363],[132.883,70.144],[132.651,69.961],[132.36,69.559],[132.206,69.436],[131.985,69.416],[131.457,69.524],[131.377,69.644],[131.347,69.758],[131.365,69.871],[131.54,70.291]],[[134.662,77.274],[134.556,77.324],[134.67,77.264],[134.662,77.274]],[[134.707,77.172],[134.717,77.201],[134.575,76.991],[134.707,77.172]],[[134.158,76.722],[134.272,76.789],[133.784,76.562],[134.158,76.722]],[[135.926,76.092],[135.797,76.109],[135.984,76.06],[135.926,76.092]]]}},{"type":"Feature","properties":{"prvCode":"1200","prvName":"Lena-Anabar Basin","oilMean":1912.89,"gasMean":2106.75,"boeMean":2264.0},"geometry":{"type":"Polygon","coordinates":[[[118.078,69.604],[119.066,69.409],[120.628,69.033],[121.819,68.815],[122.398,68.749],[122.728,68.65],[122.84,68.583],[122.899,68.466],[122.846,68.381],[122.416,68.336],[121.678,68.456],[120.535,68.535],[119.1,68.75],[118.824,68.714],[118.241,68.53],[117.887,68.49],[117.569,68.507],[117.225,68.61],[116.46,68.586],[116.027,68.663],[115.665,69.036],[115.55,69.344],[115.243,69.601],[115.347,69.794],[114.773,70.166],[114.868,70.521],[115.241,70.736],[115.245,71.036],[114.943,71.211],[114.875,71.573],[114.936,71.894],[114.714,72.333],[114.133,73.191],[113.849,73.282],[113.567,73.425],[112.971,74.038],[112.033,74.429],[111.838,74.647],[111.844,74.812],[111.869,74.838],[112.284,74.84],[112.599,74.815],[112.693,74.781],[112.896,74.617],[113.41,74.454],[113.615,74.298],[113.703,74.114],[113.674,73.983],[113.852,73.857],[114.011,73.789],[114.338,73.749],[115.186,73.721],[117.912,73.293],[118.995,73.086],[119.741,73.0],[121.49,72.949],[122.039,72.905],[123.153,72.726],[123.581,72.689],[123.921,72.696],[124.69,72.578],[125.555,72.381],[126.61,72.083],[127.046,72.02],[127.043,71.913],[127.106,71.795],[127.194,71.457],[127.183,71.44],[127.001,71.584],[126.702,71.71],[125.065,72.188],[124.573,72.0],[124.098,71.889],[121.985,71.49],[121.674,71.386],[121.295,71.068],[120.983,71.013],[120.297,70.98],[119.814,70.883],[119.415,70.713],[118.79,70.35],[117.878,70.09],[117.705,69.966],[117.696,69.871],[118.42,69.54],[116.779,69.938],[118.078,69.604]],[[116.779,69.938],[115.822,70.115],[115.635,70.133],[116.779,69.938]],[[115.55,72.113],[115.403,72.108],[115.427,72.1],[115.55,72.113]],[[115.949,72.223],[115.819,72.143],[115.988,72.227],[115.949,72.223]],[[116.132,72.244],[116.084,72.238],[117.308,72.194],[116.132,72.244]]]}},{"type":"Feature","properties":{"prvCode":"5200","prvName":"East Greenland Rift Basins","oilMean":8902.13,"gasMean":86180.06,"boeMean":23265.5},"geometry":{"type":"Polygon","coordinates":[[[-17.116,71.978],[-17.709,71.591],[-18.012,71.339],[-18.239,70.956],[-18.23,70.368],[-18.159,70.164],[-18.166,69.999],[-18.246,69.874],[-18.646,69.603],[-19.785,69.138],[-20.254,69.024],[-21.093,68.919],[-22.474,68.856],[-22.648,68.599],[-23.08,68.14],[-23.297,67.824],[-23.637,67.496],[-24.329,67.118],[-26.017,66.374],[-27.225,66.06],[-32.152,67.723],[-31.763,68.014],[-31.656,68.124],[-31.681,68.143],[-31.572,68.174],[-31.537,68.241],[-31.355,68.289],[-31.157,68.109],[-29.944,68.063],[-29.357,68.245],[-29.178,68.448],[-29.138,68.66],[-29.173,68.816],[-29.35,68.969],[-29.685,69.116],[-31.1,69.131],[-31.153,69.12],[-31.166,69.046],[-31.239,68.969],[-31.462,68.845],[-31.508,68.934],[-31.305,69.062],[-31.348,69.19],[-31.225,69.301],[-31.202,69.413],[-31.164,69.445],[-31.033,69.473],[-30.748,69.448],[-30.801,69.511],[-30.783,69.533],[-30.538,69.539],[-30.055,69.49],[-30.015,69.512],[-30.011,69.566],[-30.058,69.62],[-30.018,69.647],[-29.692,69.644],[-29.426,69.523],[-29.085,69.586],[-29.065,69.569],[-29.126,69.478],[-29.07,69.417],[-28.797,69.511],[-28.734,69.467],[-28.779,69.39],[-28.7,69.354],[-28.566,69.389],[-28.467,69.239],[-28.408,69.207],[-27.918,69.264],[-27.787,69.238],[-27.807,69.185],[-27.769,69.164],[-27.125,69.203],[-27.056,69.273],[-26.834,69.339],[-26.475,69.33],[-26.555,69.471],[-26.823,69.567],[-26.641,69.623],[-26.707,69.654],[-27.472,69.587],[-27.544,69.557],[-27.557,69.514],[-27.784,69.47],[-27.86,69.534],[-27.814,69.64],[-27.904,69.685],[-28.061,69.704],[-28.263,69.673],[-28.446,69.714],[-28.472,69.739],[-28.335,69.793],[-28.397,69.846],[-29.12,69.873],[-29.31,69.838],[-29.385,69.88],[-29.382,69.911],[-29.333,70.028],[-29.211,70.059],[-28.89,70.095],[-28.819,70.064],[-28.996,70.002],[-28.964,69.98],[-28.446,70.033],[-28.586,70.055],[-28.49,70.117],[-28.64,70.168],[-28.629,70.188],[-28.409,70.281],[-27.886,70.408],[-26.44,70.455],[-26.052,70.523],[-25.76,70.628],[-25.221,70.297],[-25.799,70.671],[-25.778,70.705],[-25.366,70.766],[-25.286,70.823],[-25.117,70.854],[-25.077,71.024],[-25.118,71.11],[-25.098,71.134],[-24.671,71.255],[-24.661,71.308],[-24.773,71.329],[-24.862,71.396],[-24.824,71.45],[-24.824,71.56],[-24.78,71.664],[-24.674,71.658],[-24.591,71.69],[-24.439,71.596],[-24.389,71.646],[-24.431,71.771],[-24.31,71.896],[-24.258,72.088],[-24.26,72.199],[-24.483,72.821],[-24.589,72.948],[-24.544,72.996],[-24.843,73.376],[-24.852,73.467],[-24.803,73.533],[-24.975,73.584],[-25.215,73.732],[-25.447,73.788],[-25.681,73.943],[-24.94,73.707],[-24.834,73.611],[-24.691,73.606],[-24.616,73.659],[-24.598,73.738],[-24.453,73.911],[-24.525,73.986],[-24.278,74.365],[-24.259,74.237],[-23.889,74.312],[-23.529,74.433],[-23.505,74.395],[-24.119,74.094],[-24.077,74.017],[-23.931,73.906],[-23.543,73.946],[-23.464,73.903],[-23.612,73.812],[-23.355,73.818],[-23.301,73.779],[-22.849,73.812],[-22.678,73.791],[-22.538,73.718],[-22.497,73.772],[-22.53,73.863],[-22.494,73.93],[-22.341,73.994],[-22.109,74.243],[-22.142,74.279],[-22.399,74.279],[-22.421,74.31],[-21.938,74.397],[-21.892,74.464],[-22.089,74.585],[-22.068,74.616],[-21.995,74.618],[-21.688,74.464],[-21.005,74.385],[-21.209,74.304],[-21.392,74.148],[-21.402,74.11],[-21.364,74.078],[-21.233,74.023],[-20.888,73.961],[-20.722,73.972],[-20.585,74.03],[-20.517,74.106],[-20.6,74.245],[-20.564,74.317],[-20.578,74.406],[-20.791,74.588],[-20.685,74.681],[-20.843,74.858],[-20.649,74.938],[-20.444,74.911],[-20.322,74.835],[-20.09,74.592],[-19.921,74.958],[-19.685,75.177],[-19.954,75.228],[-20.129,75.335],[-20.25,75.343],[-20.126,75.576],[-20.073,75.61],[-19.856,75.637],[-19.394,75.641],[-19.343,75.681],[-19.9,75.928],[-18.811,75.992],[-18.497,76.062],[-18.482,76.164],[-18.438,76.213],[-18.681,76.281],[-18.718,76.36],[-18.26,76.74],[-18.197,76.868],[-18.196,77.093],[-18.33,77.309],[-18.696,77.346],[-18.721,77.401],[-18.583,77.543],[-18.639,77.637],[-18.604,77.711],[-18.273,78.067],[-18.209,78.251],[-18.189,78.446],[-17.731,78.882],[-17.671,78.967],[-17.691,79.027],[-16.976,79.511],[-17.031,79.534],[-17.233,79.509],[-18.04,79.294],[-18.402,79.118],[-19.179,78.91],[-19.276,78.925],[-19.286,78.967],[-19.064,79.198],[-18.66,79.469],[-17.955,79.706],[-17.76,79.793],[-17.622,79.907],[-17.415,80.011],[-17.629,80.151],[-17.614,80.182],[-16.649,80.303],[-16.591,80.338],[-16.73,80.426],[-16.403,80.449],[-16.344,80.48],[-16.417,80.529],[-17.175,80.674],[-17.198,80.701],[-17.143,80.798],[-16.973,80.892],[-16.655,80.989],[-15.56,80.99],[-15.359,81.006],[-15.061,81.089],[-13.118,80.641],[-11.758,80.212],[-9.504,79.61],[-7.333,78.849],[-5.721,78.075],[-4.78,77.562],[-6.068,77.764],[-4.314,77.468],[-3.46,77.03],[-3.117,76.908],[-2.669,76.675],[-3.586,76.381],[-3.851,76.259],[-4.555,76.055],[-5.785,75.798],[-7.844,75.449],[-10.455,74.892],[-10.969,74.734],[-11.362,74.549],[-11.632,74.473],[-12.724,74.316],[-13.494,74.154],[-14.048,73.881],[-14.556,73.525],[-15.124,73.316],[-15.465,73.125],[-15.611,72.978],[-16.206,72.726],[-17.116,71.978]],[[-21.603,70.056],[-21.502,70.26],[-21.366,70.392],[-21.241,70.604],[-21.009,70.864],[-21.02,71.09],[-21.106,71.382],[-21.162,71.755],[-21.103,71.839],[-20.469,72.108],[-20.384,72.191],[-20.883,72.338],[-20.977,72.33],[-21.035,72.278],[-21.688,72.002],[-22.227,71.703],[-22.04,71.612],[-22.011,71.554],[-22.161,71.348],[-22.203,71.26],[-22.202,71.118],[-22.337,70.902],[-22.352,70.629],[-22.325,70.508],[-22.261,70.441],[-21.952,70.524],[-21.867,70.492],[-22.142,70.127],[-21.543,70.204],[-21.603,70.056]],[[-21.56,69.999],[-21.505,69.969],[-21.603,70.056],[-21.56,69.999]],[[-19.959,74.31],[-20.093,74.353],[-20.068,74.339],[-19.959,74.31]],[[-19.604,74.066],[-19.671,74.128],[-19.959,74.31],[-19.604,74.066]],[[-22.075,69.347],[-21.302,70.008],[-21.955,69.465],[-22.075,69.347]],[[-15.625,77.332],[-18.142,77.311],[-16.301,77.307],[-15.625,77.332]],[[-14.818,77.462],[-15.025,77.444],[-15.625,77.332],[-14.818,77.462]],[[-11.514,77.711],[-12.766,77.58],[-11.71,77.685],[-11.514,77.711]],[[-12.791,76.704],[-12.049,76.917],[-12.662,76.761],[-12.791,76.704]],[[-13.499,76.247],[-13.434,76.302],[-13.589,76.21],[-13.499,76.247]],[[-13.964,76.056],[-13.736,76.15],[-14.627,75.85],[-13.964,76.056]],[[-13.975,75.232],[-15.092,75.279],[-15.069,75.275],[-13.975,75.232]],[[-20.156,74.391],[-20.155,74.395],[-20.162,74.394],[-20.156,74.391]],[[-19.455,74.407],[-19.438,74.406],[-19.418,74.409],[-19.455,74.407]],[[-19.343,74.42],[-19.271,74.43],[-19.264,74.437],[-19.343,74.42]],[[-18.293,74.536],[-18.241,74.538],[-18.186,74.556],[-18.293,74.536]],[[-7.936,77.944],[-7.812,77.938],[-7.883,77.943],[-7.936,77.944]],[[-6.843,77.869],[-6.557,77.841],[-6.655,77.856],[-6.843,77.869]]]}},{"type":"Feature","properties":{"prvCode":"5242","prvName":"Northwest Canada Interior Basins","oilMean":29.56,"gasMean":386.71,"boeMean":94.0},"geometry":{"type":"Polygon","coordinates":[[[-127.721,69.321],[-127.222,69.462],[-126.719,69.558],[-125.754,69.636],[-125.035,69.611],[-124.108,69.52],[-123.346,69.378],[-123.098,69.278],[-122.898,69.151],[-122.721,68.826],[-122.439,68.581],[-122.172,68.285],[-122.041,68.21],[-121.844,68.16],[-121.71,68.164],[-121.36,68.224],[-120.985,68.22],[-120.428,68.305],[-120.252,68.238],[-119.992,67.996],[-119.511,67.763],[-119.437,67.685],[-119.489,67.493],[-119.621,67.304],[-119.819,67.193],[-120.175,67.09],[-120.269,67.032],[-120.666,66.533],[-120.702,66.461],[-120.669,66.388],[-120.778,66.333],[-124.499,65.685],[-125.132,65.606],[-125.178,65.585],[-125.187,65.534],[-124.972,65.389],[-124.934,65.332],[-124.986,65.256],[-125.192,65.2],[-125.678,65.216],[-126.472,65.537],[-126.716,65.58],[-127.429,65.812],[-127.671,65.854],[-126.917,65.478],[-125.876,65.112],[-126.362,65.059],[-127.447,65.039],[-128.733,65.226],[-130.611,65.296],[-132.558,65.535],[-133.73,65.536],[-134.085,65.579],[-134.166,65.654],[-134.192,65.86],[-134.323,66.042],[-134.581,66.232],[-134.974,66.419],[-135.351,66.742],[-135.551,66.874],[-135.641,66.988],[-135.675,67.159],[-135.613,67.54],[-135.529,67.671],[-135.286,67.889],[-134.293,68.396],[-133.801,68.731],[-133.204,68.951],[-132.752,69.27],[-132.584,69.474],[-131.89,69.737],[-131.507,69.781],[-130.227,70.151],[-129.772,70.245],[-129.206,70.238],[-128.941,70.167],[-128.812,70.096],[-128.664,69.95],[-128.667,69.911],[-128.962,69.695],[-129.111,69.466],[-129.122,69.301],[-129.025,68.87],[-127.721,69.321]]]}},{"type":"Feature","properties":{"prvCode":"5230","prvName":"Franklinian Shelf","oilMean":null,"gasMean":null,"boeMean":null},"geometry":{"type":"Polygon","coordinates":[[[-118.148,74.729],[-119.183,74.868],[-119.041,74.959],[-118.568,75.142],[-117.676,75.565],[-117.316,75.811],[-117.238,75.899],[-117.201,76.001],[-117.121,76.05],[-116.942,76.099],[-116.894,76.157],[-116.165,76.305],[-112.236,76.021],[-111.846,76.035],[-108.702,76.306],[-102.822,77.024],[-98.894,77.441],[-97.749,77.476],[-94.971,77.448],[-91.1,77.313],[-90.195,77.319],[-89.614,77.413],[-89.028,77.561],[-87.708,77.983],[-86.557,78.449],[-86.033,78.73],[-85.377,78.964],[-84.521,79.192],[-83.058,79.676],[-80.613,80.167],[-79.277,80.328],[-72.751,80.852],[-68.882,81.23],[-65.866,81.483],[-63.587,81.745],[-62.406,81.824],[-61.489,81.965],[-61.001,82.14],[-60.62,82.228],[-60.238,82.137],[-55.048,82.504],[-51.327,82.714],[-43.337,82.816],[-38.085,83.092],[-34.882,83.166],[-29.805,83.191],[-29.053,83.169],[-26.63,82.997],[-24.92,82.793],[-22.407,82.416],[-20.364,82.043],[-19.375,81.754],[-16.719,81.381],[-17.903,81.304],[-19.579,81.125],[-19.753,81.068],[-18.936,81.095],[-19.842,80.951],[-20.417,80.824],[-20.925,80.79],[-20.98,80.773],[-21.016,80.63],[-20.964,80.574],[-20.683,80.475],[-20.531,80.454],[-20.318,80.476],[-20.634,80.216],[-20.5,80.052],[-20.733,80.073],[-20.995,80.281],[-21.39,80.307],[-21.517,80.284],[-21.821,80.172],[-22.217,79.941],[-22.502,79.854],[-22.56,79.773],[-22.53,79.718],[-22.545,79.684],[-22.978,79.521],[-23.517,79.593],[-23.841,79.684],[-24.09,79.784],[-24.098,79.815],[-24.055,79.85],[-23.93,79.892],[-24.205,79.946],[-24.261,80.077],[-24.842,80.155],[-24.282,80.3],[-23.208,80.709],[-22.61,80.79],[-22.341,80.917],[-21.977,81.022],[-21.647,81.229],[-21.048,81.453],[-21.072,81.48],[-21.756,81.472],[-22.75,81.672],[-23.409,81.746],[-24.919,81.713],[-25.345,81.776],[-25.083,81.793],[-25.341,81.859],[-26.146,81.91],[-25.913,81.995],[-26.184,82.043],[-29.588,82.099],[-30.625,82.033],[-32.35,81.997],[-32.909,82.02],[-33.108,82.06],[-32.742,82.126],[-31.824,82.143],[-33.431,82.219],[-36.405,82.215],[-36.942,82.195],[-36.878,82.169],[-37.486,82.124],[-37.562,82.105],[-37.648,82.034],[-38.0,81.995],[-40.438,81.787],[-41.558,81.714],[-44.375,81.604],[-44.988,81.646],[-46.453,81.54],[-46.64,81.512],[-46.237,81.462],[-46.217,81.446],[-46.248,81.381],[-46.716,81.349],[-47.011,81.202],[-47.574,81.104],[-49.81,80.885],[-59.893,79.751],[-61.724,79.697],[-63.794,79.773],[-64.707,79.763],[-65.146,79.726],[-65.384,79.86],[-65.687,79.927],[-66.385,79.978],[-66.84,79.97],[-69.788,79.856],[-70.923,79.777],[-73.506,79.419],[-74.18,79.249],[-74.229,79.08],[-74.202,79.014],[-75.861,79.087],[-76.134,79.144],[-76.304,79.146],[-76.463,79.089],[-76.812,79.105],[-76.96,79.074],[-77.567,79.112],[-78.084,79.072],[-78.433,79.097],[-78.622,79.072],[-79.266,79.094],[-79.357,79.112],[-79.34,79.153],[-79.603,79.156],[-80.19,79.075],[-81.026,78.814],[-81.588,78.435],[-81.926,78.267],[-81.999,78.174],[-82.015,78.1],[-81.965,77.761],[-81.734,77.585],[-81.677,77.42],[-82.318,77.024],[-82.662,76.862],[-83.076,76.772],[-84.286,76.681],[-85.149,76.577],[-88.022,76.45],[-89.092,76.358],[-89.445,76.258],[-89.504,76.183],[-89.438,76.129],[-89.345,75.905],[-89.157,75.806],[-89.103,75.674],[-88.918,75.446],[-88.897,75.341],[-88.847,75.274],[-88.905,75.2],[-89.407,74.928],[-89.584,74.77],[-89.502,74.658],[-89.215,74.486],[-88.749,74.322],[-87.8,74.119],[-87.261,74.053],[-87.289,73.9],[-87.613,73.61],[-87.783,73.388],[-88.599,72.871],[-88.832,72.654],[-88.855,72.488],[-88.683,72.234],[-88.326,71.891],[-88.219,71.743],[-88.155,71.534],[-88.17,71.266],[-88.221,71.064],[-88.406,70.897],[-88.505,70.738],[-88.935,70.6],[-89.582,70.539],[-90.134,70.557],[-91.431,70.789],[-92.052,71.082],[-93.075,71.684],[-93.404,71.954],[-93.931,72.615],[-94.076,72.443],[-94.283,72.319],[-94.355,72.37],[-94.192,72.609],[-94.159,72.713],[-94.236,72.857],[-94.343,72.965],[-94.144,72.977],[-94.281,73.23],[-94.542,73.418],[-94.587,73.505],[-94.286,73.421],[-94.744,73.627],[-95.344,73.815],[-95.534,73.93],[-95.605,74.027],[-96.117,73.895],[-96.204,73.91],[-96.231,73.941],[-96.167,74.017],[-95.883,74.168],[-95.871,74.206],[-95.942,74.281],[-96.326,74.209],[-96.414,74.348],[-96.569,74.38],[-96.629,74.342],[-96.68,74.183],[-96.769,74.097],[-97.168,73.981],[-97.643,73.738],[-97.621,73.59],[-96.666,73.158],[-96.629,73.013],[-96.679,72.916],[-96.799,72.881],[-96.701,72.817],[-96.694,72.756],[-96.875,72.581],[-96.811,72.317],[-96.865,72.08],[-97.257,71.552],[-97.354,71.285],[-97.73,70.914],[-97.747,70.654],[-97.869,70.503],[-97.879,70.389],[-97.933,70.27],[-98.28,70.086],[-98.755,69.943],[-99.483,69.799],[-100.859,69.673],[-101.585,69.665],[-102.457,69.783],[-104.573,70.239],[-105.425,70.467],[-105.673,70.562],[-106.169,70.884],[-106.352,71.111],[-106.345,71.212],[-106.309,71.265],[-106.018,71.584],[-105.915,71.751],[-105.908,71.883],[-106.002,72.006],[-106.517,72.298],[-106.735,72.458],[-106.947,72.721],[-107.214,73.132],[-107.489,73.287],[-108.052,73.436],[-108.837,73.52],[-109.512,73.548],[-111.108,73.349],[-111.825,73.206],[-112.844,72.919],[-113.978,72.486],[-114.769,72.299],[-115.555,72.235],[-117.406,72.223],[-118.612,72.072],[-120.288,72.026],[-121.213,71.94],[-122.178,71.961],[-122.617,71.926],[-122.541,72.033],[-122.218,72.332],[-121.36,72.916],[-120.846,73.337],[-119.799,73.8],[-119.042,74.039],[-118.4,74.16],[-118.229,74.339],[-118.108,74.684],[-118.148,74.729]],[[-92.438,74.596],[-92.436,74.605],[-92.465,74.562],[-92.438,74.596]],[[-92.618,74.366],[-92.547,74.457],[-92.931,74.036],[-92.618,74.366]],[[-93.8,72.768],[-93.797,72.774],[-93.814,72.754],[-93.8,72.768]]]}},{"type":"Feature","properties":{"prvCode":"5234","prvName":"Sverdrup Basin","oilMean":851.11,"gasMean":8596.36,"boeMean":2283.8},"geometry":{"type":"Polygon","coordinates":[[[-121.533,77.642],[-120.209,78.067],[-118.9,78.373],[-117.245,78.66],[-115.311,78.934],[-108.631,79.686],[-105.73,80.06],[-102.794,80.742],[-100.968,81.035],[-99.932,81.237],[-97.655,81.854],[-95.709,82.231],[-94.056,82.452],[-91.799,82.67],[-85.186,83.127],[-82.139,83.145],[-81.759,83.111],[-81.72,83.059],[-82.663,82.928],[-85.57,82.667],[-88.682,82.266],[-90.497,81.982],[-90.755,81.911],[-90.767,81.871],[-90.895,81.784],[-90.32,81.715],[-89.661,81.684],[-89.74,81.641],[-90.171,81.597],[-90.273,81.56],[-90.02,81.522],[-89.494,81.512],[-89.071,81.418],[-88.679,81.399],[-88.432,81.428],[-88.402,81.453],[-88.407,81.517],[-88.152,81.613],[-85.329,81.858],[-84.556,81.844],[-87.348,81.612],[-87.589,81.556],[-87.341,81.489],[-87.395,81.457],[-88.232,81.298],[-88.116,81.285],[-84.633,81.631],[-79.062,81.926],[-78.865,81.945],[-78.321,82.13],[-77.805,82.233],[-77.159,82.213],[-76.539,82.235],[-75.227,82.331],[-72.497,82.318],[-73.318,82.189],[-73.448,82.1],[-72.564,82.104],[-72.483,82.046],[-72.525,82.001],[-73.059,81.95],[-73.607,81.804],[-74.883,81.751],[-75.047,81.697],[-75.082,81.637],[-75.296,81.579],[-76.416,81.482],[-76.561,81.375],[-76.893,81.216],[-77.325,81.171],[-77.344,81.107],[-77.693,81.072],[-77.853,81.009],[-77.852,80.912],[-77.907,80.882],[-78.345,80.813],[-78.267,80.73],[-78.273,80.697],[-78.35,80.656],[-78.908,80.613],[-78.89,80.572],[-78.581,80.499],[-78.907,80.43],[-79.787,80.326],[-79.69,80.281],[-80.613,80.167],[-82.825,79.728],[-82.977,79.538],[-82.942,79.278],[-83.046,79.227],[-83.175,79.041],[-83.164,79.003],[-82.867,78.934],[-82.861,78.849],[-83.321,78.706],[-84.136,78.565],[-84.202,78.578],[-84.297,78.69],[-84.606,78.673],[-85.202,78.336],[-85.232,78.298],[-85.212,78.254],[-85.426,78.149],[-85.564,78.118],[-85.545,78.081],[-85.422,78.074],[-85.12,78.152],[-85.001,78.152],[-84.985,78.12],[-85.211,77.943],[-85.664,77.817],[-85.868,77.533],[-85.961,77.484],[-89.953,76.876],[-91.991,76.709],[-92.259,76.712],[-92.764,76.733],[-93.54,76.876],[-94.427,76.84],[-94.602,76.901],[-95.232,76.948],[-95.688,77.026],[-96.464,77.031],[-97.005,76.97],[-97.342,76.99],[-97.954,76.8],[-99.627,76.713],[-100.353,76.756],[-100.646,76.741],[-101.93,76.597],[-102.825,76.535],[-104.609,76.163],[-105.094,76.119],[-105.799,76.127],[-105.852,76.062],[-106.704,76.016],[-107.312,75.947],[-107.726,75.857],[-107.592,75.83],[-107.656,75.795],[-108.61,75.662],[-110.186,75.597],[-110.379,75.6],[-110.558,75.652],[-110.742,75.79],[-110.893,75.838],[-112.417,76.043],[-116.166,76.305],[-116.895,76.158],[-117.556,76.238],[-116.894,76.157],[-116.942,76.099],[-117.201,76.001],[-117.238,75.899],[-117.316,75.811],[-117.676,75.565],[-118.568,75.142],[-119.041,74.959],[-119.183,74.868],[-118.148,74.729],[-118.108,74.684],[-118.137,74.571],[-118.229,74.339],[-118.328,74.208],[-118.4,74.16],[-119.042,74.039],[-119.799,73.8],[-120.147,73.626],[-120.517,73.496],[-120.846,73.337],[-121.36,72.916],[-122.218,72.332],[-123.502,71.871],[-124.776,71.513],[-129.603,70.357],[-131.26,69.842],[-131.642,69.749],[-131.89,69.737],[-131.902,69.801],[-131.803,70.203],[-131.725,70.326],[-131.405,70.547],[-130.876,70.794],[-128.664,71.593],[-128.4,71.733],[-128.08,71.97],[-127.693,72.383],[-127.36,73.157],[-127.137,73.512],[-126.866,73.846],[-126.111,74.588],[-125.415,75.38],[-125.029,75.768],[-124.449,76.216],[-123.819,76.607],[-122.705,77.168],[-121.533,77.642]],[[-98.983,79.638],[-98.859,79.632],[-98.733,79.648],[-98.983,79.638]],[[-100.601,79.704],[-100.666,79.697],[-100.562,79.702],[-100.601,79.704]],[[-100.916,79.669],[-101.039,79.621],[-100.822,79.679],[-100.916,79.669]],[[-102.791,79.466],[-101.252,79.429],[-101.157,79.445],[-102.791,79.466]],[[-107.916,79.204],[-108.051,79.196],[-107.036,79.205],[-107.916,79.204]],[[-108.614,79.16],[-109.029,79.111],[-108.439,79.171],[-108.614,79.16]],[[-117.665,76.938],[-117.706,76.932],[-117.643,76.935],[-117.665,76.938]],[[-118.584,76.622],[-118.553,76.612],[-118.63,76.696],[-118.584,76.622]],[[-118.471,76.586],[-118.446,76.591],[-118.499,76.595],[-118.471,76.586]],[[-118.035,76.744],[-118.095,76.759],[-118.249,76.729],[-118.035,76.744]],[[-117.993,76.728],[-117.995,76.734],[-118.008,76.737],[-117.993,76.728]],[[-117.975,76.456],[-117.956,76.439],[-117.994,76.541],[-117.975,76.456]]]}},{"type":"Feature","properties":{"prvCode":"1008","prvName":"Timan-Pechora Basin","oilMean":3320.95,"gasMean":17124.9,"boeMean":6175.1},"geometry":{"type":"Polygon","coordinates":[[[57.448,61.155],[57.306,61.075],[57.122,61.12],[56.297,61.553],[55.212,61.97],[54.984,62.031],[54.259,62.356],[52.785,63.263],[52.512,63.463],[52.375,63.605],[52.36,64.011],[52.302,64.174],[51.917,64.563],[51.67,64.702],[51.216,64.878],[51.009,65.001],[50.746,65.448],[50.69,65.598],[50.534,65.826],[50.011,66.176],[49.98,66.228],[49.965,66.425],[49.89,66.572],[49.351,67.089],[49.237,67.352],[49.068,67.601],[48.613,67.776],[47.959,67.828],[48.212,68.017],[48.739,68.248],[49.834,68.595],[52.442,68.97],[53.375,69.329],[55.268,69.72],[56.486,70.063],[57.267,70.33],[58.536,70.069],[61.19,69.142],[62.169,68.961],[63.127,68.737],[64.253,68.628],[65.229,68.405],[65.408,68.283],[65.405,68.213],[65.441,68.17],[65.31,67.995],[65.355,67.937],[65.359,67.834],[65.03,67.596],[64.582,67.438],[64.312,67.034],[63.172,66.667],[62.553,66.396],[62.005,66.269],[61.213,65.971],[60.167,65.84],[59.611,65.716],[59.303,65.602],[59.103,65.366],[58.824,65.242],[58.752,65.11],[58.754,64.84],[58.701,64.66],[58.68,64.418],[58.594,64.149],[58.664,63.946],[58.533,63.779],[58.488,63.293],[58.224,63.009],[58.333,62.606],[58.15,62.229],[58.109,62.068],[57.612,61.347],[57.448,61.155]],[[56.89,64.775],[56.848,64.788],[57.083,64.67],[56.89,64.775]],[[56.399,64.893],[56.377,64.873],[56.483,64.905],[56.399,64.893]],[[56.322,64.82],[56.264,64.663],[56.329,64.827],[56.322,64.82]],[[56.282,64.367],[56.296,64.307],[56.264,64.663],[56.282,64.367]],[[56.473,63.549],[56.602,63.082],[56.43,63.731],[56.473,63.549]],[[52.186,65.247],[52.198,65.183],[52.419,64.704],[52.186,65.247]],[[52.162,65.458],[52.149,65.435],[52.168,65.335],[52.162,65.458]],[[52.44,65.688],[52.402,65.686],[52.27,65.638],[52.44,65.688]],[[53.284,65.632],[52.811,65.713],[52.769,65.71],[53.284,65.632]],[[54.668,64.689],[54.849,64.681],[54.62,64.706],[54.668,64.689]],[[55.405,65.257],[55.228,65.487],[55.409,65.242],[55.405,65.257]],[[53.774,66.929],[53.799,66.887],[54.256,66.331],[53.774,66.929]],[[54.158,67.597],[54.028,67.736],[54.2,67.523],[54.158,67.597]],[[61.849,67.984],[61.833,68.006],[61.595,68.177],[61.849,67.984]],[[60.026,66.567],[61.708,67.474],[61.741,67.504],[60.026,66.567]],[[58.09,64.141],[58.151,64.157],[58.191,64.188],[58.09,64.141]],[[57.908,64.132],[57.972,64.111],[58.034,64.127],[57.908,64.132]],[[57.74,64.214],[57.812,64.164],[57.867,64.146],[57.74,64.214]]]}},{"type":"Feature","properties":{"prvCode":"1062","prvName":"Novaya Zemlya Basins and Admiralty Arch","oilMean":null,"gasMean":null,"boeMean":null},"geometry":{"type":"Polygon","coordinates":[[[52.489,71.157],[53.258,70.869],[53.868,70.79],[52.347,70.641],[51.561,70.601],[49.534,70.215],[47.936,70.049],[47.799,70.197],[47.683,70.408],[47.683,70.622],[47.831,70.865],[47.852,70.985],[47.987,71.153],[48.769,71.776],[49.145,71.87],[49.091,72.011],[48.447,72.664],[48.61,72.915],[48.649,73.09],[48.326,73.422],[48.293,73.611],[48.917,73.771],[48.824,73.872],[48.799,74.056],[48.733,74.141],[48.345,74.392],[48.973,74.616],[49.004,74.708],[48.961,74.884],[49.02,74.984],[49.172,75.083],[49.423,75.36],[49.727,75.566],[50.217,75.779],[52.285,76.03],[54.724,76.188],[56.444,76.63],[57.931,76.883],[58.493,76.785],[59.288,76.84],[60.113,76.972],[60.522,77.077],[60.751,77.199],[60.87,77.321],[61.508,77.56],[62.01,77.658],[63.349,77.778],[65.78,77.756],[66.649,77.586],[67.781,77.31],[66.713,77.181],[64.874,77.037],[63.314,76.876],[59.878,76.425],[57.818,75.923],[55.343,75.174],[54.382,74.763],[52.444,73.629],[51.601,72.871],[51.382,72.41],[51.215,71.816],[52.489,71.157]]]}},{"type":"Feature","properties":{"prvCode":"1203","prvName":"Tunguska Basin","oilMean":null,"gasMean":null,"boeMean":null},"geometry":{"type":"Polygon","coordinates":[[[107.73,61.889],[107.642,61.737],[107.487,61.661],[107.277,61.612],[106.177,61.571],[105.609,61.412],[104.705,61.257],[104.481,61.112],[104.287,61.033],[103.578,60.83],[103.077,60.744],[102.746,60.739],[102.527,60.814],[102.427,60.89],[102.392,61.076],[102.077,61.284],[100.865,61.625],[100.204,61.957],[99.094,62.373],[98.852,62.431],[98.42,62.443],[97.596,62.299],[97.372,62.331],[97.169,62.387],[96.634,62.709],[96.16,62.822],[95.903,62.828],[95.452,62.769],[95.311,62.705],[95.244,62.528],[95.149,62.438],[94.745,62.352],[94.531,62.357],[93.871,62.499],[92.969,62.483],[92.72,62.443],[92.644,62.31],[92.591,62.046],[92.485,61.776],[92.344,61.692],[92.127,61.633],[91.764,61.582],[91.279,61.613],[90.437,61.867],[89.365,62.389],[88.983,62.615],[88.143,62.968],[87.924,63.523],[87.823,63.875],[87.792,64.288],[87.82,64.5],[87.912,64.762],[87.904,64.96],[87.943,65.236],[88.139,65.688],[88.167,65.908],[88.112,66.07],[87.887,66.244],[87.711,66.449],[87.143,66.865],[86.971,67.036],[86.873,67.202],[86.753,67.739],[86.791,67.904],[86.782,68.197],[86.686,68.332],[86.559,68.824],[86.47,69.017],[86.465,69.224],[86.543,69.411],[86.479,70.055],[86.995,70.141],[87.481,70.176],[88.05,70.31],[89.984,70.626],[91.081,70.633],[93.646,70.51],[97.004,70.509],[99.351,70.646],[100.805,70.927],[101.94,71.273],[102.289,71.336],[102.219,71.148],[101.978,70.845],[101.904,70.669],[101.922,70.585],[102.107,70.392],[102.143,70.2],[101.937,70.119],[101.876,70.065],[102.52,69.8],[102.639,69.681],[103.045,69.429],[103.55,69.197],[103.72,68.986],[104.033,68.803],[104.164,68.568],[104.307,68.478],[104.567,68.389],[105.703,68.188],[105.979,68.108],[106.358,67.913],[106.407,67.705],[106.395,67.44],[106.493,66.998],[106.679,66.858],[106.913,66.62],[107.133,66.469],[107.58,66.247],[107.731,66.22],[108.375,66.304],[108.734,66.314],[108.98,66.29],[109.141,66.235],[109.241,66.148],[109.677,65.283],[109.728,65.058],[109.729,64.837],[109.683,64.614],[109.6,64.404],[109.392,64.076],[109.395,64.013],[109.038,63.498],[108.565,62.662],[108.456,62.394],[108.197,62.148],[107.73,61.889]]]}},{"type":"Feature","properties":{"prvCode":"1006","prvName":"Mezen' Basin","oilMean":null,"gasMean":null,"boeMean":null},"geometry":{"type":"Polygon","coordinates":[[[38.818,69.146],[39.668,69.109],[41.366,68.883],[44.115,68.189],[46.07,67.747],[46.893,67.487],[47.881,67.065],[48.312,66.705],[48.502,66.481],[48.764,65.892],[48.867,65.573],[49.011,65.335],[49.061,65.06],[49.213,64.666],[49.717,64.1],[50.178,63.711],[50.555,63.479],[51.8,62.868],[52.363,62.618],[53.154,62.334],[53.951,61.924],[54.279,61.818],[55.1,61.663],[55.623,61.459],[56.341,61.037],[56.351,60.981],[56.175,60.828],[56.098,60.831],[54.795,61.286],[53.573,61.633],[53.204,61.644],[52.485,61.496],[52.158,61.518],[51.758,61.714],[50.983,62.259],[50.628,62.396],[50.373,62.425],[49.916,62.376],[49.595,62.263],[49.116,61.832],[48.559,61.415],[48.275,61.261],[48.085,61.2],[47.732,61.148],[46.957,61.125],[46.349,61.174],[46.17,61.227],[45.978,61.366],[45.808,61.816],[45.687,61.941],[44.631,62.303],[43.236,62.884],[42.214,63.417],[41.766,63.7],[41.642,63.843],[41.732,63.912],[42.026,63.945],[42.503,63.942],[42.664,63.984],[42.831,64.082],[43.035,64.319],[43.043,64.575],[42.936,64.699],[42.781,64.772],[41.414,65.084],[41.086,65.202],[40.952,65.297],[40.967,65.341],[41.073,65.399],[41.932,65.584],[42.065,65.72],[42.026,65.883],[42.04,65.978],[42.248,66.061],[42.533,66.045],[43.319,65.749],[43.573,65.735],[43.932,65.794],[44.059,65.844],[44.203,65.958],[44.256,66.081],[44.179,66.213],[43.981,66.425],[43.414,66.756],[42.402,67.086],[42.167,67.196],[41.855,67.385],[41.625,67.585],[41.168,67.829],[40.731,67.983],[39.525,68.336],[38.813,68.484],[36.04,69.17],[37.31,69.241],[38.609,69.193],[38.818,69.146]]]}},{"type":"Feature","properties":{"prvCode":"0002","prvName":"Eurasia Basin","oilMean":1342.15,"gasMean":19475.44,"boeMean":4588.1},"geometry":{"type":"MultiPolygon","coordinates":[[[[137.078,78.456],[136.228,78.348],[135.413,78.176],[133.378,78.168],[132.31,78.004],[131.568,77.832],[130.849,77.767],[130.152,77.58],[129.794,77.517],[129.536,77.533],[129.389,77.604],[129.226,77.752],[129.155,77.867],[129.118,78.019],[129.283,78.187],[129.584,78.382],[129.539,78.432],[129.425,78.465],[128.672,78.32],[128.503,78.263],[128.364,78.143],[128.197,78.087],[127.325,78.003],[126.878,77.917],[126.362,77.688],[125.589,77.695],[125.169,77.558],[124.995,77.469],[124.89,77.322],[124.672,77.185],[124.282,77.051],[123.957,77.082],[123.428,77.071],[121.947,77.236],[119.002,77.248],[117.464,77.365],[117.539,77.526],[117.463,77.365],[116.31,77.463],[115.612,77.568],[114.994,77.719],[114.412,78.036],[113.894,78.197],[113.241,78.33],[111.065,78.631],[109.969,78.818],[106.383,79.746],[105.457,79.904],[103.287,80.19],[100.99,80.695],[99.034,81.028],[97.41,81.217],[95.923,81.344],[91.679,81.536],[88.874,81.57],[85.816,81.524],[84.683,81.472],[83.193,81.476],[81.765,81.588],[80.082,81.828],[78.758,81.887],[76.873,81.851],[75.846,81.797],[74.631,81.651],[74.111,81.508],[73.34,81.394],[71.732,81.262],[70.134,81.221],[68.949,81.325],[67.721,81.632],[66.331,82.077],[65.549,82.227],[62.843,82.578],[61.02,82.733],[60.256,82.748],[57.723,82.69],[54.127,82.495],[52.899,82.461],[50.446,82.269],[48.335,82.028],[44.938,81.56],[42.599,80.971],[41.548,80.582],[40.729,80.381],[40.273,80.306],[39.618,80.269],[38.655,80.339],[37.415,80.538],[36.878,80.593],[35.436,80.689],[33.636,80.691],[29.07,80.462],[28.597,80.496],[28.558,80.558],[27.437,80.723],[25.544,80.778],[21.6,80.82],[19.625,80.794],[19.98,80.948],[19.671,81.072],[18.769,81.118],[15.577,81.016],[14.417,81.022],[13.696,81.075],[12.707,81.245],[13.389,81.368],[14.915,81.495],[17.745,81.865],[18.358,82.073],[18.816,82.271],[18.898,82.458],[18.573,82.654],[17.622,82.946],[17.206,83.11],[17.093,83.186],[15.94,83.3],[15.629,83.397],[15.383,83.515],[15.346,83.566],[14.795,83.633],[14.221,83.628],[13.989,83.476],[13.684,83.379],[12.955,83.32],[12.903,83.272],[12.524,83.165],[11.604,83.079],[11.177,83.136],[10.218,83.176],[9.76,83.159],[8.169,82.963],[6.051,83.007],[5.216,82.972],[3.473,82.771],[3.224,82.575],[1.553,82.495],[0.812,82.501],[0.321,82.578],[0.974,82.649],[2.125,82.662],[2.835,82.752],[2.92,82.912],[3.067,83.024],[3.285,83.063],[4.791,83.062],[4.904,83.091],[4.906,83.15],[4.786,83.2],[4.895,83.256],[5.553,83.301],[7.693,83.326],[9.772,83.273],[10.702,83.33],[10.754,83.448],[9.026,83.47],[8.598,83.526],[8.946,83.594],[9.786,83.646],[12.687,83.716],[13.178,83.75],[13.259,83.822],[12.83,83.874],[11.607,83.903],[11.339,84.007],[10.987,84.072],[10.982,84.154],[10.755,84.249],[11.067,84.311],[12.124,84.254],[13.515,84.231],[14.123,84.441],[15.772,84.444],[17.824,84.623],[18.079,84.69],[16.319,84.74],[16.876,84.839],[16.717,84.89],[16.076,84.94],[17.232,85.049],[19.325,85.118],[20.746,85.073],[20.976,85.001],[20.779,84.956],[20.063,84.902],[20.097,84.827],[20.433,84.816],[21.117,84.853],[24.384,84.911],[24.98,85.025],[25.797,84.995],[28.656,84.994],[28.76,84.902],[30.07,84.999],[32.167,84.959],[35.055,85.015],[37.075,84.971],[39.523,85.223],[39.68,85.391],[39.008,85.44],[38.04,85.434],[36.87,85.366],[35.945,85.249],[35.916,85.101],[35.526,85.075],[34.773,85.096],[33.484,85.194],[32.855,85.195],[32.59,85.242],[34.205,85.378],[34.213,85.452],[30.678,85.399],[29.86,85.406],[29.488,85.46],[35.627,85.591],[36.868,85.666],[38.274,85.667],[41.37,85.871],[43.439,85.968],[45.816,86.026],[47.872,85.966],[47.836,85.914],[47.117,85.768],[47.557,85.727],[48.174,85.73],[49.183,85.822],[51.303,85.944],[52.752,86.104],[56.036,86.149],[56.7,86.11],[56.4,86.009],[57.669,85.856],[58.936,85.869],[59.491,85.922],[59.737,85.973],[59.854,86.1],[60.424,86.173],[62.521,86.249],[63.323,86.244],[64.944,86.068],[66.885,85.911],[69.57,85.818],[72.902,85.878],[75.429,85.855],[75.743,85.815],[76.101,85.659],[76.668,85.635],[77.903,85.604],[81.0,85.611],[82.758,85.548],[82.798,85.459],[83.205,85.394],[85.66,85.364],[85.766,85.304],[85.257,85.171],[85.253,85.127],[85.485,85.031],[85.96,85.022],[87.677,85.139],[88.352,85.121],[89.914,84.834],[92.068,84.553],[92.472,84.534],[93.318,84.57],[95.148,84.564],[95.946,84.615],[96.797,84.604],[99.135,84.45],[99.235,84.426],[99.194,84.396],[98.554,84.301],[99.395,84.24],[100.918,84.226],[101.647,84.294],[102.193,84.309],[102.378,84.271],[102.411,84.154],[102.615,84.122],[103.798,84.084],[103.883,84.05],[103.862,84.012],[103.392,83.919],[103.737,83.843],[104.165,83.812],[105.502,83.797],[107.1,83.885],[108.575,83.859],[108.88,83.823],[108.945,83.781],[108.789,83.716],[108.745,83.632],[109.432,83.571],[109.602,83.546],[109.602,83.511],[109.352,83.481],[107.759,83.439],[107.217,83.389],[107.072,83.358],[106.972,83.298],[107.002,83.238],[107.443,83.182],[108.629,83.126],[110.564,83.208],[111.355,83.189],[111.932,83.116],[112.0,83.058],[111.778,82.955],[112.039,82.914],[112.672,82.923],[113.312,83.029],[113.838,83.004],[114.356,82.937],[115.438,82.707],[115.893,82.658],[116.232,82.51],[116.091,82.425],[115.386,82.293],[115.324,82.244],[115.375,82.157],[116.533,81.876],[116.543,81.834],[116.256,81.73],[116.45,81.634],[116.884,81.539],[117.584,81.554],[117.158,81.5],[117.773,81.554],[118.14,81.539],[118.201,81.485],[118.059,81.365],[117.959,81.186],[118.192,81.102],[120.897,80.848],[122.252,80.957],[122.609,81.045],[122.751,81.219],[122.789,81.311],[122.692,81.363],[122.333,81.45],[122.296,81.566],[122.418,81.678],[122.413,81.796],[122.311,81.937],[121.967,82.168],[122.315,82.217],[123.507,82.273],[123.897,82.25],[124.277,82.186],[125.112,81.974],[125.151,81.904],[125.018,81.856],[124.107,81.81],[124.078,81.779],[124.136,81.745],[124.78,81.675],[124.948,81.615],[125.031,81.417],[125.224,81.233],[125.13,81.151],[124.376,80.907],[124.485,80.869],[124.838,80.863],[125.088,80.899],[125.724,81.063],[125.837,81.134],[125.906,81.286],[125.993,81.36],[126.208,81.408],[126.986,81.427],[126.434,81.432],[126.878,81.483],[126.798,81.519],[125.765,81.612],[125.711,81.65],[125.831,81.71],[125.889,81.873],[125.809,81.961],[125.652,82.053],[125.139,82.22],[124.471,82.347],[124.399,82.385],[124.375,82.414],[124.443,82.513],[124.968,82.723],[124.992,82.802],[124.861,82.867],[124.285,83.009],[124.183,83.118],[124.168,83.171],[124.217,83.241],[124.076,83.318],[123.736,83.408],[122.997,83.531],[122.445,83.768],[121.584,84.015],[120.692,84.093],[118.6,84.104],[118.628,84.153],[118.558,84.195],[118.299,84.242],[118.983,84.283],[119.147,84.466],[119.397,84.622],[119.395,84.747],[119.607,84.873],[118.924,85.042],[118.711,85.118],[118.516,85.286],[118.24,85.344],[116.885,85.428],[113.955,85.517],[112.956,85.777],[112.573,85.815],[108.298,85.815],[106.524,85.957],[105.895,85.974],[104.632,85.927],[104.568,85.872],[104.704,85.825],[104.635,85.787],[104.226,85.756],[99.977,85.794],[97.885,85.88],[95.336,86.045],[95.164,86.098],[95.157,86.172],[94.925,86.248],[94.227,86.332],[92.045,86.354],[88.377,86.235],[87.877,86.237],[87.498,86.282],[87.406,86.338],[88.433,86.422],[89.852,86.47],[91.616,86.508],[94.215,86.51],[96.833,86.725],[96.935,86.758],[96.462,86.79],[95.36,86.836],[93.454,86.829],[92.351,86.783],[88.398,86.521],[84.995,86.473],[83.913,86.373],[83.459,86.41],[83.103,86.595],[82.797,86.675],[81.158,86.682],[80.573,86.738],[80.97,86.827],[80.711,86.915],[76.376,86.992],[75.965,87.045],[76.521,87.169],[76.884,87.431],[72.889,87.547],[71.09,87.539],[69.863,87.46],[70.518,87.415],[71.54,87.277],[71.435,87.228],[72.427,87.184],[71.926,87.142],[70.929,87.126],[69.231,87.214],[68.303,87.298],[67.13,87.469],[67.124,87.521],[68.327,87.599],[67.455,87.751],[68.559,87.829],[67.75,87.904],[59.234,87.729],[60.969,87.606],[60.579,87.569],[55.803,87.616],[54.874,87.573],[55.387,87.506],[55.014,87.48],[54.351,87.479],[53.706,87.515],[53.461,87.566],[54.259,87.685],[54.833,87.702],[55.023,87.761],[55.032,87.796],[53.925,87.821],[51.095,87.705],[50.267,87.72],[49.68,87.785],[48.037,87.833],[47.642,87.819],[49.286,87.697],[49.159,87.666],[46.498,87.577],[44.307,87.664],[43.229,87.645],[42.478,87.601],[41.829,87.523],[43.361,87.411],[43.643,87.319],[43.071,87.29],[37.562,87.217],[34.125,87.135],[28.889,87.175],[28.011,87.112],[28.278,87.017],[28.018,86.983],[26.951,86.971],[24.975,87.017],[25.022,87.061],[25.786,87.105],[25.595,87.141],[22.548,87.191],[22.22,87.29],[22.153,87.347],[22.836,87.474],[23.723,87.564],[21.885,87.588],[19.496,87.415],[19.289,87.302],[18.499,87.208],[17.311,87.155],[17.348,87.105],[17.211,87.03],[16.209,86.982],[16.204,86.923],[17.569,86.901],[18.804,86.934],[20.089,86.923],[21.305,86.846],[21.42,86.792],[20.004,86.709],[19.828,86.61],[19.286,86.518],[15.557,86.391],[12.858,86.397],[11.915,86.488],[10.877,86.501],[11.279,86.624],[9.675,86.705],[9.294,86.789],[9.497,86.881],[9.218,87.015],[9.171,87.079],[9.189,87.183],[8.153,87.199],[7.479,87.119],[7.913,86.968],[7.849,86.894],[8.679,86.719],[8.807,86.56],[8.451,86.526],[8.78,86.47],[8.887,86.407],[8.38,86.33],[6.211,86.291],[5.181,86.229],[5.001,86.141],[4.732,86.069],[3.628,86.026],[1.777,85.806],[1.679,85.701],[1.809,85.623],[2.659,85.54],[3.004,85.433],[1.342,85.313],[0.952,85.338],[0.64,85.428],[-0.887,85.53],[-1.637,85.566],[-3.44,85.554],[-3.793,85.586],[-4.535,85.739],[-4.614,85.867],[-4.507,86.051],[-4.284,86.202],[-4.297,86.364],[-4.508,86.426],[-5.119,86.49],[-5.775,86.512],[-6.771,86.464],[-7.214,86.402],[-7.302,86.335],[-7.112,86.282],[-6.984,86.192],[-7.151,86.089],[-7.631,86.017],[-9.257,85.98],[-11.694,86.014],[-13.254,85.988],[-14.262,85.913],[-14.611,85.85],[-14.99,85.728],[-20.397,85.811],[-25.429,85.824],[-31.842,85.79],[-39.483,85.633],[-43.216,85.517],[-48.092,85.319],[-47.4,85.443],[-47.417,85.546],[-48.773,85.766],[-49.26,85.946],[-49.254,85.992],[-48.695,86.084],[-48.153,86.128],[-44.803,86.271],[-44.274,86.32],[-43.84,86.413],[-43.486,86.57],[-43.514,86.695],[-43.777,86.818],[-44.805,86.966],[-45.296,87.107],[-45.22,87.204],[-44.569,87.321],[-44.518,87.435],[-44.159,87.575],[-44.212,87.717],[-44.354,87.836],[-43.254,88.001],[-41.295,88.123],[-41.258,88.185],[-45.135,88.423],[-47.143,88.587],[-48.024,88.679],[-48.781,88.858],[-49.457,88.976],[-50.943,89.083],[-56.32,89.266],[-67.704,89.408],[-77.952,89.462],[179.98,89.456],[173.085,89.383],[163.84,89.235],[148.679,89.222],[140.043,89.097],[123.494,88.711],[121.918,88.62],[123.196,88.558],[123.403,88.518],[118.863,88.276],[117.841,88.202],[117.639,88.153],[118.284,88.06],[121.416,87.801],[121.793,87.716],[122.014,87.62],[122.222,87.475],[121.996,87.288],[123.092,87.232],[125.687,87.231],[126.679,87.196],[127.992,87.081],[129.001,86.916],[130.36,86.777],[135.705,86.401],[135.924,86.346],[136.19,86.217],[137.794,85.965],[138.281,85.857],[139.181,85.531],[139.766,85.406],[140.006,85.24],[140.032,85.138],[139.638,84.807],[139.165,84.537],[139.11,84.413],[139.152,84.349],[139.374,84.26],[139.382,84.219],[139.338,84.172],[138.839,84.009],[138.747,83.957],[138.793,83.877],[138.678,83.81],[138.306,83.74],[137.879,83.565],[138.049,83.353],[138.163,83.271],[138.442,83.166],[138.469,83.102],[137.839,82.791],[138.046,82.68],[137.814,82.511],[138.12,82.4],[138.058,82.311],[137.507,82.163],[137.239,81.952],[136.581,81.563],[135.665,81.251],[135.471,81.096],[135.574,80.923],[136.421,80.472],[136.742,80.248],[136.817,80.014],[136.751,79.839],[136.592,79.716],[136.262,79.605],[136.115,79.503],[136.09,79.451],[136.227,79.34],[136.445,79.243],[139.27,79.718],[140.735,79.922],[141.073,79.821],[141.628,79.583],[141.91,79.396],[142.195,79.069],[142.156,78.824],[141.451,78.8],[140.03,78.548],[138.934,78.488],[137.078,78.456]],[[90.284,83.296],[87.232,83.401],[86.587,83.403],[90.284,83.296]],[[128.008,81.272],[127.852,81.32],[127.75,81.333],[128.008,81.272]],[[117.398,77.8],[117.51,77.682],[117.436,77.775],[117.398,77.8]],[[60.273,85.658],[59.525,85.707],[58.925,85.708],[58.496,85.667],[58.581,85.615],[60.182,85.541],[60.588,85.585],[60.273,85.658]],[[33.078,84.836],[31.994,84.881],[31.605,84.843],[32.631,84.765],[33.244,84.766],[33.268,84.791],[33.078,84.836]],[[79.109,87.078],[77.432,87.102],[77.558,87.059],[79.225,87.031],[79.109,87.078]],[[68.229,88.055],[69.606,88.006],[70.521,88.016],[71.055,88.067],[70.685,88.098],[69.491,88.093],[68.229,88.055]],[[39.471,87.326],[42.157,87.41],[38.353,87.409],[37.171,87.351],[39.471,87.326]],[[36.528,87.417],[36.58,87.453],[34.41,87.47],[33.841,87.427],[33.356,87.351],[34.514,87.324],[36.528,87.417]],[[30.887,87.462],[30.758,87.488],[29.659,87.514],[28.935,87.491],[28.418,87.435],[29.154,87.395],[30.887,87.462]],[[-14.316,87.506],[-14.375,87.484],[-10.71,87.52],[-10.661,87.552],[-10.291,87.605],[-10.607,87.725],[-11.231,87.794],[-15.263,87.789],[-16.439,87.745],[-17.239,87.697],[-17.454,87.658],[-16.869,87.597],[-14.316,87.506]],[[4.964,86.762],[5.0,86.847],[3.65,86.861],[3.591,86.797],[4.04,86.758],[4.964,86.762]],[[2.734,86.191],[2.885,86.138],[3.864,86.138],[4.253,86.162],[4.397,86.201],[4.116,86.233],[3.596,86.234],[2.734,86.191]]],[[[-95.523,89.555],[-77.952,89.462],[-179.09,89.465],[-165.631,89.538],[-111.617,89.594],[-95.523,89.555]]]]}},{"type":"Feature","properties":{"prvCode":"1261","prvName":"Long Strait","oilMean":null,"gasMean":null,"boeMean":null},"geometry":{"type":"MultiPolygon","coordinates":[[[[176.825,70.085],[174.888,70.208],[174.559,70.263],[179.991,70.262],[179.022,70.167],[178.321,70.007],[177.793,69.961],[176.825,70.085]]],[[[-177.991,70.623],[-178.035,70.721],[-178.216,70.8],[-178.953,70.942],[-179.816,70.998],[180.0,70.998],[178.699,70.814],[178.487,70.822],[178.119,70.919],[177.739,70.955],[176.832,70.879],[175.507,70.844],[174.856,70.742],[174.523,70.654],[174.344,70.545],[174.319,70.432],[174.351,70.357],[174.559,70.263],[-179.823,70.315],[-178.306,70.517],[-178.051,70.573],[-177.991,70.623]]]]}},{"type":"Feature","properties":{"prvCode":"5201","prvName":"Jan Mayen Microcontinent","oilMean":null,"gasMean":null,"boeMean":null},"geometry":{"type":"Polygon","coordinates":[[[-11.307,65.825],[-11.652,65.964],[-12.544,66.211],[-12.695,66.404],[-13.011,66.66],[-13.158,66.766],[-13.458,66.9],[-13.714,67.004],[-14.191,67.131],[-14.753,67.232],[-11.944,68.67],[-11.137,69.137],[-10.738,69.55],[-10.322,70.145],[-9.967,70.742],[-9.636,71.015],[-9.007,71.352],[-5.425,70.74],[-6.491,70.129],[-7.194,69.77],[-6.148,69.587],[-6.638,69.229],[-6.796,69.058],[-7.089,68.361],[-7.588,67.552],[-8.213,66.827],[-8.408,66.65],[-8.808,66.365],[-9.18,66.167],[-11.307,65.825]]]}},{"type":"Feature","properties":{"prvCode":"0001","prvName":"Lomonosov-Makarov","oilMean":1106.78,"gasMean":7156.25,"boeMean":2299.5},"geometry":{"type":"MultiPolygon","coordinates":[[[[-75.986,83.961],[-78.042,84.228],[-83.249,84.628],[-76.296,85.281],[-70.213,85.8],[-67.166,86.031],[-64.048,86.213],[-162.515,86.194],[-160.126,86.238],[-159.897,86.301],[-159.995,86.348],[-159.811,86.389],[-155.088,86.49],[-154.623,86.525],[-163.463,86.659],[-167.357,86.605],[-168.649,86.647],[-168.506,86.699],[-167.858,86.718],[-159.432,86.768],[-158.597,86.834],[-159.65,86.881],[-157.137,86.947],[-157.149,86.99],[-158.128,87.035],[-161.122,87.142],[-163.618,87.185],[-166.984,87.386],[-167.996,87.536],[-168.24,87.699],[-168.464,87.764],[-168.382,87.805],[-121.474,87.792],[-125.055,88.009],[-131.012,87.976],[-133.633,88.045],[-175.527,88.061],[-165.885,88.249],[-154.564,88.352],[-140.812,88.381],[-132.897,88.355],[-129.286,88.435],[-123.217,88.502],[-116.658,88.515],[-108.891,88.478],[-93.596,88.24],[-86.851,88.027],[-77.175,88.024],[-90.554,88.496],[-100.884,88.662],[-47.739,88.649],[-48.024,88.679],[-48.781,88.858],[-49.457,88.976],[-50.943,89.083],[-56.32,89.266],[-67.704,89.408],[-77.952,89.462],[179.98,89.456],[173.085,89.383],[163.841,89.235],[148.679,89.222],[140.043,89.097],[123.494,88.711],[121.918,88.62],[178.807,88.592],[165.656,88.457],[158.914,88.334],[151.913,88.127],[151.799,88.088],[151.774,88.032],[151.851,87.937],[179.678,87.926],[172.754,87.605],[169.661,87.389],[167.332,87.167],[165.26,86.877],[164.014,86.51],[163.203,86.318],[163.114,86.267],[174.361,86.269],[172.799,86.159],[170.004,86.11],[165.298,85.896],[164.417,85.818],[164.296,85.772],[164.231,85.685],[164.466,85.639],[165.018,85.635],[165.542,85.588],[166.017,85.474],[166.447,85.427],[168.195,85.28],[169.648,85.224],[170.739,85.078],[172.92,84.913],[173.574,84.784],[173.874,84.539],[173.912,84.468],[173.76,84.393],[172.886,84.219],[172.628,84.135],[172.572,84.084],[172.664,84.01],[173.035,83.931],[172.804,83.86],[172.782,83.796],[172.853,83.769],[173.736,83.704],[173.577,83.617],[172.982,83.541],[172.862,83.509],[172.87,83.474],[173.366,83.366],[174.14,83.255],[174.242,83.119],[174.236,83.048],[174.41,82.887],[174.561,82.837],[175.1,82.798],[175.911,82.828],[176.152,82.809],[176.082,82.76],[175.727,82.692],[174.49,82.539],[174.19,82.443],[174.192,82.401],[174.26,82.331],[174.4,82.301],[175.913,82.189],[175.936,82.171],[175.653,82.069],[175.685,81.911],[175.77,81.84],[176.127,81.762],[176.219,81.693],[176.218,81.656],[176.131,81.622],[175.428,81.541],[174.829,81.368],[174.292,81.257],[174.261,81.19],[174.323,81.157],[175.19,80.962],[175.291,80.866],[175.254,80.789],[175.081,80.655],[175.076,80.523],[175.233,80.37],[174.475,80.108],[174.316,79.981],[174.287,79.831],[174.152,79.672],[173.545,79.376],[173.439,79.271],[173.449,79.203],[173.727,79.025],[173.736,78.703],[174.123,78.391],[175.52,77.77],[179.999,76.182],[174.587,76.18],[174.495,76.305],[172.369,76.813],[171.465,77.069],[170.592,77.213],[169.998,77.395],[169.104,77.783],[167.919,78.097],[166.865,78.194],[162.736,78.31],[161.053,78.506],[160.047,78.588],[158.512,78.833],[157.702,78.861],[155.842,78.843],[152.772,79.155],[151.86,79.195],[150.228,79.181],[148.866,79.062],[147.551,78.992],[145.424,78.973],[143.326,78.833],[142.151,78.824],[142.194,79.068],[141.909,79.396],[141.627,79.582],[141.072,79.821],[140.738,79.92],[140.24,79.869],[136.445,79.243],[136.227,79.34],[136.09,79.451],[136.115,79.503],[136.262,79.605],[136.592,79.716],[136.751,79.839],[136.828,80.043],[136.742,80.248],[136.421,80.472],[135.574,80.923],[135.471,81.096],[135.665,81.251],[136.581,81.563],[137.239,81.952],[137.507,82.163],[138.058,82.311],[138.12,82.4],[137.814,82.511],[138.046,82.68],[137.839,82.791],[138.469,83.102],[138.442,83.166],[138.163,83.271],[138.049,83.353],[137.879,83.565],[138.306,83.74],[138.678,83.81],[138.793,83.877],[138.747,83.957],[138.839,84.009],[139.338,84.172],[139.382,84.219],[139.374,84.26],[139.152,84.349],[139.11,84.413],[139.165,84.537],[139.638,84.807],[140.032,85.138],[140.006,85.24],[139.766,85.406],[139.181,85.531],[138.281,85.857],[137.794,85.965],[136.19,86.217],[136.099,86.261],[-45.994,86.22],[-48.153,86.128],[-48.695,86.084],[-49.254,85.992],[-49.26,85.946],[-48.773,85.766],[-47.417,85.546],[-47.4,85.443],[-48.092,85.319],[-54.879,84.86],[-63.721,84.569],[-69.155,84.314],[-70.608,84.284],[-70.479,84.243],[-74.211,84.022],[-75.986,83.961]],[[-103.61,88.033],[-98.886,87.98],[-100.061,87.786],[-80.483,87.781],[-82.026,87.875],[-86.851,88.027],[-103.61,88.033]],[[163.108,86.267],[162.206,85.785],[162.666,86.012],[163.108,86.267]],[[-43.254,88.001],[-44.354,87.836],[-44.277,87.771],[121.747,87.726],[121.416,87.801],[119.623,87.949],[-43.254,88.001]],[[141.894,80.035],[141.832,80.031],[141.217,79.968],[141.894,80.035]],[[146.809,80.324],[143.679,80.14],[149.605,80.456],[146.809,80.324]],[[156.764,81.431],[156.678,81.227],[156.8,81.493],[156.764,81.431]],[[158.521,83.633],[159.476,84.226],[160.362,85.038],[159.614,84.37],[156.871,84.057],[156.3,83.934],[156.351,83.616],[156.126,83.452],[155.654,83.247],[156.106,82.987],[157.185,82.824],[157.467,82.719],[157.345,82.541],[157.725,83.038],[158.521,83.633]],[[156.866,81.518],[162.44,81.544],[164.764,81.463],[162.441,81.545],[156.866,81.518]],[[164.765,81.463],[166.701,81.338],[167.927,81.243],[166.703,81.339],[164.765,81.463]]],[[[-177.289,86.079],[-179.54,86.121],[-180.0,86.19],[-175.248,86.191],[-177.289,86.079]]],[[[-168.444,86.128],[-169.989,86.192],[-162.515,86.194],[-166.068,86.157],[-168.444,86.128]]],[[[-172.569,86.191],[-170.741,86.192],[-171.923,86.134],[-172.398,86.155],[-172.569,86.191]]],[[[-169.989,86.192],[-170.741,86.192],[-170.308,86.201],[-169.989,86.192]]],[[[-175.248,86.191],[-173.695,86.227],[-172.569,86.191],[-175.248,86.191]]],[[[-175.851,87.807],[-168.962,87.883],[-168.262,87.865],[-168.382,87.805],[-175.851,87.807]]],[[[-164.432,88.815],[-147.223,88.881],[-133.18,88.879],[-123.598,88.849],[-100.884,88.662],[-175.611,88.68],[-164.432,88.815]]],[[[-77.952,89.462],[-179.09,89.465],[-165.631,89.538],[-111.617,89.594],[-95.523,89.555],[-77.952,89.462]]],[[[175.608,74.641],[175.195,74.78],[179.648,74.777],[179.069,74.543],[178.722,74.44],[177.38,74.152],[177.12,74.306],[176.724,74.459],[175.608,74.641]]],[[[174.587,76.18],[174.678,76.054],[174.79,75.757],[174.723,75.307],[174.733,75.117],[174.795,74.973],[174.975,74.857],[175.194,74.78],[-179.993,74.982],[-179.788,75.222],[-179.671,75.306],[-179.366,75.433],[-178.157,75.788],[-178.62,75.829],[-179.646,76.061],[174.587,76.18]]],[[[179.911,86.271],[174.361,86.269],[174.68,86.337],[175.182,86.368],[178.093,86.383],[179.473,86.322],[179.911,86.271]]],[[[175.965,87.699],[175.126,87.712],[179.001,87.711],[175.965,87.699]]]]}},{"type":"Feature","properties":{"prvCode":"5079","prvName":"Amerasia Basin","oilMean":9723.58,"gasMean":56891.21,"boeMean":19205.4},"geometry":{"type":"Polygon","coordinates":[[[-131.305,70.604],[-131.725,70.326],[-131.809,70.194],[-131.902,69.801],[-131.89,69.737],[-132.584,69.474],[-132.752,69.27],[-133.204,68.951],[-133.801,68.731],[-134.293,68.396],[-135.237,67.923],[-135.617,67.617],[-135.871,67.654],[-135.91,67.741],[-135.804,67.837],[-136.064,67.943],[-136.016,67.974],[-135.996,68.039],[-135.943,68.057],[-135.813,67.996],[-135.755,68.02],[-135.879,68.201],[-135.824,68.331],[-135.917,68.38],[-136.242,68.426],[-136.112,68.52],[-136.097,68.594],[-136.257,68.865],[-137.048,69.319],[-138.398,69.778],[-139.984,70.135],[-140.477,70.207],[-141.657,70.275],[-143.829,70.156],[-144.468,70.157],[-146.079,70.354],[-146.112,70.379],[-146.09,70.405],[-145.904,70.429],[-145.874,70.466],[-146.573,70.752],[-147.439,71.002],[-148.342,71.197],[-149.005,71.231],[-150.578,71.211],[-151.192,71.308],[-151.995,71.364],[-153.083,71.519],[-153.986,71.394],[-154.364,71.494],[-154.629,71.493],[-155.11,71.568],[-155.45,71.568],[-155.848,71.619],[-159.432,72.695],[-160.972,72.334],[-162.134,72.647],[-163.83,72.267],[-163.766,72.429],[-164.105,72.784],[-164.519,72.917],[-162.276,73.364],[-161.89,73.47],[-161.65,73.621],[-161.369,73.727],[-161.056,73.797],[-159.152,73.993],[-158.826,74.058],[-157.476,74.452],[-156.977,74.742],[-156.952,74.985],[-156.33,75.197],[-156.2,75.32],[-156.064,75.395],[-155.603,75.505],[-155.283,75.66],[-154.701,75.85],[-154.469,75.884],[-154.194,76.028],[-153.651,76.489],[-153.255,76.734],[-152.993,76.947],[-152.52,77.495],[-151.444,78.176],[-151.296,78.316],[-151.29,78.402],[-151.434,78.528],[-152.139,78.762],[-152.335,78.914],[-153.658,78.942],[-153.581,78.974],[-153.617,79.094],[-153.955,79.229],[-154.061,79.303],[-154.055,79.333],[-153.804,79.462],[-154.011,79.535],[-154.425,79.593],[-154.556,79.658],[-154.54,79.715],[-154.374,79.794],[-154.289,79.944],[-154.258,80.036],[-154.314,80.131],[-154.51,80.266],[-154.878,80.383],[-155.132,80.514],[-155.187,80.589],[-155.18,80.635],[-155.023,80.717],[-154.421,80.907],[-153.66,81.077],[-152.984,81.15],[-152.649,81.258],[-152.382,81.261],[-151.8,81.171],[-151.555,81.176],[-150.743,81.309],[-150.389,81.319],[-149.978,81.268],[-149.154,81.051],[-148.814,80.991],[-148.408,80.947],[-147.827,80.954],[-147.451,80.983],[-147.297,81.029],[-147.37,81.099],[-147.351,81.172],[-147.383,81.218],[-147.315,81.289],[-147.341,81.354],[-147.541,81.466],[-147.588,81.535],[-147.386,81.58],[-146.846,81.55],[-146.553,81.464],[-146.177,81.405],[-145.552,81.38],[-144.398,81.439],[-143.131,81.604],[-140.122,81.67],[-139.729,81.733],[-139.667,81.776],[-139.62,81.883],[-139.095,82.005],[-138.994,82.095],[-138.882,82.135],[-137.95,82.346],[-137.83,82.434],[-137.665,82.481],[-137.354,82.483],[-136.662,82.406],[-135.964,82.39],[-134.119,82.539],[-132.163,82.539],[-131.113,82.487],[-130.517,82.398],[-130.137,82.3],[-129.549,82.098],[-128.444,81.639],[-128.212,81.424],[-128.145,81.219],[-128.161,81.071],[-128.214,80.991],[-128.358,80.904],[-128.974,80.688],[-130.093,80.464],[-131.736,80.359],[-131.863,80.325],[-131.891,80.284],[-131.819,80.206],[-130.728,80.009],[-130.574,79.908],[-130.297,79.797],[-129.529,79.613],[-127.93,79.538],[-127.822,79.507],[-127.867,79.311],[-127.522,79.196],[-124.335,79.272],[-124.14,79.314],[-124.11,79.365],[-124.256,79.443],[-123.79,79.484],[-122.382,79.37],[-119.983,79.696],[-119.098,79.913],[-118.277,80.268],[-117.822,80.425],[-117.301,80.556],[-116.533,80.697],[-115.355,80.85],[-112.187,81.156],[-111.927,81.262],[-111.888,81.358],[-111.928,81.553],[-111.914,81.69],[-111.773,81.841],[-111.567,81.951],[-110.935,82.178],[-110.208,82.393],[-109.444,82.56],[-108.587,82.685],[-107.398,82.784],[-105.907,82.846],[-98.448,83.021],[-89.035,83.522],[-85.021,83.7],[-84.702,83.69],[-84.693,83.665],[-85.08,83.165],[-85.186,83.127],[-91.494,82.696],[-93.644,82.497],[-95.388,82.28],[-96.396,82.115],[-97.495,81.891],[-98.473,81.65],[-99.932,81.237],[-100.968,81.035],[-102.794,80.742],[-105.73,80.06],[-108.129,79.745],[-113.502,79.153],[-115.839,78.864],[-117.871,78.56],[-118.9,78.373],[-119.86,78.158],[-121.221,77.752],[-122.526,77.247],[-123.665,76.692],[-124.676,76.055],[-125.226,75.58],[-126.111,74.588],[-126.977,73.72],[-127.36,73.157],[-127.686,72.397],[-127.815,72.226],[-128.275,71.816],[-128.664,71.593],[-130.941,70.768],[-131.305,70.604]],[[-145.005,71.894],[-145.315,71.907],[-145.477,71.812],[-145.305,71.906],[-145.005,71.894]],[[-141.754,71.709],[-141.863,71.715],[-141.941,71.713],[-141.754,71.709]],[[-135.906,70.938],[-135.939,70.941],[-135.379,71.207],[-135.948,70.941],[-138.914,70.938],[-135.906,70.938]],[[-157.699,74.163],[-157.791,74.188],[-157.817,74.188],[-157.699,74.163]],[[-156.016,73.88],[-156.041,73.891],[-156.55,73.965],[-156.016,73.88]],[[-125.951,78.952],[-122.74,79.328],[-125.701,78.988],[-125.951,78.952]],[[-127.51,78.685],[-126.215,78.914],[-126.666,78.849],[-127.51,78.685]],[[-133.21,76.53],[-129.96,77.118],[-133.076,76.563],[-133.21,76.53]],[[-133.668,76.413],[-133.473,76.467],[-133.632,76.428],[-133.668,76.413]],[[-133.95,76.291],[-133.884,76.322],[-133.944,76.297],[-133.95,76.291]],[[-134.05,76.11],[-133.964,76.275],[-134.018,76.212],[-134.05,76.11]],[[-133.605,75.766],[-133.905,75.915],[-133.645,75.782],[-133.605,75.766]],[[-132.684,75.408],[-133.604,75.766],[-132.568,75.351],[-132.684,75.408]],[[-132.264,75.203],[-132.366,75.253],[-132.227,75.179],[-132.264,75.203]],[[-131.509,74.579],[-131.551,74.622],[-131.489,74.544],[-131.509,74.579]],[[-131.303,74.215],[-131.31,74.227],[-131.298,74.189],[-131.303,74.215]],[[-131.24,73.892],[-131.248,73.935],[-131.245,73.863],[-131.24,73.892]],[[-131.502,73.034],[-131.288,73.633],[-131.507,73.025],[-131.502,73.034]],[[-132.345,72.128],[-132.317,72.151],[-132.441,72.066],[-132.345,72.128]],[[-132.848,71.804],[-132.798,71.836],[-132.921,71.781],[-132.848,71.804]],[[-134.896,71.368],[-133.243,71.681],[-133.114,71.721],[-134.896,71.368]]]}},{"type":"Feature","properties":{"prvCode":"1252","prvName":"Zyryanka Basin","oilMean":72.45,"gasMean":2281.8,"boeMean":452.8},"geometry":{"type":"Polygon","coordinates":[[[151.695,66.304],[151.68,66.231],[151.552,66.093],[151.614,65.96],[151.528,65.676],[151.547,65.566],[151.459,65.372],[151.501,65.287],[151.602,65.192],[151.908,65.011],[152.282,64.85],[152.632,64.779],[152.416,64.72],[151.677,64.892],[151.584,64.759],[151.353,64.797],[151.266,64.7],[151.128,64.616],[151.008,64.664],[150.939,64.656],[150.801,64.473],[150.675,64.435],[150.46,64.644],[150.146,64.728],[149.724,64.948],[149.7,65.0],[149.593,65.026],[149.564,65.079],[149.524,65.33],[149.42,65.421],[150.004,65.63],[150.111,65.707],[150.134,65.808],[150.101,65.9],[150.03,65.975],[149.776,66.122],[149.424,66.218],[148.685,66.305],[148.182,66.476],[147.318,66.583],[147.142,66.661],[146.863,66.665],[146.776,66.699],[146.059,66.657],[146.01,66.733],[145.701,66.913],[145.217,67.11],[144.148,67.404],[143.284,67.714],[142.511,67.7],[141.624,67.781],[141.629,67.849],[141.721,68.009],[142.059,68.231],[142.087,68.443],[142.015,68.611],[142.329,68.761],[142.567,68.707],[142.706,68.755],[142.844,68.947],[142.993,69.028],[143.117,69.039],[143.224,69.021],[143.403,68.747],[143.567,68.686],[144.129,68.746],[144.524,68.749],[145.115,68.549],[145.833,68.411],[146.006,68.302],[146.19,68.246],[146.363,68.117],[146.453,67.949],[146.583,67.818],[146.829,67.401],[147.012,67.277],[147.118,67.121],[147.231,67.063],[147.948,67.017],[148.088,66.971],[148.186,66.893],[148.388,66.846],[149.542,66.806],[150.143,66.843],[150.374,66.796],[151.083,66.539],[151.508,66.425],[151.695,66.304]]]}},{"type":"Feature","properties":{"prvCode":"1214","prvName":"Lena-Vilyui Basin","oilMean":378.79,"gasMean":1342.04,"boeMean":602.5},"geometry":{"type":"Polygon","coordinates":[[[122.905,66.322],[123.208,66.415],[123.699,66.722],[123.82,66.842],[123.862,67.009],[123.854,67.078],[123.756,67.207],[123.534,67.403],[123.113,67.52],[122.938,67.604],[122.9,67.737],[122.922,67.877],[123.131,67.993],[123.558,68.082],[123.86,68.271],[123.963,68.436],[124.017,68.61],[123.954,68.871],[124.164,69.243],[124.437,69.525],[123.942,69.783],[122.764,70.158],[122.663,70.216],[122.278,70.637],[122.239,70.74],[122.276,70.801],[122.335,70.851],[122.572,70.938],[122.783,70.971],[122.972,70.95],[123.886,70.723],[124.416,70.496],[124.857,70.366],[125.861,70.589],[125.964,70.64],[125.994,70.711],[126.176,70.88],[126.782,71.274],[127.194,71.457],[127.321,71.371],[127.372,71.305],[127.406,71.061],[127.538,70.99],[127.602,70.805],[127.843,70.464],[127.613,70.243],[127.504,70.182],[127.166,70.098],[126.799,69.853],[126.67,69.824],[126.449,69.668],[126.391,69.568],[126.376,69.442],[126.236,69.188],[126.216,69.095],[126.221,68.871],[126.316,68.748],[126.205,68.561],[126.113,68.474],[126.013,68.247],[126.144,67.719],[126.085,67.566],[126.102,67.475],[125.946,67.208],[125.906,67.043],[125.919,66.802],[125.874,66.725],[122.905,66.322]]]}},{"type":"Feature","properties":{"prvCode":"1175","prvName":"Yenisey-Khatanga Basin","oilMean":5583.74,"gasMean":99964.26000000001,"boeMean":22244.5},"geometry":{"type":"Polygon","coordinates":[[[105.068,72.206],[104.356,72.131],[103.654,71.876],[102.615,71.603],[102.606,71.423],[101.94,71.273],[100.805,70.927],[99.642,70.687],[98.811,70.607],[97.004,70.509],[93.646,70.51],[91.081,70.633],[89.984,70.626],[88.05,70.31],[87.481,70.176],[86.755,70.105],[86.0,69.946],[85.21,69.701],[83.946,69.116],[82.867,68.795],[82.527,68.819],[82.425,68.927],[82.315,68.947],[81.679,68.928],[80.957,69.005],[80.562,69.278],[80.174,69.622],[79.896,69.708],[79.386,69.749],[78.483,70.118],[78.433,70.182],[78.585,70.312],[79.397,70.616],[79.483,70.673],[79.484,70.737],[79.26,70.809],[78.627,70.879],[78.254,70.998],[78.049,71.111],[77.788,71.467],[77.687,71.883],[77.684,72.088],[77.732,72.184],[77.936,72.309],[78.103,72.36],[78.876,72.473],[79.713,72.552],[81.339,72.349],[82.796,72.425],[83.426,72.506],[85.328,72.915],[86.193,73.052],[87.41,73.124],[88.442,73.279],[91.06,73.574],[92.437,73.609],[93.101,73.67],[95.45,73.718],[96.689,73.831],[97.242,74.019],[97.836,74.137],[99.379,74.228],[99.509,74.278],[99.6,74.373],[99.669,74.398],[100.688,74.558],[101.733,74.563],[102.128,74.658],[103.015,74.66],[103.193,74.689],[103.284,74.744],[103.724,74.807],[104.584,74.766],[104.671,74.788],[104.682,74.825],[104.644,74.881],[104.726,74.945],[105.274,75.01],[105.416,75.002],[105.548,74.919],[105.753,74.852],[106.122,74.827],[105.795,74.5],[106.152,74.854],[106.27,74.912],[106.963,75.111],[107.501,75.184],[107.994,75.175],[108.111,75.144],[108.54,75.005],[108.548,74.932],[108.803,74.789],[108.898,74.77],[109.43,74.884],[110.577,74.964],[111.367,74.936],[111.572,74.849],[111.869,74.838],[111.841,74.804],[111.838,74.647],[112.033,74.429],[112.971,74.038],[113.567,73.425],[113.849,73.282],[114.133,73.191],[113.641,73.049],[112.955,72.901],[112.546,72.856],[111.453,72.793],[108.85,72.757],[107.253,72.603],[106.262,72.46],[105.068,72.206]]]}},{"type":"Feature","properties":{"prvCode":"5000","prvName":"Arctic Alaska","oilMean":29960.94,"gasMean":221397.59999999998,"boeMean":66860.5},"geometry":{"type":"Polygon","coordinates":[[[-168.852,70.033],[-170.881,70.615],[-171.385,70.828],[-171.169,70.918],[-169.513,72.236],[-167.608,72.106],[-165.845,72.053],[-165.096,72.067],[-164.573,72.112],[-164.148,72.188],[-162.134,72.647],[-160.972,72.334],[-159.432,72.695],[-155.827,71.616],[-155.426,71.567],[-155.11,71.568],[-154.629,71.493],[-154.364,71.494],[-153.986,71.394],[-153.083,71.519],[-151.995,71.364],[-151.192,71.308],[-150.578,71.211],[-149.005,71.231],[-148.321,71.195],[-147.524,71.026],[-146.472,70.717],[-145.874,70.466],[-145.904,70.429],[-146.11,70.392],[-146.027,70.337],[-144.766,70.175],[-144.124,70.149],[-141.625,70.276],[-140.949,70.239],[-139.984,70.135],[-138.398,69.778],[-137.048,69.319],[-136.257,68.865],[-136.097,68.594],[-136.107,68.527],[-136.158,68.473],[-136.6,68.292],[-136.765,68.079],[-136.893,68.003],[-137.057,67.989],[-137.261,68.078],[-137.294,68.128],[-137.288,68.256],[-137.316,68.32],[-137.537,68.442],[-137.908,68.454],[-138.009,68.506],[-138.106,68.611],[-138.045,68.713],[-138.106,68.85],[-138.417,69.07],[-138.992,69.343],[-139.559,69.559],[-139.939,69.621],[-141.51,69.579],[-142.242,69.594],[-143.855,69.435],[-144.277,69.499],[-144.328,69.551],[-144.339,69.624],[-144.464,69.679],[-145.075,69.68],[-145.891,69.649],[-146.113,69.541],[-146.134,69.485],[-146.032,69.419],[-146.075,69.396],[-146.905,69.343],[-147.29,69.277],[-147.55,69.141],[-147.978,69.002],[-148.447,68.798],[-149.203,68.549],[-149.753,68.45],[-150.56,68.421],[-151.164,68.319],[-151.825,68.317],[-153.307,68.405],[-154.514,68.396],[-155.34,68.322],[-157.689,68.389],[-158.148,68.43],[-158.807,68.587],[-159.33,68.667],[-159.877,68.712],[-160.452,68.712],[-162.139,68.626],[-163.931,68.365],[-164.478,68.239],[-164.732,68.136],[-164.896,68.033],[-165.009,67.848],[-165.687,68.009],[-165.601,68.353],[-165.643,68.512],[-165.732,68.661],[-167.518,69.368],[-168.059,69.725],[-168.852,70.033]],[[-169.249,70.377],[-168.551,70.351],[-168.312,70.313],[-168.559,70.353],[-169.249,70.377]],[[-167.383,70.042],[-168.223,70.299],[-168.232,70.301],[-167.383,70.042]],[[-167.176,70.056],[-167.174,70.057],[-167.252,70.051],[-167.176,70.056]],[[-166.371,70.125],[-166.418,70.139],[-166.421,70.139],[-166.371,70.125]],[[-165.343,69.819],[-165.342,69.822],[-165.572,69.786],[-165.343,69.819]],[[-165.297,69.955],[-165.301,69.95],[-165.32,69.886],[-165.297,69.955]],[[-165.133,70.146],[-165.204,70.086],[-165.207,70.082],[-165.133,70.146]],[[-164.887,70.323],[-164.948,70.303],[-164.951,70.301],[-164.887,70.323]],[[-164.563,70.4],[-164.672,70.396],[-164.692,70.389],[-164.563,70.4]],[[-164.195,70.338],[-164.41,70.405],[-164.445,70.404],[-164.195,70.338]],[[-163.787,70.134],[-164.139,70.32],[-164.146,70.322],[-163.787,70.134]],[[-163.5,70.025],[-162.875,69.944],[-163.504,70.026],[-163.5,70.025]],[[-157.99,70.083],[-157.999,70.083],[-159.079,69.986],[-157.99,70.083]],[[-157.259,70.099],[-157.267,70.1],[-157.749,70.089],[-157.259,70.099]],[[-155.532,69.859],[-154.857,69.849],[-155.539,69.86],[-155.532,69.859]],[[-150.831,69.498],[-151.364,69.514],[-151.705,69.493],[-150.831,69.498]],[[-149.976,69.37],[-150.8,69.497],[-150.819,69.498],[-149.976,69.37]],[[-148.342,69.634],[-149.05,69.557],[-149.053,69.556],[-148.342,69.634]],[[-147.19,69.833],[-147.223,69.832],[-148.047,69.672],[-147.19,69.833]],[[-146.495,69.856],[-146.226,69.891],[-146.5,69.856],[-146.495,69.856]]]}},{"type":"Feature","properties":{"prvCode":"4012","prvName":"Barents Platform","oilMean":2055.51,"gasMean":26218.67,"boeMean":6425.3},"geometry":{"type":"Polygon","coordinates":[[[32.663,72.513],[32.271,72.277],[32.166,72.174],[32.097,71.715],[32.104,71.508],[32.012,71.382],[31.85,71.262],[31.477,71.116],[30.675,70.956],[30.316,70.839],[29.332,71.031],[28.863,71.184],[28.535,71.238],[28.192,71.249],[28.013,71.306],[27.793,71.297],[27.509,71.186],[27.211,71.159],[26.715,71.287],[26.303,71.179],[26.0,71.184],[25.385,71.263],[24.458,71.186],[24.031,71.211],[22.421,70.96],[21.842,70.722],[21.658,70.61],[21.094,70.475],[20.749,70.444],[20.551,70.484],[20.538,70.515],[20.695,70.67],[20.696,70.705],[20.609,70.728],[18.958,70.324],[18.459,70.164],[18.355,70.105],[18.288,70.017],[17.979,69.891],[17.916,69.747],[17.769,69.665],[17.021,69.456],[16.336,69.098],[16.236,69.111],[16.068,69.22],[16.132,69.254],[16.146,69.315],[15.898,69.284],[16.029,69.388],[16.478,69.403],[16.693,69.445],[16.965,69.516],[17.345,69.667],[17.967,70.02],[18.167,70.22],[18.627,70.519],[19.351,70.874],[19.534,70.921],[22.224,71.291],[23.518,71.628],[23.903,71.635],[24.309,71.77],[24.361,71.92],[24.01,72.049],[23.943,72.096],[23.915,72.193],[23.844,72.215],[23.338,72.168],[22.89,72.084],[22.519,71.954],[22.292,71.914],[20.741,71.837],[20.596,71.841],[20.518,71.91],[20.505,71.958],[20.623,72.138],[20.644,72.787],[20.741,72.854],[21.489,73.096],[22.189,73.239],[22.38,73.388],[22.246,73.667],[22.258,73.745],[22.599,73.983],[22.585,74.035],[22.461,74.075],[22.004,74.11],[20.442,73.994],[19.974,73.781],[19.61,73.669],[18.194,73.414],[17.745,73.422],[17.521,73.479],[17.423,73.538],[17.805,73.827],[17.802,73.914],[17.953,74.157],[17.974,74.252],[18.072,74.422],[18.271,74.628],[18.323,74.716],[18.319,74.792],[18.211,74.939],[17.807,75.174],[17.569,75.358],[17.567,75.488],[17.677,75.657],[17.407,75.802],[17.501,75.909],[17.451,75.963],[17.235,76.12],[16.799,76.326],[16.703,76.405],[16.729,76.449],[17.073,76.595],[17.156,76.681],[17.211,76.799],[17.098,76.894],[16.329,77.172],[15.259,77.67],[14.576,77.932],[14.138,78.196],[14.342,78.429],[14.345,78.477],[14.262,78.519],[13.356,78.781],[13.115,78.818],[15.414,78.707],[16.294,78.605],[16.331,78.737],[16.442,78.852],[16.437,78.934],[16.297,78.991],[16.309,79.031],[16.394,79.086],[16.604,79.083],[16.811,79.037],[17.038,78.933],[17.911,78.733],[18.223,78.603],[18.381,78.611],[18.654,78.855],[18.756,78.997],[18.484,79.21],[18.555,79.269],[18.546,79.301],[18.209,79.284],[18.175,79.236],[18.054,79.205],[17.888,79.206],[17.733,79.253],[17.677,79.319],[17.814,79.437],[17.738,79.492],[17.745,79.545],[18.128,79.642],[18.497,79.661],[20.34,79.723],[23.519,79.75],[24.659,79.899],[25.342,79.936],[26.088,79.89],[26.494,79.818],[26.062,79.649],[26.035,79.604],[26.51,79.595],[27.679,79.71],[28.573,79.867],[30.07,80.05],[30.537,79.992],[30.572,79.926],[30.191,79.722],[30.332,79.676],[30.588,79.66],[33.618,80.032],[35.291,80.342],[35.537,80.405],[35.583,80.462],[34.87,80.582],[34.063,80.628],[33.678,80.69],[35.17,80.694],[36.14,80.655],[36.121,80.386],[36.221,79.861],[36.309,79.69],[36.535,79.448],[36.552,79.195],[36.764,78.714],[36.719,78.467],[36.666,78.378],[36.66,78.226],[37.076,77.54],[37.074,77.406],[36.996,77.269],[37.053,77.133],[37.069,76.954],[36.798,76.375],[36.73,76.045],[36.749,75.882],[36.866,75.623],[36.987,75.485],[36.862,74.916],[36.757,74.786],[36.663,74.47],[36.642,74.326],[36.687,74.09],[36.676,73.972],[36.406,73.666],[36.107,73.438],[35.915,73.345],[33.65,72.819],[32.865,72.599],[32.663,72.513]],[[21.135,74.266],[20.621,74.075],[20.491,74.016],[21.135,74.266]],[[22.1,74.523],[21.96,74.497],[21.135,74.266],[22.1,74.523]],[[22.658,74.594],[22.521,74.602],[22.396,74.579],[22.658,74.594]],[[22.942,74.573],[22.905,74.58],[22.878,74.582],[22.942,74.573]],[[23.372,74.48],[23.23,74.522],[23.147,74.537],[23.372,74.48]],[[27.155,74.491],[28.449,74.5],[24.159,74.508],[27.155,74.491]]]}},{"type":"Feature","properties":{"prvCode":"5208","prvName":"West Greenland-East Canada","oilMean":10697.13,"gasMean":74852.61,"boeMean":23172.6},"geometry":{"type":"Polygon","coordinates":[[[-51.361,69.05],[-51.525,68.92],[-51.73,68.85],[-52.723,68.751],[-53.03,68.677],[-53.246,68.581],[-53.524,68.32],[-53.626,68.052],[-53.746,67.878],[-53.9,67.532],[-53.948,67.299],[-53.835,67.036],[-53.515,66.734],[-53.492,66.651],[-53.738,66.315],[-53.727,66.165],[-53.672,66.004],[-53.355,65.679],[-52.826,65.331],[-52.396,64.971],[-52.212,64.686],[-52.188,64.326],[-52.129,64.184],[-51.601,63.724],[-51.507,63.478],[-51.435,63.381],[-50.749,63.015],[-50.491,62.794],[-52.655,62.798],[-54.652,62.627],[-55.088,62.697],[-55.827,62.92],[-56.532,63.007],[-57.53,62.952],[-58.244,62.848],[-59.112,62.905],[-60.034,62.892],[-61.475,62.856],[-63.173,62.728],[-63.06,62.931],[-62.851,63.156],[-63.064,62.928],[-63.177,62.727],[-64.519,62.57],[-64.737,62.809],[-64.716,62.882],[-64.388,63.157],[-64.029,63.367],[-63.956,63.448],[-63.919,63.527],[-63.925,63.638],[-64.046,63.845],[-64.36,64.214],[-64.57,64.373],[-65.211,64.679],[-66.206,65.051],[-66.385,65.157],[-66.879,65.632],[-66.931,65.759],[-66.826,65.85],[-66.595,65.931],[-66.325,65.938],[-66.096,65.898],[-65.812,65.803],[-64.887,65.255],[-64.63,65.133],[-64.042,64.958],[-63.71,64.896],[-63.493,64.909],[-63.176,65.06],[-62.734,65.479],[-62.239,65.65],[-62.048,65.759],[-61.997,66.016],[-61.928,66.154],[-61.845,66.243],[-61.441,66.51],[-61.345,66.672],[-61.41,66.79],[-61.545,66.871],[-61.87,66.978],[-62.695,67.176],[-64.838,67.975],[-66.329,68.338],[-66.902,68.511],[-67.085,68.611],[-67.323,68.883],[-67.277,68.985],[-67.134,69.057],[-66.704,69.132],[-66.628,69.17],[-66.648,69.201],[-66.698,69.269],[-67.081,69.483],[-67.152,69.574],[-67.117,69.772],[-67.256,69.951],[-67.608,70.173],[-68.167,70.462],[-68.531,70.577],[-69.854,70.878],[-71.095,71.304],[-71.779,71.495],[-73.73,71.884],[-75.157,72.441],[-76.208,72.67],[-76.272,72.724],[-76.267,72.771],[-76.108,72.892],[-76.139,72.967],[-76.244,73.058],[-76.754,73.331],[-77.109,73.476],[-78.033,73.648],[-80.225,73.777],[-81.593,73.812],[-83.563,73.737],[-84.5,73.735],[-85.421,73.861],[-86.608,73.891],[-86.876,73.942],[-86.968,73.995],[-87.097,74.25],[-87.058,74.33],[-86.891,74.39],[-86.732,74.406],[-81.694,74.488],[-80.362,74.55],[-79.784,74.641],[-79.481,74.708],[-79.288,74.805],[-79.077,75.075],[-79.07,75.208],[-79.635,75.538],[-80.262,75.687],[-81.576,75.846],[-82.862,75.863],[-85.444,75.786],[-88.019,75.928],[-88.312,75.956],[-88.64,76.077],[-88.593,76.12],[-88.269,76.197],[-87.196,76.271],[-83.098,76.226],[-81.865,76.134],[-79.455,75.825],[-78.929,75.907],[-78.626,76.002],[-78.577,76.061],[-78.642,76.248],[-78.627,76.324],[-78.512,76.382],[-77.961,76.532],[-77.646,76.718],[-77.685,76.811],[-77.829,76.866],[-79.041,77.137],[-79.013,77.196],[-77.928,77.405],[-77.683,77.484],[-77.683,77.586],[-77.821,77.681],[-77.598,77.756],[-75.683,77.985],[-75.372,78.073],[-74.123,78.607],[-74.104,78.738],[-74.229,79.08],[-74.18,79.249],[-73.506,79.419],[-70.923,79.777],[-69.788,79.856],[-66.385,79.978],[-65.687,79.927],[-65.384,79.86],[-65.141,79.723],[-65.16,79.531],[-65.347,79.417],[-65.617,79.332],[-66.907,79.14],[-68.435,79.045],[-70.035,78.752],[-72.084,78.56],[-72.846,78.403],[-73.028,78.289],[-73.068,78.152],[-72.519,77.978],[-71.257,77.685],[-71.012,77.589],[-71.038,77.551],[-71.276,77.516],[-71.951,77.514],[-72.451,77.475],[-72.591,77.451],[-72.641,77.405],[-72.646,77.351],[-71.643,77.074],[-69.923,76.681],[-69.669,76.525],[-69.769,76.354],[-69.717,76.31],[-69.523,76.256],[-67.709,76.02],[-65.406,75.939],[-64.583,75.924],[-64.299,75.951],[-63.856,76.091],[-64.564,75.685],[-63.735,76.158],[-63.323,76.22],[-62.389,76.197],[-60.942,76.003],[-59.385,75.659],[-58.744,75.449],[-58.412,75.284],[-57.891,74.958],[-57.418,74.58],[-57.14,74.258],[-56.948,73.683],[-56.796,73.515],[-56.372,73.227],[-56.304,73.068],[-56.28,72.829],[-56.089,72.647],[-55.398,72.319],[-54.801,72.106],[-53.815,71.662],[-53.438,71.42],[-53.342,71.288],[-53.15,71.14],[-52.593,70.82],[-52.444,70.665],[-52.015,70.09],[-51.366,69.48],[-51.268,69.314],[-51.259,69.216],[-51.361,69.05]],[[-62.848,63.159],[-62.659,63.426],[-62.175,64.206],[-60.975,65.515],[-60.878,65.701],[-60.659,66.322],[-60.421,66.706],[-60.307,66.952],[-60.664,66.319],[-60.882,65.699],[-60.979,65.512],[-62.179,64.204],[-62.848,63.159]],[[-59.731,68.193],[-58.831,69.428],[-58.629,69.621],[-58.339,70.037],[-57.38,70.971],[-56.695,71.467],[-57.386,70.969],[-58.086,70.315],[-58.345,70.035],[-58.634,69.619],[-58.836,69.426],[-59.736,68.191],[-60.307,66.952],[-59.731,68.193]],[[-65.067,75.54],[-64.799,75.601],[-64.564,75.685],[-65.067,75.54]],[[-55.745,71.632],[-55.908,71.647],[-56.288,71.623],[-55.745,71.632]],[[-54.771,71.529],[-54.948,71.559],[-55.107,71.574],[-54.771,71.529]],[[-75.115,74.124],[-75.01,74.49],[-74.953,74.579],[-75.012,74.489],[-75.117,74.123],[-75.211,73.448],[-75.146,72.913],[-75.21,73.45],[-75.115,74.124]],[[-74.904,74.93],[-74.807,75.368],[-74.686,75.696],[-74.809,75.367],[-74.905,74.929],[-74.94,74.599],[-74.904,74.93]],[[-68.678,75.042],[-68.926,75.077],[-68.342,74.98],[-68.678,75.042]],[[-66.639,75.296],[-65.667,75.402],[-65.521,75.435],[-66.639,75.296]]]}},{"type":"Feature","properties":{"prvCode":"1050","prvName":"East Barents Basins","oilMean":7406.49,"gasMean":317557.97,"boeMean":60332.8},"geometry":{"type":"Polygon","coordinates":[[[46.312,68.178],[45.339,68.474],[44.711,68.511],[44.009,68.642],[43.428,68.844],[42.216,68.683],[41.293,68.893],[39.668,69.109],[38.818,69.146],[37.489,69.439],[35.284,69.993],[33.323,70.446],[31.104,71.036],[31.66,71.176],[31.957,71.33],[32.104,71.508],[32.097,71.715],[32.166,72.174],[32.271,72.277],[32.663,72.513],[33.118,72.682],[35.915,73.345],[36.107,73.438],[36.406,73.666],[36.676,73.972],[36.687,74.09],[36.642,74.326],[36.663,74.47],[36.757,74.786],[36.91,75.024],[36.987,75.485],[36.866,75.623],[36.749,75.882],[36.73,76.045],[36.798,76.375],[37.069,76.954],[37.053,77.133],[36.996,77.269],[37.074,77.406],[37.076,77.54],[36.66,78.226],[36.666,78.378],[36.719,78.467],[36.764,78.714],[36.552,79.195],[36.535,79.448],[36.309,79.69],[36.221,79.861],[36.145,80.291],[36.14,80.654],[37.415,80.538],[38.655,80.339],[39.362,80.273],[40.273,80.306],[40.729,80.381],[41.548,80.582],[41.853,80.719],[42.91,81.057],[44.938,81.56],[48.642,82.065],[50.619,82.283],[52.899,82.461],[54.127,82.495],[57.723,82.69],[60.256,82.748],[61.02,82.733],[62.843,82.578],[65.366,82.254],[66.264,82.092],[67.73,81.63],[68.949,81.325],[69.48,81.259],[70.147,81.222],[71.036,81.227],[72.268,81.302],[73.735,81.453],[73.718,81.395],[73.611,81.316],[73.628,81.278],[73.88,81.176],[74.516,81.043],[74.841,80.936],[74.892,80.89],[74.849,80.819],[74.612,80.705],[74.339,80.476],[74.302,80.375],[74.448,80.256],[74.928,80.067],[74.925,79.989],[74.73,79.781],[74.52,79.65],[74.015,79.438],[72.86,79.109],[72.444,78.957],[72.425,78.9],[73.132,78.724],[73.357,78.62],[73.758,78.349],[74.593,78.177],[74.801,78.068],[74.806,78.016],[74.666,77.918],[74.171,77.721],[73.371,77.623],[70.24,77.41],[69.429,77.398],[67.781,77.31],[66.649,77.586],[65.78,77.756],[63.349,77.778],[62.01,77.658],[61.508,77.56],[60.87,77.321],[60.751,77.199],[60.522,77.077],[60.113,76.972],[59.239,76.832],[58.493,76.785],[57.931,76.883],[56.444,76.63],[54.724,76.188],[52.313,76.033],[50.217,75.779],[49.966,75.694],[49.574,75.468],[49.315,75.262],[49.172,75.083],[49.02,74.984],[48.966,74.902],[49.004,74.708],[48.973,74.616],[48.345,74.392],[48.733,74.141],[48.799,74.056],[48.824,73.872],[48.917,73.771],[48.293,73.611],[48.326,73.422],[48.649,73.09],[48.61,72.915],[48.447,72.664],[49.091,72.011],[49.145,71.87],[48.769,71.776],[47.987,71.153],[47.852,70.985],[47.831,70.865],[47.709,70.677],[47.673,70.439],[47.742,70.281],[47.936,70.049],[49.534,70.215],[51.561,70.601],[52.347,70.641],[53.868,70.79],[56.301,70.491],[57.282,70.335],[56.486,70.063],[55.268,69.72],[53.375,69.329],[52.442,68.97],[49.834,68.595],[48.739,68.248],[48.212,68.017],[47.959,67.828],[47.149,67.908],[46.691,68.017],[46.312,68.178]],[[46.118,69.297],[46.217,69.324],[45.313,69.194],[46.118,69.297]]]}},{"type":"Feature","properties":{"prvCode":"1070","prvName":"North Kara Basins and Platforms","oilMean":1807.26,"gasMean":14973.59,"boeMean":4302.9},"geometry":{"type":"Polygon","coordinates":[[[98.414,79.595],[98.149,79.32],[97.958,79.186],[97.22,78.89],[97.156,78.824],[96.705,78.58],[96.658,78.501],[96.325,78.279],[96.316,78.224],[96.222,78.164],[96.187,78.098],[96.019,77.968],[96.008,77.905],[95.918,77.844],[95.865,77.695],[96.574,77.52],[96.609,77.477],[96.577,77.382],[94.928,77.073],[94.432,76.878],[94.385,76.737],[94.406,76.691],[93.832,76.518],[93.519,76.344],[93.15,76.191],[92.458,76.017],[92.038,75.955],[90.059,75.844],[89.04,75.655],[88.692,75.629],[86.462,75.68],[82.04,76.071],[81.564,76.054],[81.387,75.977],[81.378,75.935],[81.496,75.855],[82.347,75.676],[83.189,75.328],[83.289,75.147],[83.165,74.998],[82.575,74.891],[82.179,74.886],[81.724,74.928],[80.701,75.251],[80.363,75.322],[79.904,75.37],[79.516,75.481],[78.961,75.567],[77.901,75.651],[76.079,75.899],[72.634,76.141],[71.763,76.257],[70.036,76.555],[69.47,76.722],[69.295,76.898],[68.78,77.087],[68.064,77.268],[67.781,77.31],[69.429,77.398],[70.24,77.41],[73.371,77.623],[74.171,77.721],[74.666,77.918],[74.806,78.016],[74.801,78.068],[74.721,78.128],[74.179,78.278],[73.758,78.349],[73.357,78.62],[73.132,78.724],[72.425,78.9],[72.444,78.957],[72.86,79.109],[73.835,79.372],[74.394,79.591],[74.662,79.73],[74.925,79.989],[74.928,80.067],[74.448,80.256],[74.302,80.375],[74.339,80.476],[74.612,80.705],[74.849,80.819],[74.892,80.89],[74.841,80.936],[74.516,81.043],[74.055,81.127],[73.721,81.23],[73.611,81.316],[73.718,81.395],[73.735,81.453],[74.111,81.508],[74.631,81.651],[75.846,81.797],[76.873,81.851],[78.752,81.887],[79.663,81.867],[80.408,81.797],[81.765,81.588],[83.186,81.477],[84.683,81.472],[87.973,81.566],[91.151,81.544],[94.006,81.449],[96.703,81.28],[97.777,80.971],[98.127,80.824],[98.352,80.667],[98.818,80.419],[98.808,80.327],[98.747,80.261],[98.714,80.114],[98.659,80.052],[98.666,79.921],[98.514,79.66],[98.414,79.595]]]}},{"type":"Feature","properties":{"prvCode":"1176","prvName":"Northwest Laptev Sea Shelf","oilMean":172.24,"gasMean":4488.12,"boeMean":920.3},"geometry":{"type":"Polygon","coordinates":[[[113.451,74.776],[113.433,74.736],[113.569,74.502],[113.756,74.29],[113.776,74.231],[113.702,74.122],[113.617,74.298],[113.511,74.402],[112.894,74.618],[112.693,74.781],[112.599,74.815],[111.712,74.835],[111.572,74.849],[111.367,74.936],[110.577,74.964],[109.681,74.912],[109.033,74.788],[108.803,74.789],[108.548,74.932],[108.54,75.005],[108.347,75.065],[108.981,75.243],[110.186,75.434],[111.857,75.529],[113.363,75.49],[113.5,75.499],[113.577,75.582],[113.537,75.613],[113.12,75.648],[112.644,75.808],[112.641,75.839],[112.782,75.946],[112.79,76.023],[111.871,76.472],[111.322,76.623],[111.337,76.692],[111.413,76.762],[111.286,76.85],[110.665,76.917],[109.48,76.853],[108.226,76.854],[108.123,76.886],[108.058,76.929],[108.035,77.061],[108.077,77.193],[108.06,77.3],[107.173,77.539],[106.31,77.672],[106.149,77.768],[106.154,77.887],[106.212,77.945],[107.311,78.314],[107.525,78.421],[107.362,78.455],[107.123,78.455],[106.511,78.382],[106.186,78.42],[106.127,78.462],[106.115,78.52],[106.22,78.658],[105.979,78.743],[105.147,78.936],[104.961,79.069],[104.834,79.104],[104.347,79.19],[103.817,79.229],[103.105,79.388],[102.484,79.447],[101.707,79.351],[101.394,79.203],[101.001,78.946],[100.897,78.842],[100.575,78.859],[100.294,78.92],[100.204,78.979],[100.188,79.04],[100.207,79.269],[100.269,79.332],[100.808,79.585],[100.794,79.768],[100.474,79.943],[100.015,80.098],[99.504,80.188],[98.714,80.169],[98.808,80.327],[98.818,80.419],[98.352,80.667],[98.127,80.824],[97.507,81.065],[96.707,81.279],[99.19,81.007],[100.99,80.695],[103.296,80.189],[105.199,79.944],[106.391,79.743],[109.938,78.825],[111.065,78.631],[113.185,78.338],[113.955,78.183],[114.412,78.036],[114.813,77.795],[115.114,77.677],[115.914,77.517],[116.621,77.431],[119.005,77.248],[121.947,77.235],[123.428,77.071],[123.953,77.082],[124.281,77.051],[122.134,76.621],[118.776,75.871],[114.91,75.054],[113.451,74.776]]]}},{"type":"Feature","properties":{"prvCode":"1254","prvName":"East Siberian Sea Basin","oilMean":19.73,"gasMean":618.8299999999999,"boeMean":122.9},"geometry":{"type":"Polygon","coordinates":[[[164.187,72.07],[163.533,72.054],[162.067,72.107],[161.174,72.217],[160.658,72.444],[160.472,72.599],[160.421,72.737],[160.228,72.869],[158.966,73.412],[158.325,73.502],[156.8,73.551],[155.56,73.699],[155.325,73.75],[154.865,74.068],[154.593,74.087],[154.168,74.033],[153.65,74.027],[153.291,74.07],[153.204,74.149],[153.234,74.381],[153.472,74.653],[153.442,74.701],[153.026,74.967],[153.156,75.046],[153.393,75.119],[154.676,75.272],[154.904,75.331],[154.949,75.383],[154.738,75.499],[153.911,75.739],[153.79,75.81],[153.932,75.889],[156.188,75.707],[156.839,75.684],[157.151,75.734],[157.537,75.869],[157.859,75.882],[158.656,75.763],[158.869,75.686],[159.064,75.539],[159.285,75.513],[159.583,75.575],[159.626,75.781],[159.715,75.867],[160.059,75.911],[160.306,75.869],[160.79,75.648],[161.325,75.542],[162.151,75.477],[162.891,75.52],[163.274,75.49],[163.792,75.331],[164.224,75.239],[164.602,75.102],[165.257,74.797],[166.762,74.003],[166.787,73.9],[166.979,73.715],[167.008,73.648],[166.967,73.588],[166.583,73.449],[166.588,73.368],[166.737,73.241],[167.544,72.715],[167.916,72.399],[167.942,72.26],[167.926,72.095],[167.879,72.017],[167.641,71.97],[166.5,72.072],[165.835,72.088],[165.304,72.191],[165.103,72.192],[164.187,72.07]]]}},{"type":"Feature","properties":{"prvCode":"1256","prvName":"Vilkitskii Basin","oilMean":98.03,"gasMean":5741.87,"boeMean":1055.0},"geometry":{"type":"Polygon","coordinates":[[[158.39,78.839],[159.014,78.77],[160.047,78.588],[161.053,78.506],[162.736,78.31],[166.865,78.194],[167.919,78.097],[169.104,77.783],[169.998,77.395],[170.592,77.213],[171.465,77.069],[172.369,76.813],[174.495,76.305],[174.678,76.054],[174.79,75.757],[174.723,75.307],[174.733,75.117],[174.795,74.973],[174.975,74.857],[175.608,74.641],[176.701,74.464],[176.884,74.407],[177.291,74.21],[177.739,73.878],[177.796,73.709],[177.779,73.585],[177.7,73.446],[177.448,73.172],[177.379,73.03],[177.475,72.909],[177.802,72.711],[177.838,72.629],[177.795,72.576],[177.672,72.521],[176.323,72.039],[175.452,71.868],[174.326,71.841],[172.855,71.954],[172.14,72.043],[171.375,72.066],[170.914,72.156],[170.82,72.22],[170.857,72.504],[170.805,72.674],[170.514,72.803],[170.115,72.879],[170.008,72.939],[169.979,72.987],[169.986,73.109],[169.875,73.248],[169.274,73.466],[169.206,73.522],[169.151,73.641],[169.116,73.94],[168.958,74.107],[168.306,74.377],[168.005,74.743],[167.648,74.982],[167.412,75.093],[166.701,75.249],[166.289,75.391],[165.391,75.56],[164.9,75.717],[164.667,75.828],[164.715,75.838],[164.629,75.879],[164.109,76.011],[163.878,76.18],[163.862,76.222],[163.883,76.305],[164.037,76.42],[164.037,76.482],[162.85,76.819],[162.67,76.876],[162.586,76.939],[162.513,77.051],[162.576,77.172],[162.611,77.349],[162.575,77.392],[161.319,77.568],[160.758,77.743],[160.535,77.863],[160.532,77.908],[160.633,77.975],[160.512,78.074],[159.562,78.373],[158.39,78.839]]]}},{"type":"Feature","properties":{"prvCode":"5082","prvName":"Hope Basin","oilMean":2.5,"gasMean":654.72,"boeMean":111.6},"geometry":{"type":"Polygon","coordinates":[[[-174.7,66.636],[-175.015,66.582],[-175.166,66.637],[-175.092,66.794],[-175.079,66.905],[-175.416,66.971],[-175.081,67.117],[-175.124,67.191],[-175.061,67.276],[-175.16,67.516],[-175.22,67.564],[-175.365,67.571],[-175.5,67.458],[-175.79,67.488],[-175.816,67.457],[-175.718,67.329],[-175.732,67.293],[-175.82,67.257],[-175.982,67.224],[-176.363,67.218],[-176.604,67.116],[-176.768,67.106],[-176.832,67.156],[-176.529,67.306],[-176.734,67.296],[-176.971,67.402],[-177.197,67.437],[-177.218,67.456],[-177.189,67.488],[-177.064,67.56],[-177.058,67.622],[-177.753,67.686],[-178.03,67.775],[-178.021,67.824],[-177.745,67.91],[-177.707,67.962],[-178.053,68.109],[-178.114,68.184],[-178.106,68.327],[-178.272,68.359],[-178.596,68.293],[-178.675,68.303],[-178.723,68.344],[-178.48,68.529],[-178.479,68.575],[-178.546,68.6],[-178.521,69.093],[-178.466,69.209],[-178.458,69.325],[-178.344,69.572],[-178.126,69.869],[-177.604,70.35],[-176.863,70.767],[-176.023,70.78],[-175.204,70.917],[-174.805,70.831],[-174.191,71.017],[-174.082,71.111],[-174.082,71.154],[-174.154,71.301],[-174.337,71.48],[-174.363,71.565],[-174.271,71.777],[-174.111,71.815],[-173.871,71.791],[-173.19,71.63],[-172.798,71.381],[-172.442,71.053],[-171.614,70.719],[-171.164,70.621],[-171.21,70.506],[-171.213,70.269],[-171.045,70.003],[-170.693,69.695],[-170.286,69.493],[-169.668,69.339],[-169.406,69.342],[-168.72,69.425],[-168.183,69.408],[-167.816,69.323],[-167.413,69.172],[-166.822,69.009],[-166.463,68.869],[-166.344,68.733],[-166.497,68.361],[-166.476,68.157],[-166.383,68.097],[-166.193,68.04],[-165.711,68.015],[-164.632,67.756],[-163.883,67.419],[-163.837,67.369],[-163.85,67.278],[-163.819,67.217],[-163.626,67.097],[-162.949,67.027],[-162.432,66.925],[-163.973,66.526],[-165.267,66.348],[-166.207,66.413],[-167.34,66.315],[-168.058,66.312],[-169.266,66.401],[-169.779,66.47],[-170.353,66.614],[-171.357,66.989],[-171.824,67.09],[-172.089,67.075],[-172.224,67.025],[-172.238,66.971],[-172.197,66.906],[-172.235,66.892],[-172.51,66.941],[-172.839,66.856],[-173.443,66.832],[-173.55,66.914],[-173.657,67.164],[-173.701,67.199],[-173.795,67.204],[-173.913,67.152],[-173.894,67.05],[-173.928,66.9],[-173.895,66.851],[-173.644,66.731],[-173.65,66.693],[-173.792,66.584],[-173.827,66.518],[-174.013,66.506],[-174.7,66.636]]]}},{"type":"Feature","properties":{"prvCode":"5203","prvName":"North Greenland Sheared Margin","oilMean":1349.8,"gasMean":10207.23,"boeMean":3051.0},"geometry":{"type":"MultiPolygon","coordinates":[[[[-19.064,83.266],[-18.614,83.236],[-17.049,83.231],[-16.263,83.176],[-15.455,83.071],[-14.953,82.956],[-13.883,82.634],[-12.147,82.474],[-10.514,82.195],[-8.208,81.657],[-7.325,81.537],[-7.032,81.39],[-5.53,81.065],[-4.854,80.83],[-4.444,80.628],[-4.147,80.448],[-4.111,80.392],[-4.022,80.035],[-4.143,79.92],[-4.349,79.608],[-4.657,79.334],[-4.627,79.214],[-4.161,78.946],[-4.047,78.81],[-4.012,78.685],[-4.035,78.559],[-4.132,78.468],[-4.765,78.107],[-5.337,77.844],[-5.721,78.075],[-6.751,78.584],[-7.333,78.849],[-8.234,79.178],[-9.504,79.61],[-11.758,80.212],[-13.118,80.641],[-18.057,81.745],[-18.721,81.93],[-20.618,82.588],[-21.989,82.962],[-22.429,83.13],[-24.54,83.456],[-26.663,83.648],[-26.356,83.678],[-24.044,83.653],[-21.778,83.272],[-20.837,83.228],[-19.841,83.227],[-19.064,83.266]]],[[[-39.648,83.569],[-41.784,83.413],[-46.851,83.156],[-48.438,82.945],[-51.542,82.705],[-55.627,82.466],[-60.238,82.137],[-61.881,82.531],[-62.279,82.59],[-65.918,82.935],[-66.84,83.08],[-70.608,84.284],[-67.001,84.347],[-63.76,84.358],[-60.616,84.154],[-57.65,84.27],[-56.714,84.393],[-46.666,84.273],[-46.792,84.173],[-45.176,83.811],[-40.375,83.682],[-39.648,83.569]]]]}},{"type":"Feature","properties":{"prvCode":"1258","prvName":"North Chukchi-Wrangel Foreland Basin","oilMean":85.99,"gasMean":6065.77,"boeMean":1097.0},"geometry":{"type":"MultiPolygon","coordinates":[[[[-179.995,72.791],[-164.136,72.794],[-163.766,72.429],[-163.83,72.267],[-164.573,72.112],[-165.538,72.054],[-168.254,72.134],[-169.513,72.236],[-171.169,70.918],[-171.385,70.828],[-172.554,71.48],[-173.012,71.679],[-173.496,71.833],[-174.006,71.946],[-176.642,72.079],[-179.256,72.351],[-179.482,72.534],[-179.995,72.791]]],[[[179.115,73.585],[179.639,73.25],[179.787,73.122],[179.729,72.939],[179.753,72.889],[179.829,72.858],[-164.136,72.794],[-164.785,73.012],[-167.532,73.521],[-169.11,73.965],[-169.805,74.275],[-170.541,74.757],[-170.745,74.977],[179.649,74.777],[179.07,74.543],[178.723,74.44],[177.873,74.254],[178.461,73.908],[179.115,73.585]]],[[[-177.087,75.833],[-175.9,75.998],[-175.782,76.06],[-175.695,76.171],[-175.66,76.269],[-175.702,76.354],[-175.668,76.391],[-175.479,76.443],[-175.024,76.467],[-174.385,76.801],[-174.395,76.869],[-174.622,76.924],[-174.691,76.971],[-174.165,77.192],[-173.894,77.393],[-173.524,77.45],[-172.883,77.479],[-172.774,77.518],[-172.649,77.656],[-172.214,77.729],[-171.302,77.63],[-170.64,77.508],[-170.429,77.384],[-170.371,77.321],[-170.388,77.263],[-170.183,77.183],[-170.133,77.108],[-169.878,76.995],[-168.797,76.659],[-168.6,76.543],[-168.457,76.378],[-168.537,76.277],[-168.926,76.169],[-169.946,76.113],[-170.925,76.142],[-171.417,76.099],[-171.677,75.975],[-171.662,75.891],[-171.401,75.727],[-170.901,75.531],[-170.213,75.322],[-170.284,75.268],[-170.769,75.113],[-170.776,75.028],[-170.745,74.977],[-179.992,74.982],[-179.787,75.222],[-179.67,75.306],[-179.365,75.433],[-178.156,75.788],[-177.087,75.833]]]]}}]}